4833	2259	1824	12535	12829	3923	13683	13239
4608	2946	11789	12829	13321	13765	14269
385	6495	10905	6255	11349	8003	5749	13119	12611	12653	14808	6439	14241	6043	13273	6714	15354	15704	14824	16003
2231	12329	12041	15175
4755	825	11846	12977	3043	14331	14508
756	7701	82	1041
1353	4742	11799	1275	9946
3889	707	3702	1891	3015	4405	6710	9831	10508	6681	2716	824	2802	3571	8419	6905	80	12190	1354
4566	5766	4265	5445	5761	13032
5497	289	2694	3386	5199	10892	10224	12266	9816	14177	13668	12130	3223	3768	10513	10532	10460	12241	13694	7870	8764	1212	12830	10327	14846	15446	14718	7498	11724
5416	9459	8124	6165	11083	12437	14218	2786	14440	14854	13840
1172	9693	11346	10913	12688	12669	14498	4795	6048
2224	6113	12676	9072	3982	6984
5841	7372	7419	7228	1294	4803	5309	3475	7826	7587	1214	12780	1701	12068	6620	11622	1304	14033	14071	9607	9642	13840	14253	15448	5268
5062	1956	11729	2406	14984	13568
3382	13731	12959	14476	4582	14480	10460	10532	86	13279	15887	15579	16202	16154
2875	9100	12927	12325	5691	11622	13682	14854	12159	10460	10532	1023	15075	15066	15663	15443
5383	8753	13449	9964	15010
7021	2045	942	4754	4933	6232	7795	5094	1528	4758	2248	5911	477
4236	1027	2964	2416	3724	2106	4228	801	4720	7942	7555	11133	302	4781	10146	2248	11579	13890	925	9501	1469	825	2531
5569	199	11137	4840	5480	1478	10595	2507	13651	13205	4921	2447	3721	4803	347	566	6323	9284	9333	289	10989	15831	5049	6826	7412	9468	9469	12266	13375	4830
802	3971	9242	4663	4172
6351	2267	10874	302	3143	5668	8408	3032	5431	6131	1294	5895	2239	8948
4465	6492	2720	3759	189	4177
5165	87	4758	5836	9114	2152	5631	7201	8326	9085	3606	7986	1821	3828	7240	3154	10159	9766	8218	10984	9859
4630	10948	11742	6630	11524	12833	12832	12829	13273	162	13351	13264	13817	14557	14653	14329	13274	14967	13720	14649	14981	14793	15603	15443	15444	15804	14976	13272	14929	14000	16184	5558
498	4115	14346	10779	511	3618	1646	2187	5486	9304	13460	13867
6369	6608	7453	7578	7141	7797	11826	14810	1434	2301	3933	9399	12511	13076	15419	5223	1174	4587	4892	7677	10585	5626	11193	11490
4430	4667	4162	302	1137	7467	13296	14818
1587	1890	10740	14825	2041	8122
2712	12849	1204	2920	5903	6960	7898	9821	8608
1166	1069	529	3750	248	8376	14241	2359	13688	8935	15530
3362	10734	12536	13119	14105	14508
2669	5306	5307	2330	2331	6176	5942	7058	7424	8066	9103	200	11295	14535
2142	8198	10743	12980	4951	7199
5447	12069	8395	14473	14973	15076	15291	15691	15689	15690	15804
5502	10903	10115	11380	11910	12069	11353	12821	12670	15058	15060	15443
196	2313	3704	9036	3815	4390	3512	3813	3948	5474	6279	5505	4937	9489	9679	746	11433	10782	7681	4310	15625	11454	8031	11738	9191	14797	5881	12685	3528
5155	8468	1541	10733	10903	11722	12700	1426	11518	14347	14467	14504	86
2739	752	2852	13582	14336	7953	7455
4212	10226	11603	11331	11914	14506	13416	10511	15339
2105	4861	6626	7520	11045	525	2295	2604	4181	13002	10454
5745	9618	13489	856	9777
4113	5125	1105	943
1922	2464	9354	9366	504	569
5408	7191	825	3602	13441	91	2341	5202	9035	9501	10120	13009	2517	9688	511	1265	6991	8079
4877	308	4619	3465	11825	7604
259	5356	6769	6043	9850	10059	9549	8994
1261	15469	14415	15546	15807	15717	15270	15848	15838	12195	15952	16068	16098	15782	15914	11481	16027	15919	15994	16172	15877	16192	16100	16087	16223	16170	16188	16218	16246	15728	15757	16224	16166	16228	15904	16009	16241	16240
6984	1973	1054	8607	3465
1725	35	44	73	848	6056	8146	4480	10502	10164	9163	529	12833	10163	14071	14557	14807
520	9672	9100	10947	12899	12325	12315	13307	15235
5440	11307	7613
261	11843	6808	13815	11933	14769	15967	13272
3488	1528	13633	8728	10717	10937
3098	3748	11622
4085	7716	5511	7691	3948	7453	5407	444	5476	14655	13293	3756	5498	10403	12496	15742	5444	2724	7464
2619	10116	12144	7901
6842	7271	3831	8653	12079
3253	10082	741	5606	13794	13797	4235	14421
4852	957	8290	1023	3929	4795	7703	8035	10122	13777	2271	2439
1152	2102	591	1220	12180	28	13809
2517	15	1790	2386	4191	4564	5989	9182	10582	11369	12690
2344	3556	12715	3223	1212	11155	1338	14913	7848	9319
7038	12060	13943	9552	14917
157	9251	9730	13033	13127
1424	2603	11606	12616	3721	14107	5419
6795	7671	1252	4670	2939	2940	4224	12936	7564	3404	10647
4782	801	6684	4273	3055	8222	11054	11781	13684	6774	9816	6431	14335	14327	11939	15037	10882	7515	9307	14803	9422	2939	5741	15755	16150
3369	1689	11565	12972	13296	14940	3207	1541	13209	9252	7516	4651	7624	12734	5566	13358	12267	13811
1505	8173	2556	4729	8138	14603	291	9707	5606	13528	3677	12607	10118	15232	965	9526	14034	6048	8920	13141	15322	6462
4995	13363	8121	3867	5209	1327
3057	6831	12784	14321	15330
2270	11601	3319	11154	3506	5721	7849	8798	12913	4532	13037	5491	11047	1881
2948	4219	10340	11137	10953	12736	880
6012	5608	1380	6604	6210	9044	1097	4587	4487	8096	12829	12806	13689	13239	1435	13459	7112	14854	14424	14808	14923	86	15362	15159	16164	16062	16074	16168	16209	2806	15443
6789	372	102	355	373	7441	14389	6030
3131	3062	1528	6024	15810	370	371	1268	2298	6060	14806	15274	7001	1920
1192	10443	9190	8985	11606	799	8392	11385
609	4618	8537	6773	6994
5669	12789	10102	10366	12934	7523	8531	9155
5845	1219	925	4378	9760	3979	1836
685	11122	2346	11703
2814	13066	14799	3465
2474	4409	2490	4115	13647	13718	939	10212	11694	3585	12698	595	826	6224	10914	12555	12917	3482	4925	5231	11623	5108	9056	13913	1793	4440	5209	13408	8117	8806	4958	926	8728	11303	12607
3794	11857	302	12749	569	825	9371	9372	10117	10452	8142	5125	13944	14467	6439	4582	599	36	13047	86	7582	14437	15449	15738	9969	15792	9790	16039	4884
3182	7808	3523	1720	13331	180	9183	14130	1616
3436	7395	5348	8268	9043	13846	8042	9990	13042	7243
5384	116	3159	10394	14451
3184	1805	7430	9098	9383	11353	9976	12421	9163	11844	13132	12806	13119	13683	12130	13307	14424	14071	13840	12959	13896	14897	14575	15364	15391	15396	15392	13920	15220	15723	3202	6406	15444	15363	15772	14007	15676	16145
1026	4849	7578	7107	12405	11255	4037	4683	14990	13675	14617	14340	12743	15913
2210	5758	1973	8971	7241	7240
6212	4717	5845	8410	12660
1477	3449	6960	10158	10946	7870	9012	12542	13045	3717	8337	11812	120	1350	4185	4576	4872	5538	6349	9764	11209	9496	7633
4083	2145	1137	2892	11941	7642
2349	5322	4771	7453	4577	6008	5312	5846
100	7724	9205	10813	11790	1423	12126	12127	15491	3256	9742	13753
5025	8207	8917	26	2734	10325	9393	12266	13107	13830	13119	4670	14505	8934	13738	10461	13722	13457	11480	14276	15244	14553	8306	3384	2712	12195	15446	13430	15690	13816	16036	15869
2602	7164	5030	3141	11236	12264
2271	11345	10805	2386	11576	3819
3609	940	1212	6146	7453	10186	11260	12205
5901	7036	1422	1425	1904	2351	3050	2356	12014
4752	5125	8122	4027	5861	6353	8214
3112	112	529	3000	2117	7530	2617	7379	43	90	6883	4470	726	11381	12319	14652	10461	86	15364	15663	16024
6313	1867	5400	5456
558	703	13771	8165	2102	9072	1137	1424	12789	15790	834	10952	11209
5720	11884	12701	11455	10511	86	12211	12273	4602	15495	15496	14960	5447	13272
752	6482	5090	2669	7996	10065	8076	9466	4993
4131	476	936	4618	3692	8220	194	529	6395	10091	7925	14000
5433	664	1203	8057
4669	844	1833	2211	2267	2299	3590	4958	7913	9967	6707	10234	11348	11743	12598	738	12829	12146
1193	2000	11295	5001	13345	12690	9742	14914	5957	3364	14867
5277	7553	15057	15060	12825	15284	15484	13595	15837	15999
2170	2360	4823	9086
6705	681	4792	1824	160	985	5494	6950	6619	8081	4187	7571	4897	7337	13119	6439	14504	10461	14971	15396	15387	15388	11515	15765	16094	15579	15823
1088	314	3597	9880	3626	334	738	2683
6797	8538	13773	14402	14783	14165	12825	15432	15443	15530	15610	15689	15772
4785	2490	3928	4355
6335	2644	5627	8579	5619	2531	1816	13739
2829	5256	13639	9059	10475
160	1184	1799	12922
4616	5146	6022	339	7367
2665	964	7032	9760	12402
3998	2944	5498	12850	6030	2920
3376	12673	13815	12806	14488	12535	13110	9430	15223	11427	13720	15093	10659	12187	15686	4455	15073
4704	11595	11524	11914	11930	12259	9839	12069	12287	12959	12673	12060	13446	13119	12535	7814	14139	14259	14504	8493	14923	12821	15387	15077	14149	15530	15610	15449	15539	15892	15900	10080	15887	15514	15777	16010	15860
4020	378	4887	12696	9655
5150	8608	5991	2897	9498
4490	2960	730	4111	1623
3431	6358	4742	825	1469	10171	13117	4669
4313	926	7397	8765	4333	12812	14913
3628	3929	7516	14553	12680	13890	13655	2525	4229	14818	902	1137	7793	672	1425	4479
6226	13019	9059	1477	8900	9132	8452	10290
7060	1897	4057	6043	14219	3170	8757	9500	11005	10902	14502	10460	13274	14179	15228	14151	1604	9452	15539	15927	7756	15448	16020	16024	13310	16036	16090	15940	13897	9604	15009	16082
4462	1374	6215	5807	6183	7138	3400	3423	3068	656	3829
180	7470	13990	7937	9423	10544	1294	1637	9616	3534	9711	8297
4047	2006	11603	11438	12495	12349	10450	14971	15467	14834	15754	15996
1109	11573	12069	12829	12541	13684	8081	13655	13119	13448	8934	12529	11805	13875	15419	5955	86	12192	15403
14	2285	593	5026	3876	1747	4335	378	2096
1748	10678	9742	3273	11166	750	6791	8841	10117
1311	14405	7778	2857	5593	8550	2822	308	6739	8771	2284
2929	825	3771	3340	12990	371	3350	13227	12088	1648
2411	3118	8689	7239
1562	11844	14466	14343	15333	15578	15894
5703	614	9233	9484	11935
2805	12279	12753	12829	12673	13655	13500	14327	14106	13274	86	12825	14897	15335	15326	14007	15835	14502	15637	15623	16078	16184
2274	9163	5691	13199	12611	12315	13875	11427	7072	15373	4918	15867	15841
2610	11034	7774	13637	1082	1661	2796	4699	3592	6659	12455	9219	7633
5817	3735	10792	2386	7942	9619	8588
1360	1696	2205	927	11742
4760	8508	1128	6285
4387	1440	5520	6439	8918	2365	5593	6890	8935	10019	3043	9707	11733	1765	2386	4045	14378	13273	913	1105	5571	5906	7624	8475	9078	10591	14913	15912	5155
190	112	3480	4763	10356	4168
3937	1642	4152	2147
3704	11721	14617	8120	1957
2683	11843	12990	13119	13817	11805	10461	10511	15234	14575	15066	15446	15894
6608	11784	220	7597	8539
3497	5691	13684	13119	10057	13727	14557	11776	6779	9869	593	3333	9640	13555	15610	15892	15594	15997	15531	15366	16054
3855	3043	3929	14358	6658
2888	825	908	481	1332	1353	6434	11624	4501	4517	14472	5353	11762	13199	13811	10691	5233
6632	12766	13584	10973
5997	8304	6894	5637	5699	15181
6995	2004	9405	10565	11910	11369	12959	14258	15722	15363	15658	15367
2905	915	7530	3572	3051	5831	10551	6214	11433	6858	4893	14145	7142	6178	13274	1894	11034
3682	1922	13817	4798	5304	6775	12366	219
1988	1358	8142	10297	13944	14333	14807	11975	14923	3937	12825	7556	14891	14575	15250	15159	15473	15204	15345
2634	2307	3171	3404	7381	2939
2820	3515	12069	12769	13817	14106	14806	14575
3827	15707	4547	15344
5068	11641	12821	12971	12590
898	12121	16	1355	2022	2729	3728	5116	6145	7401	7578	7837	9892	10474	11454	2786	3351	5115	8909	9510	13080
6306	3756	5899	6798
4812	2846	8318	12421	14165	13954	14906
1696	962	963	10892	11943	12598	9989	135	11886	11301	14269	14941	9338	14796	15389	15347	15707	15524	15777	13430
141	7548	7627	10537	4273	5989	7802	9025	9863	11472	11473	13152
5617	2259	8053	9830	12752	10743	5991	12196	7827	13765	14269	14652	10655	15578	15629	15971
1138	2490	7632	194	9338	14117	15494	1289	53	6690	10819	10337	511	986
5682	11247	12549	14268	10513	15364	15333	14851	15892
70	316	2407	615	6170	1212	10169	13528	1983	14022	7589	6778	2416	6352	14873	14192
4350	3349	11209	14325	3133	12781	13348
7134	12350	15275	15848	9422	15384	8871	11099	13430	15690	1294	15579	14120	14328	15804	7676	8428	11631	12704	13842	9675	11776	13722	15472	11481	16206	16192	16223	16246	16181	16203	16237	16219	16224	16228	16248	16104	15823
2404	15950	5558	15661	10557	984	14960	2081	11560	12696	15334	2294	13272	4054	6168	10351	13007	7847
1490	956	481	705	482	693	3209	3471	192	3002	194	1515	3021	7609	2920	529	9404	5206	11354	10989
3842	10719	991	3964	338
420	964	96	791	5981	7913	7027	9448	10450	5849
4468	10999	11247	9810	5422	6775	6439
94	594	7166	10027	13655	13664	4799	14335	13835	12825	15392	10637	9681	15100	15676
4623	9645	13020	14216
5839	12891	12171	13057	11411
2259	511	5186	4693	7739	3068	7481	8541
4392	6691	715	5690	5324	6459	6043	7988	7758	1491	9827	7232	2900	11887	12334	11052
7024	2278	7274	11270	7496
519	2318	2133	13396	7340	9289	2386	3218	829	7865	4587	9288	13119	1396	2353	9748	11829
5828	2397	5593	5952	7302	7413
1116	15694	15106	13039	11307	16191	15579	16077	13001	14919	15791	16154	16171	16221	15313	15823	16088	14893	15654
1804	3743	9586	7433	5406	15650	1603	13523	5834	13065	13865	13424	10302	6508
3824	8249	11865	511	2929	8006	11122	4476	9490	4792	10565	5798	9746	406	13657	4606	5346	7526	8004
86	6593	8168	1241	2152	12429	12829
6770	13684	13184	13500	13274	7124	14806	15714	9064	15999	15365	15954	15448
1132	744	2750	3137	4191	4469	5222	5750	6976	9760
1548	1530	4833	15059
3170	555	1483	799	2281	7942	3517	2848	7228
932	7580	245	3517	2215	12736	6140	3857
4447	5254	10116	4444	6202
758	4597	6573	9766	5986	3749	10376
2472	3829	14915	8481	14990
2797	3465	3461	4286	7750	7995
5733	12154	9002	10947	12750	12829	13433	13731	14291	11868	8934	14033	10905	6441	14105	12825	86	3289	14165	6112
7097	5699	12999	864	8163	6836	7800	2770	10583	10034	13163	3505	6482	9861	11827	3406	14240	86	830	2209	4457	7262	80	2324	15546	15554	10328	1312	5862	15099
1456	7778	10081	10291	11180	4191	15187	7882	13583	1482	1391	9832	12634	14397
1541	8837	12902	11681	13184	13239
1897	396	204	542	254	53	11778	14423	15244	14958	4020	14920
2108	14466	14259	11427	14585	14614	15483	15158	15275	15783	15100	14983	15894	15367	15579	16101	15788	15448	16162	11481	15302	16123	16124	16154	15877	16172	15823	15880	16088	16087	16170	16223	16233	16236	16246	15199	16241	15728	16235	16240
852	1648	1880	6722	8974	9399	9685	13130	75	4174	1642	11017	5264	4967	321	3966	10347	343	835	7812	8012	8422
4174	9126	9368	11376
5899	7868	10809	9206	1044	261	1435	9766	9006
1794	856	511
895	29	8121	13583	13447	65	12136	13789	15085	15256	6111	15978	11631
2539	1040	2531	1514	7144	5380	14306	7643	6092
3730	2505	3948	729	856	763	10851	14165	8935
3756	3802	12326	3265
952	5144	5803	7145	7302	7633	7669	8692	9266	9453	9844	10061	10499	12616	12778	10693	5012	5108	9748	13544	1816	10790	4176	9219	11411	2575	4480	703	3482	6619	7798	7995	5614	6938	7586	7778	10989	13791
6501	1027	4907	1901	5118	11115	11579	6820	7228	8935	9163	2490	12437	3025	12533	10835	1556	12863	14440	14467	14466	3958	12454	3828	15069	86	14241	9501	13568	15604	15705	13459	1390	15366	13807
4601	10273	661	8128
5092	1768	4722	3254	3628
6787	5204	5985	14266	9181	8165	7988	1757	13578	3797	4992	9182
4867	4172	541	11501	11561	7645	11416	12167	13320
795	10981	10164	8142	12033
1680	12439	531	15932
1263	929	2267	4644	5925
588	11843	12680	12829	12806	15691	15895	9172	13272
3295	6321	6643	8538	325
3355	2913	13264	14557
4129	3756	3836	10194	4478	8584	10188	2043
4126	2658	6184	7570
596	2695	5133	4531	11701	3269	11600
4346	13967	3216	3828	11150	13139	13864
6997	1773	5792	3948	12829	5691	8765	14218	6980	1107	15037	15228	10953	15599	15723	15366	16039
2745	7858	9931	6409	11489	5965	2041	10067	74	2785
2245	3421	13841	4833	8236	13153	4749	3696	4039	7778	6196	9981	15278	6033	6192	12596	6195	10967	15950
3961	64	1954	863	406	5925	7426	6101	8380	8193	58	601	9092	5085
4466	12440	14923
700	3536	3404	3828	41	366	9721	314	9422
1639	3948	4810	5284	5614
1689	13815	14210	8934	14923	86
5363	6931	198	4353	9410	12717	14795	15388
2557	8786	1111	11196	15534
1324	1897	1927	6960	1493	13774	11214	10964	8500
5	12829	12346	7072
957	1268	13849	353	636	885	1137	4758	4903	7481	8838	13750	5125
3848	10563	14913	15663	15662	15446	9284
6110	2594	14364	83	597	2113	8604	8727	10839	15377	12326	15268	15882	16221	15922
6609	13673	12930	7067	7130	15167	5933
1410	667	9163	5691	14335	14507	14165	15175	15364	15578	15707	2669	16024
6887	1265	2307	7	1865	6810	11325	3128	3553	12102	12437	12146	1821	12008	13814	10038	9932	13731	4700	14854	15043	15578	12582	15530	13846	15444	15227	10080	15365	15982
1148	3163	7256	2222	2706	7922	8392	11385	12865
2207	11188	6399	6706	151	184	2073	11956	9471	7572	2593	12829	5370	1951	12815	3255	11622	11369	12657	10163	86	10659	9033	14059	15384	15637	6877	16088
6420	3044	4863	8665	9074	9304	9361	10369	11313
5289	7996	2946
1745	212	1000	384	617	5322	8705	7467	7793	10777	3832	8191	11805	7141	7277	10969	2493	14571	7530	12339	11950	7778	9311	12691	11776	3492	4939	6573	7898	9714	10647	12163	13247	13255	14938	7453
4558	4502	11895	14792	15484	15027	16025	3734	12792	16145	9282	10242	15476	15672	14920	16069	15823	16196
1678	8545	3643	11572	1469	12805	670	13960	335	7590	6259	8674	10201	2706	887	1516	8074	6743	8463	12500	12875	2442	3630	7303	6281	9437	2704	4581	65	10384	16040	8009	856	13285	10315
5297	5031	3328	5472	12137
875	5153	3299	15204	927	15508	15887	15342	15945	15997	11481	15878	16088	16153	16023	14848	16219	15579	16237	16253
1876	2045	3828	3391	9202	12410	12556	7703	1232	4759	5322	1322	1423	2804	5396	13138	11085	13197	8147	12519	11766	10558
1842	1107	2208	4906	5702
422	15835	16046	15916	5539	3208	16101	15871	15983	16065	7803	11481	15797	15873	16045	11446	15870	16044	14929	13118	15798	16154	15869	16005	5502	16097	16088	15809	15926	12958	15082	16211	12842	15252	16133	16139	15823	15955	16053	825
2038	6871	6094	13433	13184	15772
2393	5226	8461	293	9208	10296	5593	5741	10208	6088	1823	7627	396
6833	724	675	3052	5494	8926	5933	450	12769	7947	7585	6810	9317	13184	1648	8935	13239	14165	7072	14769	8245	86	7159	15052	7530	9080	15412	15388	12582	8486	13231	15384	14752	7302	15907	16078	10469	15938
732	124	212	1716	1174	2437	110	2332	2368	4385	7571	11622	13815	12806	13764	14335	14506	11157	13738	53
1614	12917	2355	942	10471	856	6825	9157	9336	5445	7452	13294
333	1147	5125	8290	3653	4406	12699	12708	11450	15167
2446	2913	4302	9182
3266	7778	9700	10181	10361	13655	11496	12281	6774	14146	9607	15558	7788
1388	13283	8481	1637	8010
6693	8440	14284	8461	11822	10646	11117	12223	12318
960	1342	7189	11986	12829	5855	1966	3050	6901	9484	11935	7997	3628	12596	14503	7072	1641	1301
92	932	10851	8917	12324	13132	13731	13433	14326
2850	1060	517	7494	4775	746	8709	11432	13872	7493
5943	2099	10976	7956	5393
6624	3337	7849	5815	11099	4480	7753	10348	7778
4286	7227	542	7593
6390	6619	11768	12799	11275
2760	627	791	7613	511	8167	5617	9742
3780	925	4736	9761	5472
6431	1294	3073	3628	10601	14672	3966	5819	6884
4077	1370	8594	8821	4803	7180	8833	12769	11369	86	14984
4479	882	12806	14507	15373	15603	15772
1597	1365	7344	8514	7345	7130	12508	4122	9952	5305
2671	2177	2609	8007	12267	6293	12434	10867	12615	12915	2386	14397	333	9756	6424	4195	15068	5969	6497	7823	12693	11336	12245	1654
3678	3956	4183	8801	1379	5977	8538	9209	1971	1005	1007	6736	4493	681	7098	11508	5332	2589	1789	16101	16162	16154	15302	15880	16192	15994	16246	15680	15713	15807	15960	15717	15728	15823	15176
3372	9338	6383	10224	12700	12959	11622	14114	13747	15077	15387	15433	15594	14237	15722	14767	15885
3417	3993	6894	10279	10481	3712	4074	10718	14910	5059	5386	7627	12191	6472	10253	14201	3670
81	2384	1264	12171	14369
53	15187	9712	9369	2559	10416	943	5614	3132	5511	2217	1944	1865	15673
6860	5254	365	5869	14047
1135	10846	5272	9285	11642	10601	8498	11483	4661	758	6754	8328	15172	10944
2165	6334	10767	2721	5775	4525	5284	7744	6376	13519	12550	15659	10072	8364	14810	14368	807	5645	14025	7407	9742	11658	13511
1074	5558	10061	7549	8365	3800
6089	13684	13429	733	13416	10659	15497	7104	15367	16104	15579	15880	15302	16185	16154	15669	16087	11416	15834	15823
5541	2407	10851	14218	13119	6439	6441	5614	14165	8935	9754	14848	13665
3050	6737	3237	3965	6562	4489	7831
894	2601	4371	2139	6386	4231	6266	4437	3053	2396	10328	552
2774	10965	13001	10840	12429	12326	1636	4774
5121	14480	10631	10632	15579	13651
5306	3279	6963	12026	797	4047	6885
4239	7536	14269	14557	14103
3222	3876	735	14480
4935	2865	47	868	84	3779
5485	3750	2336	14401	7099
5995	2386	2557	3445	5725	9501	10714	12634
3557	4440	12829	3787	7848	1324	11349	10827	5710	6877	13683	12771	13239	14508	9276	11906	14180	15449	3202	4160	3940
3203	1137	12289	13141	166
5752	5925	6367	5632	8179	9998	10739	12598	12829	3638	13731	7400	13875	14071	3324	86	4440	15159	15354	15449	15723	15355	15637
2706	302	8065	9975	11417	791	9026	9027
3649	14165	14241	14335	12549	1387	4599
6112	7078	13291	15001	1137	4279	10942	11666	13978	12130	9135	11113	10547
6478	2919	396	6788	2080	922	7386	850	4618	13132	10835	12806	12130	13239	15444	15449	15524	15366
5998	3832	8118	9452	13882	10534	11825	3068	7357	8292	5135	12731	14603
5185	4136	3815	1133	9531
2267	10976	591	12598	12069
5350	13107	10575
4554	1119	5788	1976	550	5357	223	8608	6362	2942	3628	11126
1667	2973	1130	5270	9594
1349	12856	9707	8277
5797	3369	711	9691	8063	12751	13684	120	2826	14351	15159	14378	8953	2254	15927
4494	3056	6916	12598	13433	10713
5957	288	314	582	5379	5491	9949	1244
4898	5133	1980	3043	5685	8821	8407	4717	13211	13815	10027	13875	86	9391	14983	15626	15725	15748
1226	10722	8538	9234	10771	6158	11023	12634	8228	8811	10569	6763	374	1793	10846
5119	1186	4293	5916	6126	7677	4097	4939	7303	10499	11814	8097	11583	13273	8524	14165	13691	6440	13110	13239	10532	10513	10460	86	14575
1998	9459	9830	642	11083	12829	13731	14503	13738	7349	15391	15706
5168	2467	9991	10851	11829	12421	12829	12959	13433	14294	14387	6980	14329	14807	7349	13720	13457	12825	14575	15364	15416	15551	15100	15443	15564	15339	15693	10080	15927	15996
2918	2008	3361	2925	2531	549	498	1516	5758	6707	2455	6176	1953	4942	1948	10858	5472	10164	4518	10163	6439	8805	14923	9937	5263	12988	9969	14321	12438	14104	13963	15058	15158	15159
2686	4794	10949	10164	10966	12429	12971	9756	9757	68	14335	6946	13342	12185	11776	13457	13650	15483	15091	15366	14774	14000	12048	16134
3747	2889	492	3850	245	11721	11883	12818	13765
5279	1790	4514	7388	9029	13952	14641	12869	14962	15054	1276	7577	13190	7350	353	13191	13767
5169	729	8917	10799	1843	4606	7624	14165	13119	6441	14424	13274	5767	86	14952	15497	11690	15305
3804	15232	9756	13370	15238	15323	10588	15411
1611	12332	11629	12699	13728	13731	14026	12806	10662	14321	10575	10532	15396	15326	15594	15772	2669	16007	16065	14000
3270	10067	10091	2926	3683
1912	11286	8548	6253	3914	11348	12548	4004	13132	14333	13119	14423	14808	11675	3546	8220
1553	11857	13551	12989	13963	9282	6440	11805	14165	13004	15093
6558	10933	10218	13606	10451
6437	6223	10438	11527	1297	4809	12792
829	3369	2220	7323	1250	14005	8272	7578	15164	1650	14582
6256	825	13992	5672
4625	13288	6958	13640	3712	13294
1355	13054	14466	10657	12542	9271	12273	5831	6831	15069	681	1900	15173	15175	2514	15251	964	15736	3566	4011	15690	14961	15894	15837	15836	15835	16020	14763	15871	3297	15304	16058
3228	1990	6360	7924	10969	11576	9977	3721	10828	11594	13515
6758	799	13288	9202	10708	9472	10208	14361	9926	11468
1486	6367	11171	9086
2898	7172	9163	10164	13815	12653	11805	14240	15037
297	11909	4921	9547	9734	14973
7042	2796	2838	3723	8477	3534	5498	7522	4556
6178	9559	4393	5558
0	179	7522	13462
2806	12153	8728	6752	10351
2351	97	705	897	480	1003
6561	304	664	2979	3440	378	5617	3623	5408	3696	83	11743	9743	11524	12499	10257	9523	668	10057	8935	10575	14106	11776	13666	4639	8568	15539	15446	12905
5307	636	6642	3550	6811	6929	11021	8627	12418	13470	13019	15689	11289	10601	14897	15572	8042	8224	10192
6599	1200	3748	663	1643	10600	12596	11274	8229	8890	14383	2613
448	1482	9237	2559	2674	4062	825	12142
3567	5254	10324	11450
3514	2273	6548	9969
5647	6177	8020	1078	3628
3736	8360	8519	6224
5086	557	6292	9678	9271	5039	11885	12829	13119	11427	14575	13911	15868	15927
432	12753	12902	14218	14563	11805	7072	86	15373	15723	15894
29	12437	14981	14983
6507	7984	6381	5875	7539	110	188	981	14612	7594	5855	10790	13319	7988	8089	4073	9816	11763	12383	6996	7144	11059
1414	797	2993	714	7073	13765	11518	7349	13004	13153	15503
58	726	5210	6102	4544	9941	1589	826	12621
6916	476	3306	1756
4627	3901	6682	68	1234
4902	450	904	1799	2812	3259
318	458	219	3043	7950	1461	6938	8379	10224	10503	4828	8065	3187	1880
2521	3355	3465	6421	3480	5549	6634	11778	3940	8165	2025	2720	1675	2759	1284	12381	6056	4270	12239	3643	8669	1518	2176
4529	15238	15289	15272	15358	15384	15376	15233	15341	15378	15264	15379	15397	15708
3953	1080	2847	2889	815	6452	7482	4978	11678	12180
5913	8104	1018	3228	11319
151	2983	842	2846	14	1925	1629	7798	7045	2102
5918	189	301	3465	4991	6247	11188
6620	4667	607	1896	781	4311	9244	9100	10968
3305	2260	508	2284	703	2270	5731	8636	4048	4348	5583
4179	12198	15443
6049	342	3169	911	104	3474
4184	5853	14315
368	7484	6196	1839	15642	6997	11533	2665
5387	4944	9214	36
1221	8376	11910	12700	12347	10983	12701
2069	1186	30	2802	2301
6083	14575	3291	8896	10696
4821	4349	3885	4124
3683	5569	9278	11057	8327
265	12376	14557	14923	15234	15465	15578	15315
1558	7453	10901	10212	964	8240
6397	10461	14371	15248	15604
2599	9839	12196	4582	13634	13274	10460	15365	15954
5672	11301	9135
475	5614	6192	8196	11547	14713	2295	10603	751
199	12279	193	7024	13815	13448	12806	3812	14387	11805	14240	4582	8493	10575	11776	4038	15281	15686	2045	14481	15723	15658	15637	15744	4275	13766	14203	13816	14815	14920
2409	91	361	3808	6783	8574	11698	12911	13992	14133	15768	1171	6284	7566
3243	698	14133	9701	10493	3603	13792
2065	363	2833	842	637	828	2210	5116	5370	7781	10454	409	2486	3631	1953	14351	15390	5094	11444
1052	3091	2020	7308	2172	10851	9874	12959	559	2070	14266	8160	958	5583	14769	11433	15191	15483	15446	14120	15579	16044	15702	13792	6976	15541	3809	4074	11972	16172	9139	15823
2184	4184	5759	8618	2254	4241	4838
6708	4774	6064	5491
4770	4155	10010	2913	4437	2045	8833	11251
260	2108	2517	4424	4985	5505	6009	6205	7983
2367	7189	12747	14509	14854	15433	9054	15542	15365	14815	16145
280	9736	45	314
7082	6217	3772	778	7449	633	12403	13141	172	1823	8042	14438	12999
3858	6063	673	8118
508	2670	293	248	1022
5096	12653	4649	10830	14923	4383	15446
5653	120	1520	8170	12521	302	360
197	1889	2846	13680	5456
3752	1743	5284	4154	6975	9828	11843	12670	11433	11247	13733	13791	13429	11024	11943	13721	15420	15686	15689	15706	15446	15894	16024	15968	16044
2515	194	61	457	1714	49	9405	7722	2187	12152	12829	13433	13764	14769	5353
6715	5112	11270	2750	8122	3241	15764	15851	9645	9441
4145	2540	5632	7689	8945	13969	10057	14219	14769	86	15077	15158	15392	15704	15777	15521	16065
3616	912	1897	1932	3692	4876	121	1368	4701	1137	2023	1585	12829	13379	13561	6311	15804
7140	2008	884	4944	9553	2186	7268
2573	299	179	337	341	29	10	400	55	885	952	8931	11823	7021	9969	6980	13817	1227	13481	4295	5564	8266	10957	10985	15159	1334	2680
1075	3050	830	3607	13099	2770	2802	14397
51	904	6294	7444	68	77	1176	2979	4051	8206	8696	10620	10095	83	84	8885	10159	11419	11781	12749	208	489	8483	6799	12152	8455	14335	12657	14330	14333	14508	14698	15002	14575	15347	12195	10231	2669	15533	14247	15871	15702	15669
3440	15331	15456	15431	15238	15262	15498	15536	15642	15475	15559	8811	9394	15596	15678	15270	15862	15774	15966	15991	2796	16047	16034	16084	16037	16050	15978	16101	16052	15579	15905	16161	15302	16128	14732	16205	16213	16211	15463
6548	8654	8519	10291	10327	11666	14361	3482	4657	4997	12605	6881	12446	5355	8240
3915	2255	5288	8506	11643
3614	11703	511	12587	5699	7211	7598	7227	10349	4774	5202	9848	11961	1637	13261
1474	9384	9646	4677	5862	7572	9831
3885	10057	12450	14423	14806	14923
5460	4890	11585	5804	1391	4795	12742	3981	7633	13678	9827	2646	8042
5314	2117	1099	1516	2983	5077	2146	3067	4303	16043	6808	8203	8288	8682	2531	7911	9259	14026	2401	2403	10467	14272	15364	1390	6252	11045	1336	11274
5775	320	1135	7267	9705	12694	3223	5088	9724	13016
5290	2284	9350	5492	5472	11533	194
511	12479	6399	13871	248	8926
1217	10272	2212	5844	10978	11845	5083	7723	552	13811	7241	10989	1237	5778	15257	3609	8499	10790	11422	12524	5576
6108	3583	116	2536	2732	6107	8406	8795
1199	10059	8355	11748	5784	11533	12655	9960	856	1068	1709	2148	4700	7551	12862
2077	9925	13037	13846	2627	5299	15224	8446	8721
1495	8385	5642	8477	8627	12137	4615	15132	15384	136	15574	13649	15579	4862	16104	15909	16154	15302	14521	16192	15387	15823	15809	5387	16114	15791	16246
1021	1513	2500	304	2517	14571	2493	15676	15232	53	9743
6899	6205	2988	568	13401	148	9422	6775	5966	3712	15223	15682	15681	15579
4066	1542	3715	9349	8289	6834	3779	6185	11084	11885	5614	1022	9086	11356	302	3981	13644	15900
4549	12598	64	2353	8362	13321	7387	12288	13684	12657	14124	13119	14219	13108	13239	8934	13274	86	14984	15100	15449	14007	15658	15446	10080	15887	15579	15840	16254
3680	400	3065	912	4803	6045	6790	7878	9795	8575	12816	13876	4655	5117	6415	9059	11938	14409	5163	5702	9139	9385	15585	15636	9969	15860	1123
4646	627	5236	12069	12548	12146	12806	10909	14509	14259	13307	10575	13274	15037	15391	15281	15362	15064	7637	15900	14120	12189	13816	15861
1928	248	1478	1487	236	6946
1992	3756	4040	5492	7464	11141	4518	13664	3259	15069	15666
2339	2728	6151	2770	6445	595	4202	8698	934
607	1973	3840	15969	2264	11462	12326	3202
2332	3025	1972	14472
1757	10499	829	3163	4587	8362
2475	1644	7049	12415	12513	5164	1321	4322
1539	6191	12358	985	8896	10461
2353	6181	6480	11878
3592	793	3187	6044	8811	7885	120	15297	10730	8499	5709	1302	3349	2701	1683	4196	14622	1469	593	14140	5248
6645	972	1079	2458	3289	2146	3348	12800	2628	2862	3506	5933	6096	2676	3892
1034	2507	9338	12752	11524	12008	13110	13942	14366	13747	10460	10461	13666	12885	13689	12098	12551	15335	15707	15339	11640	15542	15971	16024	16184	11541
4631	4365	12482	2453	8662
4863	4680	10865	9684	2706
2348	9743	14363	14448	323	4592	15275	13046
6183	9224	9992	11137	2353	13442	4626	10296
5166	5125	10450	13655	14269	13738	12806	14105	15094	11781	14807	14851	15446	8955
1759	7901	3306	8589	12439	1877
351	4865	10459	9471	5536	5646	4981	2745	9450	7165	348	12577	1345	3787	8125	7004	4044	6158	832	5566	91	511	6081	6757	1331	1563	14184	12631	14489	1472	5011	13682
1601	8086	12173	1792	4271	4921	816	3852	4526	10808	12198
6146	1369	5159	10599
1882	316	147	1781	9081	783	6196	10748	13141	15575
4216	603	9765	6882	13119	7349	10460	15123	7464
5085	13910	2356	2842	8802	11499	2341	6976	8998	10328	13493	1573	5777	6405	12197	12200	348	9583	3259	13238	11980	14054	1186	4058	12095	14965	56	302	6074	3218	8012	4592	6336	9777	15167	1251	5225	14070
6746	1147	3797	9566	3800	3803	14002	3255	3258	5908	7720	11821
2647	8360	11153	1956	5234	12560	13583	12144	7514
2442	4133	5331	7301	7455	13395	75	89	1897	9145	14027
5912	6010	831	10131	746
5458	1003	2557	13044	1224	2252	5175
1384	2173	1654	4134	11409	9642	7659
6974	11301	12069	12657	14653	12454	14423	14105	14724	15065
459	6383	8947	2035	8538	12341	11575	12751	6252	8290	274	13815	13119	14259	5011	13634	10575	15362	15064	5333	15689
2017	4273	30	1637	8093	9797	12806	547	758	4451	7144	8519	9287	9308	9646	9700	11977	4774	9462	3148	3587	3721	7852	8896	9295	12183	14403	2222	2224	1836	8557	10169	15386
5118	6280	191	11933	9207	5571	6109	5945	5558	11894	1373	8524	595	6297	8447	11385	10786
4561	1003	1099	8469	13438	4978	10451	13812	3749	6898	13288	14165	5324
1187	2290	825	4052	3367
4940	763	856	936	6315	2670
3453	3833	4525	8912	9182	10268	4545	4480	10408	12417	9689	4437
6386	978	7192	7236	6916	6383	9817	13764
4210	2540	11456	4509	5055	13589	15167
538	507	797	668	964	1161	14290
148	13142	11080	9859	4615	11721
2824	8279	7578	1566	4742	9163	13119	86	15388	15100	15542
285	11843	11100	11632	12535	14163	9411	14661	14854	86	14806	15057	14179	15251	15392	3023
2148	7471	632	15098	3141	11307	15454	11228	16171	16076
4120	14465	10961	21	1637	5791	6003	6242
6257	1873	6499	12749	12069	12108	7135	3306	6991	13500	8464	15158	15204	11281	15458	1747
286	3375	3601	4766	5256
4583	10036	9459	10679	12071	885	5961	13211	4863	13433	11994	12806	14387	6431	14625	14923	10511	11427	14834	2680	13904
7114	9543	13366	856	12177	12247	13675	14990	12628	14368	2309	7578
6975	6725	10989	11647	256
5802	388	780	3351
2909	414	1432	41	47	49	75	85	1174	1390	119	862	273	527	8917	9712	6162	6409	10164	12829	5590	2684	13668	14387	14510	13108	11805	15362	15473	15159	3600	7356	7462	8985	4929	13555	15705	15704	15521	15860	16024
2200	6266	1195	1824	3084	7633	6315	6318	6754	7880	10384	1921	3270	6123	11039	10275	13192
3738	1081	6947	3818	11928
1006	13589	2325	14998
15	998	607	7379	10680	10946	12829	13815	1973	14387	14291	14257	13239	12965	13457	15578	15688
2510	6439	13108	8771
3349	2888	8257	14218	13768	1541
884	10625	11052	10819
6288	2269	2800	5472	10122	1240	2341	3953	6158	712	7367	7368
347	3941	4765	15284
3549	8825	10735	9555	4267
3594	7920	9059	11054	10903	10115	9872	12806	13684	13500	12653	14769	15362	15335
4743	8152	75	964	1239	1826	4650	5144	8882	8927
2663	835	1267	6694	7553	1528	422
6298	544	1788	4712	4601	4972	1789	2152	5293	4275	7027	547	7157	6818	2147	8020	3410	11330	11682	14730
4910	14846	825	15060	263	14343	6189	14522	3938	15064	15467	5125	4767	15734	15154	13991	14247	13501	13272	16022	14815	15878	16185	16188	16141
3126	10713	14560	14423	14424	14809	86	15432	14934	15691	15723	10080	16044
2523	3397	3347	1080	683	9302	11238	11100	12829	14349	8935	8934	12653	13817	11975	12083	15445	14007
2767	10681	8833	10224	10258	12769	12376	12590	11641	13445	12535	14443	6717	15308	15248	10901
5759	3523	11411	15396	15384	15542	15579	16104	16102
5362	9405	10100	9107	12456	14033	10575	15104	13650	15049	15208
3977	11137	14066	10054	6163	11813	2888
386	10868	12690	13505	10148	4251	4288	10888
454	3480	3998	3719	196	75	1279	6459	499	979	9999	10224	12580	3125	12833	84	12832	12737	9163	10297	12740	2341	11157	13720
1255	3130	2601	6664	8696	8241	11744	10946	3768	13211	12983	14294	11743	13500	14210	13274	14698	86	12339	14897	15173	15175	15392	14614	15445	15347	15123	11516	13911	15718	7901	15444	15539	10080	15895	15676	15836	15837	15925	15702	15082
4905	2054	1176	1068	9757	7578	7934
1489	12069	9839	12829	13102	13815	13500	10513	10511
4705	6151	54	9457	7117	10356	3177	1099	15459	15167	2766
5207	1170	304	4455	7796	9338	13535	7578	12771	10368
5632	113	258	787	2267	5402	6453	320	4989	11801	9163	12091	1270	630	10057	5241	14149	13969	11950	15473	11456
3017	8821	7530	8833	10834	12934	14104	13675	14682	15333	15281	15392	15365
5549	834	207	6408	4992	12069	12829	12927	13551	14335	10513	10532	6130	14575
1278	7412	966	5505	5202	10302	11568	14839	708	8452
5126	766	7228
5932	8071	14594	9644	4251	15415	7302	12556
7002	1824	4864	4978	9555	11504	7228	560	2557	3898	9340	11503	14319	14599	321	4980	5385	8063	12740	406
3040	5513	2215	11775	7958	4122	9960	9646	7945	2539	14051	8708	1354	12217	9311
1163	10725	12829	12671
6924	4633	3897	1396	856	2073	2349	3364	8986	28	4505	4788	8534
5473	3897	3982
7128	5220	4492	7045	9404	14349	13406	1471	1901	3139	582	586	1063	1398	10431
2604	2858	13184	14476	14509	12599	13738	14807	11776	14686	12249	12825	15178	15997	15927
6906	3348	5165	1054	13433	5957	9443	14335	6980	14510	10511	7072	14967	13721	14851	15723	15868	15366	14946	15870	13310
4538	1174	7778	29	1483	13643	14419	13966	8808	11011	14966	14042	7848	4578
2058	9847	15674	13459
2328	1076	1821	1329
6688	14793	14973	10302	2712	15689	15443	14983	2058	13568	15706	15542	15366	15521	15869	15860	15878	16057	16148	16151
5091	4368	13422	1211	9574
76	10667	14335	6440	14854	14165	14696	14958	15220	13920	15579	16007	16039
1234	743	68	4774	5511	3215	9632
1161	3505	3311	7597	4014
2981	5752	10209	1991	1658	8218	13132	14345	4986	8409	10849	2143
1913	11622	14557	5125	10212
6340	11675	11273	1054	3948	14797	13919	5847
3447	5125	11053	13639	5699
3201	15663	15662	15868	15524	15693	15887	15117	8223	11691	13975	16002	16093	16144	15082
4950	797	551	2142	2612	4584	9338	1847	11280	5691	13683	13448	14504	14769	13896
2758	1937	7118	4844	3523	4882	14173	5202
6905	3128	7067	5230	8731	6037	4999	6239	5569	13455	16104	15579	15654	16154
2656	2000	7487	1901	369	856	4440	10277
1610	176	5133	5954	7113	7336	10753	7304	10586	8048
2443	4994	7293	6685	222	223	732	10036	8869	2680	10225	5208	11801	13198	13239	12017	13932	10655	12821	14724	14343	15173	14150	15373	12551	15123	15473	14961	2669	15367
3714	856	6102	3819	4218	6099	8347	11312	9198	11533
3530	5627	6228	8698	4097	9748	5201
6969	8795	7578	6485	8583
7135	2683	5284	750	2069	3275	2156	1654	553	981	6878	10560	10667	9086	10219	10672	9151	9085	11724	10116	12348	8457	5691	14466	11157	8253	13720	14640	14972	9546	11950
2887	11382	12069	12332	5110	12670	9163	5691	10165	13433	13689	12701	13342	15167	13721	13875	14854
3309	885	13234	12344	13651	3246	2966	1751
3218	12287	12495	13666	14150	15325	15415	14149	12957	15363	14000	16146
5622	12599	4038	10513	13840	11427	12833	11776	13274	86	13648	3919	8044	8461	12832	15234	15235	14575	12926	15364	984	15392	8764	15123	15443	2680	14018	14237	3132	13430	15350	15804	7653	13874	13940	15878	15569	16132	16134
6115	3853	4804	11083	2637	10247	10189	11814	7644	12060	14218	7400	13932	13896	14497
1605	10305	11933	13066	8981
6722	3765	15167	3628	502	6725
42	5887	940	1377	2695	13065	14695
2733	10965	904	12372	10469	14417	450
4269	5209	4980	1901	1141	10091	2404	8065	9982
6371	2665	8389	13055	2450	4306	5575	10208
4675	9549	829	4074	6370	11986	12429	9333	4758	13119	10153	13875	14467	5957	4599	15573	9608	3591	15167	4085	15399	7556
1966	2072	1835	6965	3160	9035	12761	2735
4156	10743	10297	11892	23	2937	11106	13264	13448	10532	7949	15242
419	4677	656	7633	11456	591	4836	14553
5917	9693	13448	13557	12637	15242	15412	15887
5749	13119	11805	8121	13053	16185
3670	5110	511	7093	11977	1598	14038	2147	3923	4196	5744	11363	11993
6697	12456	12888	9495	10968	11586	11389	11975	6673	15878
3320	1347	1641
4152	3685	5820
2855	331	4443	14026	1345	2458	12834	8290	14423	6982	11157	91	11024	86	9675	13457	14897	15364	15158	15159	2782	4939	14533	79	4670	8575	9070	15178	15363	78	3768	5144	6831	13274	80	15637	10192	15448	13816	6210
775	12341	3370	13257
5338	8257	8591	11835	5236	4699	12821	3218	13094	14728	7723	16141
3874	634	12211	14154	364	2628
4186	7995	10116	12429	12851	7530	11278	3	8307	1253	1730	2755	6511	7778	11977	1282	3832	6893	8894	10121	8308	13555	10968	9969	12727	14008
1975	12971	11855	14349	14330	14511
4096	4576	347	702	2275	3859	4606	4615	4620	4650	6234	6939	7995	8315
999	6306	2347	8534	4974	636	12099	599
4343	1979	848	2715	7191	10103
5499	7860	2535	5520
6970	578	677	3666	2844	5933	601	10036	9991	8043	12829	13764	8164	11950
1934	12401	14617	12270
6168	2770	4757	5089	4760	8427	8375	10253	4089	165	9059	12834	444	669	5039	1324	12120	6123	8426
2613	1022	2163	7758	7080	205	6405
6182	391	182	298	896	1607	5919	2563	786	120	6827
1532	77	24	110	128	254	33	668	542	267	391	386	424	569	1032	1343	5436	185	323	319	2247	2781	3568	4920	4913	6808	1107	12266	11469
2924	3232	529	11017	1076
4410	3547	9100	1915	11058	10661
3438	4252	4253	4632	8173	6804	10861	8473	10440	645	3540
619	10975	10002
4845	2309	9368	12280	14074
5206	2	8499	10234	12279	10297	14218	13119	14387	593	14854	8492	12982	15037	86	15156	15894	8955
4515	3672	5225
337	8582	12841	7827	13878	8569	7072	14291	15326	15530	15345	14000	15781
2871	6669	1973	230	670	3808	7633	9139	8687	13364	3213
980	15691	15472	15887	15927	15117	14718	14946	15579
6872	8865	7932	15055	15574	8622	9597
438	3041	10591	9720
6510	11550	13114	930	10989	6993	7627	13723	415
37	4872	1720	10333	4835	10440	15270
1157	2818	9996	7717	11944	9404	8537
1747	2457	951	6888	11064	4594	7059	10079	12129	12139	5720	4387	304	890	3334
6220	13629	12864	14952	6179	2610	14832
3638	535	705	4373	56	1516	64	3264	3398	543	900	196	287	597	668	967	3308	6024	1045	3001	75	1393	303	499	885	934	1391	7144	40	4327	1239	48	4408	275	6811	5790	9448
6877	9709	11841	9976	14106	3247
1872	2848	5436	7625	3626	4472	341	9845	7420	7988	12094	13201	5420	5125	2686	14985
2296	9589	4699	8894	4175
5774	912	2490	5794	10439	3465	10650	383	331	6401	9304	5338	10790	1250	11851	5933	903	10436	4177	6565	10298	4771	7783	9348	3717	9085	9086	384	5831	10302	14005	9114	10308	9109	1354	11825	13319	10828	6717	6196	9766	12230
5732	5089	15166	221
6736	870	8810	8668	5089
2261	393	1174	1821	1947
3970	1922	5436	8549	11742	9996	68	11203	8649	13563	11895	314	964	4110	2766
2675	9268	1350	11165	6535	9079
1783	13108	14684	14686	1425	15368
6277	10186	2608	7141	8908	9000	49	2397
1213	2251	2379	1521	3752	5462	4221	4903	1339	1935	5094	12598	10279	13720	10461
1569	406	9874	11307
6523	6788	1054	1238	11914	12072	392	12679	8598	8175	13119	12450	12599	14509	15408	15222
5127	293	8246
6040	6577	11118	1822	3041	3173	3361
534	8173	10231	9367	7368	8422	3929	9368	9608
1948	6426	14405	6624	13486	15655	2107	2301	15750	15054	5079	5391
6816	12743	5697	14257
2633	4196	8164	9943	12782	15729	1170	5643	7852	8308
3861	6974	4228	6262	1776	571	2866	9244	2353	13482	13080
5015	1545	12370	870	3215
5984	3033	2982	788	3043	9718
1243	12598	13119	13683
5051	9831	11280	11354	11678	13329	13773	14505	10655	15076	14404	15333	14958	15894
3327	14041	1573	3183	13639	3618	5396	12780	14078	6142	5215	7540	14547	5661	12480	7265	8604	4411
6284	6145	220	2681	2284	189	5521
1963	7072	15688	15887	15999
6350	1292	3988	14413	2218	3706	2152	2352	4828	15419	5128	14257	1973	6609	9100	11172	7896	14240	13954	14972	14906	15208	15723	14433
4244	9413	7831	9670	12815
2360	7530	364	7368	603	9317	10732
264	4129	11637	2508	3627	5957	4419	2211	3334	3655	11895	7778	8648	10841	11668	1816	10188	6765	9452	9688	1523	9494	1054	8169	4270	11141	3635	10660	9088	746	5499	5673	6155	10020	11529	12206	13001
5500	8921	1062	1212	1865	10169
1527	6390	12738	12290	2030	6326	10964	6349	532
606	593	463	682	2945	2065	6666	8417	12212	10169	12690
3602	8647	8575	10043	1300	5197	3865	12970	13717	1499	8946	9651	4096	10251	10302
723	10313	10981	11865	10254	12196	13731	13390	14218	14335	12535	7814	14508	14103	11805	14806	15037	15173	14239	15465	15600	15443
6835	13429	14806	15391	15772	15367
777	11573	11743	12351	12700
6200	12187	10244	3424	3425	3671	4107	2922	6090	825	12953	13296
4588	1109	3086	5627
1657	13039	1807	5125	7898	9078
3868	2165	2164	505	506	632	856	1441	4563	4981	10419	13119
3039	9405	6051	9833
2018	3857	14660	11591
1333	2495	8821	10949	12069	12927	13273	14327	14508
679	2995	9931	2542	10516
6551	1637	4539	5256	7223	7468	8975	9211	9423	10560	10603	12763	13461
1066	2064	9490	10302	14142	3146
2588	7904	9457	3465	7239	13431	304	569
4735	2704	10945	10234	8467	15093
5164	189	10700	11021	582	5116	8389	8122	13902	2490
3653	5095	8324	5202	719
3064	10722	9965	13824	13825	2059
5437	9846	12771	12749	13684	13738	12634	15403	15631	13063
3950	1076	12272	11766	1988	10380	14457	5642	12352
6258	3607	3669	2860	13968
7054	8123	15273	10530	75	11762	392	1227	11557
4042	2490	11855	12598
3920	9022	7598
1035	3190	138	141	4054	12511
6019	6975	11829	2925	12351	14327	13561	13274	15997
3644	1879	2833	3468	3341	4770	11727	2395	12972	12887	3936	5700	13276
4300	924	2540	12014	2958	6932	10729
6668	14185	9560	13811	3200	881	4582	7746	12454	9677	6323	14852	15035	2291	8016	8110	15495	3259	15496	15147
5264	7476	6140	15018	11870
3588	9500	8590	10516	9685
6217	1651	208	1727	3399	4924	230	1137	8385	13234	13742	12475	9486	15588	1798	11402	7658
805	108	3351	964	972	3415	3752	926	591
1646	14944	9596	567	9126	9927	1810	4297	12862	1357	3259
2928	3949	10569	1633	2939	3564	8262	7778	13555
2354	8641	11781	12748	13765	12806	14218	10575	11427	15465	13951	16000	15880	16048
5323	4354	11418	7054	4587
572	5517	3501	2878	8916	6097	2145
2990	759	2386	7453	9059	11547	4466	6542	8015	12266	12553	12690	15518	15565	5549	9304
3196	4545	8551	302	1327	4587	7257	12039
3472	10739	10851	11438	12769	13097	12806	13684	13429	10057	13119	14777	86	6742	15324	15208	15564	15448
6793	4039	5856	5447	3828	13211	13552	13119	14564	10713	3324	6742	13356	15895	4191	13940	16134
417	10	114	703	10692	7865	1461	11101	12237	7775	9606	8877	12673	8926	13835	609	14335	12098	13239	10461	14697	11975	15057	13073	86	15530	2680	15604	10055
3541	11824	45	302	8082	8494
1688	1295	1279	20	4992
4956	1821	5125
5514	8423	5147	4455	7420	3297	1685	1559	3249	4475	5748	14095	9491	10755	1707	5372	5422	13439	13966	11029	1639	11783	3637	6490	6457	12910
3815	5227	360	4139	8290	2726	2961	4413	15362
7031	171	205	467	2804	124	1537	13274	10909
4768	402	12433	5970	12713	13491	13543	7897	11533
3508	740	3828	12259	14218	10551	14485	14515	5680	1178	6710	16010	13348	2038	15471	12512	16185	16132	16204	15054
6296	10735	8336	11795	14356
2719	10865	1516
4874	1588	8136	12381	7453	12755
64	2246	5270	12727	2386	9086	3828	13639	12766	4169	3932	14128	6043
6514	7539	10833	12495	6102	1793	13752	14106	7794	7481	10203	13174	12756	4086	2350	2200	2358	304	14592	15141	15342	15987
4100	5498	3043	5815	8091	15866
5685	3318	5617	4552	219	4987
364	10245	9418	12510	11209
3947	7308	850	5627	12740	1920	13690	703	8475	1259
3929	97	9054	3938	4993	13697	6252
1422	1964	8783	1321	14691	1366	7564	11740	9794	6803	11198	1431	3286	5807	9155	9438
6124	13543	9294	11933
675	10199	5202	13373
4989	1072	5913	75	9560	35	12747	10297	12673	717	13815	10116	136	14033	13119	3023	14139	1459	6962	13932	12211	9219	7042	2115	3085	8708	15444	15497	15895	15563	467	15637	11098	15448	14976	6316	1307	15130	15807
722	4618	8933	9405	10450	9107	12069	12934	13273	13239	7072	13634	14769	14682	14593	14903	15220
3760	5254	3858	5360	10001	10116	12392
4642	261	3948	3556	7859
1366	6682	5632	5925	6291	6857	2756	8468	11781	11978	52	10234	12771	12588	13508	14269	10902	9043	13307	14071	14809	2834	15691	8997	2680	15658	15563	15777
1950	6173	7667	7668	16	1509	2349	4213	4362	5125	6692	8784	9441	12175	12766	14598	3203
6367	50	5679	341	8561
1805	173	3465	2217	3082	4749	5672	6048	5026	9885	13535	10603	10020	8137	11843	7452	3349	9501	8100	12200
440	1294	13748	1355	11816	13191	13295	11691	170	1642	6331	7151	8062	9332	9915	13382
1479	11346	12752	12069	11526	13906	13307	15167	15403
4470	15116	15591	14361	16191
4892	3812	6439	6440	6441	10532	10461	7072	8771
3412	511	1275	3705	12829	13878	14808
5755	2235	681	7553	13880	14059
5095	1635	10302
3105	3294	6375	6492	7155	8109	8267	12808
6375	14482	3720	5500
3262	14083	8695	5106
6607	573	1083	6811	11299	12619	12821	12829	12977	13838	13689	10461	7349	11427	11776	15123	15100	15449	15339
3107	3322	12769	12927	13651
714	7846	856	3203	11287
2156	3449	9546	10535
2227	3552	728	4806	8355	356	3971	9591
5178	302	1471	6074	8042	10813	13846	2016	2215	3328
3133	3082	2051	3542	7578	2102	8219	22	13583	7098	1757	7083	4600	5624	7977
6639	1960	2007	884	2603	3790	3041
2281	4895	11915	3245	5484
1615	12753	5589	12440	12825
6268	1233	3449	2244	7223	2277	7633	2286	6251	6523	11135	6573	10227	1902	841	2481	3712	7598	13062	3572	5995
994	1837	6884	6112	13651	14210	10057	14402	10460	11427	15373	14718
4843	1675	1706	4443	1691
4522	8038	7189	11331	12829
3236	3016	11525	12332	12437	12146	13217	11641	14210	12806	2842	6980	11579	15121	86	14972	15173	14981	15326	14575	15364	15253	14906	15530	15892	15100	15443	15524	14960	15871	7020
6773	926	12180	3809	15232	1068	15132	7295	656	13318	5926	6195	1292	9286	7778
2962	5872	4674	3272	9501	11935	2341	11021	13774
4944	188	4340	4734	2242	2550	3033	3409	1457	1833	2552	8917	6383	10947
4478	133	3538	915	2896	4304	5991	11054	12934	7553	11889	14127	10460	11427	14575	4699	15837	15896	14920
1392	10387	13728	11641	2025	2081	2490	2701	4507	13528	12917	13738	2628	363	7763	12976	10460	11291	14480	12657	7447	3600	15191	15467	1563	9892	10537	15345	14959	14960	15363	15054	12122	15210	10294	1953	10326	16097
6492	1288	8245	9712	10403	13441
2752	2223	9969	14310
3249	2847	3397	447	3415	1973	2628	638	1187
4266	3815	527	893	6343	6805	2920	1239	2537	5096	4288	3288	785	13119	13691
4456	14785	10461	10513	355	13164	13666	7996	11512	6293
4028	9995	12349	1541	9411	13764	14402	13239	14106	15121	15244	15362	15158	15495	15443	15723	15530	13430
2061	6626	7029	18	4509	8743	7371
3380	3536	3632	13705	13288	13912	8042
1154	6858	7092	3948	6093	3358	6975	15725
6804	12749	9490	13119	8916	11427	14984	15373	15688	15756	15508	16020
4979	6150	9742	12135	5472
3291	7476	13695	2355	2356	7644	904
108	882	529	9304	5360	10857	14795
4712	3948	302	15625	2163	367	4564	11576	719	8238	10308
3975	3778	6310	7723	9932
3987	10796	1821	6871	6325	11703	856	3750	11733	11961	6439	8916	2124	8538	13288
4709	6975	5569	9163	13765	11975
2821	9728	12797	9909	6741	1292	1358	10122	9543	13342	14913
3242	7534	7083	13814	10318	5549	9209	1409	11584	13765	356	11907	14218	2051	13623	9962	12806	14268	14897	9644	13349	15706	14728	15705
2714	5284	9619	10308	4270
4482	10389	9012	10542	10543	10459	3415	3417	10047	73	6902	10123
5813	981	13649	54	5498
1980	76	3720	4463	3492
3873	985	7640	6995	1425
2327	10701	9116	3	10158	9163	9202	13337	11536	5777	415	14923	560	15205	10749
971	6127	2588	9298	11678	12829	12832
5401	8473	8747	3291	9366
854	13199	14330	14476	10513
3626	2187	4992	1327	2214
1055	8175	14727	15039	81	1085	7962	9962	8398
464	877	956	884	4863	1728	495	56	9763	9830	11299	11115	12034	8833	12535	8204	5558	12008	13906	13678	7633	13765	6870
5589	7483	7598	4032
843	529	5868	3430	9231	11280	12829	12837	5338	5996	11865	12146	12287	193	2225	10451	14165	3721
1398	8176	3045	10678	6483	8825	10213	11844	12133	12977	11071	13452	13433	10986	2490	402	14075	13664	14331	14505	6194	6195	11362	13153	13115	6523	13634	15104	5168	13648	15059	15060	15041	15175	15333	2386	11943
5162	6264	8385	1013	7375	3604	8919	12129	13680	7996
1015	4219	8079	10296	11634	8822
4900	5960	8391	6765	1789	8975
1958	1979	3074	53	2397	1494
6100	12069	12680	12902	12977	13815	13731	13500	13119	14331	14472	13875	14466	11427	11975	15058	14806	13274	15251	15064	2712	15772	15885	16146
192	1426	2030	1003	4218	2042	7705	11043	591	13897
6932	11433	12266	7977	8410	13119	13500	13689	13274
3073	12351	13623	14498	15152	12551	3319
1420	6727	1950	2185	5867	3797	14753
2495	9367	527	1282	2720	5942	7566	8556	9333	11418	12778	12819	13979	15039	1298	2374	4224	6578	9786	11137	12151	12941	5725	8402	6833	7988	403	1482	4628	6831	12111	14600	36
1080	12998	4331	13477
1999	6565	3641	7897
6910	378	788	713	48	5720	7073	5876	8374	1836	11843	84	3125	12802	12614	12829	9163	10165	12673	13917	13932	7349	15037
1373	11078	4508	68
175	8142	7827	13906	11518	12623	10057	14257	10041	10461	14973	5902	13091	15432	13583	15495	11476	9064	15339	15892	1884	8715	10394	11739	12917	14371	15532	15927	15997	13103	389	1901	5549	14542	15153	15933
4872	4101	2538	3347	4424	5589	5248	3455	14840	668	6409	2950	4147	5307	5142	6566	1972	73	2293	4794	3203	6744	12239	2981	10127	5846	889	1071
20	1415	6373	3351	1720
6073	578	516	2481	2379	5143	3987	4269	5632
2138	602	5125	3465	7064	302
6271	1099	2742	2786	5167	7706	8778	28	218	302	569	4440	7700
5520	120	175	320	1055	2923	3832	4927	7054	7381	8308	8385	9245	10989	11648
3468	7859	4878	5750	5077	10989
361	2993	8038	6685	5427	7153	11736	14009	14335	15501	8955	16018
4261	13176	2273	9072	4446	4808	10685	10714	672	8199	9182
6798	11224	10218	9386	359	3384
3028	12706	13321	13448	2296	14563	13108	86	15234	15228	13568	13940	16104
6093	2489	11207	11102	5158	5472	14435	4799	6440	15530	15085
985	3166	6565	7666	12829	14218	7072	13840
4477	729	74	943	1543	940	1117	1516	734	2284	4218	529	1867	4975	5575	8063	8217	302	895	3948	12044	6688	7042	23	13340	7718	14038	15232
1251	9485	7271	1047	1137	1166	4195	825
6539	1838	13412	5438	13899	5556	8319	13338
5396	7917	10948	9967	13239
6772	4159	3189	928	917	1589	1027	2253	3081	9401	9828	10115	83	6242	11814	12784	12590	11359	15060	12821	15473	10557	12195	14120	16065	15579
4307	3663	5159	3606	8271	5318	9329
1692	2218	1083	4390	2457	3897	3557	1552	10556	3962	6719	3384	647	9340
1322	3110	3948	4240	6511	11509	7750
6882	5543	8950	9688	1346	12861	8257
1309	3058	9490	1170	8573	365	1816	4566	12206	1054	7995	8971	3077	3510	12104	8188	14386	9499
1361	10185	2157	8808	921	11552	3250
5319	249	2213	10833	12620	850
1514	4461	1416	11576	14915
5309	2941	1391	10667	12802	12769	13198	13691	13935	86	15497	15594	389	15795	16022	16146	16140	395	16023
2228	12771	14557	14151	14165	12249	15868	15365	14815
2959	2919	5583	3384	12495	14708	5947	15688	15875
212	1184	2365	12829	3009	2254	11703
7136	6090	4669	2411	14579	9895	9604	11759	14140	9392
5618	1138	1642	7287	7891	12443
1127	92	161	856	2351	224	1456	2681	3000	6841	7996	8562
5866	3631	7303	1487	4724	12230
2587	3176	11052	6943	10126	3630	3638	10173
6878	511	6869	10991
3573	9591	9383	11524	4717	10083	10513	10532
5007	6857	2182	4611	11721	5776	232	4387	7534	11985	6827
3034	9973	11336	8698	943	2523	2178
3172	3001	3534	7522	1537
1099	1469	5143	6397	6619	8727
5463	5845	10654	13762	13850	15348
2255	227	10034	6170	8963	9392
1982	1530	11930	12598	11301	14151	7072
1915	7534	11137	958	11275	12314
376	6808	13500	14240	86	10460	13274
2009	957	2601	1303	12657	86	12821	15837
4011	135	708	2601	3507	1176	1131	2215	4269	458	1901	10720	13689	13764	789	11427	13457	13720	86	15449	14959	15227	14961
1923	9998	10680	5849	12598	12588	13773	15077
2650	12344	11196	10740	1285	2719	12517	825	8698	4938	6882	13876
1241	12598	12971	13107	12657	14327	12599	14795	11975	14806	1013	15362	14983	2680	13568	15793	15367	15448	15579	15880	16154	16192	16200
2110	15116	13039	15074	15703
5224	8344	8850	11970	11691	9426	8266	12470	6088	11437	6146	1971	12867	14158	11518	1409	1693	4828	10681	12390	15499	9158	3552	7611
4076	3829	13710	13242	4793	5296	6456	6478	7641	8367	13057	10641	2148
5896	8288	5508	8385
5727	4256	4219	15391	6444
2248	4665	9399	10859	3350	8753	4629	1749	10290	2420	9675	1204	7491	7582	3098	4229	9962	11402	13905
4024	144	11334	11711	11701	7071	9156	2398	8224
3308	7339	6499	4758	11857
3897	3051	8703	7437	11209	4403	4749	4623	13322	14358	14917	10166
4245	304	2412	3165	4173	4848	5273	1186	2833	4026	6204	5049	406
6909	10601	15322	9790
3272	12104	13991	13656	5107
5657	6364	11841	10234	14294	12450	14661	13720	15718	15738	9626
5964	703	14081	314
5786	1538	6549	10851	8935	13720	11157	10731	15059
1316	4778	3994	11228	3631
4632	274	1529	3872	2534	4224	668	5781
3789	258	13525	9191
4267	216	2041	13836	4207	7453	568	9991	5965	12718	12979	1790	6145	8042
5545	4342	10905	341	41	13680
1819	5492	8478	1506	3604
257	6946	6970	856	9591	11944	3215	10116	511
3001	9672	6383	10734	10725	12347	12829	13815	14502	6916	14440	14423	10513	86	15364	15158	15392	15443
6581	1406	5103	8416	2248	1411	13528	11578	6202	3289	6542	11062	6178
940	927	531	114	999	1030	551	1954	7054
6843	976	3745	788	2810	4968	1550
5668	344	953	4262	6602	5869	6643	10493	14617
3766	3684	4472	13917	13119	12701	12130	15075
771	11297	1186	3582	5156	40	5472	7008	10099	13295
1439	116	6770	68	10560	7185
3731	7691	7170	8896	8664	10071	3808	7892
5744	6222	308	8476	8849	8014	3465
4917	4228	8127	8985
973	9621	9291	6428	304	13994	15190	8049	8349	8515
4882	8070	10069	6963	916	5149	7522	10011	10031	11764	12108
1823	8982	6046	15222	1634	14915	1541	9928	1294	2785	15153	15549	2976	7436	558
400	2846	14413	5809	4823
3606	3481	4269	4338	4524	7386	1819	1908	5569	308	3357	3702	9098	12598	12769	13211	13764	13765	12806	14467	14293	15392	1013	10557	15027	14048	13816
5000	6381	4347	7172	83	3055	1720	2458	2323	3101	7782	904	1516	450	11312	3616	11438	9107	9762	11174	12829	6291	12168	12342	10986	3152	14291	6439	7814	12241	14698
1401	8307	1602	3	6340	8695	10291	7882
126	73	3870	6360	527	293	1263	6820	8184	6370	3918	6479	2097	11778	12366	14225	13163	1716	9786
5869	4676	3699	6123
1723	964	2502	1956	12751	12706	9655
1663	1181	3127	12598	5286	834	13684	13119	14504	14424	12249	6742	4701	14983	15723	15800	14976	16144
3839	1042	1788	12927	12346	14506
1766	3748	11551	5731	7627
602	7742	7877	7985	5944	6003	9698	2716	11922	14632	3177	13088	7273	6713	6872	7778	3384
6087	2403	4123	10133	531	5148	11632	5202
7026	11000	8498	353
234	7113	8826	1826	6366	702	6165	8223	7920	1007	2600	8430	12700	11718	12771	9713	7716	14387	10461	10460	13720	8285	9011	13634	14981	15495	13816	16024
5378	3960	604	1570	6004	2090	5641	3376	3949	6170	14194	14210	14392	14502
2988	9338	11962	13639	4632	12972
5248	12762	10752	1068	1069
5493	740	7085	1137	13530
3909	8933	10450	10976	4981	13521	68	2229	5957	11235	7072	15325	4256	8691	2680	14007	15342	4110
3759	14505	13721	12958	15066	13039	15845
374	2189	3328	11520	7681
5591	14293	13239	14268	14467	14105	15044	14239	14677	10080	15658	15804	15579	15861
6424	8728	1085
3526	5375	9490	12868	12941
3400	9159	4398	5742	8769	11582	334	1522	4049	5558	6336	10460	12531	14828	14829	13966	15148	4410	7498	11139
1983	11307	5498	887	12620	10196	9001	9116	9609
4487	5182	529	10100	12769	10948	10415	13452	13682	944	10909	13108	14423	13401	14265	12240	15244	15412	2680
407	850	5341	6032	1137	10942	9688
5861	1720	2490	7452	8937	12438	6283	1305	14480	16218
290	8755	11378	13570	13355
5972	2098	2317	4424	10996
523	9830	15373	14983	15714
6707	4823	9680	5674	2362	7742	8378
3101	1068	7765	1010	1514
4403	315	879	2797	641	4219	5019	7860	8765	5632	5925	5790	4074	4781
7037	981	5845	4440	4903	6918	12136	363
6820	1054	1812	2872	7382
3278	10001	9519	9870	8104	10667	3896	3712	2051	4740	7644	13411	7142	9392	166	4254	4808	13565	5644	766	7164	8268	11113
6448	8173	8597	8727	12069	3696	12060	2989	15058	15364	10557	1872	15835	15804	16054	13310	16044	9237	15027
1800	8628	1816	5672	7778	11064
1065	3447	5777	8340
6911	531	1911	11850	5957	13655	10912
4361	1818	8468	10234	7189	11331	9867	13273	8362	14655	11137	86	14663	15037
2162	1397	407	4624	4557	1459	7507	6353	8106	6042
299	4141	6893	6897	10813	3916	5861	7806
1218	1600	2369	3051	3696	6779	6865	4558	9876	7504	12845	2225	5306
4432	3673	5537	8024	6439	79	81	5288	6266	6441	7703	14241	14165	13034	496	6049	6426	8789	9010	14115	5498	14104	12315	14809	10411	11895	14047	15690	2669
1517	7647	12731	13973	14410	14096
620	7419	12069	6253	12829
3354	10288	10608	13605	3965	7633	9545
451	6355	9792	16034	15233	15463	16222	15905	15979	15262	15559	15405	16243	16195	16165	16251	15977
4890	2303	2066	754	4582	7086	12737	11950	13145	15605	12438
2994	6479	3492	2455	6247	5482	11721	12069	9879	12287	7940	9756	10057	14509	14692	15894
421	10966	12347	7191	10057	14435	14424	13663	6399	8721	9798	10940	13648	14496	15175	14708	15443	15508	15715	8042	15967	14681	13272	16144	16022
4420	2538	13421	8250	13711	14913	9818	8257	5912	8410	8651	12832	2756
3888	8481	11995	925	929	930	1896	8570	10057
5938	2004	7578	409	2596	4993
2782	978	4242	5606	7633	7844	1365
6353	10746	13876	302	2293	14364	4919	197
3143	4422	11857	12749	14480	15801
243	9052	8935	4618	2372	10169	8773
5812	3971	48	3093	1549	6928	8912	14199	15921	290	597	1263	3632	10806
5573	4320	9720	11831	1970	4792	8226	10801	4294	4602	8612
7007	11302	3465	7578	9392	12562
4903	268	3948
2882	632	6717	17	2927	8789	5010
5821	7542	12240	14108
5389	11083	11986	12598	13390	13307	13232	2712	6753	15714	15982	16181	16224
1638	3792	3670	4114	3341	1127	7191	9831	11668	7876	11188	11441	8454	8990	2284	11801	5265
3377	5558	6247	12321	13295	15554	5492	5505
4706	11057	4062	4661
4449	781	5336	7892	12767	14551	6352	8963	5684	10317	10914	13030
6616	4123	8673	1659	4520	8912	8926	12607	3808	9271	6489	8477
6056	2609	1545	6642	7021	8452	2481	9718	9827	1054	13106	13805	1511	9631	10793	6497
2198	1620	4078	4036	7578	2770	3118	3608	4303	8942	6097	6347	2358	4525	7144	11351	13621
696	4725	3754	8941	11507	75	384	582	1315	1803	8893	6573	3580	6465	6540	91
5627	4699	7144	9071	9816	7930
4241	7522	12614	13199	8659	13429	647	14563	13239	10460	15373
1190	5538	12479	2628	5166	9642	10482
411	8468	10989	14259	8953
3910	9423	6727	12914	9830	10506	11716	2285	14546
4808	5235	11883	15287
88	4701	2491	5614	3492	6820	11598	6162	5702	9830
5072	877	1979	534	5005	9038	6163	11843	4589	8592
4397	1867	5676	8617	9567	79	2289	9026	323	8029	8122	12946	5558
5219	475	112	2920	4392	6228	12843	4612
1972	4269	6120	11021	12180	2661	7977	15095	14574	11510
6521	825	4440	2991	5042	14400	4898	1727	814
5106	7172	3169	681	511	6397	2819	1418	10966	12456	12598	13448	13119	13108
5931	5933	6361	8362	9123	10082	11468	339	9823	7559	4255	9726	4440	6461	5176	3630	5164	9750	5498	13263	12719	11137	7633	14055	6424	3721	13158	15482	11296	10677	4492	14737	10830	939	3215	8739	13249	8309	14691	13699
5071	651	7386	4755	4850	8034	1164	1165	14483	4867	6616	9884	16083
2234	1078	3726	6857	8003	11929	10169	13093	9817	8789	8820
156	167	3816	5422	5399	7995	9766	7053	12727	5817	9461	14617	587	11721	13905
3271	7952	13516	321	2129	9850	1147	4777	13295	12978	14811	5554	11338	5912	12198	14031
6282	11550	5215	8300	15143
1454	9504	12415	13451	13608	8985
6915	297	8752
5330	9976	12829	14007	15999
6960	4371	1053	3468	8583	10356	5284	530	15058	15483
6265	30	762	1452	6336	6691
4981	316	1485	9448	4931	6975	7125	11855	8185	9085	12287	13875	12806	14480	10033	2295	6145	13669	15860	16023
5188	2584	8188
3711	14358	6897	8559
2453	3444	323	2355	13807
4914	411	580	1240	1514	2839	5118	5484	7324	9791	3808	8957	3548	4449	6891	1281	1610	12118	8323	12211	6232	13153	2374
3568	2919	3436	4748	11721	11678	12598	12829	12748	13651	13721	15123	15366
4029	5994	2285	15202	621
2154	1799	9012	2420	5035	4026	4335	2192	15752	14316	13487
3455	2993	1900	4538	7218	6355	1540	1971	985
5154	13684	10513	10532	13682	15385	15887	15894	15895	15999	16006	16062	16069
1694	1054	9156	835	1099	308	2833
4958	12522	15056	2263	4442	11459
1062	1905	7227	6833	12942	7778	8227	13635	9750	11935	12547	308	1013	7730
1824	11140	11962	2581	2706	5270	5277	7682	7778	9174
1600	86	15473	15354	15443	15444	15997	15366	15448	16003	16024	16184
1205	7124	10511	11427	14558	10460	15094	14941	13047	13648	15364	4331	15064	15449	15723	1174	3465	9762	14987	15676	15367	16018	16039	16058	13206
3287	8374	11354	8065	12927	1328	13875	14318	13457	13721	5426	15804
1064	14335	14326	7072	14686	15361	15366	15579
6311	7578	9067	12361	12702	4641	12171	5777	3398	6132	8028	12970	1841	14398	15285	1804	9317	9996	6396	14305	8826
6569	4994	3043	378	9059	10667	9991	11801	12829	14026	14498	13239	12825	15514	14165
5402	7570	8345	10405
4305	468	5106	2586	4312	51	8288	302
1826	9933	3604	3619	9414	3670	13712	4931	703	5957	6247	2540	2864	10516	6888	12071
4778	6126	2464	3349
4032	2680	3640	4405	6706	9754	9798	10192	10560	11040	11527	12392	3929
6628	600	519	2013	4634	415	797	5444	4774	5632	2458	4878	1932	13738
4715	12927	12102	12771	14218	13818	13500	14335	14504	14569	10575	12982	11975	13722	13274	13457	13721	7530	14239	15392	15412	15274	12582	15564	14860	15363	14961	15446	15777	15787	13865	4649	10830	14000	16006
5656	214	1836	6963	7106	940	248	4097	875	13718	552	54	13812
4220	11180	12092	7890	13320
6176	2282	3663	856	7805
6508	10579	6517	8061
5820	10565	11054	11280	11100	11805	13457	15736	16000	15365
1315	4782	4742	4994	3465
1258	3902	5665	6348	10978	7873	8002	9832	5890	11709	1239	14457	4101	1881
4411	4071	8293
6996	10004	450	2273	4490	4652	5949
4463	627	561	15263
2412	812	1210	10989	14806	6544	7578	12724	3629	6750	12519
2233	8705	8868	90	3000
4505	8204	98	7187	13648	915	9323
5777	13875	4582	10460	10575	7949	86	15597	15208	15736	15539	15100	15734	15629	15900	15894	15117	15366	15927	16054	7020	16146
3230	12069	12829
5975	7163	8133	3000	2537	3148	6701	1222	14069	9507	8589	7727
4766	2253	1584	6500	55	9507	10930	4610	7551	8679	9142	2410	725	1766	3291	1716	83	84	6538	52	10164	13296	9545	11236	13646	14488	3000	8266	4597	5963	14423	14424	7349	9969	14179	2041	5580	11516	10080	11052	15869	2000
3420	5120	316	4961	5761	2481	6228	4666	2624	2082	6010	4362	9748	6842	5197	14808	13920	15220	14007	14133	15323
2667	3696	9401	681	5956	6266	11244	3851	11676	5234
6952	1425	860	4279	3532
5213	3479	12752	14026	13817	10532	14808	14923
5934	8319	6283	7578	11413	12295
1702	634	4728	9969	11599	79	3291	4949	11610	302	1159	1303	13764	4440	334	1186
4674	5894	5607	591	425	312	4922	7514	4078	4510	5007	5761	5766	5759	9931	1253
2465	36	9425	10595	13026	13477
5599	10678	248	5492	8308	13876	2291	7995	8257	11784	14648	5502	15729	9591
5054	4598	1035	7578	7318
2447	1055	6210	1368	11300	13224	6975	9629	14604	12567
5843	595	5674	11262	13649
7102	6402	5360	10159	12033	10801	15315	9971	11061	11313	4786	4591	7813	2740	10724	1489	13929	607	166	770	6372	6598	417
5579	740	7522	7440	10482	8360	9175
3692	3018	5130
3474	1085	1691	2770	5420	5742	10208
2232	511	499	967	208	6538	8206	8489	3482	11171	4638	11622	12060	5509	321	13969	14335	14472	14333	14387	13239	10461	86	12825	13720	15058	15250	14958	15420	15599	15835	15998	14946
2536	9304	1137	11730	11282	12228
3151	4576	5738	1859	12353	9689	13992	8365	3466	2466	4602
4530	6973	8686	3631	3628	799
6324	884	3172	7661	2754	5587	10205	11683	1579	5113	14912	2147	7498
1521	13758	4380	7228	3242	6201	4514
1808	3011	13800	3431	8912	6943	4076	5419	1166	8008
3605	9524	3214	3715	12849	7034	602
5593	5617	9653	5533	2148	10933	8961	516	557	3421	4339	7516	12481	14952	2787	6579	3856	6372
6144	627	3436	3384	6032
2668	2918	1692	3068	12614	12091	12769	12324	12697	12786	12669	13814	11369	14258	3098	14613	11776	10445	13720	9671	15253	15496	15446
162	4071	3526	404	2660	3254	12489	4890	12829	14335	7072	13457	14150	15446
6751	4776	10859	8817	11884	11703	3408	9015	12148	8981	8864
2717	9338	2090	964	11465	1813	760	3808	1785
3181	14192	14042	8835
501	11849	11622	14502	5792	14807
1586	11696	68	13433	10057	12375	4582	10058	7368	14769	11231	10779	15578	3348	15448	16144
3051	2222	3615	11257	9607
3038	13837	13119	12535	14291	14503	14329	10461	11427	14424	9835	14809	10460	9915	15076	13509	6003	13954	14649	14891	15391	15158	7042	15324	15389	11950	1192	10945	13430	15777	15366	15569	15809	12483	15757	15778
3179	2600	5284	4432	5283	2015	6197	2341	3373	5462	9944	7242	4724	511	11204	11213
5294	2735	3506	3505	7562	7225	9990	8546	14671	4072
913	1466	10642	12134	5420	964	2506
6530	11487	531	831	392
3959	5220	1911	11877	5498	10979	8529	14764	12036	12041	12985	14018	6790	15157	8010	15337	4758	11933	14840	15270	9422	15302	15275	15370	15682	15384	15681	15607	16104
6638	1973	5034	2107	304
4500	1661	1167	995	5442	6462	9424
3463	79	838	668	9763	10681	9411	12829	5691	7024	14329	11805	14106	14387	13457	13274	15892
2664	12072	12598	14106	11975	14515	12965	13721	13553	15433	5947	2712	15658	15367	16093	13310
7006	5680	9991	10754	6170	4280	5498	14984	11854
7004	12533	13445	14242	11805	14808	14806	10461	10513	12350	14105	13689	11622	12700	86	15662	15637
3640	1078	6857	6441
3293	1061	4677	7811	12856	1953	40	529	1393	1813	3350	13528	1737	1184
2530	12389	1691	5875	8715	593	6207	5184	13811	6854	14388	4398	5390
2632	12927	13119	11307	13358	12825	15093	8808	15735	15868
5031	4984	7970	9333	6170
2911	10094	8260	1226	5552	9368	5431
3345	6800	7630	8935	10722
2654	6733	8661	9742
850	30	5743	6261	8752	10290	371	703	5324	889	6181	856	2102	5913	9817	985	36	2982	3948	13141	6915	8145	10790	14631	1431	5673	7576	7616	5558	11093
5785	9013	2211	10890
3643	2950	1923	3043	5147	3384	10851	9670	9678	4495	10827	10159	14331	3348	3454	11137	5844	7302	9921	13118	1910	3523	15484	10700	15202	7202	10672	15475	1068
5846	1337	1984	5205	9807	7563	12205	16250	364	13688	13471
1301	7792	13678	5283	11576	14563	11459	12315	13528	13232	15057	11975	13396	86	9446	13579	9399	8224	3860	15159	10557	15530	15351	15768	12149	15632	3916	9012	15607	15925	14737
4931	2442	13762	14753	4677
6117	9338	10432	12669	12987	11175	14091	14093	9350
3630	12536	12069	14033	14218	14387	14663	7814	14557	13457	11975	11805	12821
163	8668	7776	120	12644	8083
3684	9367	13537	1227	11307	13039	15199	10989	14361	15616	14972	6595	11228	11255	16191	15845	16076	16077	13833	15377	15701	15488	15699	16063	16171	15313	15340	16008	2224	15962	16149	15475	15884	14893	15919	15696	16227	9644	13064	16031
6320	5288	6174	2152	6733	53	4074	10686	856
2403	1137	1456	6998	10710	80	8927	189	1244	3831	5116	4758
6578	2450	4799	6887	10782
2526	10001	7778	9603	9871	3670	3674	5274	9067
6006	498	386	667	4396	9107	12598	9839	12927	12146	13551	5128	14696	86	15158	15564	15334
4329	8257	5923	10732	716	745	5617	7022
2592	12534	6537	14031	12404	1523	7794	8826	14698	148	11490
4003	3604	10563	5434	7753	11911
3128	12697	12596	13184	13817	14807	14613	14276	15661
6285	11729	11382	12971	5117	10441	11622	13764	13731	14009	14232	12463	14327	12965	13457	14685	14276	15335	15551	15600	15123	14947	15744	16002
3830	1737	2066	144	1054	6151	7028	8253	1027	13065	5237	5125	1072	15044	10327	10786	478	12722	3527	9195	11958
4311	8202	9603	9550	4632	11147	11177	138	13318	890	5020	7633	13147
5602	10225	13684	14033	14510	14807	11257	15734	15894
2490	8591	9450	14823	15666
1465	3835	1068	352	156	10435	1078	3676	10851	396	4406	7996	5351	58	5118	2522	1240	223	2615	2899	8894	6242	7826	940	14761	6115	4650	8152	1639	14570	1798	11193	7578	7533
6015	296	11729	12748	11641	14809	15388	14983	15892	15539	15900
6355	13379	14564	13307	9977
6	107	6811	10664
1044	511	926	2055	2790	3692	4801	5016	5084	6411	7156	8828	13540	227	1669	3628	4165	6412	10055	13775	1321	7995	5420	1012	1628	8692	12354	966	6127	13824	15468	5185	6518	800	4446	10384	11046	13341	14575
548	577	4576	1112	6700
1091	6224	9886	10675	12071	14702	14358	6610	14768	9462
2059	199	10007	6123	701
6105	2481	9816	8477
3485	5614	5940	835	593	1508	7598	8463	2386	10740	1212	11154
6030	2313	307	1099	9632	12683	2540	8481	13391	3861	15115
2848	715	2846	8607	7798
4938	11910	11743	10254	11629	13712	14192	10575	13721	14276	9671	16078
1224	464	2823	4284	5280	4803	687	6152	1274	3136	7228	13807	13898	13448	10790	9209	5653	16134	7235	9304	16255	552	1840	4320	8141	15054	16253
2938	1138	4549	1205	1286	14365	15283
67	2357	302	10679	8849	7387	10944	9087
6656	719	10036	10234	12786	12671	15564	15894	15954
406	14315	3536	7972	8042
1153	5664	5694	3930	3619	7548	13199	14438	3207	5585	13200	5287	3828	14368	14832	9670	2962	5049	13936	5975
2737	4168	7056	2294
1806	695	219	223	319	850	499	530	532	9738	9967	11930	12146	11518	13712	14259	2669	15744
3163	1481	529	3379	1457	2101	3376	2146	9606	12771	12927	13500	13319	13817	12806	13457	86	15123	15159
4818	4553	9188	9266	8976	9536	2956	8652	1886	8049	12824	9155	10752
2932	2102	3480	4618	1926	16055	15468	16043	16194	1137	7164	13528
1761	3085	14344	5637	14973	12167	12944	7514	9606	11131	1399	15129
2186	5117	856	1695	1610	11462	2140	7112	2681	6893	9182	5750	8926	9808	12155	1444	5297	7751	4203	6951	1836	557	2315	3065	4388	4802	8528	4101	6654	6910	75	498	527	1514	2341	3429	4795	7982
5652	6102	10136	7530	4758
3556	1637	7303	13319	8977	4832	10475	11683	12527	547	2349
242	6691	5171	1482	2680	10887	36	3889	8476	365	4085	245	6771	7766	1289	9700
3277	5362	4873	6596	9817	9282	2096	11005	2341	1427	13642	11495	8440	771	13080	3828
6712	2878	6956	11668
2010	3642	1167	1557	2349	1434	29	1953	6978	2802	171	856
2088	12154	4103	7530	4701	364	9252	7553
2973	3929	11849	12829	13765	3384	11805	13738	14354	14808	15064
6777	11313	10827	10057	12130	12315	10513	14851	5947	15892	13430
3633	3553	6118	4011	2933	2096
5689	536	1714	114	464	1202	2349	11085	13481	15403	8025	12506	13901	12504	1645	12503	15159	10856
3734	2537	10870	1528	10753	13626	10957	10746
2682	2628	3517	11235	2458	5708	5855	7132	4261	6170	9442	10549	12817	10985
859	365	2719	5492	8044
5706	11562	2148	8015	11696	9304	15330	1349	1836
1835	6439	15361	2387	6145	11731	12443	1766	7394	15208	15895	15900	16003	7268
2598	2621	7258	10622	4279	5843	672	3628
1503	2386	4191	5556	11576
5989	8607	11678	12437	9501	4934	12060	13682	13679	14511	15396	15432
709	2712	15449	15443	10159	10755	10117	14261	15690	1785	2683	3000	3025	4774	6696	7621	9145	15261	14500	15676	15927	3762	14481	15719	14212	15925	14617	15153	14006	13370	15082	3943	9526	9527	16202	15214
474	2351	2581	3884	9416	5673	4443	12160	6232	5202	5778	4123
561	343	2087	14883	10015	10121	13273
4043	11315	10057	13239	13416	14806	12825	14515	12453
2277	116	926	11306	12803	3756	6731
5209	5617	2962	11634	4011
2322	12769	8468	14177	14652	12130	2989	13906	14473	3673	6430	13340	10513	14613	11975	15094	14180	14343	8881	10058	15175	14614	248	15735	15604	15706	15836	15872	15885	15968	16058	16092	16153
6644	222	649	5582	10585	8205	8403	10725	12747	12971	13500	13718	13738	15391	11883	15662
2319	9569	1701	8511	5004	10050	10120	219	406	2769	5577	5699	6464	7675	7676	9692	11766	6967	12949	3103	12014	4487	1227	7846	5819	7069	51	496	6981	4087	6609	14894	954
576	194	2386	6353	12441	14232	14177	14180	15793	15514
1518	11207	12377	2386	4199	5917	13985
2685	8413	13130	9159
5948	636	3001	672	1248	3082
1892	2301	1481	4236	2556	1581	9216	12771	7995	4638	12706	8102	12737	13198	12740	12657	10839	14335	13817	8859	6824	14697	86	15228	15412	11950	15443
3529	1227	1765	4608	4844	5202	5343	10050	5642	10337	4137	6405	36	56
2762	13731	13684	14467
5974	11673	7892	511	2387	5248	10452	8582	4396
5790	4122	825	856	2722	3828	6238	6585	7131	7485	7486	7578	9748
671	2833	3779	3830	850	6940	8950	8808	7672	8440	9904
6669	7385	7892	2055	10253	11993	14191	12289	825	427	11099	7151	13306	10794	6399	10339
5081	8765	12829	12706	12971	14467	10532	10575	15064	15208	15772	15895	15998	15954	16030	16141	15779
835	10078	397	3487	6316	9692	137	399	798	1642	1659	2773	3832	6293	7739	8184	8365	8729	9321	9713	11172
4384	531	3873	4122	7530
32	308	3043	3884	9860	11411
4191	656	5316
3744	3733	187	481	1116	290	3885	236	186	8917	84	83
6713	1979	684	2413	7419	8906	1392	1805	2341	42	8867	1181	11655	12055	6627	6899
6365	7908	7833	2163
3425	82	3488	5083	3487	6802	552	2802	3594	12205
3792	11603	11382	12536	12033	14240	15004	15387	13568
5360	14343	15077	15552	341	8997	53	2706	13710	13274	15725	15892	1174	7578	11293	8955	13940	14817	4582	4802	15792
3298	2357	10262	12432
1494	12889	1186	4549	10277	1584	1063
6586	4580	8283	8591	7633	14165	13119	13239
4035	9594	856	10277
6526	570	6975	3968	10225	11382	845
1633	1504	1451	11309	6855	701	7356	10159
1655	10586	12791	14378	593	1560	2222	13159	9414	13199	10516	11935	2436	193	838	9030	9453	11297	11994	14404	7303	9108	11140	10054
1769	1294	3781	5994	3537	14923	11975	1738	15059	12825	14649	15364	15249	15363
767	6279	4224	1085	4225	4783
3876	7633	8083	10794	11350	9931	10560
4992	1426	3834	10100	11579	11843	12262	9846	12069	12437	7452	13790	14506	8219	13047	14897	15065	15723	9833	14959	15417	16022
550	14511	14807
1240	308	4431	9215	11315	13610	12519	7556	12693	7533
3971	12753	7171	12108	13683	11805	15059	15723
3924	742	6692	6426	15458	4991	12207	11166	4270	10302	5557	13758	5989
1272	10497	1497	5243	13862	3915	1329	2033	5516	1610	14618	1285	7144	1603	6134	4692	12831	12832	861	1481	6539	12094	798	10868	1330	6871	14928	15803	5947	8151	9338	10696	12835	1085	8365	12833
5530	8344	2685	12606	1151	409	12361
189	10725	11641
4008	7820	4219	16226	1203	13802
1690	14208	289	4564
5651	3929	12670	12748	12679	13682	12806	13500	12621	14328	1170	14476	14473	14807	11427	13457	9543	86	12825	5606	15281	15333	15049	15495	10308	15688	15564	15704	12189	15997	16078	16039
3198	4353	8257	1438
2700	2817	5345	12143
2002	16226	3800	13815
4125	392	9208	15647	861	12365	1327	14449
1048	529	7191	5957
1060	12490	8439	15989	1251	4966
1683	1282	13968	14605	225	2560
1726	1805	9515	1294	4440	9560	4978	1085	1301	10620	11199	5110
2143	3025	5642	12526
1813	6779	7853	22
2570	13250	14985	11180	10049	6717
251	6788	9738	15180	15123
5776	1177	2637	1025	703	6076	4903	591	2019	2100	887	967	2425	4466	1813	2086	5752	856	7226	3623	2905	4450	6280	7339	5882	7083	12598	6963	2306	13765	482	5847	11209	11888	5930	2172	86	14343	14239	15391	12715	15704
4144	3006	2428	951	2374	14462	8659	10865	11939	10341	2684	8311	13846
1620	6270	683	2861	2988	7386	3517	858	194	2707	4349	6927	1332	5609	9338	840	9167	8277	2800	9052	10948	12072	9839	6375	10820	12784	12347	14043	8387	2391	14151	6707	13721	13309	15435	7855	15604	10080	2669
2368	7389	7340
6761	7433	1327	2628	10116	3534	8297	9711	5289
1248	4421	11129	3316	5768
73	2766	6725	8667	511	1482	4026	2874	9790
5089	4439	3502	11989	6292	11778	6487	7828	14315	280	8266
5909	6899	13683	13445	12450	10905	10506	11805	14106	7124	13047	14424	14971	14806	14685	13720	14343	86	6742	12595	15362	15335	15158	14415	13279	10080	15954	16104	15885	16039	15880	16154	16063	15302	5906	16062	16087	16086
3569	6378	8252	12193	8637	9298	12462	1694	520	5682
6873	498	9405	6975
1644	4164	14202	14513	15609
5265	825	14413	5893	8688	304	1054	10622	6562	9317	6480	3454	10466	1338	53
7023	9450	10029	10031	10927	13102	2336
1317	4458	8594	8595	9153	6975	4260	5813	12636	12068	12704	1054	5248	8890	10407	13217	14232	11457	14480	14498
2244	1227	9453	12310
5986	11304	64	209	3227	4665
1792	11218	11427	12821	15175	15228	15265	7303	8802	15335	4618	7753	703	15361	11516	12195	2680	10080	15734	15446	12237	3670	3674	15605	15927	16024	5914	15118
2252	1490	1017	2861	4991	342	1569	11718	361	11459	6977	7012	6469	8163	5345
1703	3943	3940	15459	315	15543	3231	15384	15588	15193	281	11139
3837	15427	2608	14484	1257
4275	885	3949	2395	124	3804	5138	3778	5216
5707	3258	5519	10457
2976	12706	13446	13691	10461	15391
6807	625	1979	194	957	1880	2992	1823	5283	6355	5472	3188	374	11081	10614	13178	13179	13965	4044	8560
5673	12325	13765	14269	12653	13239	14473	10513	13457	14179
2298	10985	11969	477	11888	12411	10594	8620	7389	10785
5141	7577	14511	4055	14487	6043	14808	14923	10963	13721	86	14369	13720	15228	14656	15887	13589	1872	16020	16104	15579	14247	15925	15968	16044	15302	16087	15083	16223	15802	16038
5623	9831	8042	12759	13905	15128
5547	3250	10589	8935	3043
1853	1728	7633	2615	15244	11950
2004	871	691	5808	7194	38	8933	9738	10668	11843	12347	12747	12806	13969	10513	14769	15037	15077	14958	15443	10080	15446	8955	15982
6552	5329	3376	12467	5089
3849	8314	7241	14218	13738	13720
4130	2218	6975	10827	4582	10656	14515
2425	2575	9026	4754
6605	9816	11722	12751
2489	6999	4191	9644	12378
2812	519	143	856	7073	7077	7489	8513	8245
3469	15402	3101	4757
2056	5158	1338	5294	8698	13906	7644	2782	2929	3570	4310
2853	7553	8372	13134	672	2436	9185
2312	7189	12829	13815	13448	13684	14165	10057	11805	13722	15997	15366	15719	14976	16078
6784	685	10740	14067
6966	15	6861	5361	378	2152	3748
1236	10003	7151
5125	2225	13450	11559	314	5322	6499	7604	10946	13083	13555	14658	6206	6888	14108	14716	75	11034	14806
5833	2020	2287	12792	10700	6140	8296	1836	8310
1797	1111	2386	11751	7875
447	13765	12806	14218	319	5445	13738	14784	10511	14806	13729	7553	15059	86	15158	15159	15688	8316	2680	15363	15446	13430	3410	16065	15448	16022	16202	16111	4024
281	1425	1953	4665	7432
3353	114	477	705	9338	7530	7231
2092	12549	12505	18	2490	2131
5524	316	3848	2166	2179	2116	11346	12927	10038
5741	8032	10752	1541	7241	7723	9655
4357	5256	4924	7815	1008	2905	5505	11777	13161	14036	10346
2865	8617	5756	12456	5490	13997	3850	4606	15706
833	13651	3102	6846
4213	1151	2766	10225	10325	3656	12751	4582	10513	10575	6228	11950	14834	14654
1290	2225	2148	1793	6712	14609	7220
1890	12490	13119	12535
6088	12990	13684	14476	86	14575	15552	15892	15836
821	7260	7259	1918	14548
3403	3480	2642	4846	2816	4359	2247	2861	2282	11723	12806	14033	10839	4853	7247	5451	2181	14440	4838	4857	2800	13793	7763	12821	13896	86	13164	530	15347	15227	13320	14212	16064	15702	15541
1706	14640	10460	10532	15076
2203	9405	11054	3043	6975	13450	10948	12621	14508	15077
532	4191	2701	3729	1355	3497	6369	6831	3278	8486	9166	5342	11271	430	11971	15055	8440	8808	11916	14217
5043	5691	13815	13239	13307	16146
6571	11744	14769	15495	3604	15997
1007	2282	9053	11280	12495	12829	13712	14731	11805	15597
915	1365	3407	5375	7090	8870	10192	13326
3282	9159	9648	11432	308	10557	7228	54
1023	7705	12751	12736	8935	13604	12967	14232	12806	10057	14139	86	14497	4687
384	2722	3660	835	1227	2092	10988
1552	5493	7213	7853	9319	6616	14957	364	3344	4134	6131	4795
2837	8368	10946	725	13731	13119
1711	11346	12069	12752	11299	14269
545	1919	3004	3910	2327
3729	15108	15204	15100	15736	14237	15725	15971	10701	14976	13272	12834	16023	2922	15852	15778
6280	918	3788	5113	817	297	361	2861	4666	4131	11641	9622	10344
4697	8362	7516	8739	12211	5699
4370	3473	5517	7189	13574	15075	7042	10872	12368	15558	2882
4498	7942	14532	6252	14074	14868	9672	1342
6359	11071	13652	14384	9085	13214	14624	14709	15383
906	7392	12	3421	993	5172	12310	2723	6621	10512	111	15601	6842	14546	3153	4600	4638	7872	9659	10551	14424	3098	14600	8365	9302	10910	13033
1660	13352	7389	672	2356	7514	6796
4537	531	10	1940	302	3837	2861	296	5790	1465	12802	5277	13655	12806	13720	15793	15997	16145
2027	4614	378	3465	12784	12740	2989
1784	681	774	1011	4774	5672	14660	3404	14186	15085	6785	6786	15556	7308	7049	8403	11197
823	6739	6733	8323	8332	9069	7285	9043	3604	6848	7220	8268	10830	12294
3049	11238	6185	9266	12833	12832	1212	11863	13689	10057	13817	14655	13307	314	5319	10575	406	8083	4191	7106	9789	10968	86	10488	9304	6963	13117	13911	15892	15777	4462	15637	9288	15982
3176	817	877	314	45	1118	359	703	297	2173	596	1540	2500	1513	323	2079	2558	2082	120	9338	962	4232	1586	4675	4132	6721	3087	8076	9044	1548	9469
893	7312	719	2695
4828	2474	10243	9279	13196	8889
5519	593	6247	8698	9498	771	8890	433	981	3697	5868	6195	6200	6477	7362	38	2929	7358	13396	9886	828	9043	6196	13295	6284	3692	13298	4065	560	9560	364
5765	5447	8389	7767	10349	3760	4305	6726	3187	1357	15799
1177	9661	2593	11137	304	2490	1152
3478	4756	1053	4311	708	3851	5526	9075	9785	13528	952	4348	5970	6334	1221	4095	11470
496	6667	827	8837	2133	10722	3656	12441	14210	14056	15037	1120	13666	3163
708	9756	13452	8592	12959	13119	14265	8934	6441	14165	9560	15104	14653	14800	8764	13430	15734	15722	15748	15954	15933	7756	16039	16141	16148	16006
430	4269	7028	1897	2080	5133
2505	10892	12829	12346	14929	8141
1840	4051	591	1459	5843	8041	11857	2716	12342	6375	1	10456	9756	12060	1810	11963	14009	10634	10802	14335	2833	12549	9719	14809	14558	15094	15003	14404	14906	14690	15725	9996	4662	15605	13940	2540	3103	14000	16058	15880	2846
1931	194	1749	6022	3749	3748	12690
3903	647	3929	2283	3266	10832	508	569	9495	9837	1749	9742	12135	2552	313	1204	7412	14605	3518	6396	6614	10169
4943	1556	4716	6064	5903
5628	3043	12748	11354	12887	13731	12287	12959	3949	12657	14503	4582	11776	10460	10532	15228	15412	15159	15594	9064	15836	2669	15532	13940
1270	4400	10985	9823	10383	12087	10352	6741	5947
3119	2148	6901	13284	7995	1789	12914	2943	6316	8365	8387	12016	4195	8552
5449	15984	3119	1066	7848	9790
7071	12169	1901	1716
2823	3796	11364	7161	187	1695	10856	6280	2355	14604	938	6490	5900	13210	15573
2410	2273	11035	8981	2041	14042
5053	12006	3148	13624	8042
3125	668	9763	11884	15055	15154	766	13638	649
223	4130	5845	8618	3442	4097	5419	1343	8255	602	5153
2066	8072	5780	7239
1183	290	9675	5933	4758	9271	5279	12760	2485	3407	5398	13393	1174	913	4026	334
3020	56	6162	5947	13920
5397	6099	1209	8284	9338	7580	10426
2545	4773	2045	10478
3505	7681	4992	9384	12621	323	3442	4587	1334	11067	14178	10971	12674	971	4837	6075
6159	5967	6707	2206	7530
5857	304	12950	2895	11082	7865	3050	2960	1235	7640	3502	14639	5422	10647	13874	636	11093	8163	672	9304	10487	13749	13576	3303	14742	15285	15167	7629
4431	6836	9302	3449	11571
3378	635	240	74	369
5228	2152	1186	1199	8752
2826	8124	12279	12829	8644	8841	13184	12806	13932	14424	15037	14343	12825	15362	15391	14851	15108	15204	15443	14857	13430	15569
1705	12598	12829	13815	13239
4200	8677	4219	8042	9603	13461
4610	8083	12072	12071	12829	13232	14684	15123	15275
2720	737	2218	2227	5794	976	3804	1292	6110	2899	1732	935	1847	7397	3559	6654	6038	6963	10253	2407	3382	7396	9596	13247	8865
6007	302	552	7977	8578	12624	2676	2922	8666	9043	10030	1141	7074	6599	7269	6439	7170	11948	14165	8351	11112	9757	4834	4316
1559	13499	11020	800	4487	5125	8218	8609	9410	10302	10338	2773	3096	5258	7213	9883	13070
808	1309	2263	2349	3465	4074	4125	4127	4921	5144	6537	6945	9806	13578	5158	1253	6583
4187	4219	4861	1766	12431
4994	2628	826	5933	14165	10520	13457
5464	2424	3331	2552	1972	3044	976	529	6684	8066	5790
2751	14016	8976
1096	715	1661	2895	1159	6266	7778	1816	8221	8848	8628	8982	8983	825	11286	10857	6323	10168	405	3051	3904	11784	12201	12203	1779	1394	6442	13998	12972	15848	13030
3263	2225	6019	2041	4595	5238	8124	10984	4618	1838	8620	7271	3756	8591	13239	8967	4438	14268	11985	2386	2712	15054
4578	8186	10890	12135	5941	14153	13033	2865	12626	13280
3396	12802	13965	14443	12041	7706	3552
2152	1516	7392	5906	8654	455	1617	2102	3075	3609	6641	7155	13982	14053	3852	10324	13654	11531	14266	3203	8718
5501	3464	617	5562	10014
3030	2008	3011	2300	8619	7293	11914	12829	11847	8097	12740	11185	11805	14808	14923	14127	15599
4856	859	1470	3199	1195	3273	4699
4942	5166	6529	11865	12166	4621
428	2628	7454
83	721	2531	703	3522	529	5363	1198	3696	2859	647
979	2063	8430	12976
583	5937	11261	1264	1170	2575	4546	5162	9392	3096	7700	9360	13236	9577	10404	4834	8608	10520	18	3965	4866	10398
5431	12752	10257	617	10872	3232	13651	2989	12657	14009	13969	14219	13108	13942	5948	10532	14593	2669	8955	15632	16087
211	8998	11459	7858	4739	4516
415	6547	7530	7379	12749	12598	12750	12146	12670	12060	14335	14333	12599	11301	14696
6929	5540	10668	11280	11439	12959	2500	12739	9317
6659	13817	13284	40
1463	363	364	835	1329	3202	4587	6316	6523	10650	11361	13582	1654	6233	14769	57	2823	4054	11710	13783	6123	6231
3221	2919	3325	981	6357	10036	6916	9253	13034	4141	3539	9144
3522	2098	2332	2791	3415	3807	4387	4269	7242	68	3902
1676	1711	10903	11856	9846	12332	11526	12971	8097	7598	13604	13119	14653	7814	14106	10513	14807	15059	15037	15057	15324	15449	13430	15524	13568	15997	15999	15954	16039	16178
1554	2577	5472	8003
2257	672	304	2135	1342	2628
4319	4382	6563	9391	15887
4234	14769	3497	14370	12885	7999	9671	14981	4903	8553	9695	13348	8554	3024	15689	15100	15345	13568	10079	10468	15563	15793	10166	15519	8151	16141	15968	16024	5920	16061	14608
3574	10456	11414	1461	8083	5076	5232	531	831	9439	363	12501	763	5792	1590
1771	11883	14317	15241
4753	2008	2816	2282	2362	891	2045	1932	6126	2143	2295	8469	8839	1807	9302	5239	11066	1827	9818	1662	14145	7598	13775	11787	8910	10989	11128	1926	9840	12918	14349	8486	5202	8168	3402	323	14039	2684	6488	10601	14936
2120	9194	4863	5968	7530	8101	2523	2849	5059	7369	8410
2237	10622	672	8163	6562
3520	3011	4142	4030	6788	9967	10945	11301	10256	12186	12614	12769	5517	12786	8395	12130	12983	14321
2343	364	14817	5668	12534	14938	395	958	15732	8613	10021	12321	887	11654	4067	6205	1789	1898	3588	3935	5111	5375	9604	10898	11459	13320	14954
6678	3925	7237	9072	12985
383	13320	2363	1962	13851	14026	14856	25
4018	4078	7174	8933	11637	1924	9810
1898	7553	6732	8376	11637	205	12069	13274	8592	14437	15345	15531
6154	1108	3685	11741	6178	6811	5649	9857	6857	8644	8468	8792	9678	9006	9765	10690	12897	12771	7586	7616	14390	8934	6008	2451	86	5426	14656	15530	14854	14120	15787	3938	1226	1294	5869	9614
4416	14923	14769	13721	4188	9705	14047	14597
6308	3011	1569	7614
3523	6050	5569	7443	1448	7067	9013	1321	12122	8643	6150	1420	14341	8447	8440	12115	14952	12656	120	15887	3537	9903	13197	3215	15804	6728
4739	3653	7799	8171	13807	8835	3339	14922	5461	12868	602	8608
7092	2801	15392	15483	8015	9304	4440	12501	15982
3435	10947	12829	8477
1727	856	8888	4551	5181	10440	2181	4838	5353	8125	8677	9037	10005
2283	10393	7924	7639	14559	13720	11427	1988	15037	6771	5338	12628	15281	1136	8309	15152	12434	14375	14958	15495	15472	14961	15365	5274	7828	7756	15861	16045
3634	2041	1532	2079	3083	3095	5146	14165	7466
6423	9668	4803	9069	2045	10405	6498	8355	987	5024	5764	7458	2615	15711	3985	856	8143	8477	3449	5855	6970	9182	8796
2796	3398	13463
5380	1938	440	1004	516	1846	1897	5226	3254	4464	5636	9059	12753
7073	933	8789	12755	13626
1944	4598	408
2910	8014	3532	11842	6993	1637	2945	7892	981	12519	5202	940
3390	1537	2615	4953	7551	7066	5202	6428	1091	2920	5990	6232	4992	11551	10456	6897	6899	7516	8242	12634	13294	248	2706	4599	10523
2936	9218	12598	12068	12704	11622	14414	13689	11157	14498	14509	14424	14854	15064	15392	16020	16002
324	1896	2347	7150
1910	2656	5927	6626	5492	8594	8595	2318	9098	11381	2314	13683	11457	12671	14440	14983	13430
4109	6857	2206	7502	2270	3609	7078	8968	230	691	75	1279	7871	8912	13258	12333	13078	5463	8926	11427	11428	13296	2102	2881	45	334	1639	3118	4267	7808	8219	10202	10415	13851	6810	13966
920	7202	9828	11734	12533	4828	13445	14269	14387	13679	8142	11301	11416	15391	5270	13430	15837
670	254	557	499	759	160	603	600	797	385	386	258	128	260	336	337	988	5214	530	4644	1835	9679	10234	11354
5138	5593	6888	3827	9742	12377	7578	13179	3948	964	1240	2341	3104	12188
3552	14809	86	14675	15894	2737	15927
1334	8445	3148	12180	1964
4797	48	1574	2698	2346	12771	11844	12266	12437	11622	13731	13773	14327	15059	13679	14276	15396	15278	15530	15542
5864	6389	814	7144	11209	870	5055
3145	7578	9419	4437	4845
3395	3184	6637	10327	12521
2137	4880	9059	11724	1027	3517	12802	12771	12376	13160	13838	2523	10909	3112	12037	13047	14973
6374	2187	7530	2632	4558	6231	8982	8984
5773	1170	12598	14218	10057	11805	14139	12821	14575	8538	15497	15530	12195	15772	15998	7020	16044
6832	7778	6630	3098	6664	9298	780	5472	9790	4593	5660	5609	13827	9111	2943	12519	9506	11139
5439	4758	5626	5801	9948	14643
2104	7522	8524	4387	13994	11034
4656	4428	496	2531	6033	3983	11844
2622	12533	9059	6397	11147
6597	1702	5988	6096
313	3340	370	1620	8170	3808	7419
6405	3494	4221	4522	6963	7017	7982
5862	10903	9411	13764	13655	14242	15445	8953
6141	2479	2477	8826	7486	1359	6876	1737	1920	199	6101	5364	7213	8286	393	6348	5903	1716	1720	335	9537	9367	5159	8279	5167	524	3612	2412	6095	5422	9623	1678	6079
45	7928	4722
255	302	1268	4096	6573	7452	11150	14575	11093	11854	13770	14441	13907
170	1469	7083	511	421	4276	5554	9927	15535
4334	2490	7723	4147	13876
6241	12124	593
1656	15864	3306	8448	12480	9008	41	7954	13153	14104	2557
1844	11692	14506	6576	13272	1956	7177
5308	856	3837	4124	7227	10160	13676	1186	5702	9930	1589	10927	7369
3860	3658	967	2051	7073	9026	7228	9549	2400	2515	4437	2215	13415	5866	8134	5684	4422	8875	3163	4228	6418
4485	5596	1003	9640	12067	8578	10066	1445	5455	9668	12473	7497	443	5697	7064	3104	6069	4158	6162	952	10779	13320	13065	248	4110	8057	9642	14536	14580	13914	11218	1077	3650	13141	13626	2490	467	8467	10040	11816	12732
7000	15064	15066	15366	3052	15828
1037	9938	5472	7692	1174	2127
1063	235	10984	180
2903	464	5130	9338	8034	8767	3929	8067	3374	2531	5075	8763	4926	11280	8376	11526	6808	12495	12102	12703	8395	15060	14769	14180	15077	15091	14065	15971	16104	15579	16063
2391	2209	529	6386	87	2628
1437	2586	3016	15444	15772	15706	16141	14681	15925	16064
6074	11122	3692	7485	2167	11151	3465	8841	3294	11022	1642	13913	4581	2542	12975	2361
1976	2480	8376	12749	12429	12769	12829	2359	8780	12152	12697	14124	14219	14291	12596	14269	14327	13239	14165	13457	14613	12825	14276	15066	15715	9626	15365	15521	15065	15928	16145	16148	16111	16167
1829	141	6497	4542	9750	1324	15361	15506	10992	14021	7848
6808	15954	15367	15728	15960	15579	15605	15521	16101	15788	15909	15873	16146	14919	15791	16116	15823	11034	15302	15880	16154	16192	15877	15903	16088	15757	991	16246	15654	16230	16224	16228	16203	16237	15713	16166	16218	15176	16031	16053
478	14854	14807	14806	13457	13274	86	14575	15578	15420	15159	15723	2680	13430	15892	15887	16000	15637	15448	13272	15861	15377	15882	7822	16201	15962	16008	16074	16149
3667	152	1503	8691	2581	14218	3619	3964
283	53	1314	929	274	610	926	386	194	2846	856	1068	465	703	5472	6149	1812	7294	2386	2575	10338
6218	10252	14735	5290	13480
288	10679	7024	13433	14655	13073	15057	6858	15600	15603	11516	15199	15533
3292	4461	7519	11510	13621	7512	10591	11835	302	10328	10302	6261
5411	12284	3254	6003	6027	6377	6558
152	418	1161	1824	1469	4711	13400	68	12104	2681	12167	179	9681
2785	13043	9783	11622	5930	13228	13448	5294	13557	13901	14257	11798	337	3119	15361	12103	15026	2712	1585	3587	6926	6064	11830	12336	16023
2697	2102	11088	856	859	11790
3130	5498	2791	5786	2701
3046	9059	9448	11439	6375	13199	11963	14693
3351	13239	14769	15578
4201	1467	6917	15489	14315	2680	4124	2187	12918	5614	7228	9515	5248	7525	16138
6920	281	3181	4269	2819	9613	12069	13239	11471	10731
437	5943	6790	10216	1294	4542	7125	10980	11831	9589	12591	6	5142	8811
1789	10511	11242	14806	13553	14543	6870	15603	14903	15707	15887	15060	15804	15637
3174	461	7000
1476	639	4926	1743	3092	7081	7079	3901	6569	1469	1027	5873	9216	133	10857	8444	12853	14907	481	8477	12346	14169	4825
5268	3079	2341	12985	14772	13893	14288	15129
2679	6127	3622	10088	3759	3829	7868	12685
5143	3465	5133	6832	7553	8131	10201
5344	3323	3545	6853	5674	15410	2512
1687	825	10575	3958	13307	15159	15443	15658	15723	15706	15777
6025	8576	9176	9175	11090	12646	15237	1294	4669	10601	829
3746	3443	9100	10226	11115	12347	10656	14259	15175	9546	15385	15837	16065
6651	153	534	12358	13731	13119	12463	13239	11157	14165	15422	15275	15178
4497	9398	193	14439
6522	304	970	6218	1055	1266	364	3196	366	363	7367	5711	7085	6947	5040	28	3465	5915	3756	6899	2311	12438	3100	4522
2029	6547	9098	12927	12971	13814	12667	13764	14218	12657	13875	15345
660	1973	10019	10421	6216	12999	3608	14906
5684	1846	7689	10450	10981	12752	10966	11348	5505	10713	86	10513
3788	1176	3526	527	304	752	6003	10169	136	7516	1085	1743	2733	9465	8199	1170	13097	14165	12701	8771	10513	13832	10080	15446	15894	1863	11214	1246
6662	3929	12856	11375	13219
6279	327	3894	2433	5881	2386	8801	5133	4968	11681	11457	14241	10372	11805	12932	13566	15347	15686	15895	15676	16018	14212	16064	16006	15702
3261	8447	15468	15376	15664	15607	15570	15263	15340	15666	15379	15805	15372	15708	15400	13013	15328	11879
6676	11315	13429	14914
974	3254	11573	12456	12753	12829	12927	14349	13239	13457	10575	4251	16018	15878
5377	6022	8096	5385	5324	12834
6846	2481	6316	7516	5953	12149
5769	197	364	11891	12695	4082	11711
1883	1542	4857	12704	9757	13110	10461	10511	3760	13633	86	2790	9272	1085	4592	1301	6870	5947	10208	13920	9064	15894	15895	15927
1590	1107	9338	6173	12332	12495	11928	2477	12011	14503	12965	10513	10460	14769	12740	14343	13141	14575	15465	15389	4296	15662	15689	15707	4836	15772	15804	15782	15757	15915
4400	6334	7293
5835	4378	6030	9402
3982	597	432	4844	1418	2321	4437	7633	11008	3946
1094	4792	2670	5254	2554	2583	5768	12829
4254	591	2211	3626	5888	4425
7063	11411	14443
4912	96	2341	1240	7980	4097	10905
1709	2147	10340	3251	1259	9616	6480	230	547
6965	2482	53	1956
5205	13650	86	15603	15361	8955
5066	7810	15170	12340	11246
4677	12418	8500	13156
6128	8356	12598	11347	12306	4745	6038	1219	4632	4522	13119	6476	14184	9458	7	12825	14598	15158	15900	14760	5253	15521
3894	648	443	7750	856	2353
694	872	5989	1215	6762	13278	15539
2947	12332	12749	11641	11844	12769	13815	7827	13683	13655	13445	13623	14440	14480	13307	13239	14653	15043	15059	15173	9059	15362	15077	15291	15347	15691	10557	15658	15363	15793	15835	15067	15366	9642	14212	15422	15872	15933	15925	15867	15869	15232
4097	7553	2010	9897	15132	12525	13295
3381	13684	14480	10657
4622	2051	2946	13065	15352	15576	10303
4340	110	671	2041	6811	5925	5514	14026	14241	6439	8935	10532	10575	14424	13720	14592	15191	15704	2669
4436	1195	4279	4758	9712	10866	11690	13481	14747	940	1137	8808	4579	12243	1068	9676	1793	2531	756	1239	4424	7794	15085	3552	13296	14047
4528	957	3732	5769	5146	6631	7191	9621	8224	10115	11641	12598	10075	13837	8055	14984	14906	15444	15894	16002	15448	15702	12672	9604	2773
2972	1725	2010	6289	2861	1330
4460	783	2490	4076	1528	3696	11017	129	347	583	602	1656	2021	7040	8066
4315	7469	14510	14150	15619	15226	16000	15087	15579	15302
6469	11666	4244	10618	11858	13628
6848	13839	12206	6544	12469	9775	10719
5028	3929	10909	14333	12982
1810	12429	11238	14218	12599	11805	15208	355
6588	2900	11066	4755	13720	2341	14667	6679	1459	14522
6745	361	5292	2641	8772	11021
536	6720	10355	3857	5379	12752	3827	8654	2490	3961	5375	8040	1054	6448	10027	4582	11975	8608	2351	14769	15364	14168	15387	15167	15524	15604	15900	15889	15365	15927	15082	15755	16176	16202	13510
115	5667	2777	2615	441	13331	3006	8066	2187	4676	12850
2311	56	304	1199	3465	4378	5523	6078	7578	9865	11385	12659	15111	552
6408	502	3591	14733	1716
3992	1823	268	601	4440	497	8322	3857	9670	12437	2989	15043	7104	15248	13305	16020	15872	15870
6921	3510	511	304	340	5714	9665	1250	10942	14581
3850	5460	4365	3409	3527	7718
6634	8490	3670	4480
1772	6949	6155	10465	8183	10059	3137
493	2490	6383	1307	10913	12421	12735	13102	13551	13684	12347	13679	5472	14265	7949	16095
6078	3542	7355	1054	8957	10291	719	10567	5323	8483	8625	1836	2351	10603	11010	2024
6333	15093	15123	15403	15208	15248	14983	15508	15714	12208	15446	15998	15365	15996	16020	15521	16039	16023
3366	15004	4415	4863	8679	13655	2023
3486	2693	10029	10031	8194	13651	13081	14333
5577	9742	2250
562	6415	5378	4858	8319	12526	14095
5478	8300	14340	11939	11209
6339	8226	8584	14397	14990	12116
745	1821	1167	1530	926	4423	1127
6978	1871	2185	11402
2556	7276	6187	4753	9396	10826	5604	6999
5375	1266	316	765	2338	59	856	1127	2503	2638	764	6031	5685	2169	1023	6973	3829	11825	5208	10092	2233	13651	3948
6980	9165	14542	1076	12149
2172	5341	4582	7598	7365	1227	3497	12409	3008	2041
1793	364	13234	15964	856	3602	3828	5243	7433
3805	7751	4134	4049	4821
995	120	7452	7453	856	9943	7057	796	12560	12029
3687	1933	2384	10399	12223
6331	9638	10945	8065	12196	7827	13728	11021	13264	10163	14130	13073	12825	15244	302	15599	15518	12208	15539
4604	13078	8354	13811	7834
6461	5991	14608	8067	13271	13555
3079	13433	14335	6208	7072	719
3456	1184	3869	6033	48	4124	926	4519	289
6958	2148	7106	14553	1660	13192	13812
2423	12285	570	1904	4599	14014	11772	14480	314	1137	5699	14962	11666	1013	4072	1484
707	10093	12829	304	6072	11172	11696	12746	13765	12806	13561	15467	7452	3384	15062	13255
5412	438	1444
1863	6058	4109	5613	7933	9099	6293	11848	16217
6971	825	11372	3668	13995
729	1740	2224	4548	6768	14176	5750	7778	8456	12205
10	1384	9831	10947	7797	11791	9411	5691	10667	14124	12739	10655	15121	14796	15335	15688
2157	230	7530	8218	11370	4188	8146
6985	10945	14258	14259	86	9671	14120
6729	5583	12149	13235	13652	14029	7308	9026	10700	15269	10607
6888	2973	7634	4765	2920	11734	13353	12824	529	2784
2946	10667	9938	30	11107	8471	5537
2462	8125	8568	11971	12025	12026	3488	227	858	1284	10750	607	4326	8713	5195	4669
634	6509	6713	8455	9811
4613	9107	11791	11857	3656	12580	12706	12786	11629	12959	13684	14467	14661	15076	12825	8764	15449	15443	13568	15704	15658	15367
2416	12104	6334	12481	5480	8810	13323	46	12661	5113	5492	4661	14244	14129	4478	13485	1425	7662
393	515	3398	3209	1075	1697	5246	2041	689	5118	5159	2341	2490	851	735	2552	3181	4407	1896	9967	7174	11083	1035	11361
1822	1285	9760	59
5369	498	1030	12748	11930	7819	11724	5287	13684	14407	8454	5947	14522	15563	363
987	6308	10226	10474	12829	15756	15025	15557
4132	6433	1085
4516	4794	12786	13217	13684	10836	11629	12623	12671	10905	14106	11805	14777	10575	14276	14806	15076	13720	14897	86	15077	15159	15578	8764	15472	2680	15954	15623
6533	348	7631	12302
5032	9341	7748	15641	15516
2390	3384	7271	7526	236	5125	8188	949	338	6741	1490	110	14952	3536	390	1052	7624	386	385	587
629	12769	11411	3567	12673	9756	7827	13731	13678	14026	14265	10731	14897	15043	15495	8953	9064
7062	15364	15064	15191	15347	2712	15892	15887	14681	14247	16064
5134	516	10801	9831	10075	12056	10079	7024	14806	10655	8855	10659	15361	8943	14960	14961	15339
4481	14008	1122	11790
6725	9672	12598	14331	13727	14686
4521	8912	12182	964	5420	6754
3333	3480	2501	304
5902	3323	5491	6552	813
6858	8821	4719	6382	11669	4874	6993
891	7506	1822	4476	5998
3100	7648	1055	10029	814	2386
6121	3301	6869	1712	10337	5112	5508	4416	12765	15494
3075	4037	4450	5099	14755
7012	197	1439	8466
946	6357	10946	11724	12413	10297	10513	13721	15345
3945	10576	8365	10079	15387	12971	371	1774	2273	10699	10867	9826
5550	593	7036	53
4929	13765	10656	15362	15100	15345	15723
4580	5103	12618	4054	2326
4870	10945	11411	13678	13679	14218	14440	14443	14559	11579
5373	10165	12977	10591	12614	4159	53	13446	13198	12352	14328	8592	10575	15058	14318	3202	11977	15444	5913	14656	6283	12669	15835	14247	13538	14000
7087	5209	5624	5625	11206	13080	9903	1204	1749	3576	13886	11214	735	6585	14679	1362	3492	9630	10504
468	2029	6307	4923	11533	2681	9635	4711	9817	13241	14391	4064	14787	15760
3932	9501	12141	12248	2854	6689	4248	6112	12151	13124	15750	1428	1429	2025	3631	3808	4906	7425	8402	13274	14772	3295	5135	10384
2688	10516	12150	9707	12222	9051	10553	15133	12439	13126	4460	5619	6399	10367	13382	14952	5300	2865	11430	12578
593	3384	8467	2534	10823	12319	7777	9591	10103	4758	9748	12905
2238	2173	740	1463	4749	2479	12069
7065	116	11849	12548	12598	13119	10575	15228	14149
6948	1211	4304	7079	10748	7094	13601	1066	7530	11984	13002	4650
5240	13321	13119	13500	13108	11776
4913	7791	5263	8454
4428	12670	14330	11975	15059	15892
1182	6441	5678	7067
1903	15	3201	6355	9107	13764	13433	8485	10057	12440	15308	15496	14728
573	12556	14137	11737	511	11863
5911	5116	12669	14289	154
3811	551	531	2832	3900	10690	6840	6173
1396	9549	5861	1171	4197	7606	10716
4800	12829	5480	6808	12706	12885	13329	10986	13433	14663	14509	14498	10460	13720	86	14800	14682	15004	15391	14958	6870	14935	15449	14767	2680	15895	15793	15367	13272
6856	527	1973	5987	5384	6363	3167	11922	758	6976	1464	2184	3283	3718
3985	7228	8112	2313	9637	10668	11910	12349	10254	10050	12971
4451	8607	6680	8437	3249	11275
3908	2407	5269	2976	13627	4398	9549	13788	5450	12667	13787	14754	825	5486	5957	9037	7834	9856	10302	10687	11166	12264	14934	15900	15448
6913	9947	9226	1711	9700	6043	8529	4883	9218
6512	14241	13239	14257	10511	14165	15483	15365	15999
5030	7843	12743	4992	15637	15998	9304	15823	3858	11481
6411	1940	2363	5611	681	2748	10308	12890
6998	11781	1137	1641	7248	9591	11666
4702	5472	3808	5699	12988	9026	9027
2942	10903	11791	12596	12535	9756	10902	9107	12653	15484
5581	9229	12363	7458	56	219	353	1137	7860	10584	11294	14749	14963	14800	6998	2524	9954	10052
6377	313	511	901	3424	3425	4794	5731	6019	6430	8688	10001	10076	14413	790
653	2550	3089	4703	9988	10560	10768	2256	8221	6144	511	1294
7043	4353	10490	11286	13273	13820	14912	8978	9255	9505	11489	3384	7106	1301	10895	10029	8137	12436	5086
3940	3808	4388	79	2189	2978	6216	2144	4522	8912	1917	4101	11721	1309	5294	4033	9752	652	6350	7064	30	8978	3658	8851	744	180	4109
1405	2213	135	1141	3051	5166	10626	12144
2504	12764	11918	9685	15773	9202	15054
6099	856	2011	7138	4814	8481	771	2244	7187	474	266	11961	3041	3938	2490	5029
6744	3821	6846	205	2177	11091	442
306	7816	6262	10419	6670	10868	13505	9991	4147
7131	2417	2973	3893	8105	12707	3748	3809	4772	924	3561	2812	9333	14952	2210	8148	12141
5958	3058	2006	1495	590	945	7568	3606	6357	5986	4932	9530	3715	12152	9781	7865	14026	4382	4362
4084	10545	5668	9969
6859	6173	3540	3403	6958
7035	2642	141	3623
4195	8376	9839	12541	15037	15723
5283	2311	1462	3570	7942	10226	2092	12069	12829	646	12935	8402	12599	10461	2034	11776	13721	13954	14972	14906	15275	15052	15848	15734	10423	15579	14946	16154	9645	15859	16192	15823	15828	16176	15807	15730	16225	16166	15713	16253
3833	4791	9059	1469	11377	358	8001
2891	8795	4396	14300	13245	1816	9814
637	681	885	2414	12196	15085	15335	15123
3745	119	289	10001	3552	6976
3482	86	14239	15691	14718	15514	16065	15579	16104	15871	15872	15956
3506	569	593	1305	3041	3215	5090	4618	5890	1058	9256
1292	12679	8634	1403	11622	4776	10590	14210	13748	14127	14854	13875	13966	14423	10461	15038	12339	86	13239	15093	15578	696	15275	15749	15444	15868	14007	15446
2016	954	2267	9928	15044	701	1692	8985
4723	9059	4244	10955	9734	15236	10838	1821	12875
5301	13552	13119	13683	14575	15551	15552
2572	5936	13651	8562	14923	86	5253	15226	11953
4090	511	12777	1498	5520
1472	2548	1863	7298	11833	13828
3901	3195	4078	1699	3819
5962	2008	580	589	10431	3491	12245
4541	2144	4317	7700	1896	7339	4701	2031
6499	9692	5691	13917	13906	12806	14328	14511	289	11975	13650	15066	15284	11307	15894	11228	9626	15997	12189	8955	15514	16146	16039	16184	16185	16048	16076	16153
1528	10729	6302	11585	1310	5125	6859	6043	1445	2460	6834	3828	7514
1332	1704	2271	3956	4275	27	10210
4884	7791	6196	3139	7578	3025	9951	6829	13078	598	1611	3808	6943	7906	12131	13962	4190	2477	14636	5726	11945	7522	14479	15415	2632	6231	8447	8963
676	10764	1137	12475
4562	8689	7963	2211	4558	4398	9123	1647	11151	1227	2621	3858	6901	355	1794
5548	12069	3986	12769	839	945	13878	14192	733	13935	11805	13457	15076	13896	5855	5827	10409	7628	14467	15530	15564	15308	15524	10639	16102	16045	16162	15861	15878	15880	15788	16185	16057	14302	16108
4589	6430	501	10116
3215	2299	6620	1516	6935	4440	6125	1705	11459	3733	7465	15495	12514	15777	15579	16101	8808	16162
2305	11377	8454	14072	3670	7101	6692
4635	9677	1078	2267	5873	8132	5441	1480	10074	15521	12975	7589	15695	15970
6323	831	10169	12186	14971	13457	9754
2866	11371	5297	2802
2377	4244	5295
4250	2349	1790	8225	10565	9700	10833	12749	14331	12771	14686	15347	15658	15604	15954	16030
2483	409	1248	3003	11969	6214	12598	8097	13132	14557	13683	14329	10902	14327	13720	9391	86	14168	15801	14815
1249	703	1117	8250	12876
1469	397	2795	2728	1181	2584	2347	5645	3766	9098	12315	13721	12825
2163	4789	409	5640	7965	9045	7514	3351	10143	9488	3536	8387	10413	2147	1344	353	3303	4672	11535	9531	3728	11809
2922	9919	3113	11917	64	468	966	3324	10798	14915	14971
6442	9059	8124	11638	12358	11524	9991	12829
1602	538	8822	14904	7271
5246	6028	12154	14655	10145
6373	2560	9904	6472	10440	7227	10779
3847	3050	8666	5209	7735	10293	6497	11550
168	4687	3439	8189	11825	6960
2363	6247	6871	593	10962	10914
6959	6	11718
4049	14387	11812	12965	13720	14854	12825	14343	11950	15159	4228	8223	8266	13462	8085
3022	685	5343	12519	10001	4686	11358	5472
2618	1294	7828	6963	11636	3329	2680	2154	10671	11164	5962	13595	5111	11895	7403	13	13416	15321	15469	15459	1070	15270	15634	7514
6868	3829	8779	10964	1212	5810	9368	14057	120	703	2922	6092	6569
7022	7068	9712	11585	338	2786	13652	14201	5071
4573	8470	13097
1470	3884	6111	12167	12377	13494	29	1637	15375	15892
6733	10542	15535	10290
3702	2691	9576	5107	10542
3239	7384	382	1210	1516	3067	3342	4193	4871	5969	7302	7552	8610	9091	12626	13750
4671	777	2520	2627	4357	1647	681	6857	4940	3811	7630	3869	8935	6967	7072	6787	15334	2468	2080	15480	1492	3119
1877	318	739	627	2045	6367	1625	6614
2880	1962	2840	593	2257	3043	1224	7828
1009	4644	4348	10218	10763	14891	3422	5957	8078	9468
6642	10461	8691	13663	14971	86	9671	2531	2831	7995	15158	15308	11516	15848	9422	15682	15626	15533	15971	16101	14976	16162	16154	8926	9155	16184	16023	16088	14920	16027	15670	16224	16225	1516	8674	15823
6458	3706	2145	8898	1094	7228	13139	14492	6797	4714	15182	4587	5289	8110	9445
5324	4919	5502	7781	48	3045	3830	6914	12873	29	14416	1249	10275	10914	11080	15364	1263	5879	12911	45	4451	6525	10290	14612	1170	3148	4508
3197	5906	9957	8158	5517	7944	9493	9205	12088	14264	8198
3603	1425	3628	7640
3002	3556	8511	4660	2341	5099	3517	5786	3805	1062	7685	10694	2653	14241	2862	11975	15093	13253	15605
579	697	582	290	474	277	278	671	252	407	303	585	705	588	8232	6064	7919	8837	1921	10435	7912	5428	7916	8984	10502	4794	12752	12287	12784	12127	444	14326	14558	10460	10532	12825	15362	15364	15064	8997	15900
6276	1979	1359	2346	5046	5365	8416	8945	8837	9405	7092	1812	11380	9874	6656	12069	9163	12832	12416	12068	10165	12146	14026	13500	13239	14240	13721	86	14496	15173	15325	14692	12195	14138	15437	15772
3194	8372	10542
363	6364	7917	10036	11680	11280	11986	11525	12069	12821	10325	13450	13390	15060	15361	14437	15308	15658	14120
6794	7791	9830	10768	1816	6232	6955	5500	10186	7308	7995	13991
1313	3349	4243	9991
5808	6633	4713	11647	8538	2481	11896	11692	302	1526	8927	14392	993	1896	7308
934	10048	7316	7829	13195
1654	2943	11299	5209	5845	12401	3819	4465	10513	12520	8265	15686	4243	9352	13568
5531	1945	6788	5376	10854	11603	12598	12735
1147	12797	5289	8949	1425	8914	9673	13897	3351
292	689	4965	5173	8960	12258	942	1226	3479	3809	5668	13275	14721	4863	7302
1297	10116	389	7106
79	2819	5255	7194	6776	2334	5103	10264	2490	1294	9525	10847	1350	10578	11843	9721	766	3592	5353
2501	1734	1735	6677	1736	2128	1892	2695	3421	9375	3359	2802
4847	7865	6150	14477	830	1151	6810	14464
3816	3178	6263	2950	7549	10625
703	9529	4248	4141	10326	13101
1530	3692	2286	5504	7453	9742	10470	10942	12610	56	1740	3808	8344	6866
991	770	14971	15104	15094	9543	15396	13346	3506	15251	15335	14906	15149	15443	15530	14960	14961	15539	4217	15542	15579	16101	16104	13816	16154	14815	15968
654	9505	995	6875	835	5416	6177	10711	308	6893	1099	12267	13332	14604	6296	7039	15130
4952	3355	3929	8881	8984	13943
2833	8963	9748	1294	4844	10839	1202	7886	1970
509	3399	4393	2211	5112	1040	545	3124	12643
4321	312	257	14807	14808
575	2618	12751	7072
6992	4628	9200	9346	10013	14832	8865	12329	3560	12521	13294
7068	8594	8391	10668	9053	12056	12598	12091	12829	13682	13712	13034	86	15415	9422	15848	15384	15350
6451	1146	2899	97	2101
4367	1405	1524	926	703	1743	5221	3564
3693	1821	3188	4852	3401	10040	1747	9764	11505	13493	335	15266	343	11659	13715
4682	4355	8057	6080	6014	8753	12224	2266	12690	14706	5455	9677	9035
2173	6231	4396
1567	3025	6760	2255	4514	11809	13842	654	5712	7758	380
2357	7464	7578	11638	9846	435	10487	10165	3861	14387	12450	977	13457	10461	13722	14800	15064
5509	9918	15578	15967
3525	1922	5145	8365	10386	10904	11155	12776	13273	39	74	89	830	1424	4387	5913	10078	54	75	803	3688	6409	6891
6640	7236	8821	10100	11629	12753	10834	6375	12769	14269	10667	15076
5856	7432	14669	4627	9932	11992
4249	4150	13119
3358	45	310	6636
1914	82	4833	1756	2829	4868	2542	15658	10080	15446	179	2524	16020	388	15837	4882	9762	5765	15744	904	14212	16018	16054	15982	15933	12048	14302
3094	8219	10973	1838	8529	7703	10597	1407	4229	5683	2440	3721	13812	10754	3561	1442	1611	4307	10275	5413	9117	12103	15285	11500	310	8650	8863	11687	13964	14008
1421	5727	7168	10641	12807	14292
5753	230	1143	3963	6291	8885	1465	11332	7594	9936	12170	101	1626	11929	98	194	4987	5664
4203	12829	5056	13119	13817
2864	1439	8303	14395	40	1391
2879	324	9998	13651	12008	14480	4582	7072	14652	13720	14343	86	15333	8555	2680	15744	14920
110	10774	12197	231	10748	2461	5792	1469	10474	9997	10179	64	10989	5989	6888	2936	9506	4239	14779	2295	8926	1348	3000	4469	4566	5558	13324	1516	11982	14835	11137	8578
1946	1265	9399	14849	302	4592	10168
2944	530	2619	8207	921	10733	11280	6179	11629	12771	10976	12258	13623	12671	13034	4582	15037	15391	14958	15444	14247	16065	16044
6757	6053	581	3670	9124	621	856	943	2557	3779	4792	4856	5199	6193	6623	6815	8194	9278	9466	10459	10735	13271	13153
540	3270	5101	118	1628	13921	397	4060	6123	4228
6445	3988	4557	1736	698	9669	6449
1229	2601	2161	3050	8693	4667	615	2060	2804	4792	10500
6173	41	5661	4725	5614	9159	10813	2706	12634	1637
5574	6220	7443	7004	364	2833	11753	4431	11496	5987	14643	13770
3138	2944	2886	3524	6032	5166	7144
807	6294	8179	9053	10851	13969	14294
3006	13525	7144	467	4387	10176	5456	8554
3542	9127	825	5845	11692	13513	11691	14085	14527	2113	3150	4618
4961	1729	9773	8120	8172	414	1068	82	3335
6756	5959	13555	11935
6550	1939	248	2467	3286
5105	9163	12806	10713	14105	14640	15291	15449	15594	15999	15748
2099	4543	4948	11099
5791	7045	433	11736
4937	135	11574	11914	12069	12750	8097	365	2833	13684	12643	13790	14106	13942	12517	13054	15167	14575	15473	15248	14023	15804	16039
2765	2933	4210	9830	593	10930	2090	7705	12614	12287	12347	14124	13500	12806	14655	10513	13840	13666	14496	14150	14007	15996	15087
2639	2506	1488	3589	1202	3263	1679	1680	4580	2895	3181	4493	4229	912	3682	6084	5521	3607	78	9028	5405	8223	5691	701	13097	1687	5718	11975	12689	11383
5661	1972	2852	2983	2788	2424	3059	1054	3436	5247	8697	3043	1542	3668	6751	8607	12436	10667	12683	10989
4563	10989	796	1596	10667	11126	6644	13471
5133	5089	12678	7571	11622	2920
101	370	3340	3674	4068	10722	12281
2023	10212	13284	14147
2777	6707	8196	10492	12460	13619
155	2422	13640	13956
1165	130	6355	8917	68	4000	4049	10550	12146	12673	8592	11518	12739	5133	13935	15059	12821	15619	12195	10557	15524
3161	6319	10117	1975	3690	531
3884	13433	14854	15887	15998	3450	7478	16141	15371
6847	3276	8935	8661
4887	5643	8698	9723	10240	10758	11694
3996	6698	14197	2617	14719	2591
6776	12823	1563	13776	1525	3175	184	1244	1497	3285	7850	6084	302	13785
769	872	12829	13429	14808	13721	15391
1949	7834	1147	822	6436	8696	9621	12994	1250	2301	2374	3282	5258	7131	11227	353	1218	2534	15466
1083	3201	10854	12829	12927	12541	14973	86	15361
7122	3745	4704	2425	7368	3721	10189	96	3098	6884	8113	12927	7628	8161	14241	10782
3063	1030	5318	7092	10813	12281
3502	10116	2706	4567	7806	15969	1947	2690	8418	10514	10616	13145
6890	3363	9077	11137	2841	4863	7522	5224	2121	2404
897	5778	7111	830
166	595	1729	2213	2639	6202	2745	11966	1645
6147	10667	12959	10297	15420
6850	6396	287
3636	2173	1038	482	7138	7553	3415	5414
4389	4296	5480	12341	4083	4034	11641	10985	13682	977	12821	12863	14559	13342	15173	15092	15369	15191	15347	15997	13154
2213	1799	11561	8387	10560	8834	12416	12522	9254
356	2628	364	4128	2386	2050
4648	945	745	2247	3386	467
5217	391	1080	3600	14371
4959	2852	593	4314	11769	11976	13721	15396	15391	15228	15392	14851	14007	15997	14212	16065	13272	14247	16036	16184
6064	1920	6729	7092
2350	3724	2945	5264	11049	1537	3827	2188	3552
482	2784	1107	1108	870	8478	11115
5394	12203	4876	14807	12735	10532	11427	14259	13469	4986	15435	5007	10493	15159	15363	13141	15804	6048	6102	14603	11977	15448	16124
5400	3808	7805	9197	11945	12071	13528	13956	14646
6723	3322	10172	4774	780	4366	4440	11614	5865	13446	2770	7930	14712	16034	4139
5302	8205	13273	9100	13500	11157	14329	11975	7124
5494	2446	8740	6379	7728	9951	6246	12095	13009	2957	6835
655	7856	9266	10757
5351	3016	499	68	906	2586	3025	1054	2495	3710	3711	6815	621
2241	12975	13239	14807	15059	14105	86	406	9364	13459	14266	14984	15718	10557	13430	2081	9051	14862	15835	15579	16123	16247	16203
6587	341	3826
5256	7022	2386	12052	15553	6729
7127	2946	922	10680	10667	719	15735	15705
6525	3540	368	11338	1284	9172	8660	13803	4469	1762	4410
649	3604	12401
5227	3745	744	3023	10151	12264	1294	10946	4440	9742	5569	6020	36	856	1058	1227	5957	9185	11017	12999	7005	11880	6555	936	5390	8336	14104	8538
6519	6704	7804	5284	2229	364	13122	6893	8463	14030	2052	9997	8398	8784	9815	12161
3579	2641	2630	10224	12324	7854	14661	14424	14165	12339	15391	8811
5136	14539	916	6074	13141
3014	4837	12882	3392	8122	14253	14621	703	15547	14530	9260	15481	15255	7979	12617	7675	9035	8963	11056	12469	15102	9565	3349	8142
4149	280	402	13153	13966	5129	5233	11552	12999	13582	15030	7302	11879	2899	2900	8557	11194	2288	4757	14309	11150	15246	7936	12005
6328	7453	8132	3935	4502	7669	8387	10549	8718	9971	3329	1208
6544	9050	10006	1942	4340	10046	10302	4551	8121	15474
5640	3149	4155	9163	14505
2851	2284	281	14468	12312
529	14200	284	10889	11115	85	4893	8365	9845	10705	13640	8337
1365	10278	11032	13040	9483	1550	3546	12266	10667
2753	3571	3575	2518	632	352	425	6506	3753
806	3147	13766	13047
2158	529	5209	3013	7387	3465	2145	1238	6169
3153	4935	12404	792	10188	13288	13512	14426	7226	10264	3808	15054	12988	1212	8669	11944	56	13901
4536	6739	15681	9422	15900	15350	15693	13430	15597	13153	15288	15416	8521	8522	15365	5248	15605	15744	1609	6123	15960	15261	15521	15925	16002	15933	16024	15082	16023	16184	174	15214	3949	5414	5343	12100	14657
1090	10948	11847	13239	15878
1406	529	499	2606	3043
1114	10322	12153	16236	15791	11432	415	16235	16245	16218	6192
6957	185	541	11006	12190
5234	2680	3082	11727	943	2358	2762	11151	14143	308	4139	4480	4592	5658	6810	6897	13294	13575	14464
4302	323	957	2557	1424	7852	6919	7055	7226	13129
253	7865	9027	3609
5827	2041	2982	7739	7516	7854
6186	9742	11433	13406	11985	11112	1160	15254	6158	12523	13876	4699	1054	7633	9139	5655	7224	757	7005	13241	14537	11462	11590	15126	12223	3829	7187	7741	3840	915
6824	1851	6837	14057	14059	14539	10413
827	5240	9509	9867
4009	6086	6774	6355	3841	560	217	539	418
6894	4336	12678	12450	15335	15178
4175	2648	2882	4097	4585	5854	6857
958	7398	4074	7628
4624	10903	8833	12653	529	15885
2949	6081	9255	12706	14218	13815	10547	6824	11140	13457	86
1697	4801	11776	3324	14854	14105	14940	15042	13663	86	15175	15362	15364	15228	15388	15502	15718	14656	11542	13924	15604	2680	10080	15804	15744	8362	13816	15880	13272	15302	16024	15315	16134
3555	889	2498	110	12332	3125
2107	7699	16250	13131	13396	6993	4436
2230	9925	11576	14238	778	8058
4878	3846	2181	2632	85	4558	11148
4160	7558	8601	256
2364	10145	186	1333	5668	9891	6433	12690	4559	8257	5497	10120	14802	63	14218	9009	1350	2773	10252	13141	8608	11111	1459	1338	12095	2833	5558	8538	10601	11673	14059
3946	12180	13871	4935	4228	26	12970	1447
3654	391	519	797	2076	2142	976	2034	697	2896	2745	5170	5310	5106	65	5492	8347	3670	5513	7162	4600	591
4758	3349	2686	1099	3627	12893
6415	466	2085	12091	12325	12699	14327	13817	14387	14807
560	5472	219	14159	13080
2469	8416	9314	7882	12772	14448	8204
2977	3780	3465	5917	2341
3619	2341	6292	13275	4463	3636	4447	3376	4841
3331	5178	7963	4813	11829	8046	13737	2269	5243
6245	11233	12171	15015	7644
4837	8975	9400	2557
627	3169	12690	11995	2903	8385	3422	4454	9672	10506	11441	8935	4811	711	4880	3690	10308	1325	8512	1007
6148	8432	607	11650	13779	13709	8758	1549	12931
4464	424	2152	6615	7142	2881	10066	734	8382	9244	97	10383	6626	9932
5560	8782	5458	10625	10859	12204
5326	6611	10737	1008
4122	8752	6498	7881	527	8440	1904	6260	8537	12999	13221	341	353	8871	13173
5570	9359	4688	1294	1447
463	7692	341	11484	12829	13684	12806	14402	13817	14506	14106	14105	14923	15058	11776	15364	15391	15251	14906	14692	15495	12195
2585	1825	4863	5136	7609	7995	56	1077	5594	11943	74	3996	8917	10539	11944	8288	2825	3759
5973	2731	3780	13968	11410	12054
109	525	2538	6752	5955	10563	839	1014	11804	5166	8469	1137	3964	1174	369	672	835	371
4258	15981	4144	7092	2286	5997	210	13094	12596	11387	5792	10165	97
5838	9543	1214	9698
6368	2846	4	5291	1491	3458	2050	6092	7112	6626	761	6426	10029	3938	8360	6126	13639	13866	9924	1227	11335	7865	4318	11540	3900	314	1964
3329	3869	289	7785	3299	13211	230	1512	3889	334	5144	3812	9409	10057
5003	2993	1041	1099	3966
2340	10846	10254	2395	1961	8066
4425	5508	5843	376	10707	7652	1138	5845	1336	3290	1205	13750	2148	4141
3294	754	1976	4192	5913	7458	8144	8217	8218	10250	11863	7926	9799	10605	80	219	343	353	1137	2472	3215	4387	4863	5684	5807	6228	6707	7996	10620	10979
4162	7004	9816	7419	3127	7660	13922	15384	5658	830	4170	13583	15704	15292	3694	8638	4229	41	7298	5297	7523	13318	6524	11869	15299
6460	3462	5218	4524	3043
4046	11438	10892	11280	12324	13655	5118	13239	14686	13720	12825	15234	15998	15082
1803	738	4747	7228	6182	6773	6774	443	9997	3884	3232	5058	10318	11622	9859	15345
2458	326	3662	2152	3808	4440	11649
1588	6508	8721	15101	12903
3838	2924	5715	8795	9340	7475	13203	1584	1583	4254	7094	7530
5895	2213	4176	1104	1276	6777	3241
1478	830	1137	3903	9893	10208	11464
5477	13731	15208	15998
1767	84	12598	11411	13963	14440	13457	14105	10656	12821	14575	14906	12599	15689	15594	15542	15927	15840
5410	12294	10551	689	8335	10308
4866	11382	11914	12829	10713	14103
2595	12829	11805	14903	15220	15446
3905	8476	8148	6471
2641	986	2583	3808	4986	7015	1469	3465	9202
3312	7553	10274	9495	12441	3495	6695	9782	12008	3935	8592	14370	14218	14653	3306	14509	6657	15059	14900	14686	8963	1520	6311	8777	9145	205	5541	15420	14290	7075	10557	14437	15658	4409	5569	7369	8477	15657	6869	8120	14250	15954
5822	15892	15384	15531	15654	2041	13680	7778	15579	16028	16161	15823	15795	15153	16088	16246	15791	16104	16228	16203
7126	5273	10851	14423	10731	4091	15228	15999
6491	12829	12748	10511	14806	12825
2854	12750	2415	12806	14139	13875	15326	1155
4969	7754	10226	11637	11722	12590	13815	14033	14440	14854	5341	6399	14941	15043	14796	15389	15050	15412	13911	14010	15444	15723	7070	6543	9625	15342	15744	3202	843	16156	16023
5452	84	35	9163	5691	12899	13738	4183	12386	14923	14343	15391	9754	15465	2680	15082	2601	14367	6911
4824	884	1305	1902	12069	12598	13684	13119	13239	13721	14795	9671	15362	15361	15718	15531	8955	15999
6053	10542	3221	13753	10275	15657	8935	5623	783
6579	11348	13184	13500	4340	1798	11805	11776	9648	1099	308
1920	11527	8105	10752	12704	8321	11076	10160	4045	6555	8447	9501	11755	15421	6768	7429	9453	9457	12673	14405	8365	9148	13134
4543	2260	825	7271	5272	12069	12829	10103	11518	14218	13119	10057	8055	7723	5619	13911	8318
5123	7702	7701	14017
2096	7848	8808	11711
1787	11011	11275	4758	9100
5897	8667	10865	1245	1469	3136	3674	5019	12067	370	825
5907	8493	14477	7885	11413
4570	9758	5256	12989	13120	9645	14500	8575
5336	10116	735	825
499	6288	6173	14218	13664	8537	14440	13790	10513	8935	15736	15894
3399	11299	11381	9763	12437	14661	12614	15037	14152	15445	15367
1450	5886	3010	7702	9828	10860	7859	13448
799	308	14955	1229	1328	1594	3391	4048	5472	6221
62	9938	4229	4460	4675	7501	11548	14468	13718	796	14512	2701	3574	4587	9655	13938
345	2362	8826	4167	11137	4228	1788
2519	10876	2337	9422	5826
2732	9990	15577	4781	140	1479	14746	138	825	4938	10274
5429	105	3221	5641	8795	2628	11812	12903	8562	28	8408	3733	7965	4785	13404	14988	3324
7032	5481	1113	826	5341	10856	9012	10398	3542	4852	6231	8282	14348	11726
3801	3016	4894	4597	5981	2943	10981	5256	9430	1924	9163	5691	10165	14503	10513	14973	13073	15037	7124	15075	15595	12406	9064	2669	15793
2121	364	11727	10993
5595	1947	847	6344
3969	1490	2919	3421	5096	5185	7144	7601	9078	9379	4984	11785	12227	11161	5472	3422	5279	13019	1469	5838	7516	13298	3968	7995	14719	14660	304	3699	10457	4502	10570	9136	11466	3397	14166	2665
924	2706	850	13348	7613	11002	13378
4215	6171	7758	2900	9950	12503	10997	53	8160	2311	7906
4461	3354	765	2018	2080	2971	7231	8206	8179	7915
5983	5081	7514	1888	2628	7413
2895	2008	5077	12958	8849	8946	197	552
874	8170	176	352	1239	3293	7869	10120
3121	1789	13206	5301
5337	7512	6043	10756
5582	5133	7189	12829	4921	7778	13004	12249	15284	15900	15756
5189	7	5125	6416	12988	7522	9427	1391	4803	10098	10122	13307	2972	4698	9728	14594	15167
3359	850	8589	8698	10624
3989	8376	6375	12069	12700	12697	14218	14511	13840	15228	15363	16127
4815	2041	8376	10733	10067	12034	11484	11524	14210	13119	15578	13323	13430
6987	11254	12990	14476	14467	14851
692	7085	3670	4063	1286	9067	13273	14365	15	8980
6106	3527	2888	3556	12802	12832	3256	13206	11295	14026	14392	10989
1202	2074	1821	12016
2778	12636	11781
229	4908	11401	12230	1922	9917	7668	12906	2766	9553	8301	8624	5794	14952	9781	14617	2581	2103	7632	9333	4677	15069
1381	7106	2377	3957	11354	11849	12771	12056	11369	14192	14414	14653	14258	14693	14923	13646
4445	1981	396	2044	1972	597	8795	5534	7286	2786	7527	10985
4041	6207	7302	13401	14576
4730	4618	10195	11911
1181	5738	5583	2370	8837	11912
2101	3383	9938	11579	10234	12259	12533
1955	957	1992	4487	785
319	2586	889	632	4290	1511	1055	5348	844	4434	962	2330	6126	5202
2206	988	2231	3058	29	1387	1280	9949	15688	11718
5771	2152	319	797	2510	83	35	12749	831
2063	4269	12752	13446	13765	13817	13875
1981	530	4417	854	10739	11849	12748	12967	14329	11776	7349	13721	12825	14983
669	8795	11169	10061	8460	6717	644	2630	8389	7757	4295	5564	8935	4196	9856	11521	4533	4084	10528	10936	13829	11087	13784	14368	14622	6188	15517	15579	16101	15302	15873	16055	16102	16154	12973	16192	15903	15994	16223	16246	16210	16218
6165	5227	7313	6834	1174
2070	5849	12351	5286	12769	12196	1123	1125	10038	13684	13500	14218	13969	13634	10909	3350	13004	14684	13274	86	6870	15496	15756	15446	15658
1749	8391	8205	13500	14423	13274	14806
5223	3041	2341	3445	2726	10246	8486	12673	13815	13765	5118	2786	13239	10575	14106	11975	14923	14415	15449	15531	15563	15925	15579	14247	16101	13816	15880
2007	4424	511	9681	14044	6550	1276
5922	3885	102	131	4273	9012
119	9543	13395	2807	7334	6906	9981	13850	14987	435	2512
331	14655	6033	11898	11631
5093	10	242	475	273	276	269	1002	2642	3483	4823	11846	13815	14218	12831
1214	13604	14504	5642	5254	15446	1926	15998	15927	10302
7117	8090	1421	5852	9303	10208	13789
144	1082	6463	7374	2139	9072	14680	1487	5491	13807	1301	1395	4418	7502	7665	11211	15984	2058
130	8594	8595	10681	11312	8065	11102	11457	13552	14661	13634	14558	14613	14150	15745
4817	3237	2454	7427	6349	615	6347	3644	1897	5940	15981	4613	8485
2013	12289	10481	5456	2213	6837	2490	5900	8177	9726	14646
3512	9955	7114	11334	13410
1400	7608	11260	4558
4748	12069	12749	10983	12887	1784	8935	11768	12829	12673	4619	11641	13500	14329	10905	3492	9964	12806	13307	7514	11975	15059	11024	13274	14179	14180	9671	15284	8869	15735	13320	11516	15339	15706
6239	5794	7504
2126	9338	9052	11829	11524	12330	12885	13353	13274	12339	10511	10532	15249	15626	15736	15658
4161	856	13720	14366	12825	15894
2950	5472	9797	9681	10234	12347	13500	13119	12983	11776	12454	11805	13648	13721	14681	15191	15444	12195	14656	15449
5196	1028	9688	4437	5167	13765	13452	6441	2293	11805	14806	5234	13004	15121	6415	13430
3245	6975	14294	10057	14291
6376	3556	1947	5903	1385	4330	6027	2341	75	5406	11228	568	1489
5544	7021	5445	10979	7164	10001	13296	14374	308	10166	12708	14385	2966	6899	9835	4587	6950	7747	11074	323	2263
762	3027	4426	5436	8316	7464	4036	11656	5749	3734	6692	12528	6705	9878	3628	12014
4978	11826	7466	10396	4502
6126	12351	12548	11015	9712	341	4699	3626	12740	3613	7610	13815	12657	13448	9266	10532	14242	12988	14731	5957	10461	14335	3918	9560	14807	11588	13457	14923	15003	15159	6893	9453	14621	1294	14946	15577
2456	120	302	856	1816	2349	5699	13791	1978	3044	9548	11843	14026	4522	10942	1610	15488	12825	5578	10472	4787	13876	2051
3757	6623	1212	4551	11034	12456
2001	959	396	1054	12266	8590	8780	2154	13107	12695	11878	13239	8181	7072	15123	10560	9064	2680
5435	6116	9268	9560	8976
2584	53	5792	11846	45	9163	2953	10165	1022	8360	13906	13731	9072	14218	14808
5149	4141	2416	5785	9828	8935	12249	14903
3965	882	434	11637	12349	11681	13217	10057	14330	14649	15158	15091	15443
3004	4926	11452	2458	308	9550	6280	4023	5702	7783	10280	11800	11459	4547	5950	12945	441
2449	3545	3349	5548	7433	8844	9072	14495
2176	1459	3692	3689	1956	4643	8601
541	4550	3014	5133	7444	6664	9338	10226	9867	14934	15208	15495	2680	16023
2086	1529	1514	2451	9338	2463	2439	3385	1865	2211	727	6514	7323	7166	6010	10247	13765	13738	7072
3671	12598	2341	12033	5118	1973	2786	14335	7349	13634	7949	12821	15333	14150	15686	5426	1169	13568	15745	15996	3948
6994	5125	11200	11582
3385	14362	13994	11475	10057	11137	12621	3170	4582	12440	9543	15333	15445	15603	15599
3895	3929	8821	9602	912	7140	7666	5970	11855	14476	15093	15014	15384	15987	16048	14919
4776	13757	8926	237	8578	522	10120	14690	15255	7800	14477	2284	5631	14148
2387	428	15187	6138	2315	1137	940	2356	2762	8342	11788	12264	6123	3282	4279
6272	11238	12548	5985	6671	14105	11427	15273	11279	15705	16145
3021	3375	2865	7578	10814	13083
2900	304	7074	13767	14470	3537	10989	12609	12617	607	3282	10954	12761	13528	13591	9144	11459	11943	13159	15203
6666	15980	7490	7534
3735	6357	3059	9738	9034	9203	2182	4621
564	1018	2490	7443
6389	778	6100	1662	3668	7578	9163	6121	3362	10542	7228	13954	6247	15524
274	3625	1956	364	7339
5001	7630	11703	1396	10457	2833	7865	14730	14444
2317	637	940	1323	1664	5572	6938	12999	13625	13670	13751	13962
4181	3865	9444	12069	12829	13655	14655	14854	13004	10575	15228	9064	15870	16036	15869
3405	7671	3756	2230	10965	6634	6861	12690	13965	6396
5284	4774	68	7342	708	3917	3948	7281	7598	9684	5598	10108	13800	8507	3043	4096	9818
5951	1105	2008	2507	3124	6859	7706
470	3663	2745	6124	5137	3341	3788	194	14508	12982	86	15428	15469	15838
1357	6721	12143	9641	1805	15684	14364
1130	1515	5632	12440	13721	15473	15704	9446
4594	4877	1316	1604	11603	7239	14207
3240	4309	12024	364	3392	10306	6914	11777	10530	3202	15186
5144	7159	1237	5052
4038	6316	13686	6993	13372	14126	5479
907	2079	2759	1476	10100	5582	10854	12829	14026	13728	12549	12551	14984	9817	11287	15836
5696	5524	9124	9969
6818	12927	6440	13047	15373
4320	502	1227	2349	2359	3832	856	8042	6140	4124	5066
2302	5922	8516	406	11692	4087
3111	14435	14510	15220	15367	15878
5604	6993	671	2576	9587
2090	3504	5351	5982	8776	4953	8257	184	12429	7883	12438	2114	7516	12614	13764	4516	14167	14402	8698	15396	15228	12922	13395	11402	15736	15384	15690	15868	958	7763	15987	15944	15945	15579	14247	13816	16154	15823	15569	16172	15807	15713
4973	1194	2359	6896	7006	9646	1133	5237	7666	12987	3929	367	7074	10281	14895	6386	11418	11800	12412	2294	68	3384	7789	9367	9368	9901
7040	8492	8892	9790	10001
6113	10169	11802	12829	12535	8480	10460	5463	15093	13568	15895	15971	16093
2171	73	668	2008	323	66	967	2445	2117	2663	142	1224	4393	39	8927	6228	9783	7578	341	8017	9182	11623	9319	9163	917	13551	7433	14017	8276	2341	13758	13797	7718	1425	15597	8694	13970
604	2876	4206	10	8994	12069	12350	12769	12704	9182	13445	10057	14327	14498	14508	14724	14914	15600	15688	15887	15676	15971	16000
6473	2019	1542	1176	30	1461	3524	7192	9830	84	11381	3656	83	14293	14502	13817	6351	9592	11980	12897	13082	14291	14276	15042	15204	14959	13430	15777	15579	15871
2799	4061	14729	302	4939
949	9339	11814	8097	12287	12740	13604	13814	13429	14387	14265	14467	12611	8055	10511	14105	14800	10532	13457	13720	13896	14897	15391	13920	15927	16002
3902	4320	6162	3819	511	14698	15347	15363	15349	9692	6387	15342	15654	8698	302	16104
5688	11615	9132	14011	10337	12661	9049	10360	14084	14419
6246	11142	1922
7029	4921	9033	11463	12394	13077	5775	13326	15207
5950	15465	14934	11527	16178	11541
5564	1979	679	4345	4701	5133	2557	4844	11925	12971	5840	10827	6659
327	14509	14731	13738	14366	14724	86	15465	14851	2712
4571	6357	13817	13119	12825
657	1816	2544	12069
4332	1837	6063	8192	8413
3216	13691	6439	13047	16094
7090	3515	11641	14854	15432
6016	9338	9444	12358	13102	12068	12806	733	86
954	5472	3465	10654	4429	12281	7014	8628
2431	7305	904	5341
4051	1444	1609	1672	1682	7578	13612
4986	703	128	2561	7367	4899
3205	10690	6102
2731	6788	9672	12376	13445	14923	14941	15443	15754	15658	15892
5487	6498	4074	304	6111	2197	10372	703	9428	2264	12521	2881
5683	3929	1030	7434	9068	2267	4931	2412	2294	5750	8644	9116	6023	323	5112	5478	9932	5443	14094
5818	9839	12829	4889	13551	12769	15242	10993	9547	12052	14007
1197	10735	13327	1816	1956	8410
1583	6219	8257	11182	10892	10234	12750	13557	11805	15037	10575	15335	1425	15892	15365
612	6646	11427	15809
6896	15211	5118	1609	10838	13557	5322	8098	15301
5083	4903	8912	1654	4303	4929	8312	8674	8761	10579	5324	9153	1516	3556	9714	856	2359	7233	3169	2595	4851	4856	7260	1953	3350	7506	1522	9321	12644	6601	3914	5248	6242	8137	11385	1493	10061	2395	5989	10238	11489	5732	10023
2934	8563	12881	3414	7526
2985	10550	9872	1924	12421	13450	13245	14559	14794	14769	14809	13648	14276	14681	15467	15191	8997	15443	14212	16044
316	1148	6024	836	1009	4986	2041	13917
547	13689	14269	13817	14009	14795	13274	86	12825	12249	10461	15159	2680	15705	2785	13816
123	4804	10851	10411	10593	4603	8445	7247
4564	6707	814	7363	11850	11883	11895	3705	5702	2552	7534	7051	1054	14675	15502	3969	14801
2303	3369	14104	11805	7544	13846	2217
1068	2687	8744	8880	13145	1137	4237	6542	10210	15273
6062	2244	2133	5111
5203	3929	8302	3934	9549	13493	13911	6976	1528
3444	1305	11434	6299	9498	3041	511	5118	7191
3136	1215	2920	4384	5206	9036	10648	11052
3371	7189	12769	10116	12887	13321	12287	12669	14349	14219	13108	14424	3324	86	13004	13274	8997	15444	2669	15532	16002
6051	2397	5992	304	5739	3272	4677	726	3349	4437	10962	11314	1708	13826	15277	4774	10942	15789	6096	9324
315	2046	3378
2376	87	6193
4532	9264	3241	8303	8372	14412	11137	15112	4662	1317	5209	14762	1318	8399	6719	15471	4673	6882	10264	12198	15144	4844	323	12310	7638	958	450	3487	7303	2833	3187	5912	9827	15733	4388	4795	4802	8981	361	2180	1229
2727	2983	10240	8502	12696	11883	12993	7991
1204	6916	9558	10739	11381	11721	11100	11914	12749	12821	12971	9976	13072	6438	635	10905	14510	13239	14106	13875	14807	14806	12769	15042	14497	6870	15691	15705	8955	15448	14000	15878	16023	16057
3724	1425	7585	9333	1463	3712	8611	9805	12112	13897
1900	6355	7127	45	1821	7309	3563	2745	4998	13367	15658	4510	12560	9172	16022	11038
5578	4377	14019	3041	7985	1520	13395	13671	6652	9996	6358	14479	4739	15237	38	79	834	7995	9472	7088
4140	5202	5226	1319	3626
502	10437	10438	2108	13052	4147
1860	6788	8038	11312	12351	7072	15578	16000
293	7333	5846	258	2025	5012	11187	7739	3537	3956	12223	6763	3562	12733	9395	2347	1301	2668	5128	10551	4106	1279	6737	1212	1458	1398	6980	916	4579	13914	6488	15487	2471	3211	4003	4572
4030	823	2579	5589	4310
3571	5365	11938	14049	924
4904	7605	7821	3328	591	3660	3667	7624	14644	15516	2540	912
2320	6430	6775	7481
6346	11280	9976	11678	11844	11157	10513	11427
1444	511	4433	5456	4134	3466	5882	6907	2965	1821	2443	3956	11519	3938	2341
1959	6783	9790	2855	8268	15461	4825	4826	11666	62	3102	3396	6171	6904	10541
1491	12634	10253	10116	4032	1343	1068	10830	16029	10244
3715	7236	3203	8376	3025	2495	9444
3690	530	12598	12829	11622	11641	13678	10744	4879	14337	14640	10650	15037	14180	13650	15244	15251	15396	15123	15530	15689	15690	15542
6249	3892	2458	4801	5371	10261	2959
4154	2833	10678	9480	14586	10874	14704
1189	7629	598	10466	12085	12313
167	9686	11209	3763	4398	8661	12763	15174
5013	6295	5566	13794	14807
201	4845	8010	4376	5768	89	1677	5489	7668
4551	15717	15727	15728	15807	15384	15848	9422	13397	15713	15730	15524	15942	8926	9592	15987	15926	15955	16033	15681	15944	15983	16101	14247	16116	15797	15798	16017	16021	15979	15947	13912	16172	16170
3558	15387	14604	7464
5018	1099	15686	2712	15736	15892	2680	15706	15508	15367	16018	15448	15521	14000	15153	16048	9344	4024
1175	1660	2019	4221	5830	6991	9655	10860	1816	3148	3780	4110	4840	7164	8401	8983	9237	9685	9897	11186	12250	12257	12524	1970	2224	4450	6523	11119	14066	14484	3070	5370	9351	14617	5029	7191
5691	3284	3581	11248	7625
3672	2726	8230	2964	5438	9429	1530	3043	12017	3768	14462	856	12404	14528
3156	2438	3235	7359	9021	12211	84	9964	7477	3764
2272	6720	9445	10857	1138	7130	12646	14979	11104	11694	14019
6304	4044	4723	13296
2481	7947	8573	2404	9030	11828	12244	5324
1516	11524	14152	15982
5735	5250	2030	3354	4332	8416	7589	2556	3237	12069	13691	11857	3918	13727	7072	14806	8613	8777	3774	156	1176	15361	4609	12512	14526	15564	9355	15449	14120	15637	16030	10894	16058	16023
4073	6310	6419	9623	9856	10060	7473	1551	3808	7744	9085	9214	11790	13014	13015	843	4587	10993	13201	13042	338	925	1170	1367	2137	2167	5835	5868	7248	12167	1548	10120	380	1085
2179	6615	5650	6817
3192	73	7507	12598	12515	12706	14387	15037
2054	368	11871	13710	29	13463	13318	15581	11694
4211	3298	338	11312	10502	487	1826	10803	10949	567	3064	2777	9543	1157
1231	8607	1622	2734	10987	4774	5929	12612	14208	11703	10242	12522	9978	9466	6063
6583	1778	3228	12486	14695	2701
5750	378	7215	11843	12536	12069	12749	2506	12829	14328	6980	8935	13727
820	9830	12810
6865	4967	11734	11102	14335
221	3714	3716	13321	13108	12643	10460	13722	86	13896
1997	612	7287	856	9969	2295	9747	2363	5252	12636	1435	6810	13211	14387	13969	15060	14318	14854
1973	11236	12264	12619	13137	14646
5340	12146	13906	13683	13433	11536	14269	12599	13307	13840	13274	14806	12612	15244	15396	15364	15291	15158	14656	15718	15723	15690	12850	16146	15063	16174	13501	15843	15880
238	2603	1879	1215	4977	9576	10465	3929	5498	10	431	13211	8081	12806	14106
6546	8574	10536	7535	9685
6414	2781	2101	1388	5118	6443	2148
6600	2396	2226	4598	10	5521	8795	9220	9501	10085	12615	7616	10288	10745	3776	6745	11403	5593	10624	7371
3489	281	2998	528	10779	13675
5532	12517	4833	7671
5527	3948	10490	5125	13874
4861	389	6398	10400	7587	9042	6810	12832
514	14614	13401	15389	13430	15367	15835	15728	15579	15730	16102	16007	16162	16023	15823	16223	16192	16132	16100	16228
3443	9100	4118	5236	2887	13239	13991	10838
5596	6220	1022	9709	7332	9459	7266	9107	4491	746	12471	2001
5187	1932	835	11301	14226	8795	10253
7055	14506	14682	15465	4979	15446	15693	15676	15167	16145	15153	3480	9344	15802	16092
3388	3414	4565	5855	10126	4585	4587	2267	720	4468	5558	7078	12201	4016	3678	3680	6292	557	1680	4139	8589	13698	7431	8974	7577	12149
6665	3135	5941	14242	14466	1769	15465	15251	15473	1745	15542	15342
4960	281	12279	12598	11102	13500	13817	11024	11805	13274
3150	3103	8515	9797	9441	9482	392	1294	1517	5558	6159	9478	12385	13348	12847	5725	6340	11269	15805	15831	1012	3030	5016	5125	6293	10202	13087	2782	7067	10560	11417	14225
5371	7705	5112	3804	304	12598	6960	9905	6430	1947	1107	13738	2347	3989	8223	13345	14622	12740	9754	14983	4701	15965
6119	339	1176	2301	2292	56	1853	2055	5912	13321	13239	4353	14967	12825
6037	1537	6973	10946	13178	13179	1136
6603	1080	2320	3539	6887	6326
219	11088	14009	9043	9916
6885	2917	10907	5973	8628	11250	11251	11434	3468	1469	3552	7256
5834	2411	774	53	146	176	323	361	440	485	489	490	783	1008	1215	1862	2301	2591	2608	3169	3913	4372	4645	77	130	526	600	114	219	136	4039	6475	8124	378	6394
1969	11116	8776	1947	4426	4687	5517	8173	9460	9957	13820	3364	4813	12766
1894	5972	9830	11189	7491	9425
6503	10485	7119	9059	2773	6293
5667	689	2340	3981	9021	9083	12342	10670	7885	12806	7415	11954
3045	2019	7727	10079	13997
6991	4312	4758	53	304	964	6348
6805	5730	12747	12829	12495	14127	3480	14834	6111	15478	15887	15777	15579	15728	15730	16104	14247	15880	16154	15302	15823	16192	16200
1111	400	3970	4441	3085
5634	7862	3136	9969	7670	9495	7996	2091	2849	194	12429	4769	3212	5321
1609	1225	12456	10165	12888	13878	733	12611	13239	11776	11427	3324
1207	11362	4898	11472	12078
4793	12149	13677	4440	12828	831	531
6300	3177	14125	1024	8698	6877	12156
6388	10189	12899	10057
4133	273	1083	424	499	2454	4800	3413	193	10678	1243	11052	11843	2539	6624	10277	10594
6238	511	1039	4114	444	1186	1206	4604	12184
6192	6501	7874	7964	10996	12712
3726	5580	860	7184
2308	3315	926	6162	6716	9040
4804	10483	9892	10275	657	6480	9513	9821	4618	11320	14803	15908	15813	10064	2405	16033	11124	15681	16034	15713	15983	15579	16114	16102	15411	16021
6753	6685	10667	10502	11354	11914	12829	11380	14335	7072	7949	15998
5891	11849	12421	12829	12927	12706	12832	12068	511	12146	13424	12008	13390	14293	10122	15228	15564	15546	16184
1816	52	7071	12069	2786
4670	4644	2139	7073	9209	13265
1169	10991	6137	3387	1785	11115
6742	14111	14112	7849	3864
3141	4686	10356	9856	1138	10493	12266	10166	3627	4452	4625	10296	13551	2246	7988	13050	8398	4889	9509	15257	4309	14224
4246	876	5054	5832	1262	6336	8893	186	444	500	1409	5161	8154	9024	10594	12414	6950	9029	10460	13835	174	11579
5495	2698	551	68	3006	7571	13102	13239	86	14000
1684	5662	10832	593	2401
4331	9967	11903	11573	12899	7627	11925	9602	12673	12590	12959	12806	14033	14785	13232	13401	8995	14769	12985	14491	8073	15075	15465	15324	15546	12195	15738	15848	9422	15384	15681	15942	15807	16034	16031	16101	16122	11481	13816	13357	16203	16218
2788	5284	10667	7270
791	1037	11456	13098	8455	9558	11600
6946	656	316	505	3019	2152	5925	7192	7231	7127	4858	10169	10976	7443	11843	12347	12806	14124	11857	10461	9703	15446	15658	15964	7250	10752	15366	15971	435	200	9155	15082	16246	16186
4523	6594	11729	13217	9032	12671	14480	4582	13896
955	15424	5614	6655	8042	8362
6467	9839	86	14638	15049	15446
2601	14561	14104	6802	9196	10503	12513	14492	364	302	569	1321	1440	4918	7612	14905	7749	8454	9596	12466	13288	14837	15664	964	1926	8661
2676	3803	5278	7876	13273	7676	5347
789	13800	6407	13251	10724	12097	4587	1727	13750	10605	8477	444	8674	15114	566	1820	5472	15038	1174	1363	8064	10208
557	1170	1411	4602	13791	1310	12688
3149	12358	13119	14530	11011	12368
1059	12553	6108	7578	9594	9611	9707
4368	6630	8445	3476	5472	12561	4048	7706
5783	2091	13572	187	9903	10976
1012	13516	1693	13763	1756	9843	7287	726	1281	1599	1600	3712	7452	350	3808	6910	10236	15267	738	9359	11343	10942	12740	11788	4048	1528	13703
3973	12069	12706	12806	10713	14476	14327	11455	15100	13568	15723	2399
4883	4425	8110	14551	10447	13327
2780	2993	3822	9367	9846	3573	13765	14467	14435	12611	6980	13738	4038	86	15373	15093	14984	15467	8997	15626	1118	10517
3088	11261	5287	5075	1983	402
6840	7297	3499	4810	6897	14205	4987	7453
5900	2919	3043	9495	8374
5208	11126	994	7953	9292	5623
969	6620	3696	8594	1787	12588	1411	11457	13773	4931	14167	15059	15497	15689	15530
2427	2148	9085	1239	5422	10169	11810	13267
4163	863	6430	9556	3828
3719	6003	7413	9202	7028
1387	3662	4318	10447	11540	15629
3219	1805	5022	8010	13007
3586	4137	10852	1676	9597	6643	5026
741	1175	811	5125	6810	831	12698
4253	3337	8710	4437	7633	12023	15467	3931	4835	15718	5472	15690
6874	54	1174	2139	8917	9202	9677	10111
4242	9750	7852	9700	1186
6919	11459	5524	4893	4011
6270	10559	2490	5133	11222	12304	5202	12437	9756	12669	13678	6980	8592	7072	12791	15365	14212	14247
6618	906	2541	2363	1940	13869	304
323	6276	5957
1868	5498	1739	7493	8256	9709	6975	10679	11595	7571	12441	13678	12371	14026	14291	14693	13557	14808	13666	1590	11251	15998	15338
3081	4039	5118	6303	1224	9661
2543	9098	12706	11392
5318	668	2706	4754	5028	6373	7342	12654	14002	1190	2473
5300	4392	2175	15588	5332
1935	354	1957	3833	12642
2419	15054	2099	13752
6939	12072	12927	14511	11975
2398	2459	7609	4391	6845	2947	4981	8530	5460	2948	2146	304	2864	4985	7644	10386	7372	8460	13731	11052	13684	4099	7616	10242	11521	86	2534	13639	68	14104	13676	13584	15159	10302	14959	15868
776	7192	7991	8826	2087	3772	1154	3433	3756	8652	2490	3510	12769	12347	1355	13969	128	8010	14226	14503	7400	14497	15391	12551	15604	15605
6194	2919	251	2484	2255	5288	6266	1305	11888	5698	482	5359	68	80	62	5366	6688	6072	7849	13199	13200	6193
3857	519	1115	2008	3058	2884	967	3568	3702	5933	9637	12495	10946
35	211	5908	8733
5583	84	1058	1324	1838	2246	2544	3228	4175	5505	5674	5703	5791	6201	6377	7049	7395	8116	8424	9295	9560	9606	10117	10523	13011
3615	10555	834	1508	3842	9033
5472	6099	11400	4237	6406	1816	12197	9560	9895	5372	11582	3942	13501	15581	5558	13010	13011	10079	13014	8524	3857	7778	12266
4293	9317	3272	7443	12478	14729	14789
1144	950	3856	8935
435	9763	11238	10116	5983	11333	7671	3043	14165	14106	15228	15389	13791	15365
3414	3416	3709
4488	1916	11259	12954	6163	5517
2897	7275	3953	15806	1816
1977	2550	2211	2744	2290	2490	5425	981	7187	6614	364	4565
616	5872	10559	7533	6650	13612
2150	13287	8188	14067	7546
1624	701	691	2267	2920	581	1390	3350	2359	3827	5363	11930	5358	12643	2118	12315	15663	15689	15969	16039	10159	5520
2579	7120	10356	4991
5356	3893	426	7	391	253	1537	12749	11526	10130	12279	12146	10128	15100	15999
4754	529	3966	10349	11893	7164	593	8440	870	11424	835
1027	7144	14218	6578	9503	3261
398	10513	14807	15154
5568	5642	7534	30	14006	9193	10117	7778	3742	28	8570
6310	364	4766	7054	12149	12237
2509	444	4089	9399
2672	8362	10313	1920	9183	7082	611	2405	2312	9181	10122	1198
5322	5140	1246	2284	3429	6292	7524	13275	1086
4135	5142	4398	4800	9805	11398	6315	4061	14641	194	15125
5517	10226	13198	13433	4369	7598	8464	8490	13731	13	11137	15235	15234	4618	13513	14767	2108	16039	15630	16236	16242	15791	16228	15916	15823	16162	16245	15977	16086	15680
2479	6916	10224	12769	7412	13682	13264	14349	14347	14265	13817	11455	14854	13457	86	15158	15284	15433	13568	15524	14924	15777	16028	16024	16023
1850	5735	13285	6102
1081	5976	2299	1609	1698	6488
6532	12829	13433	15444	15800	14000
4375	9621	7742	1205	2099
4767	8538	1142
5038	4937	1068	8308	11128
6440	1591	12507
2180	12598	13738	11024
1862	9059	9738	10945	6442	6141	8065	9411	12437	13679
1925	2689	3828	13411	1199	2527
6895	1863	2355	3657	5118
1799	1381	929	1174	940	2490	6170	1107	3948	602	885	4074	5721	6021	5323	4993
646	744	6371	15268	7667	7632
4059	7074	608	1948	2284	3827	8042	12265	7098	10579	12656	7459	4121	4607	6536	7781	12895
1698	10061	13431	7048
3273	725	4442	2218	2490	2628	5933	4139	1139	13239
5751	12802	13429	13119
6577	1992	8246	3938	4485	5001	2509	4174
6979	911	505	8416	6059	11148	13668	14326	13457
1887	4576	9038	7120	11301	9239
1050	3058	253	4011	7187	8834	8723	11307
1940	120	7602	2041	8490	7598	14572	14573
6500	12213	12563	12871	9433	2148	3306	6221	7288	13966
599	1111	5472	6963	7271	3546
5333	6547	9940	15579
6446	845	10985	10941	2092
3777	14910	6231	10129
1666	5269	6101	4340	8196	796	1784	2519	3676
5276	258	68	2279	1469	4978	9828	3341	569	11909	219	511	1619	13430	10201	15860	15878	15459	15082
5325	4440	3628	10899	12529	14273	3296	6934	5642	7011	14419
5639	12598	12829	12990	13199	14218	14472	14507	14807	15234	15235	15483	15715	15996	15997
2415	12821	12884	12990
7095	1055	9060	6332	9976	10927	10797	12348	12143	12829	12346	12802	13500	13239	14265	13307
6138	856	1384	7191
1719	4280	5268	6733	314	1234	5118	5202	929	53	3953
3207	10	5607	5851	2045
5490	10036	11014	3138	8728	3929	12590	13731	11635	5125	14693	9671	15333	15253	7706	15610	15738	14983	3350	11804	15823	15579	15880	16154
1909	359	5933	4790	10291	7232	9085	6247	9086	9115	3938	302	6605	5472	8398	7885	13119	12912
50	1642	5086	9052	64	11766
186	12008	10836	14232	10947	13817	11054	14697	14343	12821	9671	12551	5426	9732
7119	9338	9699	11034	12639	341	1485	3266	3626	4519	13733	6853	763	4442	9067	2243	4060	11923	14010	6474	4367	8692	15429	10835	13227	8224	4815	3177	6897	7558	12174	13938	15151
5496	7772	12236	14059	5672	10810	9650
3688	1755	5907	11661	10120	13557	15666	2770	4085	4946
3676	7081	7613	1643	6248
2467	10662	4440	4669	6252	7578	856	2349	972	4904	6929	903	304	1186	2301	527	1637	8122	4877	14201
3398	9232	10190	13300
5278	4667	795	2568	3376	5343	8025
3976	7211	3102	10841
4684	531	1270	3340	1174	7214	12806	5275	13721	15123	15894	15623
4268	739	1876	8372	3449	1515	8721	80	5891	7872	10046	2146	4729	1836	1176	43	68	6214	6226	6665	8921	10937	622	12165	14042	1637
4121	8698	5619	4018	4388	1805	14427
1515	8076	14923	15044	6255	15369
1045	219	1463	740	12829	13119	14106	13791	12958	86	15228
2276	12148	6980	7563	13013	13015	9621	4318	9817
6292	1641	11393	4587	6737	6733	7106	12382	4788	10893
2992	4757	8874	10981	10851	12752	12637	6980
2680	482	7632	8642	10821
6347	12750	12829	6439	11805	13875	15551
403	9622	12008	13731	4667	7485	6453	3473	14177	4330	4687	13239	10909	14328	9271	13758	14081	11579	7124	14807	14498	15396	4267	14149	15251	15718	15799	13775	15658	15804	14120	15605	2187	10867	15996	5917
2695	12972	12918
7088	8193	262
5332	2066	2067	6004
1520	6788	8470	10851	14663	13047	703	2759	8674	12108
5782	13438	13528	10061	7326	8810	12304	14064
770	2195	3032	3164	101	9402	10942	219	11992	8074	11753
3527	5483	7975	9217	12918	13302	2581	4903	13621	2145	3552	3718	4085	4991	5269	7214	5832	6603	7036	7926
5563	2174	2660	2373	7893	3862
4693	6010	12325	12737	12590	14179	15793
1921	3571	5410	1988	6963	9700
5049	594	3384	7091	8136	360	14182
4511	3220	14474	12999	15293
2743	6811	2041	10169	1099	9045	11627	4514	5167	6704	8669	9647	12313	11678	1292	13448	12346	11102	4582	13765	13239	13274
711	4980	3828	6318	3824	9713	6162	511
2057	511	2826	527	1250	5982	4250	4627	2412
6475	1153	1151	12803	14008
4807	7832	3271	4054	392
6591	14269	10511	13721	15662	16104
2649	3384	13370	9067	7090	6740	9756	5900	6526
4221	13305	4959	8601	11428	4993
6197	4855	13439	16015	8199
5956	4697	9536	1400	6917	176	964	1926	174	9968	9404	8851	9311	9993	11709	15836	7251	15000	364	3619
1237	9501	3956	4256	4536	5277	7222	7824	11943	11944
916	12806	13276	14504	9965	13791	13720	7659	5794	10746	15228	14480	15772	6439	9172	16125
391	12598	14663	13721	14934	15892
6649	10454	9166	4992	14997	13036	13257	13901	15145	9294	1390	3808
2273	11525	10234	10297	14218	14242	13239	14473
1067	9982	9012	12456	10447	8290	11010	12441
5019	4676	10006	302	4124	4438
1848	1719	3041	3384	835
2904	14440	13875	888	15060	86
3576	5338	6473	7272	8169	8602
6754	8264	9062
2223	1537	10568	1736	10513	10414	15054	14301	5353	11435
1100	3819	9672	9100	11054	11629
2594	1931	4748	7450	10393	3415	7598	680	9518	10782	6439	11343	5649	12908	2895	11133	8935	7141
5947	18	10103	6446
4168	9872	11829	12598	13712	14808	14769
2313	12211	53	1816	3972	4074	4749	5117	5699	6538	7778
3338	3996	8013	4962	2428	2800
6830	97	6951	7223	1676	2757	10158	2755	9150	3	1806	8599	1063	1675	13119	6439	11938	12643	4688	7522	7578	8826
4270	1791	9692	5250
2827	10909	5728	4802	5505	11835	14769	13239	14806	11441	15281	15392	14851	15345	11516	14237	15533	15777	15971
7046	3556	5017
5892	56	511	1240	1637	2148	2341	4558	5699	6707	9742	10664	11333	15085	64	735	5386
1818	209	10300	7574	8876	11200	3180	6688
5702	3877	11928	12886	4606	5811	5874	9798	10780	9635	9927	13361
4086	884	250	184	882	3044	3378	1224	2639	3027	529	2552	3627	9447	12737	13815	3421	10079	13689	14661	14769	10561	14666	14981	11233	12171	14783	15385	8997	11101	1202	15654	15987	15944	16052
4784	5018	5642	6003	6609	6725	11209
3886	6441	12617	15001	230	284	1137	1795	1904	7891
5542	1146	1374	6355	1891	4913	3481	7578	7333	5113	8486	9462	12	7045	10203	6990	15002	15004	9240	15479	15872	15870	7020
4629	6704	5049	11634	2616	13655	5443	9786	8127
2114	7371	2159	10501
6851	3254	301	1170	7700
2084	7978	5683	13703	2152	13057	1137	1590	5252	5699
5260	1824	9511	10120	13284	3315	3843	10029
3416	242	715	499	872	149	1092	477	9763	7701	8388	8978	7271	10953	4145	11369	13773	4502	8055	13942	15663	15248	15925	10782
5257	5133	11722	9163	13765	9482	15058	15658	15706	15772	15885	15082
2253	8064	10189	12598	12636	7421	13684	14504	15044	5472	86	14972	15507	7447	4028	14656	15496	15690	15997
87	13493	53	1334	6428	9798	10766	14206	12628	12150	1900	14648	13206	8633	14761	3569	5050	11778	11356	10127	5410	304	338	6057	7160	12947	7074	14370	5122	10822	15812	1398	2058	2552	3965	11969
1699	7527	13153	1464	1469
5287	5209	13758
1979	469	926	1446	5055	6488	9575	11591	12042	12097	13249	14110	1528	1619	4309	929
4790	2603	531	12067	8212	3166	2224	2654	6043	5749	5376	9607	11704	8824	770	9304	5810	4863	4455	9367	6704	10922
4985	5333	825	9712	2581	7057	12183	13665	5022	5763
4853	12289	13059	12429	11071
3471	7115	1276	3808	12286	2490	12614	11673	14205
970	4568	5014	12752	12886
200	1765	668	5209	6421	643	675	9338	2634	5146	443	9748	6271	12332	2089	1605	3576	7567	15158	11802
3115	7508	3795	822	885
6000	12598	9163	12927	14269	14105	13721	15895
2435	2699	9317	10942	11056
1606	4317	3814	6554	776	5218	5219	5569	4617	11744	9543	14414	9728	13313	13590	14466	13342	14698	14686	14614	5390	7119	7043	15836	7351	15744	16124
3012	5614	11942	1094	4561	12634	8096	2842	6731	3164	7241	12955
173	8765	9945	10117
3662	9613	16104	15579	8537	16102	15873	15302	14920	7842	2042	16108	16233	16114	16218
631	3553	4435	840	2517	6975	8833	13239
650	13764	13815	13511	13319	11805	12542	14916	375	7654	4101	945	6736	502	13457	12821	1137	7035	11667	3197	3204	1637	4669	6393	15191	11666	15054	15661	15998	5683	411	8014	15365	15366	15982	16058
1087	2225	3135	5836	2904	738	8368	870	7271	8795	10648	1816	10754	4594	9312	1537	10115	12580	10511	10460	14268	15076	15530
6361	11694	9749	12868	3398	8224	15002	7514	4397	7114	13591	9462
5921	865	6930	6857	786	2283	5790	1537	3852	9763	10169	7291	13552	13119	6541	6312	13034	14498	13817	13875	12440	624	9963	14940	86	15539	5039	15793	15563	15199	15366
6495	10901	6159	14424
5633	10061	4976	3349	8223
6796	8834	104	6432	8782
124	3068	2782	1924	2284	1246	2486	281	284	285	287	278	283	702	9857	4147	9655	4543	3479	14491	1736	3399	1276
1340	6386	913	7723	2019
96	7439	9715	10760	12538	885	4824	7420	11021
3276	3002	10532	6771	7003	8608	1720
6775	11381	11524	12069	9902
2499	10688	11334	2041	7433	11462	14094
6190	5014	79	981	6664	6165	11280	11353	11573	12598	12324	12832	9756	12806	14387	13720	86	15392	15363
2954	6633	7443	9831
6444	13728	7516	4021	1813	7731	8455	3805	6399	7164	12085	219	11940	2139
1176	5288	6810	12534
2937	2505	2391	103	9116	12560	4076	11271	9301	5347	10478	3994	13459	13273	856	6323	4422
480	14494	10027	2026	13177
6917	6888	10966	12429	2680	13450	14390	2571	13875	10511	15449	15444	15658	15363	15446	5569	16065
2771	4218	529	773	5071	9816
2815	1977	7172	471	4352	11280	11353	12091	12769	12699	13646	7147	12657	12806	14569	14792	6742	8997
652	9210	397	4440	6111	10332	11256	13966
6590	7556	2399	10608	7106
2662	116	4540	7920	2915	10945	8065	12769	12287	12657	13119	13416	14923	14415	15688	15854	14896	15637	15579	16154	10517	16087
5250	68	4601	7834	1985	2386	7165	7318	5202	6450	758	2641	13485	4512
4560	1380	6177	5599	1074	3804	5351	10901	6424	11678	9163	2702	12832	13604	10905	14854	3324	13274	14318	86	15364	9754	15158	15369	15610	7696	15971	15939
4991	4774	8696	2221	9558	9874	11622	14653	14846	15043	15467	15347	15530	15772	14212	16065
748	4375	9677	301	12364	12752	13655	4244	10366	13239	9684	10111	11975	9083	15483	15226
5716	2930	655	8208	2168	6630	4647	10444
658	271	320	5705	8958	10908	9054	13758
5261	924	12616	7659	526	11945	11957
1097	5957	6163
3027	3948	4878	10074	9560	11212	9208	4646
4664	7627	5558	5933	12071
4947	15322	7995	1393	1305	9543	334	7616	13682	9642	8217	9180	9677	14507	13942	8477	10460	10461	14512	11776	13073	13720	14897	5159	5167	15373	14903	2680	75	3808	1585	4388	14000	16023	14920
1753	2680	14007	15868
1222	15123	6810	11432	9707	8932
5816	14129	10475	5697	14556	3941	3384	5314	7478	9700	10197	13246	4782	10719	6771	12976	13141
785	426	692	305	6950
6407	593	7279	1626	3461
6209	764	8038	9098	9613	11910	10189	11115	12678	14331	14473	15998	10067	16094
5076	5049	5445	7633	3256	7449
6718	13605	6810	457	2090	7778	2328	4325	3808	8569	9712	13447	3585	4037	6224	11434	13956	15499	3428	15201	3230	15907	8392	12851
2615	7009	9471	13837	13634	15373	4455	12882	5914	13310	16093	15802
6439	294	277	290	681	6811	3886	8837	11054	6010	9163	12437	13683
5107	1821	2152	4892	3669	1410	1826	4758	7633	2128	6836	2706	129	6292	266	7516	7185	13942	13729	2284	86	6742	13309	15333	14592	15473	15412	11866	12582	13231	15707	15690	15868	15787	16007	14000	13957	14471	16048	16151
3	11928	12283	7632	5648	5875	7609	7633	8347	10286	3092	9236	6369	11564	7526	7204	9686	7667	13795	14207	13890	4353	16229	3465	9054	13212	11030	13941	13946	7885	15219	12975	13464	11481	4492	14182
2863	1726	2920	10668	10356	2987	7164	11613	2045	11301	1840	4480	12992
2221	12179	6876	7384	9739	1437
2480	7735	8522	10359	7608	4639	10038	14468	339
452	10412	13633	14884	1968
7132	15251	2712	15894	15997	15780
4803	4636	12829	11364	1137	7072	15093	8880
2611	6274	9053	11524	12358	13712	12806	12739	14652	15037
5444	10163	6439	10532	12965	9391	6742	14675	15895	15772	15637	15748
365	6355	2917	308
628	672	12104	5455
3685	4353	529	10385
5881	8259	9862	9519
3642	10116	11742	12769	12196	6214	6980	7072	15093	15603	15783	15722	14767	15999	16045	16022	16044
2817	12609	12984	15101	2295
2392	1697	3468	1176	1020	434	6151	856	9005	8229	12321	3421	4645
1039	53	432	1375	2030	2092	3318	3398	4033	4857	8257	10473	6023	3640	397	3635	5219	5424	13620	15264	9673	9895	13446
6967	3113	8820	5971	934	2141	4335	14008	2252	856
841	6300	9830
4227	3043	3929	11912	308	3384	11434	5288	2631	4558	11179	15812	5970	14166
578	10725	12160	8142	14293	3604	14809	15076	14769	15043	14656	15205	4509	15836	15777	15871
5878	321	1176	8477	9100	4597	10780	701	1523	13466	7064	582
244	2309	1785	347	2881
1141	2092	5804	14316	12864	6688
4722	8586	12259	12771	10214	15384	406	15579	15087
3313	194	3384	3929	7603	3350	3028	7067	10936	12559	15820	5526	15112
3806	1512	3325	7232	1184	510	985	5241	5689	8663	4387	7948	8291	3656	3125	10164	6010	75	3551	1294	2057	10827	13817	10511	14967	86	5835	45	5117	8674	9894	13023	13583	1464	12447	5392
4417	3057	4493	4842	3675
1762	797	1212	498	511
3887	10856	5600	6851	6997	7226	9179	9212	7633	10953	7374	9504	14795	3441	12300	14677	9158	4900	135	2628
4568	551	2300	1042	1124	1376	1379	6682	7444	10156	13329	13815	10986	3130	4396	13738	14480	14266	15075	14614	10557
1275	9831	2301
1550	5671	304	338	4387
2042	3665	3707	5098	9540	10985	193	3692	10625
4777	1891	6819	6474	8129	14832	733	3759
1277	7478	5855	7104	7264	3473	11093	16201
851	529	3834	4353	6922
6166	7530	6976	9310	1611
4603	1901	7412	8249	5208	9831	3241	9577	9685
1070	4758	1628	10017	7461	12803
2582	6812	8134	7893	725	5626	3758	14436	9816	12870	1137
1302	1728	5480	856	2349	3043
6314	9383	3000	3670	4838	5256	5924	6204	6630	9831	10167	5248	5517	7751	9799
2389	2601	9059	9100	9637	9991	9976	12069	2531	15159	15967	16000	15971	14976	16039
7124	5294	12534	7795	6358	9389	350	3712	6170	11291	7988	8299	15383	3851
6829	5933	12216	364	2041	7790	10650	14578	3234	850
5553	10116	10235	11307	2307	11313
3540	2376	3775	9850	10116	10782	11736	10261	6950	10467	10839	2989	8480	3393	12440	86	14972	15364	8953	15690	2680	15777	15365	13272
3629	12829	14218	13500	14663	10461
3317	14958	15326	15412	13820	15887	15859
1121	2902	1836	4152	7452	3215	467	7242	469
3587	220	2383	8162	10326	13758	4906	7897	53	68	2130	5422	5913	7979	9754	10468	11533
4493	55	12206	3446	5988	5617	9104	1296	3041	3043	3929	9707	1501	8930	7524
4341	11554	187	2229	8298	10664	4891	14566	5777	3349	9645
1710	13711	12085	14489	15273	5353	6615	5124	12518
2333	2163	5623	4265
6060	6158	1066	3321	7194	9677	10527	11995	12479	14814	15438	8460	10427	15246
4471	1054	5231	5907	12514	2353	1469	2631
1512	5167	12803
5037	7598	7553	8698	6017
4691	3405	422	1137	6970	9784	13291	1186	6273	13047	7548	11905	8534	8463	6405	11582	14154	15379	7446	15220	835	9548
4231	4892	634	3696	195	1391	8659	4700	4926	200	1528	9338	11034	3392	12963	13141	5323
6463	6909	6874
3016	471	661	3502	4451	12358	12549
5558	5957	3753	5126	4739	10625	7568	308	8096
1556	11723	12829	2180	14167	856	14807	15391	15155	15156
2174	4619	4441	2970	9129	5807	856	5307	5311	14145	7835	3104	6832	10578	11151	13383	2881	6369	12808	13465	15285	770	10519	415	1824	1947	3528	4564	9202	9834	11548	1195	1898	11920	12673	15232	2347	10453	10456	10979
1382	2456	6788	7172	8994	9339	10224	9163	12437	12673	11678	15228	15349	15521	16176
639	6700	10976	11884
6710	7892	743	11492	9700
964	4555	1641	2368	3361	6629	1684	4143	1586	7019	219	3492	226	2755	4190	912	4104	9145	9358	12829	9939	10297	2506	6996	9501	13604	3828	7970	10174	13917	8046	11427	15060	13073	1616
11	2861	396	2988	4196	5453	2386	9632	10531	3712	8697	4440	10032	10406
133	1770	3985	13132
6003	7636	10188	4094
7033	678	194	2920	6776	10199	4139	10096
5884	12031	11474	11716	12519	9338	15729	4906	13758	12518	9900	14837	8454	5125	1766	8461	11315
2478	4302	8166	141	4523	13544	4728	13557
4645	7553	8652	10782	3827	4341	15361	12713	611
622	8349	8122	14244	6439
1742	1026	13473	4270	977	11772	9503	6979	8530	2662	11157	352	1237	334	351	7241	2771	3571	10459	444	1357	15716	85	15495
3795	14015	5572	7633
2553	6979	7632	4618	12326	14203
5674	2789	6696	8791	9144	10918	11069	10676	12100	642	4736
4304	4142	8476	9306	6717
1802	5284	3384	9707	11025	13348	8522
6912	83	12069	4794	10164	6010	12927	5286	12829	13551	208	13764	13731	13815	6104	6585	10163	2341	6440	12623	14071	11975	13457	7072	7949	14649	15228	14614	3938	15403	15723	12215	13319	2680	4638	14410	15008	15514	15533
3881	12069	10460	10532	10513	15603	14656
5456	2423	1137	6869
1239	9998	12262	12706	12748	10836	14269	14511	14466	10657	13274	15530	15626	15658	15800	15563	7020	16185	16133
3913	219	1821	71	11342	30	6401	6810	8329	3287	8308
2629	14945	1836	8452	8934	746	5223	11204	8753	2780	7367	10272	9881	10481	11727	12439	2181
165	5403	10427	11193	9941	284	5499	9802	302	8216	10274
4099	6628	5154	8766	8583	4021	7733
768	3043	3384	6684	2187	7054
7130	7828	7188	6976	9827	12467	7357
71	923	316	713	1909	1908
3473	8459	11273	15054
6396	14188	14989	1294	1329	5955	6247	2773	3608	13274	13720	2833	2736	7516	7624	9379	11417	14984	12551	15838	15889	15938
1427	3884	3929
47	2152	6506	4347	4961	7385
720	12488	4978	7713	10936	4308	4310	13866	14469	4921	5254	5291	5550	10560	11275	11444	33	2041
5516	849	1176	8236	9831	10966	11439	11484	12806	11157	15167	10658	14984
2285	13684	14435	10513	9391	9671	14984	14983	15895
6307	6188	12437	13184	14347	14509	11143	11805	15060	11506	11459	14276	15173	15396	14940	15191	11950	5947	14903	8997	15787	15967	12189	8955	9172	13816	14000
2939	2531	10460	9856	13387	15263	9634	6969	10534
1533	4332	6609	2086	8398	13257
2466	28	11380	11629	12421	11100	11331	12590	12959	12706	9240	13217	14652	15057	15003	14934	14480	9637
6517	5614	5992	3480
3490	6152	11846	12769	13684	12549	13738	14807	9754	15253	5947	15472	9071	14237	8164	1014	15967	15996	15954	15878	16125	16157
1403	68	248	2540	8464	11961	10708
6576	13234	4060	5117	8398	14018	10957	11459
2098	1996	3137	5269	1614	7786	8346
5778	13674	527	1016	7254	7663	13346	5185	14015	6944	10094	1915	9749	10279	10936
983	1993	3043	9705	11721	11337	3283
1481	638	656	10930	6993	7420
5263	1170	3470	9204	887	10879	5569	4618	14275
6673	3524	10163	12806	13500	9337	16014	10532	14806	13274	14769	15325	3665	15524	15446	4803	15954	3650	16017	16021	681	5070	16052	4795	4802	16172	2203	2207	3808
2569	1518	7484	9046
3307	68	219	726	1212	1514	2895	3376	4466	6707	8522	13146
965	8464	13760	2402	2145	7778	7885	4121	7848	13584
460	2490	1973	11299	9846
2711	9155	11823	1596	13759	147
1838	13211	14731	5256	14783	2693	8009	11565	5740	10338	11796	3213	10954	4530	4207	9007	2407	9787	15446	15539	15892	11290	15676	15996	15153
5993	1376	1563	2294	194	2068	6811
3572	3308	7648	7409	1830	3835	2825	1312
953	5898	9067	11211	11245	14407	12046	8568	6719	11534
4826	11843	11885	12679	14241	14009	14026	6441	14106	13738	7072	12185	86	15391	15392	15443	9560	13320	15706	15894	15996	10638	11283
1170	6440	14564	3958	15603	15108	2712	15367	16018	16091
5090	4504	2685	591	1880	9867	5787
6926	10040	10625	9440	13433
394	563	1191	1194	413	419	1161	2353	1014	6360	5547	3662	1378	4297	2041	13593	11309	208	306	8702	12540	9441
6127	1146	2552	6873	3770	9783	12266	14194	8063	11805	15392	15689
726	8142	3581	8097
4783	8746	356	13677	1137
266	8222	10851	12358	3938	13731	1469	1662	10902	86	15108	403	6917	7578	15804	14946
4252	4027	11286	5280	2101	5046
4525	7431	8607	6876	14732
3825	15361	15449
3613	354	1579	4165	13951	3392	5048	5973	2299
2608	2300	1071	5453	7916	9763	10313	8566	12636	12525	13764	14488	11805	14423
5731	9368	9367	11418	13549	13560	9645	11231	6334
2736	7022	2310	5824	2416	3490
4955	681	6294	3716	10
5870	958	3928	908	4736	688	5444	5734	3041	4330	3904	995	3384	739	8237	10964	4552	7748	2386	3043	13758
2082	3887	12749	13765	12806	12669	14806	15060	15362	15772
490	11748	2005	8316	12156	15246	2491	8285	5742	2411	5125	5498	591	9108
4111	10976	10851	8097	2452	7464	13765	12643	1823	2989	10872	4037	14886	10557	15604	2706	672	16146	4025
6791	1947	10946	4441	1877	3556
4271	7602	740	3536	8837	8680	10953	6810	9927
256	3120	10321	10106	163	444
3232	842	2346	5123	6032
666	3827	2490	11599	8590	13652	1054	1051	8452	12104	13926
5963	9098	7092	35	10949	2907	5351	12753	12332	12769	12376	13107	7024	12806	10909	13239	14473	13747	13838	14487	14973	11776	6911	14769	13896	86	14497	12551	14149	15050	15714	15542	16096	16023	16160
3510	9339	11857	12829	11847	12102	12196	4234	14165	13500	13738	14854	11798	10511	10575	86	14152	15364	15392	15435	15595	15443	15756	13430	15446	15531	15365	15971	15927	15087
3560	12358	280	6910
2119	1253	1926	5811	6800	13899
6149	1571	12186	12769	8395	13773	14335	10902	13239	10511	15076	12825	9075	15064	12582	15734	8955	15542	15997	16007	16164	15569
427	625	2756	1541	5807	9688	349	2308	7812	5611	5431	7448
104	53	8132	7578	4892	13583	5521	10302	10946	9964	11168
80	1825	2766	9831	11846	12069	13107	13604	13814	13682	12653	14258	12185	15075	13430	15658
1926	386	797	473	5607
3708	3929	7630	2005	10446
3934	317	6259	1214	5717	11566	593
1464	6709	5202	9552	15076	392	6125	6901
5999	1324	11439	4660	11021	7640	3809	10348	10349	11136	1422	2490	9018	1904	5699	10090	12141
6067	7453	5614	10091	12032	12634
624	9077	7066	10057	13239
172	14993	308	11612
1524	4371	22	13914	15075	1014	6934	10120
4023	6493	6900	9271	13921	14145	5786	6316	9668	10015	11034	11176	13463	4085	14305
4694	3384	4422
3627	1294	9501
1276	3670	8607	9739	14922	370	3614
5450	13429	13119
1717	9712	11280	12829	14656
3898	856	3384	2531	10290	4126	444	2506	11802	14772	6009	6829	6744	11313	13497	13588	15350	11277	15799	11712
2262	11153	12851	9721	13224
2989	2373	4135	7530	5402	5627	7379	3789	1055	7013	4927	7161	6405	13101	13236	14923	10400	14409
4229	1004	490	2452	2173	2730	8849	2660	2214	870	3972	2407	8659	6810	8994	6379	10946	10061	12332	3487	13994	733	11155	1338	14327	15059	3398	1434	10020	15752
3712	3548	7530	973	4918	6376	9903
1986	8361	13284	3929	1250	3563
6462	13245	4587	5387
5567	3376	2895	511	681	5854	2695	97	1731	5704	856	11484	11914	10502	13764	10857	13691	15530	929	15446	2669	10116
4056	593	3254	8904	591	7778	1099	1587	13020	11153	12167	12685	14939
3043	932	13683	10057
5139	2394	882	6569	5284
6291	6794	8286	10778	2467	3613
4339	4734	11791	12829	12971	14218	293	14335	10513	10460	13721	12825	10656	13682
2125	8453	10435	1174	2301
2798	8235	10212	7844
298	505	1013	1099	14402	14335	13047	7072	15093	15661	15363	16018
6384	10201	4275	8607	7596	9942	2386	12440	8010	3350	11099	302
1011	797	4792	2341
7045	4217	13433	14165	13239	6441	15220
1549	2719	10090
5131	5202	4353	4774
1592	2840	3369	3381	2166	7587	380	2629	236	3604	9163	12413	5691	12806	13429	13348	6440	6898	11889	7072	15396	15432	15392	3215
4552	11723	11857	15075	5426	6164
7098	9672	11843	11349	13184	14440	14637	15364	15220	13920	15658
3758	1030	834	2294	2954	7942	8627	120	1142	4913	7121	7552	9911
2347	3304	5153	1137	1840	7452	9326	5500
2089	151	5518	6033	8259	7494	2294	12205	4388	7032	7703	5897	1520	1654	2084
5837	5840	670	8197	11276	9969	8013	12896	7614	8715	10884	10960	11727	6096	13313	10790	13859	12464	10563	10385	12833	12832
2361	7309	8413	2646
2576	10604	433	5737	11436	10217	14076
877	4182	10481	11077
5910	5562	12601	6657	343	13825	11782	1174	13807	13824	92	3942	856	2354	1322	1434	4777	7248	13141	3473	7268	1001	1045	2982	56	10014	2706	7503	10942	78	1435	5846	858	11772	14584
3223	9999	10560	1147
5161	6120	9318	13318
6097	3026	10277	13676	12197
5979	1245	1055	3929	3376	8137	13055	2665	11727	778	12198
910	12792	6623	825	2402	6435	11659	10322
6765	13433	11963	14362	14467	11137	15361	15446
2612	110	3010	1182	201	2773	3529	6534	3100	1538	1247	3186	4304	14517
2187	9052	7189	12536	11678	12186	12598	12152	12588	12657	13655	13351	13752	14423	14318	14269	15206	15495	15688	15100	14857	15900	16000	15637	15365	5205
6845	6946	10384	5758	6707	3374	6949
4507	3074	10701	6633	6842	9759	30	3293	7530	8477	8486	1227	2187	2359	12519	13481	4514	1458	1610	1956	5135	5142
4272	10930	5691	12068	12982	14105	15004	15392	15064	11666	3303	14935
1264	2067	6944	3013
2199	11456	6076	10446	3084	7259	6333	805	1850	8828	11858	78	1184	2471	13633	14882
6774	5878	1910	6731	9367
648	2816	3043	7804	8935	5957	3692	6579	9317	12149	9340
1348	4440	9667	11081	348	15167	3965	10933	11693
582	12798	11206	1757	3670
5082	2992	1105	3523	11634	2730	4851
1285	13065	3828	14892
6901	5274	1409	9444	11622	7571	14488	13817	15443	14959	15887	14946	15082
6232	13329	746	13822	743	443	856	8225
5109	386	1005	1784	682	1781	6717
2844	9206	850	3404	6214	7068	10356	13406	10454	11999	1800	7366
7072	10725	12806	13935	86	13978
4621	8793	1343	2838	6689	14430	12817	1174
2681	10	192	8795	9928
2783	436	1717	2913	3517	3948	7876	11729	12829	14033
5193	10854	5845	10833	12069	12829	9163	5627	11411	12748	13684	6768	10835	10836	3006	8385	10461	15069	14769	531	4582	14640	15123	15610	15594	15738	10236	15777	14422	15933	1983
5388	8601	11258	2169	4026	8504	10985
1321	391	3117	641	4524	12769	392
1995	9588	1585	1244	2611	4127	8697	10468
339	2168	4758	6901	7694
3310	5558	3539	12367	1983	11256	7226	8981
3651	1900	63	10189	13583	10537
7050	1514	2100	5350	9202	1838	3503	6293
1271	12971	9163	10297	13097	13107	13307	14124	14335	14139	8493	14507	14973	5004	14343	86	15167	13309	14984	15392
2189	4251	2386	4586	5202	7360
3776	5055	9226	13739	13775	1287	4646	4846	5791	6565	1294	4600	4803	14031	9645	4459	4788	6401	12991	13868	4451	9756
4091	4748	3410	5414	7774	3866	2481	11857	3692
312	4299	5775	8269	12777	6331	14723
4000	2506	8589	13151	277
137	10	825	592	2300	529	6975	10261	5202	3497	162	392	6898	6208	13991	9607
214	10837	11678	13273	12072	12535	12596	8934	14613	15093	15333	14934	15242	15363	15772	2669	15532	15804	15954	13310	3565
177	10059	2545	15110
1641	3090	603	4701	5357	11641	1991	2924
1458	14557	14693	14106	13047	14769	86	13309	15971	3215	15521	16022	16023	12048
3479	1283	3639	6340	1707	5566	2996	5814	8305	8233	8653	1956	2301
3536	14983	15658	14237	13568	2669
2802	12457	345	5106	8982	5584	6420
1664	662	1054	1553	7474	7687	9748	10347	11790	13864
491	7	7244	6976
4504	11778	13764	2802	13720
4054	14033	14335	13110	14333	13650	10532	13896	12821	15175	15364	15334	14718	15927	15365	16006
6766	8205	9719	6556
66	9763	6916	10450	11331	13679	3041	13731	14971
3991	1961	11258	9113	3828
6297	9922	14452	10348	9298	14913	15016	1391
4946	7392	7779	12515	12879
3528	2639	2142	2565	2645	1908	9447	1924	52	11439	10983	13211	14696	13646	15387	15392	14212	14000
136	7578	8047	7394
6786	931	2653	3337
1003	8206	12072	11841	6375	3682	5286	12541	12959	11312	380	13651	13450	8470	13429	13047	5008	15392	15574	13430
5315	12792	5904	2410	6015	2871	10516	10782
506	11855	1503	12829	9742	11137	12008	11696	12806	5118	14440	14219	8935	3948	14106	1196	14424	14806	14967	14769	7814	14152	4097	86	15362	15391	15388	14437	15100	15443	15658	15365	14946	14000	15082	16088
3418	797	587	1054	3985	5925	52	11930	12548	12771	13623	10057	14498	14661	10059	10521	15152	15049	15871	16044
6490	8417	14973	14815
5436	11525	12068	5532	3609	15887
7104	308	6064	8165	14241
5953	9059	9100	10945	11346	782	1074	12347	8065	6010	12769	12033	12679	13691	13963	14328	11455	10731	14793	14437	15892	14120	15365
3624	8976	6331	396	10277	5743	7995	6048
5469	4774	3323	10457	10251	3041	6439	11691	9605
4668	396	529	3017	13234	9208
4225	8221	12316	6963	12479	824	2289	11656	6854	7313	11616	7271
1151	1555	9448	10027	10513	11427	15335	2680	15894	15355
6811	505	882	680	536	910	1099	4437	4078	4500	3623	6569	9615	7809	11708	13493	4883	6976	11729	1119	2148	13320	13105	7556	855	925	11750	13847	13578	9574	12868	8042
5474	7397	13677	310	14739	46	890	2349	6321	7008	11626
303	13731	14506	10511	14808	86	14806	15368	15530
4696	13599	14559	3050	8676	14473	11489	12083	13232	13840	1014	13721	8900	14491	15175	15396	14958	9821	15044	13156	8953	15345	15735	4686	15690	14783	15654	15542	15355	12264	16089
5939	870	2682	5202	7164	514	2846
4036	1820	2726	8919	9098	4823	9991	12535	9163	12033	12769	8180	12347	13684	1699	13469	10163	6439	14498	11798	6441	4582	12821	15345	15658	3376	4109	6162	13940	14000	1137	9903
2422	10156	10389	13731
5855	1510	11169	9177	4459	6712	9205	15488
3437	1305	6960	9054	1749
1648	16065	16017	16021	16055	15748	15521	11481	13272	16145	16122	16154	15302	15797	15798	15904	16143	15916	15909	15788	16100	16172	14920	15903	16108	15877	16170	16224	16190	16237	16181	16203	15823	16192	16218	16241	13510	15726	16240	15977	16173
2961	192	3038	1027	4347	2758	9742	3514	1556	10164	12266	4085	6326	4262	1034	10163	3948	8935	6321	13324	13875	9973	14877	15500	14007
4998	78	726	3480	7064	7616	8306	9592	12206	964	2949	9937	5061
5050	1982	7778	9035	3241	7412	9764
712	9826	6609	14804
2161	5141	12985	9007	11993
5483	3544	10771	14951
3392	12708	14697
1821	2774	4998	266	5506	8825	5683	8073	559	783	411	1148	1471	8419	15679	9671	9317	11553	3249	8703	11551	14469	13515	8319	11443	14369
6489	4551	5925	4602	8331	5664	97	7778	4204	6927	8160	7453	364
6675	11433	7590	11973	13434	12229	1937	11647	8010	15572	6761
1796	4744	2490	6430	4551	8607	12476	10884	12196	6299	12184	11409	8982	12314	6587	9650	4665	6043
4247	1765	6897	2872	4751	68	1749	5549	6455
5488	9148	12598	14026	4582	10532	15446
2288	11083	11734	12349	12927	10256	13835	12704	15420	5498	791	15954	16039
2177	7111	6809	12316	1452	3153	4089	4680	9816	11040
2787	7471	3041	9678	8377	7124	735	12851	5917	7578
813	825	2045	10456	10519
4590	304	1015
4158	2889	2888	293	590	2098	3670	3673	3816	2869	3890	5138	3781	6800	83	84	35	12463	4027	6231
3442	2745	13409	14572	2493
3814	15694	11307	15845	16191	15953	13039	11228	16077	15454	15176	15200	15791	15377	16171	11255	16201	16076	15703	15884
4966	4472	5441	850	1749	1880	422	314	6101	1224	3834	7609	3971	301	3223	3556	6027	8396	11696	10403	7249	5118	8203	14002	10752
4185	2955	87	7758	5758	10591	7767	3422	4602	5202	2223	9100	6897	7368	12585	2503	3399
4933	1757	8236	11127	8286	3573
6803	1528	194	4687	4587	11608	244	9930	265	2267	10551
3944	13742	5456	4545	13376	15024
405	9800	9802	11985	14854	15038	6043	6146	8833	8852	9645	9801	12326	13988	10625	14228	15651	3933	10919	11264	12391	14018	14604	4455	7259	10944	14598	1559	6525	6546	6704	7478	8064	8096	8704	14245	314	11943	15269	804	11849	13767	14405
4970	6971	9315	6976	8526	2938
731	5482	1239	1234	3507	9991	3415	3488	3505	8674	10668	406	9692
3767	867	4231	1146	8238	9497
6993	2008	8477	7098	12791	711
6540	914	534	1146	83	926
456	5202	11644	12871	14621	2579	5240	8257	9806	13758	103	3254	10144	323	1520	1276	9102	7556	12858	5957	12847	14240	15832	302	6108
4546	8225	11354	13433	13731	14210	14663	14507	11427	10532	1255	8419	7578	15894	16202
3483	3545	5869	8182	2945	2960	7186	498	2212	5247	5891	9540	4717
1911	904	3934	3042	1011	5495	7056	63	2725	2710	8179	376	1599
6762	853	733	3005	1127	9959	2795	5614
4811	2385	3058	1285	3665	3099	8455	5186	5721	5096	8589	9067	8795	9334	4027	11433	12315	9900	14923	14343	8257
6193	10947	14241	14219	10460	14575	15619	15100
4495	5930	8538
5867	1267	7045	12915	363	365	2197	8191	13736	10161	13048	1062	3637	13831	14631
746	12358	12902	10945	13274	10511	10532	12339	14575
4421	2386	5898	7853	8636	5557	8499	241
362	1869	2852	3436	1393
1085	4196	9830	10575	11081	9618	12773	7826	2307
5052	11346	12069	10513	15093	15361	14007	15887	12638
4337	2523	9801	10977	4993
3283	882	4217	3586
5430	3819	3856	3840	14622	14754
2933	5821	7457	364	8379
3791	499	391	703	6682	6924	5284	6253	6277	6876	9059	10981	11238	11743	11574	10258	14505	15158
6057	1790	6816	2143	1645	6963	7983	12806	10905	12450	8902
5863	2379	2071	321	6059
1482	638	2422	11519	9112	1541	15502
2793	8727	4645	2059	8070	3534	8325	6773	10299	1236	7991	14917	11658	1024	5811	13143	6870	365	10324	13236
129	834	10945	10516	120	8982	8065	12614	11102	11629	14440	1772	5775	15603	15275	15662	4270	14065	14235	9266	4539	15848	6439	529	15715	16068	15983	16078	1241	16101	11481	16027	15885	15840	11541	11497
4997	2685	6312	7864	15241
272	2090	4513	9644	3687	3828	10106	8848	364	6090	13674	5642	15314	9571	14240	14617
6726	8369	10268	6089	7235	13285	4618	302	6962
566	2174	2490	3449	2909	2981	9264	6378	10057	11284	7072	15058	14769	4903
5940	10930	11524	11678	12532	4640	10845	9898	13198	13815	13005	13184	14392	14435	14378	1099	11410	363	2557	12004	11545	14810	308	3113	14007	4365	5472	7598	15008	3384
1338	8852	13057	4812	5563	11413	11849	5713
6221	219	3972	3974	3976	7325	10019	3640	1212	9228
1525	9116	83	5722	518	380	13764	13119	408	14185	8049	7433	13065	14480	8387	14139	13387	7023	4048	6399	6095	11870	1909	2756	4515	10530	11923	3326
4948	11137	870	248	13295
5056	11742	12784	14293	11137	10461	15368
2979	194	378	4724	1720	3588	9119	886	8371	11439	6442	12130	5777	14203
6428	12585	2544	9457	9453	13006	15333	15479	6774	9604	9605	2490
6465	13765	13239	14806	15369	15619	15159	15603
5705	12439	248	9065	236	4994	7098	9655	6683	10391	13490
5252	304	292	294	432	430	273	571	600	498	2488	8212	6165	12619	2490	12821	12541	12437	13689	14331	10905	7191	13599	15104	15091
3942	1400	9100	11971	12668	2846	4046	11547	3787	13682	13846	8956	3562	10971	2301
3593	13433	13994	7400	13239	8759	6059	13935	14900	14851	68	15384	2680	15706	15835	16141	15870	15569	16127	16246	2284
6269	2407	2368	6588	3626
1446	6547	11525	13119	12611	14476	14807
3116	530	14763	12167	825
6430	3130	10537	12049	12586	970	1766	4387	4882	8907
2982	4953	302	318	1516	1940	7076	7471	7598	9585	2353	4386	7415	13287	3799	11600	10970	4496	1637	2254	7778	9996	339	9326	9327
5016	10169	11841	14423	13446
120	2946	9650	3629
6817	8145	6852	4431	11871
3054	4357	3140	8218	6997
2314	2490	5957	11021	11642	3043	4890	1947	2269	5269	5569	7144	8864	10086	10287	1821	3769	5613	15386	15507	7067	7271	14448
3159	11137	5303	10290	10596
2872	3627	1276	13639	11560	10746
431	13557	13733	14435	1279	9905	11427	315	14575
4324	1813	1954	2099	5558	8453	7915	10036	9616	11380	8168	12802	12499	12146	13273	13780	5118	13765	2341	13264	13500
3914	12751	13107	13446	14218	13416
5736	5811	5632	7268	6929	3043	2013	3556	7544	7919	5176	9338	7236	1294	11381	4284	5456	4837	8244	12769	13651	13684	14392	14511	12440	11137
922	15	4353	236	738	10602	2102	12518	4499
4544	13448	9391	15756
5992	12325	12324	12495	1204	14480	14333	12450	14259	14693	4686	13232	13401	3958	4038	10657	14613	14522	12985	15093	15359	14906	5125	11122	10814	9422	10080	15804	15342	10064	15971	15926	15954	15960	16031	15872	15871
4519	30	5202	15228	6653	7042
5926	11235	1099	2766	2887	7598	7834	8360	6354	13543	11293	8499	7331	9333	13978	5467
2861	1076	3077	4437	6633
5612	3147	4606	8799	13699
1345	175	883	4217	7982	4860	7578
1932	3384	9729	968	9086	11307	6048	11465	6399	10819	12108	13930	13992	15239	8881	10697	11733	11999	15031	2197	11228	13141
5357	6975	12829	12069	14165	6440	13721
228	5714	1816	8668	1184	3869	1423	11735	98	10653
3765	7084	7931	6810	68	3837	6405	7553	13945	1720	2475	5291	1175	8980	7753	13396	467	856	2523	2939	2941	3561	6240	9762	4921	4599	6653
2464	2065	7375	4666	2541	13211	13765	14335	7303	10511	13720
3762	2846	1913	6848	8232	4070	27	3964	6558	9692	3928	7188	1555	3793	1784	4961
4106	8385	7741	8644	10904	13450	11301	5090	12983	13232	15494	15384	14978	15713	15807	15727	15955	15635	15634	15632	15681	16031	16101	14212	16129	16154	15212	15957	15541
860	8015	7272
1984	3780	3220	11577	9079	806	4387	11675	3221	2438	4087	13284	5263	12488	5375	4744	10338	10835	3800	13154	14505
2597	9932	5111	11937	13187	7029
3334	136	1054
146	12829	14973	12440	13239
2970	529	12927	12829	10905	13211	1129	13119	14328	2523	15998	11313	7176	1947
6079	2211	10813	7235	14665	4283	10576	13589	9147	1709	13632	1481
1498	9	3254	12316	6971	1728	11137
2617	6788	12829	13655	15278	15579	15823
513	5898	8257	11122
4330	1879	2247	3665	8173	9874	3041	9938	12990	6421	13765	12863	14472	11454	14328	7957	11805	15059	13720	13457	9078	15364	15093	15324	15444	15734	15835	16020	16125
1770	1769	2983	9607	9059	12892	5347	11887	9325
128	7925	2269	9090	6719
773	3299	6725	8885	9748
3697	11115	7189	13119	12599	14807	14923	14806	15599	3549
3191	913	659	263	3807	5242	701	13511	14278	114	202	681
4839	13758	13651	13981	11228	3940	16191	14602	15845	672	1137
4626	1347	9926	1838	1137	5699
4932	114	600	498	759	4439
6767	3953	11914	15093
749	4676	14388	1247	1250	2263	7290	14615	1085	3447	7036	7156	7157	8409	8802	12434	12999
5142	5054	5832	8986	11423	4090	11931
5198	3043	1381
6749	5570	10993	13274	4846
1918	2570	5
4142	2869	1043	5202	10963	5585	13054	397	14696	15396	8268	5377	9749
4338	336	337	2376	8698
3544	3968	4483	6012	9656	10985	7230	13141	1723	8070
3052	3896	7755	618	1129	5909	4792	3130	4828	5132	9191	7878	6490	9665	4759	10790	593	6831	12103
2362	4217	5810	7433	743	3501	15419	11585	12355	4903	5464	5635	11093	13191	3281
4781	12897	7692	4328	13464	8998	9964	8645
1379	12829	13198	13097	13500	14808	14923	10513	11427
4310	3827	7379	3253	9459	10679	8224	10913	12069	12752	12376	13604	13184	14232	13683	13815	14473	14934	15064	2706	15123	13568	15345
4287	9130	10740	5479
7076	3682	8207	8696	4794	12034	11573	12598	11844	12102	11622	12673	13217	14387	14269	14335	10902	9718	14807	7949	14152	14276	15449	2680	15745	14946	16078	13816	16145	13272	1487
1399	11844	12706	11622	14508	14335	15037	13274	13650	15077	15364	15735	14983	15738	15954
1555	5616	392	1909	2933	10092	838	12059	1389	13141	6293
2429	268	593	1022	4910	6252	11058
3635	4543	8012	8398	11547	12442
1870	593	386	293	600	385	287	262	411	527	267	2319	1161	519	1835	1834	48	627	272	5293	6364	3424	4905	3965	10851
786	10	2386	12794	8538	13239
4655	1295	3533	2921	2628	2497	14564	14154	13288
7049	365	12675	3
4423	30	10403	219	6815	11432	3687	4990
5804	6645	8004	1319	6535	5551	15084	9340
5690	852	10226	7189	12829	12560	1425	4147
3935	236	1587	3341	1402	11226	8853	1365	1552	8727	12831	12832	12836	14403	15333	170	607	1487	1708	9311	11313	14882	59	1624	4176	9304	9368	9654	14950	2882
6344	2770	2891	3009	9437	11849	12700	1493	3523	12971	12885	12697	2786	977	14504	14564	14291	14503	14696	11518	12983	15191	15242	15420	15495	15531	15448	16144	16064	15755	16130
4123	12087	12969	11973	9864	13921	7671	9942
5954	4736	10565	13110	14509	11975	15892	15900	15446	16078
479	12830	15667	4426	13296	443	856	5913	9748	14774
739	8832	12829	13500	10117	13274	14007	15446
6205	8434	500	502	11480	2327	6849	7177	13459
4846	1099	10897	10890
4520	10670	9686	12917	3589
1106	2232	6930	11420	10447	7827	12806	2695	11155	15059	4687	14983	2887	15496	364	14076	15637	8955	16065
7094	3080	9398	3814	13093	14498	14440	11284	13373	3075	6824	11455	14276	15044	14800	13648	9701	15075	14796	15093	15145	15502	15501	15718	15333	14237	15626	2669	12189	15748	7756
5734	12146	12279	12219	13720	14806	4256	14404	15173	8446	13621	248	10224	48	85	667	923	2167	2680	3163	7856	15228	15158	15222	8562	15837	15971	15869	16057
935	264	9793	6657	7871	8378	5422	7782	3293	5298	6636	9184	8912	6411	1642	9911	4816	191	7027	7064	3030	9085	7899	12312	1713	1137	180
6908	5282	8795	4930
6554	1728	1821	4630	554	1508	1186	2929	9742	4561	13895	13189
5078	12884	12377	11485	15554
4383	8	113	507	1889	3497	9183	13581	9116	7052	6436
2169	3954	3955	4140	4288	4294	5768	121	7078	2272	8492	3124	2492	343	2384	11380	11525	5619	13198	14476	9754	15373	7498	2148	5377	6768	13311	14953
1430	668	1174	3395
4251	9338	3374	3582	1907	3384	3590
2784	5840	6137	1821	7028	8313	362	6657	3433	15473
4228	593	8881	12628	12838	7144	9670
5898	4270	8947	701	156	587	4622
6698	2924	12287	12701	86	12806
4701	4701	9405	7228	7784	10667	8376	5060	12769	11622	13184	14480	14971	13648	6742	9671	9754	15597	5125	15772	15604
4899	5209	8212	11376
4600	67	7523	10251	10302	13209	8323
1511	6357	7917	513	11914
984	2225	1516	11864	8293	10777	2773	15787	15927	15890	9335	6127	5335	1769	14709	9108	7753	14946	15971	16078	3027	16039	16044	8362	1222	5125	2907	14639	12101	14179	940	16201	8015	15088	16062	11381	16206	9406	16256	14403	8141
2195	8644	11884	13493	672	9954	14262	4279	1137	3068	13640	12534	13117	8322	6514	11788	3973	1923	6155	1520	1528	6252	7302
3260	3421	5552	6399	9645	6162	7849	10359	8279	7768
4930	3041	3540	7300	948	5866	7232	6658	1878	5593	1142	5487	2299	4089	4160	966	8447	6397	14219	12599	13738	8145	5503	12103	5750	15228	11943	11944	15887	7452
3069	11497	12652	5591	8464
6084	2808	68	10443
477	2995	3254	8728	1294	6261	6316	8515	4758	13297	2706
6696	12374	3351	8559	3634
6763	4232	3113	3480	2554	3953	5785	7060	7204	4028	10928	6355	8795	5812
5183	5529	5547	6405	9486
6240	310	6322	4587	5495	6045	8854	10936	163	5558	7367	1186	1489	2146	5882	14283	12832	12651	9215	9407	12366	13458	10623	11264	6261	7875
870	135	6560	6919	12120	12743	4275
3035	4110	1919	4680	3948	8100	6513	3678	9657
6471	314	2175	3130	3828	6828	6955	8524
4922	5642	4426	443	10953	2358	3463	11404	1509
3250	5210	7582	529	7298	2163	12893	15395
6417	735	2147	5749	6734	9407	11021	12207
6610	4219	5739	304	2248	6511	10277
1228	1268	1901	3628	5284
7057	8042	625	9145
6321	7753	3295	5580	7723	953	7157	9929	9683	1680
6332	3007	964	1005	1007	2905	1555	7444
6206	5465	2469	1720	6140	3929	4162	1528	2468	4076	5593	7974	3212	11778	6488	7425	13138	5067
730	3379	1082	6102
3018	7115	8958	6853	3832	6531
2945	10972	53	6697	7430	7471	8606	11547	12831	9067	68	885	8249	10653	1992	6233	8300	11684	12016	12832	12833	14135	14542	14853	4353	6137	6145	7065	11533	12277	6885	9108	10317	13817	6034	6810	9488	11079
1906	7898	1716	13117	6406	8132	7280	12329	1166	9930	13538	1294
2381	760	3839	5682	12828	2248	11642	12616	4063	5699	9911	10487	5243	6051	3829	9338	7976	1137
6647	912	5251	302	9282
3137	2187	3575	130	1179	2133	5605	9012	1797
5708	1420	8290	11521	8150	9108	15167	1792	13577
5566	8727	6055	10477	10951	14868
380	9816	3041	3384	7985
4207	1079	7106	6316	139	7910	6773	11040	6579	11576	7177	315	3938
6655	3043	3384	681	8062	21	84
4007	9059	12337	11379
2384	4149	2699	2428	6888	7239	2041	13330	3148	12539	815	1904	3063	3302	4662	8399	12188
6048	6857	10639	28	10811	4437	2946	1120	13980	4836	12232
3828	3759	80	13817	15228	15158	15578	15361	15772
3275	1160	6741	190	3763	10510	342	8565
1013	171	1669	8385	14412
33	4921	8429	4143	10976	9560	14107	1361
4864	12751	13764	12806	13738
6061	2603	7174	3041	7236	7723	7689	7648	9738	11054	10725	12325	12068	855	10835	10057	10905	10460	10532	13917	86	14343	15093	15284	15324	5947	15308	15449	15594	13568	15777	16020	15871	15872	16065	15869	15878	16062	16092
6635	10987	3384	10839	6725	11197	15537	11561	4010	14551
4027	10457	9308	10686	7442	4764	12557	12971
2575	3642	12456	12829	14557	6440	6441	14165	13274	14575
375	3262	9100	10532
6348	6288	1693	8795
2645	1974	2353	5419	5614	7302	11982	14076
570	976	8360	8469	5602	13942	1931	8091	10352
3132	3943	1449	1654	3907	8752	1678	8125	278	913	1012	2529	2859	3504	3628	3640	5173	8515	9714
5341	593	1138	380	1520	2299	2943	3628	4958	5969	8926	9155	11821
215	11769	10328	7006	1493
5503	4437	15724	10571	4517	9570	3734	13184	7101	7979
1496	13678	13818	13239	15253	15345	14007	14976
684	10516	15142	1523	4992	5974	7288	7530	7624	8122	9712	10376	13852	13987	14795	14798	15166	1406	6044	7551	9760	13348	13555
1712	290	5097	575	5125	8651	12211	5614	6424	8081
4353	14059	1592	12319	12812	14438	13459	7233	9507	11166	4965	6520	10001	10184	12639	12725	13205	8122	11554	11710	6682	11806	6256	9499	7358	3909	4533	11538	53	1829	5551	10710	12785	2907	14345	11413	15154	2295	15155	9495	13791
3267	15158	1655	14935	1953	15220	14903	15444	2680	15887	16000	15366	6111	15448	16093	16078	13816	16184	16140	681	16167	15640	11495
2625	12821	11844	12786	12990	13433	13184	14362	13599	14507	12611	14106	14682	13646	14276	14575	15250	15433	15599	8997	15629	15371
6677	498	1176	4026	3480	1202	8290
382	9576	9895	2352	3271	10896
3122	8142	13728	14210	13110	13239	11975	7949	15058	13835	13954	15689	1226	1663	1170	3050	15658	10027	1117
4262	7189	11524	6808	12829	13994	14177	14241	14291	14335	13817	14106	14219	10461	13239	7124	14900	86	14682	12951	15362	15578	9064	15868	14767	15342	15997	15521	15870	16125	16039	15082
1363	4944	4992	4780	5607	6685
2457	6591	11088	11410	13700
3357	4487	6676	523	1290	3465	1840
5453	7172	10247	10234	12829	12927	1212	13446	10057	12463	14333	10905	11975	86	14496	15714	15351	12668
4679	825	4592	2910	11155	15129	9686	30	5805	2623	2922
3289	13321	13264	11975	10460	13721
7034	7379	10680	12091	10258	12699	13963	14114	14796	15077	15707
577	2450	10462	14423	53	3215	4309	6048	6888	10813	11533
3941	11805	14807	10575	15368	15389	4296	15347	13231	15351	15723	15894	15714	15933	13816
2476	4742	2066	626	5581
4724	210	9495	7769
6636	1127	1068	1816	4564	4551	8416	8362	7036
348	316	53	656	2490	3484	321	1176	1184	1802	1729	8917	12071	11788	7716	12829	11805	14807
3231	1821	11206	12690
6947	1004	29	110	964	294	1567	6857	7172	8821	8933	13119	14488	14487	10713	14506	10461
4827	1146	6788	3487	12548	12802	13089	12657	13655	12739	13878	14414	13004
2525	12829	13815	12533	7024	13446	13445	13119	14242	14330	14967	7072	14783	14724	14793	15093	9671	14935	15600	13920	15220	15497	15629	15704	16020	13310	16160
1576	12736	13684	4592	12130	14509	13790	10461	14692	15367	15998	16184
2803	10486	9458	4288	7624
5364	219	610	386	574	3148	341	1956	10626
592	3829	842	4114	2846	14413
3462	1892	1367	7192	214	10854	9872	12598	12771	14257	14443	11798	14329	14923	14769	86	15373	15689	15446	8475	15257	15542	12189	15448
6504	314	10057	15315
921	13791	23	2525	6619	15085	7692
425	12917	5111	7856	13736
3778	2	919	12719	12927	547	12598	13429	6915	13875	9887
1714	1011	7710	915	397	10372
6589	719	842	9177	11796
5395	1117	10	604	809	2778	5307	983	5306	7530	8933	10352	7417	10169	11014	10945	11380	11312	11524	8065	12769	10165	12934	13684	14487	13274	14769	14807	15191	15389	6870	5362	16144
4848	7173	5077	9816	1836	3588	10192	64	68	74	4981	8886	10431	1063	11992	22	2195	2225	6511	5563	5655	11533	12201	7045	829	1245	1390
5726	302	569	4774	3696	10310	79	3401	4033	856	14218	14645	1792	4583	75	2552	2878	2975	3884
5077	3304	1537	1536	1747	10803	14945	7443	237
6391	5070	8366	11231	179	8584	6697	1926
1751	13392	7042	1659	4108	3936	10635	2633	14405	14600	1356	6671	10601
633	1068	40	1174	1247	2190	2294	4932	7077	7986	8150	9808	2680	6114	7307	5372	7228	347	983	1181	4118	4147
4556	5362	2828	5284	9969	12749	10983	11411	11622	12806	13239	13738	14443	14473	13764	15060	10575	13274	15057	86	13646
3774	3034	2010	9330	4769	1250	12524	6902	5187	5552
1701	12423	846	3398	6581	7126	14979
2694	15116	15694	11255	15829	15857	15200
3904	1013	12417	8374	10667	13307	13812
4382	830	2341	5116	5517	9991	12025
2956	9686	13044	13828	14780
1079	364	2892	4229	6336	530	7965	7597
6977	12959	1716	12183	13896	13858	15075	15362	15387	4486	15446	6139	15605	13274	15982	15448	16024	1309
4598	14535	10822	14492	13897	8149	14237	15830	7488
853	10192	3465	5750	6387	11187	7828	8305	4543	6906	9442	1054	13712	5125	5362	7778
4954	9444	9613	9846	12829	13211	13682	12450	12825	13489	15250	16018
4640	8058	10428	1229
2754	8372	10735	11692	981	8273	8708	918	8628	4967	10251	2641
314	644	3104	3364	1637	8509	6968	12348	4344	4582	14480	11798	12786	8771	1898	3851	7416	11122	6092	2041	8215	13357
6516	3043	4148	496	1098	11935	5125	10253	2695	4054	14899
6728	3033	7444	9444	12769	10057	13720	13764	15041	15595	15449	13568	15894	15998	15777	15954
6806	1513	6114	2146	353	4076	7065	11666	9692	5045	2215	10330	6084	10696	334	7578	7763	8507	2022	11753	11917	3447	10692
4139	3784	1107	5766	6345	3948	132	7098	11561	8185	5934
466	9607	9896	6491	4229	7578	5111	11938	9773	4671	5815	6172	11965	981	4318	5988	10418	8891	2386	10603
1561	6633	4750	230	1224	1459	3835	5339	5614	8608	9497	2215	3986	11907	12617	3987	7633	9337
1139	3819	2310	7720	3264
6534	4618	12069	3202	3537	7701	2603	1762	1763	14219	12130	2490	7072	14973	9419	86	15077	9661	15345	335	7433	2145	15950	16039
2022	856	1793	5606	681	10590	14143	302	4526	5914	6107	6775	9193
6619	591	4587	8637	8982	1111	1438	4337	5233	7442	9835	10604	236	4670
2967	8047	9085	1582	8185	2922	13915	1246	4982	6273	7267	13266
4737	327	797	1039	1726	5843	11026	12755	13712	13429	13691	14335	14854	14152	86	6247	15971	14969
3706	1516	7938	10328	1339	6976	4127	9484	3927	3857	7015	7099	2833	10186	11945	9428	5520	13437
6004	5057	7578	10551	6442	9368	6539	13548
2953	7191	6459	2040	5652	3289
2147	2268	2259	10	797	1493	11678	5691
3252	835	1613	1755	4580	13753	8262	11395	4616	8057	11803	4758	864	4659	6135	6175	8993	10504
5317	13119	9575	9224	1054	8560	7667	7668	8624	3148	10944	6882	13914	7488	8684	14570	14900	13791	86	5055	11367	14575	1170	4437	15848	10080	15804	5154	14102	15302
1758	5581	5449	3286	3895	1321	5239	2838	11985	656	9338	13718	8903	6703	4265
2166	10296	13007	15481	5614	15959
3167	15579	16101	16122	16027	16162	15956	15880	16154	15302	16097	9686	16005	15823	15085	15877	15917	16246	16249	16190	16194	16224	16225	16248	16245	16009	16196	16197
135	568	3442	1366	1409	997	3606	2976
4349	856	14776	197	735
1209	253	467	856
4006	3665	7237	964	2563	13233	13444	2025	5472	9409	14231	3561	7662	12151	4124
4634	11841	12829	13353	12346	12657	12098	14503	13047	12825	14652	15688	15892	16018
717	12829	12346	14330	13738	15578
3214	1523	9549	9798	1553	10192	11778	131	8808	2412	3594	12971	85	7564	13284	68	10776	82	3266	11402	7848	2665	7668	7898	8569	338	58	4065
3019	10001	14246	8017	11987	4739
1448	10234	14165	6440
2986	4083	13628	7460	8229
3657	608	5498	1340	6020	10916
5645	10082	4490
6360	9448	6916	11280	11524	12598
4928	8462	7343	12679	10315	10521	10001	4009	12673	9218	12637	13623	10706	953	14480	13752	14328	13073	14900	13646	11317	13598	14239	15415	14903	15220	10557	15892	5054	2395	15676	16007	8869	10074	15861	14894	7794	10890
1733	7433	11199	7624	1340	14005	6884	3376	12705	929	1935	9940	11998	12016
4605	856	3547	3620	9812	11790	15482
1626	5252	5326	6885	8248
5978	1509	5957	6509	12831	12832	14646	5164	7546	10272
1024	4795	10922	11748	13966	2490	9678	3393	6204	8546	4797	11790	3700	5776	9350	236	3299	659	2127	4756	4758	7687	7688	7102	4046	12570	13393	2362	10499	15255	15579	1661	6893	1072	12907
2807	9839	13211	14033	13239	86	15228	15688	835
844	58	9612	6399	10063	3063	2309	4587	8486	12038	12108	15051	6002	11543	5125	5839	7002	4863	8935	15683
6813	9501	10644	3114
3743	1027	5086	13807	8277	9100	16004	8410
3005	594	5209	12927	10909	9951	10461	10575	14808	13097	8097	86	7637	3162	2597
3641	9505	9848	14542	15462
3093	5142	6530	3065	5558	5655	6891	8205	4598	74	3361	4980
528	3205	3705	52	258	496	8468	10075	11380	12421	12802	12437	12588	12347	13679	13875	15465	15502	14656	15604
6399	1295	2893	8385	5488	304	190	527	3888	4971	8723	8880	10603	2014	6539	7659	9488	1100
6075	3272	5257	5782	5143
2666	5791	12116	8267	1249	1844
5641	12598	12441	13433	8480	14185	15800
1156	3941	4913	13791	829	14215	5527
7137	2331	4879	10635	8593	10968	3892	15382	2163
7099	5226	2770	6988	6986	13091	13207	12442	2471	13206
1488	9976	12703	12806	14330	14440	14473	10731	7949	86	15100	15308	15715	15082
5372	12927	14575
4444	9459	13433	14193
1635	4295	12977	10782	13124	14800	15663	14728	13568	15804	16020	4170	15748
5417	856	12288	9382	6697	10152	1097	6480	511	2225	406	9108	13733	12042	6170	302	15579	16101	15788	15909	15880	16104	15823	15728	15713	16233
4112	11190	12122
5687	10804	13273	13527	15027	2276	11170	13080	7609	10285	5202	3549	4746	4758	12167	12846	7636	10298	1068
6045	5476	28	300	726	1374	1891
5392	1054	2152	2941	13506	8109	7042	4758
5528	7763	8737	12021	10337	6536	7526
6072	10942	12792	1137	8440	11037
2710	1792	2616	4977	5308	10127	12713	11261	7373	11385	15299	6643	7715
2321	3946	4706	3318	7228	4993	14423	7271
1468	6208	11346	4245	5517	3461	7750	5940	6499	9382	3520	10061
6242	511	1294	12146	924	10953	11370	4110	5781	6604	8570	5671	11641	13731	14291	7400	2033	12091	10401	605	3475	10900	14926	15363	15446
5747	2342	6925	2833	3558	1956
5170	1137	8387
580	10930	2355	11857	986	14218	8935	13840	12540	15484	8953
706	334	454	703	731	1364	1458	1531	2262	2263	2264	2470	2647	2996	3410	3474	3571	4147	6116	6291	6711	6831	7880	10140	10419	3935	11951	12444	1886
6199	4097	7130	120	1294	12397
1563	11210	8328	9437	13525	3384	3043
6120	10629	314	530
247	12977	13764	12637	14328	14331	15121
4799	11437	1018	12612	2102	13000	441	450	451	5558	5655	6828	8205	365	3202	6893
5666	248	7042	14462	1425	13290
1880	996	909	8142	9124	9543	15777	16141
1487	3928	6275	9645	12180
903	5025	230	3829	6710	10332	195	8674	11151	10376	13804	14690	9093	3980	4124	15697	611	6585	10374	886	478	4130	14678
2304	3788	2808	11344	4769	4440	1613
3104	1973	4284	9354	9931	7130
489	10679	10325	12699	12068	14330	10656	86	9671	15244
2463	75	541	2846	3113	3169	4196	5614	511	3189	11943	8010	1029	11967	15085
1057	5957	9551
1589	11061	1226	10479	10891
5646	7104	86	16104
3599	4117	2126	11733	13433	6934	12463	14435	15208
138	6746	5661	14100	6585	1360	1436	3051	6255
5459	5720	3422	6173	12069	12033	12699	10986	10878	13523	13237	15599	15610	14247	15860
1113	2086	2237	7530	2100	6262	3044	9304	13876	2278	11017	14960	7689
3962	147	3319	5453	12358	5754
5729	7739	6090	10103
3339	2445	4644	6162	1819	2747	5103	10946	10226	9534	9931	12056	13764	15362	15403	14834	15444
370	15894	15365	15804	15954
2111	7905	4156	7578	2353	4347	3971	8780	3899	5693	1514	4772	5529	11045	11099
5888	4726	10384	7518	5572	2269	2878	1870	8645	1573	230	10345	12999	5007	4141	14205	12840
1916	1743	3828	8095	8721	11506	12097	7412	10116	2223	5748	8963	12233
6139	13107	14106	14807	14806	15121	86
5230	116	1658	11173	4947	11655	3349	5749	8312	12230	15565
6319	11678	12541	13931	13004
3958	8594	8595	11238	11723	12829	11681
2958	2107	4504	7482	964	11107	7488	9675	10284	4110	7408	7758	12988	4699
6354	12747	3929	12060	13450	13679	12806	8592	14777	13274	602	11944	13416	15552	15384	15302
3790	5447	6252	7999	11492	11842	12816	1514	14211	11621	45	824	1240	1669	3851	8253	9600	15293
5529	1000	6242	329	7760	9796
4263	13977	9206	933	1147	1436	1488	2378	3260	6581	10242	10260	12273	8247	4387	5692	13092	189	323	964	2301	2881	3000	3808	4587	6111	6293	10125	11040	12211	15803	4229	5112	353	672	3858	14027
1534	420	5202	11662
4906	11943	2589	11733	14528	805	1907	6707
951	3043	5529
5522	537	4437	1104	3461	11243	8286	11021	4112	896	13155
72	10271	5074	6782	5749
647	8594	9338	9100	12358	12751	8097	12325	12287	13184	13307	14807	10557
5840	178	3692	370	371	3670	3672	5113	7821	7692	13207	6950
7112	8772	12835	2189	3245	3434	8333
4166	324	1759	7552	10771
1440	7322	433	12602	14608
5128	9558	11525	6922	9712
2164	10733	11723	12829	11801	12959	13119	15226	15889	15954
1480	12535	11382	12069	13731	1974	13239	3324	13721	13648	15564	15539	15745
3742	2518	10845	8302	1425	7232	14932
3254	314	1677	5087
3325	3665	10325	11895	10189	12769	12146	15690	16129
82	8194	8195	1041
3872	12461	14637	603	14972	9671	15392	10308	15445	15734	13430	12189	15579	16101	16039	3858	16154	6300	15823	16247	13459
2068	5962	5131	9229	5471	593	8173
4033	8486	14308	11214	409	6906	10015
4279	6577	11102	6440	10461	14897	14682	15373	15158	14007	15999
1105	5614	8896	10416	2646	9537	13003
1743	6292	6291	12065	5998	12832	14479	2981	8410	6170	10330	14203	11913	186	347	6103	6923	9453
5021	9485	9591	10689	843	4450	3903	1227	6717	13758	7513	8561	2472	3536	6775	4087	13190
3798	2439	1434	3289	3723	11062
865	11137	15807	7516	13358	13419
3433	10169	10681	12598	5691	14473	13721	86	15041	15368	15391	9626	15997	15365	15637	13272
3041	8898	11696	4764	12234	3626	7901	8354	11820	1448	13153	2552	1068	10559
2282	968	9525	4056	11099	9644	3859	8107	8405	5703	4443	14218	4235	8129	5164	5644	12592	15794
7081	6438	9103	3164	4196	11727
2496	833	5019	3838	3759	1137	9142	4279	1805	7085	8865	740	15188	13439
404	9085	10151	10542	14218	13207	4195	13791	2613	11182	9245	7038	8721
1675	1971	9304	11831	5012	6158	7716	5263	11703	308
6706	3309	1101	4393	11734	12034	12886	5691	12740	12596	13239	11579	14569	11863	4921	14239	13483	11796	8997	15365	16157	10517
6949	9560	6254	10016	10740	6834
3303	5481	9098	10145	11021	11805	7879	15484
5059	6735	7369	5569	3350	5989	3228	3999	8194	11475	6387	2905	11430	7640	15051	5674	9724	9502	15395	12857	972	13098	7215	2292	9457
5418	2846	5691	12060	12806	14219	14807	14809	14724	86	14972	14575	15065
3669	6357	9098	3782	11280	10189	12699	13764	13655	14026	14124	13817	13047	14807	15037	10461	15075	15465	15362	15801	15997	13272	16018
6283	5112	3480	3055	7192	8696	9339	7526	11525	11680	12351	12598	8097	12771	12971	12699	12740	12350	13969	12657	14335	14476	12450	12463	13942	13963	14569	15392	15892	14960	15804	15999	16022	15087	16024	16039
5201	4057	6934	8165
797	479	53	314	623	490	856	4982	1063	3106	1501	3107	4469	5505	1176	5021
2856	5284	5798	569	10117	2785	3255	15030
4127	2164	3184	4407	5182	976	7675	219	8008	10502	120	8876	12678	1892	14218	13119	10163	86	954	14748	15941	16144	2344
1031	14198	7929	9805
4467	9677	179	1203
1891	1106	10801	12152	14104	15152	15412	15108	5426
2211	2148	511	5443	334
4459	2073	524	4966	6867	13930	3889	4561	1838	2107	4059	10628	2162	5007	310	4978	7854
3943	8589	3464	9680	12242
2566	1493	2858	12535	10256	12588	12806	14510	14326	10460	10532	86	14239
5099	2951	151	1514	1641	2150	8238	7632	7141	6415	8766	4648	12246	12250	11238	13066	4115	11819
2849	6090	6675	8898
6162	10680	10976	11312	11380	10257	11622	10163	14033	14210	12060	13684	14329	6980	14655	13875	14923	13457	14675	15354	15629	15999	12189	15982	15859	15880	16154	15302	16097	16178	15569	16176
6928	5049	4286	11158
7025	11852	6510	1666	6340	1509	1682	5015	1298	2471	4240	228	11406
1404	4863	1309	6672	13227	13319	343
2577	11137	3604	15579	10740	15120
1661	13825	9607	8123	12173	5733	5799	9124
888	7633	14417	6481
2825	3246	14622
4472	6228	9047	6779	10161	8078
5971	978	112	3507	2164	627	15208	15690
3509	1351	4863	8081	5588	1294	1434	1637	4587	8851	13669	3434	4758	13508	1192	14034	11376
6520	5468	4292	10923	1600
2534	10630	1473	3227	3817	11634	7498
5482	6707	12069	12441	9411	12033	12769	13102	13684	10163	12806	6980	14424	13164	13666	14677	15284	9064	15927	15367	15859
635	8991	6090	3571	10046	1137	10166	5089	12175	788	13876
5659	1963	2753	3456	511	10457	4575	11402	15666
3374	7100	7553	6277	7316	8806	6393	12522
3595	8449	948	10732	10169	4824	12771	13552	13623	13944	14569	15075	15077	15389	15998
3519	10645	7661	2472	6468
5316	3876	2310	7268	1573	364	2431
6898	10591	830	2788	15167	9123
5614	365	8753	3384
4424	13353	14007	15745	15793
2407	667	3421	12769	12806	13500	14335	14807	12350
1647	1384	3628	1365	3765
7075	5947	14437	9422	15472	15682	15715	15681	16025	15579	16020	15804	15933	15788	11481	15909	16018	15885	15823	13915	15252	16172	16192	15994	16246	16170	16245	15939	16224	16239	16248	16253	16228	16241
601	3033	1024	871	591	2601	8619	3404	9333	10004	7765	9891	7978	4576	1639	11999	4052	5335	11750	1093	1469	338	11409	12714	14790	593	194	4122
5428	7414	10149	334	11609	5821	9477	13750	15232	1228	612
1537	15651	4147	5593	8268	12572	2041	8808
2808	218	7755	703	1949	4612	6032	8837	8839	8894	10474	7113	9752	1728	9174	12346	7264	4428
2744	6751	6894	179	3785	13860	11571	4004	4028	7015	9624	13852	29	308	1138	6240
4172	4055	928	1881	6898	1286	9091
1832	2971	2920	5002
4	6418	9157	14149	3384	9632	8997	5496	13568	15524	13649	3912	12736	12517	5055	1816	7778	8975	7202	8839	3050	11818
6922	1774	13208	5553	9279	13306
3834	627	3682	6929	1088	7530	7918	7379	8206	7916	7919	8595	12421
6732	11255	6108	13734	386	3089	4231	319	797	7071	7226	1958	2049	2490	7390	6140	1186	12167
6098	6682	10854	9816	11975	15069	14152	13309	15735
1636	10728	7853	3628	7844	5083	6458	13583	4602	7471	3411	2507	10004	4512	7241	14352
5650	10801	236	11976	13559	302	1725
4823	1926	10700	8253
3539	13738	10177	5386	13675	12315	10655	4180	14685	4196	12821	12825	15103	15175	15396	10659	12834	733	15554	13430	15524	15384	15837	16020	15996	15999	15579	15514	15880	15942	16176	16202	16166	16190	16218	15302	15611
3090	7289	9244	9967	8879	10851	12752	12829	12748	13351	11217	13655	13399	13401	14605	12339	12825	15123	14007	15446	11481	13272
2284	9160	1373
1330	6901	8171	10863	6884	825	4395	8728	10717	6196
6657	2862	7898	2676	56	1309	2299	9536	9903	13807	14413	1454	1939	3023	8774	10210	11778	12096
5423	4078	1212	602	9173	13438	3749	7453	14887	2341
742	6424	11910	11857	12499	12829	12806	13273	14509	14327	12959	14105	13457	15044
4491	2638	175	856	314	323	3549	1857
5608	794	616	2820	3012	251	627	2386	3860	5109	2759	2069	316	4538	7219	6973	5492	5614	4602	8277
3524	9545	7302
5504	6247	3787	6534	7856	10413	7608	9751	541	3065
3589	2413	6807	3160	6245	5933	53	2301	5365	5976	6287	3808	6842	850	6570	7189	8802	5807	2534
4496	759	1879	723	3169	2041	2728	2751	4801	9059	4424	8081	12311	4910	12329	2575	8621	3068	2145	14202
1473	2386	4618	9707	11180	11733	12819	14553	11952
5523	8811	13733
359	5240	3000	7717	12861	13811	6751	6783	10120	11441	3633	3721	3024	4302
6261	529	10903	11115	11680	13132	11622	13815	14218	12653	13875	12301	86	14575	15284	15049	2669	15579	16022
6317	14218	14472	15446	15772	15579	16154	16069	15823
3419	10913	14374	7827	13119	13663
4433	4774	11346	12784	11301	12983	12821	9758	15836	15837	15925	16064
5507	4944	3656	11678	12977	13765	14165	6441	13119	13875	14423	14800	14806	14682	14934
2366	9163	3410	11847	12832	681	5660	13433	14335	14505	10713	3324	14769	3466	14922	53	66	89	12833	14343	13309	15325	306	15362	15392	15222	15892	15363	15533	15870	16101	15082	15869	16184	15880	5258	16023	4437	14938
1585	3465	6774	8627	9202	10359	13318	4279
6515	1393	365	511	6740	1896	6341	14026	7569	15597	13648	15689	13431	11547	16065	1839	14000
4587	2096	7174	5876	8379	12829	14293	14557	15392	15366	12048	15569
2494	2318	13081	13972	3896	9655	9748	11228	870	5672	11307	7064	7091	12949	10838	4939	12534	14621	14825	302	3266	10768	13550	10186	10500
3503	11666	11788	9488	5325	2773
5746	8271	2003	6118	10089	668	12010	10647	8665
581	2961	9067	12534	12726	13153
5311	830	13791
5271	9098	11603	12421	12934	14026	13963	14783	10731	14276	15723	8997	15707	14960	15355
1257	5315	8668	14493
5029	5691	13721	86	15250	15629	16146	15569
6425	13911	15222	15564	9064	15892	2669	15532
3831	287	288	6708	903	323	4061	11727
2074	6136	9862	775	904	958	3430	7634	12971	11571	12737	2031	6426	6430	13810	15574
3322	962	3215	8225	10739	11722	12325	10038	14509	15191	15222
379	11729	10782	12581	13433	86	13722	1063	11776	248	3417	7303	15804
3598	3399	6416	6968	13846	7248	341	15453	638	5644	11441	12438	7021	7778	7806	7987	10035
5426	14096	541	12375	2328
2250	2796	5353	5453	8087	9277	1902	6149	12959	9066
651	11827	9346	3633
1279	8795	2908	10158	4678	4191	7578	306	825	8292	3132	5472	36	1675	5198
1434	3498	5752	10990	3964
2039	10068	6089	3079	3721	10998	3382	1840	2632	5283	10596	11690	13317
4189	5719	7196	5284	8066	8374	2706	10164	12927	13211	3465	13814	1250	1528	12169	12599	12022	11805	13875	14424	15060	9938	10511	14900	10513	13457	13896	15167	86	14496	673	10217	15064	15420	15449	11021	14237	11003	14305	14897	15836
6630	8795	4587	12456	6130	8371	10713	5077	4177	14423	9153	7228	86
3406	4201	7232	308	6835	1205	2099	5141
6972	743	2259	2846	13446	13954	15093	11950
416	264	5050	3067	15416	13417
4984	1107	9796	5699
6181	14564	10513	11427
3984	16005	15994	15917	15877	16228	16230	16219	16237	16239	9075	11792	14935	15680	15960	12379	16233	15952	15903	6638	8461	4048	15713
2794	316	740	2407	10942	12069	15950	10826	13815	13954	14276	15248
1289	293	668	499	511	12266	13500	14024	14564	15363	15927	15366
6893	3670	1143	6092	7978	3674	4039	8806	10813
7014	646	2300	5046	771	12557
206	721	1571	1875	4619	5209	9167	10192	9169	6980	13004	86
5115	6247	8906	78
2473	56	2680	2190	6897	5144	6315	176
449	2465	6725	5185	2722	1627	4795	13104	13578	965	14988	2804	4760	5913	13975	1509	6546	10414	10422	14987	12992	12603	2395	2361	15236	15657	4121	7248	11205	11971	6123	8850	12641	12405	5890
487	3361	1722	8317	4618	5343	12163	12960	56	12758	6232	5164	6793
2718	11088	6950	12167	12968	14198	14482	8066	10640
6042	15887	15777	15804	15117	16104	14247	15579	10813	16161	7875	16064	7540	15880	16154	15702	16124	16223	15903	15823	15917	15994	16087	16088	16246	14919	15713	16242	15728	15607	15809	16196	16197
2978	967	3000	5632	868	2883	7018	7138	13691	14291	13817	14330	14424	14923	3324	14967	15691	15229
369	14677	15077	14150	14851	15347	15661	15472	15892	13430	10328	16020	14212	15965
1575	2670	4287	529	10851	12927	13682	13429	10460	10532	14424	13729	14900	13954	15391	11010	15443	6749	15872
235	2363	2189	1641	6126
4801	463	6547	7698	8468	8110	10739	10930	10956	12351	7947	12588	14152	3556	7578	15604	15965
1296	3665	547	9271	2205	2152	5498	7537	5586	760	1901	4466	9449	629	6340	8235	10211	6189	5625	8330	10453	13287	4758	65	5463	13275	6713	9437	5043	11005	9035	304
2750	6033	8789	9155	9392	10523	5340	1137	7131	10957	8183	15624	9428	12827	11279
4363	9949	13288	1579	1610	11320	12519	13843	15045	15574	4087	6943	9208	14243	6774	12517	4637	7675	8209	11826	3808
6378	10293	12692	16250	14160	3370	10458	14462
5631	3793	11642	12832	4502	2339
4509	12541	13119	15868
3422	15057	4582	13721	14800	13457	14900	10946	14497	14592	14984	15600	6645	13592	14437	14857	13430	9626	15927	15579	15654	15823	9172	16010	16104	13272	15880
5875	11349	10234	13814	13433	13682	13664	15351	9626
526	797	4273	6032	2875	1709	1219	14295	5367	15015
2434	10066	12682	4270	637	3392	2490	3259	5725	14401	11477	3319	11099	9208
883	12473	3948	4302	5544	6057	7583	9171	10378	10473	10527	10601	11689	12595	13481	13807
645	844	130	1294	6119	14402	13307	14423	14617	7529
5730	12598	14242	6824	6092	11454	13718
1933	10833	12753
640	9543	6329	6064	9249	12041	13057	13328	12781
1043	9324	7130	8125	11788	12438	12999
3771	5572	8012	3302	3431
834	3130	7675	7794	9636	11639	2681
7059	3041	6178	6565	8705	5779	6655	7784	8038	9991	5780	1729	8499	4606	11213	15937	16115
5382	1587	9994	7410	7641	8608
977	1068	2570	53	2679	511	2997	7001	496	3000	6633	3118	3373	6139	3696	4440	5706	6027	1317	6775	7530	3856	3972	6836	6630	4727	5803	4962	288	3170	12228	9584	1360	10780	15192	15237
6435	530	120	6857	7046	10733	12069	12287	12673	9418	14294	14655	13931	14259	15325	11692	15284	13231	14212
6692	6972	7598	14348	13055	2602
1291	380	13422	8741
205	2867	5725	12122	10918	7736	6924
500	9128	8359	3113	11620	13026	3202	13938	10466	7057	1170	2701	5301	15414
2529	7471	11691	13295	15614	3948	5609
1417	797	1007	2883	264	1408	2316	5257	4775	498	5167	4957	7412	835	9253	8998	5567	9467	825	7631
5928	13502	870	8447	9507	11204	4067
2155	4768	6497	6523	1970	4644	4904	6388	2440	4827	6043	8447	9988	12880	887	4769	4919	746	8049	10302	4195	13655
6002	4876	5370	8826	10144	5133	7151	11778
1196	5540	3886	7371	10930	9756	12008
697	51	4026	10947	14652	86	15228	15278
6891	12751	12829	690
3938	9100	13604	13655	13634	15364	15514	16065
5763	13927	314	3408	8779	11307	2305	1294	11459	12466
2735	3510	406	5193	2051
6059	12829	12927	15362
5648	5883	8563	9560	10188	11168	9262	13007	13024	6904	7131	5847
3750	6564	2531	1048
4875	2364	2671	4801	11137	3415	13964	4978	1425	7097	1137	8469	10029	10308	672	925	926	3416
2127	2041	6775	13543
2071	13683	10461	10532	14806	15738	15446	15900	15997	15998
6870	3761	2327	1138	638	3724	6811	15	5964	7681	3169
6660	6358	4597	8210	11050	12406	8307	12690
240	995	4823	6963	8523	7789	9998	9756	11496	5642	13162
787	341	1140	1535	4351	5159
105	726	5040	3371	13239	13720	13721	15521
6838	3472	25	3968	1391	8286	9856	9835	9596	3612	13167	14096
2642	1202	3410	13433	12304	15034
4345	5092	1537	3357	7934	3948	4129	3041	3384	5810	9593	11228	6266	5176	8469	8839	7632
2605	3882	5892	3744	8380	5125	9769	11025	11293	9189	2357	5725
3955	12829	12346	13650	15159
1326	13500	13931	10511	14923	15159	15365	15569
6596	2373	10116	4847	1227	1305	8608	15044	1516	2352	2386
1461	2748	5044	11459	11709	12519	13775	15167	8332	9674	2628
5859	3718	575	86	11975	15058	15093	2680	15690	16000	13940	15925
2795	112	8038	9339	10739	13239	14326	14769	13682	14891	15501	15997	16010
2542	14042	1901	4150	10667	612	3794
278	1816	4851	11447	12761	1170	10496	12514
2168	1954	5792	6010	10159	6826	9163	2989	8480	9851	10905	12450	7632	7133	10511	14707	14531	5367	15689
6210	12216	918	733	542	7732	5781	5868	9781	10574
1069	3041	4618	7598
2008	1973	4734	10105
3565	2545	782	752	9718	840
4567	602	2429
2021	3996	2943	5128	12769	2210	9756	10038	13446	7531	14335	9597	10902	11805	14854	14613	15057	14806	13457	3043	3867	15595	15777	15837	14815	15082	16023
2289	3148	11054	12580
2822	4774	8963	9874	12927	12832	11622	13728	9360	4582	13765	12069	13738	10575	14697	13457	16064	14302
4437	2705	13188	8454
5173	8461	8679	9501	10168	14094	14112	14605	9644	5255	8432
3679	8470	5794	2992	6707	13199	13651	13200	2833	5569	14261	15579	16104	15823	15917	15994	15177
3026	6870	8957	3550	5277	7727	9989	638	11345	743	8625	11510	10185	9900	14404	1632	9204	3514	3513	13360	4458	6773	14176	9991	7628	9821
7120	10725	13273	14557
2660	2076	2241	621
5239	5186	11814	12703	8281	10657	9830	12821	15836	10520
1881	4093	5069	4483	5106	12125	56	4101	1107	11600	12327	14238	10249	11983	6670	6498	4085	11152	15	205	13096
6195	1206	1349	4669	1027	2302	48	8641	371	1338	6942	4525	8679
3639	4487	11534	8024	5537	6592	1493	2246	4903
3397	114	233	498	859	386	856	3392	4838	7617	12947
5434	6993	1435	12883	5003	10180	4738
4798	5445	8532	3828	3536	13183
764	681	602	5051	4279	5691	4741	14435	7330	14854	14923	4890	15123	2349	7602	4166	13310
3421	14210	14330	15368	16093	15087
4686	7493	8890	5674	6247	6802	11907	12245	12900	5117	4758	12857	1358	4809	5682	7926	14363	14671
555	10877	5825	948	1420	9413	11288	3730
6730	3465	3057	7773	11349	12749	5286	12673	13731	12771	11518	14178	13500	14333	14240	10532	10513	10575	14152	15362	15388
6187	331	6673	12120	12528	11928	14403	10605
1650	10431	6253	9774	4074	12945	15694	3303
74	463	568	5120	1578	3913	5795	9063
6486	3299	433	5414	6380	9798	10543	10602	10198	1728	7303	15	2248
2242	280	304	856	1170	6060	7256
6682	2065	1896	5933	386	10038	13446	13738	13239	13634	9671	15191	15483	14120
3330	5954	1210	5357
4379	1821	1107	3864	9038	5142	4618	12130	3051	12643	11769	10572	14105	14203	3523	8985	630	12210	16144	13778
3213	10059	2386	8005	3489	6221	13306
2229	856	1068	5784	10878	1637
4792	7553	12263	9799	48	3044	4863	7847
1397	4443	1499	4631	7191	406	1552	1054	10993	10122	10438	13460	1886	3650	12089
5988	13239	9257	12249
2779	2282	904	6034	4774	7578	1634	5957
4193	5072	8935	9317	4011	8934	1391	11200	4639	13920	15220	6854	3712
6782	12324	12008	12959	14269	13239	14240	13054	86	14007	15900
2430	3808	4582	9007	11668	11971
2734	13541	9692	11726	12813	511	13677	13807	102	3006	15032	3808	6912	7062	9067
4404	1889	729	2172	10175	12829	262	15688
6366	1434	1694	11447	1768	1830	2837	4304	4325	5776	6247	7042	8992	11733	13016	13875	14639	15739	1176	4587	4670	13256	2681
5584	175	5581	9202	10177	9783	12832	13446	6746	14291	13720	15058	15228	15362	15564	5127	5387
1837	3068	8749
3286	7228	9754
6063	4649	7433	5154	5806	3193	4621
5414	1338	386	57	304	7893	9138	10216	7965	8659	3051	8467	6815	5022	9162	3459	5445	5467	14407	4076	467	13244	6612	1279	2376	3230	3243
1817	9153	11379	5248
7058	13554	4473	8046	12831
6933	1030	4964	7484	952	2529	2601	11574
942	1589	6847	11021	11860	13835	6173
3301	2562	15684	524	5681	10015
1908	8781	11459	4422
3939	122	2490	1167	12347	12806
6342	7236	14328
5824	1728	10394	14566
5665	5628	7553	7494	2349	13343	1247	14807
5987	6090	9969	9591
828	1085	5396	2175	9153	1137
4408	9995	1174	1224	3638	7516
4535	12829	9163	13815	12657	12806	12653	11455
5882	10773	9139	585
3770	3869	8158	366	9889	5480	11525	835	12533	11681	7024	13446	12806	14241	14387	14560	403	14165	7072	14806	1499	15044	13253	15244	15123	15599	15707	15658	15690	15424	13940
2067	530	999	251	3171
1018	793	840	8491	10381	12962
1359	2371	304	9027
1140	174	10320
3226	9688	12806	14504	9628	15284	15159
715	3991	5189	3349	9821	13493	6976
2790	3853	5562	3629	4127	1137	2517	7036	12211	1211	4189	5144	7276	11826	15115
4336	3109	12832	7344	7738	13520	1489	5789
2846	1697	2438	10498	3939	830	3940
1700	9048	2356	9661	6362	12619	10813	2274
6594	13153	11328	1294	8513	13365	2148	4270	4602	5865	10447
621	8010	10905	12804	14133	8901	4739	12233
4063	6580	1609	1610	3507	9615	8071	4074	9762	3361	8481	361	11411	12347	11703
1343	2481	7951	2193	3713	4774	6528	11858	2459
5670	7193	8179	1523	2460
1987	3209	2064	3480
1303	2359	13211	14165	14192	13239	4987	7485
4289	7371	47	4359	8808
5728	11678	6003	4804	14179	14984	8323	15735	9064	10308	13439	13530	14767
4248	12994	1715	4424	9654	151	2958	3364	5718	1777	11576	219	5472	4011	5116	6162	6163	7548	12105	10116	856	12373	10142	5125	10721	12942	65	1947	2920	4125	4127	5170	2269	8436	10782	308	9357	6048	6573	13921	13064	13989
106	5586	6069	5026
1253	9558	12752	2041	12346	681	10575	10513	13942	12643	14785	6742	14168	7675	2187	15178	13897	15868	1425	15366	15971	16003
3449	9654	12326	12690	2327	2490
1119	980	3341	11385	10012
4342	6975	6916	12350	12829	12769	13239	14476	14973	15002	15093	15248	15801	15542	15999	16096
4093	1469	3480	11605	10667	10631	10952	8704
1939	9173	5026	6876	14869	4514	12253	11004
6716	13811	6260	443	2360	4080	6386	7186	9748
6065	3011	460	1967	781	786	960	530	1946	1529	6811	5790
2159	7578	10599	14165	8917
191	9316	5472	9746	6815	13065
1594	679	6677	498	552	3886	88	7703	6848	783	2042	2710	9700	5445	5480	9134	8499	5133	1752	4795	4938	10255	10838	10369	3015
4771	8421	5579	12656	296	370
4484	339	9047
6345	2080	12349	13313
525	2454	12499	2541	2540	14701	15449
2768	3410	3571	11	1383	2081	4542	5414	5422	7325	8772	9156	11509	12108
2567	12927	13875	5125	14923	3068	5947	2712	15514	15997	9568	9727
1058	2284	2786	4598	6292	7616
4916	6425	363	1294	2148
1785	3917	5581	4552	12628	3392	10989	1541	14545	13463
6264	5020	10467	10498	5259	6399	10973	80	1563	3810	7288	10595	1816	4009	7778	9735	79	11413	6088	12519	1232	1669	14624	818	7587	8759	10025
1776	11369	14258	14661	14318
5286	11969	15564
1001	3399	952	5486	6776
2043	568	261	14387	10460	10532	10656
4510	7742	8279	5264	10530
2395	9783	6609	2224
3087	8218	6997	8217	8237	11230	3588	6632	1097	2505	4194	4951	7105	7302	10081	881	4279	5366	7982	8068	4525	2349	8551	2180	8554	9655	10251	10838	13992	3923	1533
5515	14377	4903	12399	4102	74	1720	818	10504	2922	3963	6779
6309	6357	9830	12802	12829
533	1245	5116	9877
3716	11280	12829	12533	13445	12653	8771	14105	1284	2471	9951	14821	15054
3840	6334	9712	11275	13601
6043	380	3148	3465	7398	7659	10889	13807	8981
3928	3463	6074	11341	913
4197	13197	1780	29	9832	9834	9833	3873	1315	4447	3153	3628	2770
249	3031	13221	14625	3048
2413	8731	825	10451	6441	7362	5558	9218	13595	3254	9501
3157	2148	219	9311	9952	2845	8620
2216	268	14633	3858	5360
57	11021	14397	7723	13464	8287	12791
1617	323	1926	11533	12513
5811	3919	5001	511
6854	2700	5828	2293	1956	1953	13979
4769	805	5775	8444	1297	9208	13767	13068	3637
3347	15594	15444	925	15530	13897	15996	15605	856	15880	15302	16006	16097	16087	14076	15781	11163	15852	16088	16031	16231	4024	16083	5298	16218
1632	5397	11951	2042	7548	9712	3957	12446	13555	9452	9624	9866	10188	10815	4602
780	15812	15955	3006	16033	15944	16101	15448	15872	16089	15914	16017	16021	16183	15869	16154	16162	16187	15880	15919	16005	16052	16097	16172	16206	11481	15850	16023	16091	16192	15666	16113	16087	16100	15569	16170	16246	16139	15823	16249	16009
6524	4119	343	348	779	2186	3118	3582	11028	6766	11021	11306	11382
5229	450	3712	2953	1309	6047	1312	6343	1976	3756	1662	351	7578	2643
107	3250	5318	11209	5133	3463	10474	2875	5614	1195	11137	13682	15154	9705	11025	4229
4015	2145	825	13975	5472	6430	12021
1425	5951	738	3358	5276	1174	5792	11638	11354	11678	12358	14104	11975	14593
6034	11238	2954	3604	1054	3948	944
5005	830	2917	981	5340	6507	150
2590	12829	14854	7072	13457	15037	15756
89	4618	8038	9693	9053	11574	13239	14511	12098	13004	86	15204	2680	10708	15887	15676
1695	10946	11137	13116	14923	818	6943
4291	9617	11725
22	1469	14825	3932	4310	4466	6399	6918
4585	360	2126	6281
2337	128	319	2612	3131	856	2625	7	240	3526	2660	2386	1186	5833	134	1250	981	2726	907	1402	4898	3597	3474	6811	1641	1866	39	3832	1963	2963	5933	6408	6923	689	4678	227	5013	9107	10164	2077
277	1507	957	7865	5614	2041	4074	1529	4572	4728	4027	13320	16015	11367	4397	1763	9209	13284	13688	12076	1834	14355	6247	2335	3163	8172	14071	10393	15266	4147	11240	2681	2759	4722	4813	10314	5492
3070	1821	3675	7853	10278	13254
3741	10297	13433	12440	15060	15251	15326	15688
458	2122	5936
3918	5075	64	1175	2331	6405	2253	619	2025	4179	4273	4782	5373	10434	4122	4124	4987	11712	2442	6084	6560	10233	14193	2506	11366	6211	11070
2860	8065	10254	12829	12971	7964	12324	13198	12959	14232	14210	12982	15309
4720	12749	12699	7827	11455
2432	4340	2080	3025	14370
5124	709	1070	4016	5472	9175	13963	1358
6153	637	4530	7824
6549	1034	4266	3206	3531	823	11346	11986	12752	4141	14557	11427	6943	14438	14575	284	8798	15158	15159	8144	8218
2969	179	1258	5125	9681	1704	4491	2243
3360	956	978	1037	534	238	924	10	7739	3895	1582	3317	1698	8362	6112	5558	9022	3037	4047	2680	2362	5498
824	1615	825	1145	1227	3796	3828	7792
6341	529	511	814	864	1250	1888	5202	9155	9712
1143	7993	8506	8703	11274
7067	9100	3804	10949
4926	769	590	727	4797	9338	1728	4066	12240	14952
2080	8935	3286	16081	15738	14008
4810	9459	10679	12535	12358	12771	12008	13623	14440	14786	14473	8395	15077	14415	15594
5977	913	1137	6963	12836	4251
662	4950	7633	2796	7520	12028	10290
1674	9059	12499	12829	13273	13047
6005	6645	11975	11964	15444	15706	4037	5505	10765	15732	15579	16154	13831	12988	15823	16246	14094	16238	16253	16074
3393	6406	497	5655	5750	8205	8289	9034	5558	622	1184	1984	2267	11647	7083	856	6184	940	6355	2895	6670	12199	12201
559	1138	7894	7895	6897	6391	5890	9012	9524
7083	6903	14370	2267	6576	13897
3879	13765	14218	14502	15354	14266
3120	1146	11238	981	13500	13239	12129	11996	15665	15521	10465
1873	2246	406	4009	5297
4806	3796	6719	4091	13040	8153	11423	10079	13835
5299	2867	7056	10318	3472	5952	6556	8684	6397	9700	5118	5614
7047	4952	4316	555	1823	3517	4310	334	386	3998	5326	1486	2679	4795	4335	13720	86	13309	14981	1033	15435	13026	15246
772	3626	14935	2284
1457	5240	14220
5114	4924	1345	14167	14557	12611	13727	13274	14219	15103	13655	15465	15392	15594	15954	16018	8266	15963	15909	16024
436	9545	10	12769	13097	927	10038	14466	14488	13034	10513	10460	10461	13663	12339	15391	15362	10659	12317	2680	13430	15900	16133
982	2132	2008	4353	3480	5933	591	3692	6156	5583	7342	13882
6223	4027	482	889	1071	2981	5267	2293	4794	73	1972	6566	5307	4147	2950	668	6409	5589	3347	2538	4101	8197	1953	66	9798	82	91
2657	4731	5154	14207	5472
2291	12598	13433	733	13875
1715	2008	7530
3507	2605	4020	8385	1765	11343	3487
7138	921	3399	6751	7502	5372
4274	207	2435	1256	4092	4716
1046	3756	511	601	8416	9225	2581	3228	5839	11757	1721	351	2301	11670	16250	2284	10427	13583	1068	1170	1365	2411	3808	4849	7800	13639	14973	15232
5334	2321	3943	6969	13727	11971	13009	13014	9453	10186	2509
1093	1146	6888	13351	13500	10057	2863	12551	2925	4232	15688	14959	14960	364
5446	2922	2299	9072	6687
1336	2309	7642	11288	3510	3536	5847	6826	11154	13095	14703	13083	15106
6222	10335	9338	7373	9872	11210	1214	2746	8610	6252	1066	4562	10120	3010	3404	4578	534	11863	12047	4863	8327	4971	10768
117	13843	14039	964	3808	4558	8057	9386	10859	13141	14922	15457	3628	8751
6935	885	10947	11622	12051	14498	9576	14806	13034	15396	15191	14897	2669	13219	14212	16044	16124
3853	1523	4328	4701	6084
4999	314	409	637	3492	3828	6976	7627	11017	11785	12793	13964	14032	14299	15054	15085
2684	793	5678	7830	9904	3215	5405	7452
3994	11680	13551	13433	13446	14783	15551	15600	15308	15542
3563	219	6636	189	1344	2147	4126	4917	12994	7854	2773	6316	8169	1174	12860	2201	6114	7403	6565	1526	6411	7858	68	8128	8684	5013	4780	5341	8090	8411	2042	825	12839	354	4396	11137	3404	1356	10708	12007	10513	10511
1754	1760	4247	4078	2197	10886	14209
4830	1250	9937	12272	14193	1292	2788	6868	6515	14941
401	54	15406	304	12872	1469
757	13676	13746	12362	2628	5683	1926
3044	1757	8318	6659	4396	14336	15164	11713	8461	14071	9646	9208	9741
5145	5469	11115	3731	7189	2838	12259	13684	14327	45	15057	13274	14724	15235	15364	15362	14592	4758	15524	14237	14405	15446	2669	15532	15996	15573	15927	16010	15338
674	6261	8741	6173	964	2284	2295	2311	3303	3627	5605	8314	10116	11025	12844	13807	13966	511
3459	2389	7401	4440	8350	8220	5642	7442	9023	10379	6674	7414
3600	836	2353	4437	13800
5944	2359	4797	10959	1523	5347
7048	10036	10186	8124	349	3278	937	964	6951	2341	1239	531	11354	35	3750	7571	12069	12829	9163	10079	12971	14387	10905	13239	11805	13307	14806	11975	4038	14343	334	2899	11887	3517	14796	14437	15723	15868	15446	16018	15087
6880	253	2684	3826	13232	13399	13721	9422	15868	15681	15579	15841	15994
6289	4518	8566	360	3645	5629
6683	116	843	3289	3598	3779
154	10780	10936	11801	13525	14283	1552	3433	9958	10034	10182	9686	10186	11021	12282	10569	13092	5643	7645	10778	11441	12686	13496	15308	11099	16012	10583	13897	9644	4544	8275	9453	11917	13087	15056
2693	905	84	235	511	5182	6351	10946	9163	5691	13765
295	9977	1792	4828	4346	6136	2760	5412	12293
1137	5142	1013	1847	2899	2786	2292	29	964	302	9712	4124	11228
3466	7480	2041	8257	9501	11919
5153	2006	2601	1089	1542	5625	5632	10226	12348	10027	11742	13307
6866	11238	12332	14807	13791	11776	7124	15159	14007
887	2458	7748	2517	1769	1944	11112	4010	8387	8899	6316
6470	6247	597	6272	2601	116	2833	9495	2027	6966	11099	837	9692	7832	3658	11153	1535	11648	7133	8607	12612	8042	11703	4602	10186	6688	4291	4290	11228	1614	9086	6010
3058	10428	7553	4282	6380	11122	11780	5202	7165	13768	8050	9455
1859	56	547	3398	7398	1202	9338
1245	9830	10075	9872	12614	2284	667	2899	12146	392	4560	14653	13817	14115	13528	13307	7716	326	2895	15057	15060	14105	15075	10201	735	6870	38	15848	4644	15237	656	16101	11481	15880
3067	5909	2957	3899	5765	9549	11429	11644	7778	8527	529	10417	6331	5692	3051
6944	71	75	79	80	1836	6967	189	81	2291	3628	6316	7156	7157	9303	4037	353	1838	3447	2477	302	14002	9218	11396	2134
3229	5809	4373	7088	7538	8972	11722	12899	12699	10038	11629	14105	15060	1316	13896	15234	1041	1716	6157	150	1737	2347	11424	15345	2669	14349	15871
1888	4735	7443	1809	9765	3276
4486	13031	3808	13259
2600	194	8935	915	2672	6670	597	1838	3376	11778	14487
2044	3148	3705	6811	3480	2554	1805	8742	7185	3363	9043	4677	10878	6993	14085	7098	8789	11726
5305	5370	10046	511	825	3161	6444	12293
5795	2360	14742	14391	14527	9543	3221	6076	7859	9026	11856
2708	9830	3352	3680	1533	9399	8721	4587	14284	9831	13126
1475	12839	4466	4602	7675	9599	9692
4934	1973	2919	11238	12902	361	412	1682	2099	10057	10532	10575	13274	14575	15927
3336	6620	8207	64	6664	10976	10948	84	12069	12829	5691	14291	15514
5006	8376	5254	11054	12700	11622	13780	11963	14467	14329	14498	13307	15075	3960	8876	15234	15235	14793	14980	15354	13876	7340	14681	15338	16092	11685	15841
1084	211	3369	10400	10057	3600	3050	3351	13857
1519	3556	3074	8477	12669	45	964	13174	2026	9586	10201
3785	8625	11236	7412	12265	10061	8445	2492	3006	5496	13474	5234	13649	8221	10932	15126	3195	12987	8286
4657	1486	10739	13102	12008	13764	12623	14335	14106	13307	14967	12249	15434	15723	2680
3925	12887	12769	12377	13664	6243	10909	14854	12185	86	14276	15284	15412	8997	15448	6993	15579	16028	15878	5353	15823	7020	16189	16118	16209
1244	4045	778	2135	9712	5078
4351	15260	9422	15530	15682	15725	15478	15838	16033	16068	16025	15748	16122	15579	16065	15607	16017	16039	11481	15979	15919	16027	16172	15569	16139	5347	16170	16237	16239	16203	16190
1408	6564	15040	13502	11833	12622	13523	7552	13117
6553	4836	5650	6707	6943	9338	7571	12673	13747	13932	14769	10513	10532	14800	15308	15100	10686
868	6611	7385	7490	3112	3516	11579	14318	86	15347	15597	13911	16018
3997	6789	7411	1174	3207	5856	5252
2748	10892	13351	14294	10027	12535	6980	13239	14661	11975	14105	14806	10460	14724	10244	15077	15249	14935	14983	4608	16018	16078	5347	15702	15841
4019	530	1835	3501	2187	10066	1212	7109	7110	7498	15434	7624	9683	13876
5806	3001	5951	12358	14071	14769	14800
6215	1379	2425	519	5175	5506	7828	11006	4732	11446	7834	4994	9468	5268	7885
7015	10067	6044	4221	6660	5840
2012	6170	9382	12668	10954	14378	6882	9453	13555
1051	7138	10454	11433	12119	12336	13799	10345
750	49	33	498	4764	1107	4582	11534	9721	7578	11484	3376
125	8657	13971	7922
6066	8160	8387	7853	8798	1263	6851	5505	6545	11926	6774	9794	6326	5409	13199	304	10194	10821	2822	758	13765	12159	13448	9856	5633	6993	8508	10905	14371	4602	4469	5145	13720	14176	13609	12423	10199	2244	14934	14961	14959	16024
6152	13313	8372	10975	14065
664	311	1212	654	1032	1294	8376	10550	2185	3794	13689	14366
3389	926	3558	5133	8385
5409	3768	4787	593	5472	14973
5695	740	2574	56	5209	5476	10018	415	1912	12097	10466	13558	511	12014	97	3275	10643
185	3423	4792	4931	8195
1320	3532	7113	7112	3697	5775	14598	12709	12928	12734	11003
6768	12864	12772	12519	13142	4191	4244	13973	13974	3398	3956	8319	10481	14575	3808	5164	9750	15678
5807	5437	11563	103
4448	2808	2920	7273	5498	8840	5755	6158	9891	1768	3598	1129	3948	1591	10148	6209	13463	11533	3225	8793	10993	993	13698	8266	2515	7721	13908	5505	7262	11561	9579	13894	14288	9124	7419	10194	13577	15500
1082	2458	3384	12431	10	1078	13528	13207
1230	4619	1068	3449	9931
2544	111	10307	14491	12185	13720	14152	15077	4542	15435	9422	15681	15889	15900	15531	15637	6993	15960	16101	16114	16025	13816	11481	15788	16246	16249
1256	961	830	3470	11724	2084	8726	10548	12069	12752	7470	12829	2771	9485	13433	65	13817	10460	15075	15691	15688	15996	2959	3536	12988	13966	14242	16065
4773	2398	4919	6112	3099	701	8933	12799	5011	38
5960	14731	14807	15060	3047	15444
727	14854	12965	15158	14906	15345	9626	15871	13816	15885
4982	308	6074	13331
2486	6717	2798	3864	13482	4677	8708	13459
3988	8809	9459	12751	11102	9873	12325	12806	9756	15075	15742	15594	15848	9064	15728	15812	15982	16101	16104	15872	15870	16154	16162	15880	16151	15401	16246	15726	16237	15680	15717
2372	6593	2849
5920	11394	5807	12634	14922	15394	2199	8698	179	3670	12416
270	4682	5198	13752
3829	7452	12369	13170	14062	2026	10619	14826	1347	12973	4078
937	4307	1956	5642	10560	6261	7778	8875	10116	2315	380	3068	12155	9302
5865	4376	2239	8721
1233	1593	8040	10116
1073	548	2133	1068	4437	53	120	498
5216	568	9163	180	3898	6519	3721	7302	13765	14241	14114	14165	86	10513	14677	14967	15058	14972	12551	2681	8953	15530	7451	15690
6394	12829	13731	13119	13668	12809	9391	15403	15688	15715
4829	9338	12806	15037	14575	8997
5642	2407	7194	7192	8038	11054	12441	8065	10165
4391	11354	5691	11622	13906	13815	14414	12806	6440	6441	13721	10575	13457	14165	14575	15723	13430	16146	15885
1267	4709	6675	8008	8366
818	13802	7624	10578
1367	13731	15997	16000	16156
1978	1637	4618	6214	11961	6397	12893	4202	13684	14210	3827	14177	14402	12701	14071	13457	86	15228	1054	32	5674	10080	11459	11668	15704	15521	13057	9462	15051
360	12123	12831	12646	12647	12518	12165	12073	12460	12519	12911	14213	1428	8975	2295	125	8560	2294	14954	323	12833	14187	6923	1464	4107	70	10989	14550	15461	1752	11754	14005	15155	15297	12917	9475	2217	8265	4745	11515	14403
2550	11573	12596	12669	14328	10513	11427	13840	10460	14613	86	15484	7063	15889	15690	15892	15860	14976
5809	2488	3541	5785	6365	11410	7635	12630	5328	9604	800	1281	2575	5868	6525	8963	14534	4059	13023	1838	5780	5781
4010	6383	9052	10820	10297	11846	13119	13728	14505	15103
4143	11852	5323	9798	10560	11174	1609	2223	2786	3454	3898	4074	5090	5140	9501	10900	13070	5243	9549	8098
7077	1913	2348	7045	3828	1114	2396	7916	7144	9067	10650	9223
4592	4071	5179	6776	5583	2146	11312	11841	12598	12602	3759	15057	15060	15284	15473	6551	15718	15704
4865	9637	9738	9447	9831	10948	12959	14769	13457	12249	14007	15868	15997	13272	5347	15214	10459
761	11849	12358	14435	15220
3739	8073	9655	4325	8288	8789	15111	5754
2756	538	380	9012	10722	10451	3364	6571	1920	9766
740	9098	12598	14663	13047	6975	15208	15521	12961	16018	16185	15569
2146	3926	6176	8849	308
3660	4580	7488	7598	8981
1623	8338	3929	2486	77	8635	82	201	4123	5913	8103	8598	10773	7675	75	219	1181	1939	4387	5144	5915	5916	7674	7676	9748	10103
6418	9530	15469	15284	8997	13279	11516	2680	13568	14857	15658	15892	15524	15777	16010	16065	11481	13816	16024	16039	16022	14000	16023	15088
3859	8124	12802	12456	12899	12678	14331	14476	13931	14685	15661
3368	4275	208	4008	6233	7871	4917	4850	4582	7008	10121	1720	2146	3712	4110	7064	7516	11417	7624	9677	11441	15419	5642	7898
6857	8628	10049	11799	11961
2338	3670	346	9141	10890	12988	444	1151	3824	6717	6725
4620	850	1496	3660	5699
738	127	1174	2708	4085	7658	8496	6142
4894	2339	1537	1027	8357	12995	7941	9074	7425	4101	2683
4855	406	5925	2979	7386	7444	247	6282	2850	8179	8468	10225	11526	12784	12588	13651	13211	14293	14294	11157	13110	13712	14226	8592
5222	12829	12417	12793	14197	2766
3099	551	755	2268	934	8220	7026	1054	3299	5651	8803	10734	3497	11723	1	35	12598	13446	15590
5172	3243	5981	4618	2261	4738	1055	10625	5940	4336	10116	12976	9501	9338	5794
1220	7933	6430	374
918	2407	7476	9501	4512
6714	13651	4384	9218	6871	5957	13477	10659	6975	13493	12582	10237	10328	14441	13234	13153	15809	16027	8419	15561	15983	15575	16017	10782	9927	16038	11017	16124	16172	16088	16192	16190	16241
358	848	11978	12833	12829	12437	12806	13678	13689	14900	15364	15091	15971	12189	15999
3852	3538	8939	2490	2770
719	1054	1959	2551	3849	4374	953	9870	22	6193	9013	12924	13561	3337	14906	12208
6180	15239	193	835	4228	7453	7774	13119	13758
4988	1086	15625	5680	2203	14880
465	3482	4177	5750	6730	7036	7514	10582	13576	13749	13750	15494	3819	4644	5058	6395	6682	9714	12143	12705	12767	7720	3179	9548
4259	13433	13119	13691	12450	14786	15093
4103	4735	6600	1956	4299	5807	7232
2	234	1019	7130	9071	11465	14117	7556	3647	531	11373	1384	15546	11746
6720	3058	738	12996	13402	9935
3072	8976	334	6893	9675	7675	347	647	6210	102	446	2301	3629	3754	5422	6316	6950	12831	12832	15199	10777	12835
2991	1469	2557	218	9124	453	6216	10723	7248
6131	9098	11729	11914	12829	12590	13835	13184	8592
6228	1810	947	2152	2284	1002	540	3164
3917	10356	11410	7721	7234	15078	11784	8286	4059	12709	5861	1058	14528	13923	8698	6143
5212	2080	15715	12772	13533	13714	1365
6235	9338	856	1124	5790	7995	8207	7231	3334	8933	1307	10115	5068	10224	3248	797	12771	13313	12325	12887	337	11283	258	14414	12599	10836	14259	15075	15384	15662	15663	15926	15532	2669	15809	15954	13310
4190	7664	5768	972	12192	13198	1294	8204	13764	10296	11301	13765	14033	13448	3323	10460	12983	15069	135	7072	15152	15483	15222	442	7723	3587	11602	236	363	15796	16018	16024	15702	16057
6156	5571	5655	5558	4309	4310	5677	6682	8010
626	11574	14414	13721	15542	16101
5010	3384	14952	3277
3342	8271	10502	10905	15284
4483	7675	8460	11393	1497
6224	13102	13273	13684	13264	10057	13239	14329	13457	86	15100	15723	16022
5367	3155	557	1801	681	856	276	825	10	736	537	3804	2560	1443	2338	2776	3884	6504	84	35	14226	10657	15059	15339	4147
5605	3787	5303	6247	2051	11139	12831	12833
6828	627	2032	8607	10551	11329	2409	6948	519	8982	8160
2218	7194	3991	12069	12829	12927	86	4808
3878	2143	5456	1305	5140	4921	9284	11961	5942	1688	3562	12283
4653	11221	5289	4455
759	9672	3510	4263
6724	3711	6070	6957	1535	7042	11309	14937	12702	15361
4138	3604	5131	11272	14378	2920	10657	14497	15391	16024	16123	15939
3299	8253	7954
5048	7443	11959	10949	12771	9487	12549
5805	4101	4210	10426	1702	2433	2601	9514	5765	2257	8608	2106	8808	5248	2148	4545	12180	7541	15582	174	1991	10363
3346	3971	6224	5209	4064
1150	2411	5125	5617	9304	9305	11696	6950	6102
3919	4577	1699	279	3069	5699	12100	1181	4795	6784	11517
3819	8158	5341	9986	875	6963	9498
2053	9999	10851	12072	8376	12069	12703
4052	1926	310	5007	11006	7141	10127	10151	219	8835	189	4387	8667	1174	14022	5707	6291	3628	4097	14859	927	9119	4880	314	3068	13156	13718	703	13360
966	5120	3169	12678	11622	14331
341	3043	3609	8811	8537	10394	8454	8538	5593	13718
4442	7309	7907	10846	3552	6967	15588
4747	5869	6023	10979	11971	522
864	2705	12076	3929
3698	1315	5610	15525	10385
5635	860	1543	4762	4975	6355	9675	4956	5845	14774	14480	8328	9977	1904	2438	3303	4063	4141	9478	14853	179	310	4195	7485	8308	856	5276	6901
5236	3968	5226	2614
683	687	744	1021	4135	6658	8419	9558
1544	4855	6975	12346
5800	2559	4251	9100	5251	9099	2444	7401	9823	9895	12926	9510	5855	13979	15232	5362	8902	5845	5011	7228	10352	8982	302	5012	13145	1380	8423	5363	9474	8032	4270	5756	11724
3562	9831	10115	12959	14124	15309	15392	14906
6301	3003	357	1392	6881	2117	5355	5622	7047	3289	3863
4996	7231	4796	7915	9338	9459	3839	84	12056	11382	13731	13655	10909	13875	758	11110	1013	1099	14769	86	14179	15228	3202	13285	9466	3051	15868
3496	304	12262	11930	12750	12829	13273	14139	15412	14913	15355	15997	3631	14500
2132	46	134	3255	6466
3247	3340	2695	7627	4980	11843	11959	11573	12751	12429	12102	14440	8935	15391
2721	8158	11678	12927	12275	14193	4582	15244	5606	15569
1133	4598	3761	2536	8129	10544	12988	7792
245	594	544	281	548	591	3918	6788	7689	10733	6133	12056	12598	13942	8764	15284	14437	9064	2669	15744	14946
3061	9170	11924	5011
1580	7707	3758	8574	11084	1113
568	6231	9765	5438	5818
2185	13820	9692	10029	370	14220	371	2310
392	2552	3117	1783	2678	1146	7284	5419	7412	3914	9930	68	8870	8066	11225	8093	4452	9884	6462	6477	11955	10780	7935	10642	10365	15054
2724	9554	14005	14669	160	3905	7170	14994	4731	1177	6982	7926	9939	14888
3461	12588	14348	13342	15077	15191	15497	15714	15892
4395	14769	883	14593	14983	15472	2680	15604	3808	870	15654	15366	4179	15448	14976	14946	16064	16069	14920	15852	16256	15823	15807
710	114	7434	301	8270	9278	1339	11850	6161
6118	5976	7785	2991	821	8594	8696	11724	1924	12069	10986	13818	14854	14769	15524	15894
2761	4774	2041	2396	4739	7660	10625
3927	2165	2735	1075	1491	2555	7080	9383	72	110	180	1309	1554	1599	1970	2143	2473	2808	3089	4124	4284	5050	5158	5464	7081	7486	7758	7856	9326	10592	15715	5506
3246	9707	3616	6648	8538
2792	1107	7578	7626	8013	11343	8521
4427	12829	2458	9035	8365	13683	2906	13817	13110	6096	11727	13401	12205	11975	14923	14854	86	14276	15384	12508	5494	13511	13512	783	8930	15236	13934	11195
6014	6788	5240	13765	13119
5101	8669	995	5272	12587	1099	7560	14100
6123	12752	13446	14242	14515	15446	15715	15997	15840
6739	968	3628	5621	9808
5210	9237	9531	4677
2730	4736	13639	782	8698	12026	3351	4139
2193	11182	12615	4163	8249	9312	9894	10294	414	12723	5674	3389
5310	1606	6810	2092	5958	6784	12252	15237	11474	7350	10739	5319
1902	5693	10601	6822	7578	2740	8653	1816	7558	1395	14139	13298	9336	3759
4034	9444	6165	10247	11829	11439	11801	12753	12786	11369	12535	11805	14973	15434	15502	15208	15345	15501	15749	15365	16065	15807	15302	16236
681	113	10159	9447	10668	11083	12034	13239	13818	15539	16000	9072	16145
75	5420	8969	10537	5891	16250
3608	4764	10001	10521	8721	14604
4681	3906	1469	5208	8372	8795	1639	2407	2748	5846	5876	7355	10652	6037	6923	12971	3904	6136	6926	5674	7474	12975	1816	4096	5360	11778	91	5324	11356	11642	13455	13539	339	1215	8051	13564	8094	5977	13337	3051	11142	15395	11459
2041	14731	14854	13634	498	7949	12821	9543	15175	14239	15333	15364	6059	15738	2834	15754	7822
9	11180	3043	12151	7899	189	6492	8925	13580	7855	7880	9492	10792	2301	8574
5543	5646	5185	5112	11364	1425	5672	13117
2620	593	230	672	9185	57	8336
1522	1824	4882	397	12510	560	8956	15681	4919	13009	15713	15579	3646	16027	16002	15809	1383	14159	10437	16047	4782	78	12933	16154	12103	15916	13500
5486	205	3239	5426	4210	10668	9875	10672	8180	9432	3627	11208	4363
1854	1947	3556	1798
2450	515	616	10245	306	9944	5622
4719	12064	12801	11239	13687	13492
2789	11968	11543	11521	10302	11237	12534	1054	3050	5486	5487	6399	6901	7165	9499	11044	11170	13550
6474	511	2540	5064	5159
5218	10091	184	194	9304	11688
2776	112	210	711	3623	11525	13264	86	15173	7633	15484	12195	15530	15690
686	3525	2813	8968	10137
3235	13113	5669	5605	1595	1137	9560	9831
5009	13568	15539	12208	12893	15714	15715	15746	15632	15848	15804	16031	15579	15730	15933	16027	1469	16025	7930	7922	15607	15914	16183	16052	16023	15823	16056	15916	16218	16237	15904	16196
3637	3	3050	3048
5868	10942	2036	12634	8810	7778
6252	538	315	316	176	534
1368	4552	6810	6355	8538	656	531
5880	1441	8518	11720	12018	13504	14345	472	3043	6108	8824	10352
3907	11729	10892	14241
632	13433	13765	14511	11427	11975	15465	4229
4299	10985	9289	1920
5063	3254	3667	5520	1107	6219	824
1874	308	480	705	432	4359	5790	5512	11115	9163	8480
6513	3929	4353	377	1206	1516	1520	2084	13781	12842	3214
5282	11769	4062	4	11300	2922	13877	2041	825	7723	14096
5014	5802	8430	9646	9712
3646	9338	10063	10313	7992	7693	353	7530	1382
2741	3556	3948	7031	5526
1268	2173	634	3626	12583	9560
6788	13727	14854	9663	13459
3753	2586	194	1542	5202	2590	3941	7187
2995	6270	6965	1991	2229	10181
6466	4057	835	1508	1137	2508	3303	3858	5437	7419	10867	12447	13750	14600	14882	2187	4171	9304	5111	5614	179	3391	3628
2295	10	7714	13448	13119	10057	11805	4076	1605	12260	11975	602	9003	2022	5153	15123	15854	15772	2813
6013	12154	9369	4799	2920	5786	7616	4398	6252
3851	5207	11647	7271	7516	7434
4879	13117	4687	13178	13179
6102	13727	64	2490	5658	5889
3365	7248	2628	4198	5652
3930	4981	2753	1670	3293	7516
4434	327	742	1170	2386	3060	2215	8392	11738
5537	186	1818	12865
1145	4851	4497
2603	7955	7705	11828	9030	13278
4326	12701	12339	15524	14718	5914	12223	16141
161	1150	5635	939	10636	1599	1600	1794	12943
6875	12236	14758	13337	3080
6593	15	10267	14670	5256	11775	8308	14018	15555	13790	4310	323	12513	16046
4235	12887	15483
2487	4758	9748	593	1692	11776
1649	8207	10946	11742	11978	12700	9163	10743	11847	12769	12934	12697	12703	12146	13815	12590	14215	14294	14335	14291	14333	11024	13666	15043	15281	15483	15412	5426	15718	14960	15334	15725	15363	14120	15925	7756	7020	16024	16096	15541	15082	16023	16103
5405	12740	11369	12657	14210	13963	10731	14366	13457	13720	6742	15362	15123	15707	15777	15367	15366	14976	16022	16184
5046	3051	4525	4824	8764	2222	3898	3779	4548	4309	5520	842	1358	5382	12999
6044	12737	10116	12008	15042
198	13676	2163	13926	8257	9954	6032
4296	7827	4380	7045	1422	308	985	2773	2774	9911	282	7042	10696	12254	4672	13639	14601
2426	2846	962	4774	963	2781	4919	4873	8386	6845	7355	3404	10026	304	8360	7358	8387	8215	7989	1505	4592	5977	8430	14421	364	10624	7888	13684	10989	12116	13897	14104	14574	1922	16098
5704	65	2727	5725	1459
587	4699	1667	8976	7645
1032	1728	230	12829	12832	13684	13119
4749	10854	11349	12829	6216	14219	14560	14806	13721	10575	12825	14575	15392	15123	15308	15707	15688	15722	15514	16044	16184	15938
6810	7756	4618	9054	10688
4026	8170	11684	14993	12979	12255	13903	9969	13718	14442	2306	7624
4637	3696	4636	14778	7045	8033
5906	1041	1823	3130	5750	7978	1836	4481	5939	9841	5614	6861	7952	13689	13119	8730	2560	7959	10513	11043	14790	5861	12972	15364	11901	12988	10985	14320	15627	9453	11571
4990	825	1331	1352	1354	1565	8422	9870	10665	135	4150
6076	6548	6644	9398	53	2443	11815	74	5256	6140	1720	9480	14421	9479	542	4533	5125	5168
1344	1976	2631	1244	7824	953	1063	1137	8508
1612	477	678	2694	5627	7754	8933	8837	10036	5691	11157	13817
896	2159	12657	10290	12806	14387	14333	14653	14423	3465	9233	11935	13457	14682	15391	15473	5947	13920	15345	14002	9033	13568	804	15900	5347	16134	16167	835
6748	8881	9093	11458	4052	14154	11228	11052	1170	2875	9059	10264	10989	2544	11915	3630	4346	6898	6111	83	84	8808
5779	8470	11315	4968	8417	14710
6454	8988	7789	13001	3328	10361	8481	10901	13244	12930
6814	1956	7753	2225	3965	1469	3819	12436	169	15026	2349	10993	2274	14549	16215	6108
5065	10768	8248	3007	10934	12716
5758	465	897	9828	13733	13448	6440	14515	15075	9671	15967	15996	16020	16094
2564	2811	9835	8342	5472	9455
6945	551	552	9078	8933	8608	12576	5498	13139	3938	7718	10253	308	8410	209	16228
6122	8219	2381	850	255	856	364	1434	5401	6462	6934	9754	985	3226	8074	12640	822	14238	13234	1333	1565	5913
3033	4319	3692	6339	4264	14161
7133	2784	4623	320	8841	8816	13206	1563
321	6592	1798	9316	11356
4595	2367	1344	2147	7189	1054	12769	14503	11427	10460	12825	12133	15894	13618	15365
3532	14443	15057	11313	10645	2294	13492	10368	5713	6430	9327	11364	11409	374	12204	735	14649	14497	15362	6358	12163	3603	4969	15284	13192	15072	4427	1085	1550	1174	12423	5426	65	15530	15446	2001	8300
4362	329	424	459	556	774	1866	1979	7530	5691	12771	12266	13684	15603	15738
3450	2846	115	3011	11222	3246
5033	751	10	13525	7824
6855	1137	2767	4163	8109	8896	9712	10942	7891	14270
18	10800	5684	11382	11914	12747	10163	13689	13691	6383	11776	15065	15364	15502
6184	12886	13119	14923	86
638	250	1100	3058	284	2097	576	2315	350	4758	5069	5472	1821	6575	4795	11045	10461	1626	3976	4185	11155	2472	6025	6026	8044	2295	4536	343	1183	75	13999	5168
1185	5896	6388	4488	5233	9827	11944	9609	1170	4196	2452	7901	12451
5937	1493	5125	12677	11585	6992	8935	5263	9884	9885	12939	6327	13880	9742	1692
5871	654	6110	7774	11158	4702	6605	3032	10502	5629	12770	1880	80	1709	5463	13148	3801	1074	4992
4885	1749	2045
258	4758	5498	1939	5080	10948	6093	6690	10741
2925	1729	4176	10558	308	2053	5456	14077	7726	10116	414	1416	2425	3627	4491	10414	1013	1189	6810	8148	10905	14667	12705	14619	1137	12449	12999	15054	8824	9590	13047	5171	6783	1190	11666	13603	7718	15085	3898
1374	3831	8168	4794	7760	2706	8132	7500	1842	79	5752	3772
3559	13549	11418	9367	15166
2040	3884	7598	1508	12134	12059	11933
410	1897	9353	5890	6789	8064	13785	10950
923	915	723	1765	5538	1144	7915	52	9846	11844	12902	5691	13448	8480	13500	7878	7516	11805	14808	10513	12249	10511	13720	14923
3521	6236	1923	10740	3658	10259	4618	4774	3620
143	378	11128	11727	5642	10001	13461	12417	12519	6599	12211	7553	8574	40	445	1901	2404	3492	8229	8400
4987	12644	1178	1613	6906	6982	7351
1298	9016	7986	10682	10683	1936	13371	4465	6320	7235	9356	10733	13966	16043	926	930	5369	11188	12404	13450	5521	7807	11911	14441	14481	6068	8045	8899	9402	10117	11460	12038	12782	13082	11311
2881	7775	10356	12759	10989	9560	10626	11769	3462	4996	7359	8093	11285	12326	940	2911	7339	7453
3802	7215	4485	3964	1170	4822	7228	5416	10749	10738	6666	4370	15485	10407
3622	13279	15848	15443	15908	15682	15658	15809	15626	15942	15704	15975	15955	15632	14007	10064	15804	16000	15999	8955	13568	15365	15681	16022	16183	15748	13310	15878	14471	16088	16139	5347	15082	16108
809	4385	2899	498	2284	3479	5284	11885	3656	11878	8097	11316	12934	8860	12740	13678	8592	13448	13963	10657	15057	14900	13720	10915	15373	8997	15594	9422	13430	13568	15715	15945	16101	15870	9172	16002	15871
7106	3376	13963
4953	8736	1137	7631	9196	3571	197	281	284	351	2284	3569	9903	4818	11500	14407	835	1294	3426	9696	13673
5468	448	511	4033	5968	1908	12731	6838	1322	1137	5020	10942	13527	15963	15930
6401	11843	6824
2448	6505	5417	308	981	2199	11488
98	1137	2395	7041	7232	8142	1359	13119	13720
6054	4816	14286
5965	3043	9872	4348	6233
5742	397	2818	4701	557	7913	174	6219	13500	13034	14165	86	9671	15152	14961	15563	15782
5354	3163	13758
3551	2950	1409	2587	1765	5498
5376	995	5614	7143	7723
4446	11681	13684	13818	14026	13691	13557	12599	14511	13666	14179	13309	15281	14903	14007	15626	15531	15367	14976	15087	16054	15885	16184	16199
6684	4037	9453	3068	9304	12958	4683	4685
6364	2419	10934	13785	4739	13460	4644
3340	171	6970	7189	8529	3627	2467	4414	4901	5684	6923	10571	4177	13842	1280	1634	2212	2959	3254	3395	3823	4771	4992	5063	8554	9085	9750	11766	3350
4641	14245	15555	2428	5068	9655	9969	12303	15144	2458	3948	6516	9527	3215	5606	1737	6074	9437	13277
3025	15619	15049	12195	15723	15472	15594	13430	14728	15604	15658	15676	15355	15367	15605	14212	14247	16018	16030	9344
3429	2811	5000	3291	6096	4541	13224	6221	7419	511	2706	4724	5658	16081	7824	13319	14859	14742	1458	7778	3905	13620
7121	12069	12748	5957	9677	11188
1962	4644	3857	944	3712	3711	6247	3266	7898	3661	10228
4278	3656	14269	13634	14293	14103	15077	15578	15619	15226	15658	15632	15377
1159	2205	674	675	2611	2903	5326	681	1476
395	316	6405	6891
6528	2490	1054	9991	10945	9218	12602	12287	13765	14218	10902	13942	13307	10461	15222	15895	15497	15887	15996	16064
1328	11936	1137	1434	2308	10043
1376	7702	3523	2185	2590	1724	5397	11915	3127	11216
1865	10896	1338	2366	8808
4854	4701	3628	1867	8981
4761	1982	6523	323	3864
2775	194	1972	3916	6805	848	831	8376	13119	14071	86	13568
6889	2646	8607	1381	6967	9027	12038	1325
2867	12535	11892	2349	12671	14504	13738	7478	11427	8808	12825	15324	15389	15542	13816	16127	12377	8141
5694	1132	7630	288	4078	7873	5097	6422	104	4824	6254	9142	3893	593	2292	281	6074	3118	289	5489
4643	1635	5281	1487	400	1253	1463	481	601	3808	4133	3938	6228	12994	8651	3699	1658	10384	7302	11423	6633	8520	6777	3465	9155	11150	1104	6271	11611	14922	14860
6404	6558	9405	3656	12927	12748	13004	9754	15108	15895	16184
6086	3223	3236	4981
3696	7921	12112	10	7451	533	1080	10945	9495	12829	2423	5691	6261	13211	7516	9677	13481	3404	3737	14390	14557	6888	13942	7530	15075	12975	6054	10508	11021	15387	9078	14719	15604	15927
5055	3241	2349	913	10050	11832
2019	739	872	3014	2587	2833	8664
6562	9338	7921	12102	13433	14769	15325	4296	15749	14960	15446
1350	3294	6589	8142	1140	9163	1621	13764	10163	12806	7406	14476	62	6431	8935
4469	964	7806	10722	4277	2833	3552	5256
584	7684	9061	10285	8759	12540	6712	6710	2691	5750
3348	3484	14725	5817
4230	7138	5583	13682	9594	15735
5348	2214	2315	13968
1685	12248	370	2843	13782
2461	4833	1823	11189	8372	4027	12899
6381	9194	2920	415	3349	7778	5133	2701
1441	9658	3028	3029	13515	14369
4555	3929	10560	3874	13999
4318	13184	733	10511	15037	10461	12825	9671	15688	15887	15514	16078	16065	16039
2139	1575	1936	1170	3779	2293	4769	12752	8470	4968	13765	13500	10905	13738	14806	14318
6869	7511	10225	12806	11629	11805	13721	15619	15159
226	3929	2341	12368	13649
5725	7578	13306	10437	14157	3051	3971	10447
2497	6431	12961	14015
5044	2353	1973	10001	5118	1138	602	11788	14607	15469
5719	9116	3041	4353
1038	13812	13897	5900
4128	7768	8607	10865	12787	5445
5445	8917	4833	3827	9059	2572	5096	12348	12042	13691	14923	5053	86	15364
5761	3169	2890	2954	6294	4269
5757	12753	6074	14507	14923
535	8425	9743	14222	4107	9699	13997	7865	4014	830	5492
3426	42	5823	11727
901	2615	13811	7725	8514	10479	13617
4475	3041	8205	7681	3768	10302	14406
6918	8385	14514	14914	896	3384	6033
3279	278	292	10	499	2041	681	6490	4217	1688	3251	3829	2418	7302	11914	12833	12832	11157
2342	1469	194	1294	4159	7575
1951	12678	13119	14331	15123	14480	9172	16185	12638	15338
5521	397	7878	1079	5533	5642
2445	1054	1269	3540	4092	7077	9543	10268	11686	12509	1637	4572	10601	13090	3222
6406	212	3016	3169	5367	2681	6859
2769	498	600	695	3011	2510	6857	5339	12752	12068	14124	10057	12185	12551	15152	15345	15887
3493	9581	13722
6566	4598	5110	30	4097	4618	13387	4597	7872	9634	10885	15029	158	3164	3261	825	4672	304	2726	10079
688	870	2108	4634	9442	9933	5682	12224	308	1058	11011
2414	3305	1596	9459	6707	11846	2462	14335	3809	5703
2709	6136	5202	825	1336	1482	4479	5260	5739	6010	8766
3797	304	14218	7005	13997	10532	10460	12701
4044	549	3505	3507	3908	1973	6162	2099	2109	7113	6730	423	783	6650	2840	3169	9734	1174	2301	3537	6126	7791	5933	9863	1741	1765	4130	2186	8933
2316	302	14162	11652
402	721	34	4360	865	1105	1294	4764	3169	2318	2069	6378	157	4275	2365	304	5552	7340
5518	3005	2491	4843	3416	6247
338	3169	2182	3938	9255	304	321	1502	9540	5455
2698	11914	11622	13239	13942	7124	15059	15900
3356	15215	2833	5938	15306
6509	4026	11795	5558	9677	11331	11859	1195	1957	3398
2659	7992	9459	9795	10946	11381	11744	7571	12376	10027	12806	13239	4801	13875	13634	10659	1665	15610	14961	15605	11523
6778	11754	397	5062	13817
6447	9108	13966	4685	12666
2251	2299	14420	8271	2407	11595	12056	11573	9369	2177	8675	15094
5151	3090	6707	9831	9107	11595	10234	12886	14269	12611	10575	11975	12825	15391	15242	15688	15887	15658	14237	13071	15678
6155	9885	7164	5105	14086	1054	8243
699	4365	844	12069	12829	12704	13765	13448	14294	14390	14219	7995	13721	15392	7988	15345	15804	14000
328	9338	1428	12941	15167
5370	9710	12541	12287	13273	13835	13765	14033	15058	15041	15309	15661
1307	7080	1836	9100	9549	3981	8114	10797
2678	4978	2386	8707	2403	12503	15156	4587
6029	8586	4344	6824	365	2397	11505	4188
702	10945	9872	10219	8065	10575	12602	15037
1016	2615	3374	203	4758	1054	7232	4917	6698	7403	2881	2188	7079	1469	8571	3345	7905	1065	12260	4970	4791	3609	435	1259	8051	380	5112	12686	2646	8529	8530	7514	3507	7587	13080	7712	14519	9181
6661	5892	672	5572	4481	23	8267	8165	9475	9043	5262	11075	2505	5557	9406	3571	5472	10625	10936	9367	9368	9254	13168	1991	3616	4855	12271
7061	1872	13483	16094	16101	15880	15768	15302	16157
4506	4476	8678	5730	8183	8753
1460	3350	825	4933	6707	7587	8529	4587	13571	966	6871	6891	6898	10134	64	1250	6405	7232	1690	6991	8802	11696	5300	8010	8205	3254	4699	7778	82	5624	5844	9501	10152	12759	2301	6810	7015	986
111	6804	10127
5980	4353	3929	9338	2601	8821	8933	9405	10725	13731	15058	15354	15836	15748
429	5004	9581	9617	14461
6247	381	219	1995	2889	64	1176	10036	9098	9693	9991	6253	9839	12358	11622	12008	13684	10849	15392	15603	8806
2226	2973	9712	6323	6551	12521
4889	4161	986	3361	4890	8486
3162	3670	6579	10729	11798	14854	10731	1085	15900
4167	453	10550	12829	10079	12706	13668	13954	15361	15689	2680
3749	15002	15326	15345	15444	15892	15706	15564	15788	14917	16125	16140	15903	16185	15877	15994	15569
1616	724	2218	4158	14380
4508	13271	5404	4548	13001
3779	2189	7023	8628	9059	10067	14052	14287	10308
3265	9059	9558	14165	6439	8935
811	5343	4684	12747	12832	8280	11518	14218	14466	15057	11427	12339	14179	15388	14767	15705
2145	3254	5087	8432	13705
1989	3864	13758	9743	14952	10968	3370	9742	13874	1107	14437	3266	5431	1208
2049	2980	1433	997	7236	3254	1079	10875	6178
6601	529	4078	4972	6162	4252	6289	10976	8726	11885	11411	12735	13433	13678	12706	14179	15389	15575	16152
6137	22	3708	9278	1491	11844
6907	14627	15527
1295	552	3191	4686	8360	8038	10947	12069	12548	12348	12324	13728	14218	733	14392	10731	11975	14808	12825	86	15412	15361
3513	10807	2986	6529	6950	8636	9021	9022	9023	9025	9354	10663
7086	397	1021	7368	4980	4977	681	7122	10859	6293	9271	3829
3656	7624	308	1099	2773	3851	4514	7601	7623	10750	11505	13676	14135	14876	15181
3269	3681	830	4426	8877	3869	2773	12509	13583
2052	9447	10234	12598	12588	8395	14192	14769	14168	15123
5117	13668	13911	15754	14007	16096	16024
5116	7886	10625	15297	12905
2275	450	138	830	5624	7502	11715	16081	4680	13736
505	5878	9714	10584	8898	4228	737	9998	5370	3696	9230	10062	4130	13427	13565	3602	5772	13053	11531	13021	10752	1301	12924	13035	3721	10933	5505	10296	1137	14827	13996	15230	10944	13993	354	14909	15210
2222	602	1695	2854	4992
876	3331	14192	13366	14358	1617	4963	1023
6303	10708	8158	1383	5268	1078	202	203	2490	9474	5133	5158	13738	8938	12858	15069	9754	14891	15362	15152	15308	15772	15366	16104	11481	15302	15834	15780
3009	3763	8576	2153	3349	9842	2616	7865
3625	594	782	2218	3057	2978	1747	12829	13321	13108	5556	14240	11060	2410	3857	4016
2630	12598	12802	8225	12829	12971	12699	14269	10460	15594	15714
1669	9823	10352	10985	14742	13350	3687
3807	2677	5456	3034	389	707	7210	7919	6102	6289	10982	7092	12146	8385
4137	3465	12766	11933	2112
1637	12806	13682	10713	14139	6937	15057	3324	86	14343	15309	15599	15715	15616	15714	14946	13272	14238	14738	16132	16204
5011	6616	624	8035	1528	6810	7995	2248	4953	9667	10946	5260	7176	8297	14279
4688	2925	10164	5653	12266	11580	10946	13239	14494	1569	9905	12304	10511	14564	14808	10746	15228	15403	15996
4489	7113	3494	2888	6548
4586	11209	9568
5551	3349	5950	912	2943	2790	8090	13718	3292	11805	14663	11427	12339	14379	889
4772	2695	12326	13479	1338	11155	13605	10729	12560	1867
4698	1277	7576	10464	10606	758	8236	923	3630	10985	4451	6000
3590	2330	4325	5514	6898	3395	4587
3477	9405	8124	10234	12829	10297	14971	14935	15514
3238	8900	1193	11214	6963	10625	13483	14189
2596	1294	9553	12374	12648	7981	3133	13061	1982
5927	3338	2627	8935	5933	14114	8471	10989	12138
2920	2481	9672	1503	12771	12977	12146	14218	13429	14328	14613	15281	15228
1459	5624	11843	2741	84	12829	14210	7191	13429	10838	14335	15228	15392	15284	15745	15837	15796	16146
2459	6700	593	13459	8838	13649	10301	13484	4623
6233	314	9856	4871	12858	3214	4903	13069	3027	8160	11858	13329	8727	9712	9808
3062	11346	9447	12769	12829	12196	4184	13119	14769	15449	15178	15887
5361	11291	13730	10803	11456	12690	11094	5269
5253	392	9939	4444
4031	15473	13920	15220	14983	15704	15705	13430	15927	9172	15623	16022	15082
4658	3307	6908	1315	4177	11576	310	964	5185	6712	13313	14199	12971	2294	4587	5322	6831	8896	1174
5432	5933	7316	2983	6473	6958	7104	3228	7910	2213	12733	4191	3130	14456	8042	14269	15104	15167	15546	15694	530	15736	15588	13065
725	1435	6815	8829	9528	11733	12824	7578	9338	11557
6999	3959	13148	14492	6515	6516	7083	5264	9718	14632
4540	1229	6199	7778	5472	3328
6450	4913	13374	2603
4194	12842	443	2351	9748	371	6430	6864	2200
1341	579	11638	8195	11622	13689	11805	13634	8764	15495	14692	15444	15564	15100	13568	15676	15927	14976	15982
3146	6869	814	1757	5865	2844	4032	5352	9783	2411	9773	7453
2113	14935	15248	15363	15446	15997	15366	15927	15878	14000	16023	16167	16062	15356
1254	672	733	6847	11155	8789
2705	2355	4327	7824	8789	8912	9591	10432	10532	10591	4302	14964	4303	6560	12406	1066	2442	219	1247	2341	3364	5118	10785
4542	6789	7165	6247	12729	5401	9515	7598	8708	13909	4379	15036	15556	7255	8672	4558	9798	13305	14042
3899	530	2407	2088	11469	13455	14424	13457	1758	9085	3741	12567	13545	9304	2741
3655	2846	2411	8176	10895
6171	1205	5728	8410	11666	13749	12695	11888	8774	6585	10752	13377
6216	13446	14682	15467	14834	12195	904	7853	15754	13568	15367	15925	16144	15569	14302
7039	7578	12072	11680	12678	3136	12533	12463	14331
1523	7399	10297	9677	12322	15037	14558	14958	13568
5391	9357	11172	3947
3604	8580	602	12439	13384	12366	9422	13710	7892	8987	15311
3408	6772	3887	9495	3562
38	730	9948	10304	12473	7835	8364	9975	10551	12057	10024	5822
1030	1954	5988	6414	12320	9455	13955	5503	2005	15520	9895	1741	12803	6783	1988	11088
4265	1503	12421	12406	13969	14294	7814	11975	7349	15927	5324	14946
3086	9416	685	7349	2949	4097	6712	1048
5935	3522	9662	5444	8451	12634
3123	12958	11307	16201	15475	15696	15884
3956	7524	2056	6049	12406	13141	14830
2310	2707	10116	7254	14477	634	4755	5393	11229
2884	1203	7205	7578	569	4693	13459	4976	12845
4756	721	12829	5691	12249	746	15704	15705	15869	16159
3870	13979	8351	9835	5107	3956	10897	13092
1957	3792	5288	908	7335	6664	8124	8065	11910	12829	11622	14697
5100	8827	13630	1292	5144	2544
4373	1212	12504	14096	15568	1068	6498	9145
661	1146	7723	10854	9872	13731	7072	14769
4512	7828	9699	2557	12953
5137	6670	6975	1322	2212	4279	1469	11551	11021
3803	176	1516	2321	2346	2601	5766	8257	9439	10792	5456	5763	7613	8093
6962	6547	12588	15384	16104	15579	16044
2637	4503	6452	3355	10061	701	2167	580	6299	5690	3829	4202	5608	9874	11637	11930	1503
3890	16250	9305	12505	9996	11845
1852	231	710	2839	53	9709	11847
5575	5788	3120	9804	881	1966	9647	9931	11443	6120	10822
224	12069	12598	12806	6980	13239
3315	1541	1818	2977	2187	9163	10513	11427	13543
1499	9828	6899	71	10948	9841	12441	12833	6403	3384	12832	6057	4896	13211	13429	13838	15057	15060	13650	86	14343	15173	12364	10930	14150	12195	15662	15663	15446	14946	1294	1505	2045	4618	3413
6990	5754	4980	6399	2709	12857	3041
5074	5785	6171	10567	12497	1678
2091	12332	12706	10550	14561	15542	15473
1956	3865	14026	14269	12825	7662
691	2683	3982	2330	7007	2331
5854	112	416	711	12752	13102
1668	13298	16250	1518	4903	5058	8812	11800	12743	15555	10656
2533	3900	12095	306	308	6216	2632	13812	4199	8629	14204	15195
6565	7056	9483	6421	3266	8895	6702	529	36	8042	11705	2363	6697	8263	4147	1776	7578	12213	4378	1151	2358	11045	5142	5614	5906	10290	1099	1333	856
5163	11971	5349	5304
4325	4104	5988
4859	2217	1292	6274	5187	10263	2081	5348	11694
1443	3207	9468	7060	8538	1899	9798
5961	6606	8597	7434	13651	3539	3756	9888	2217	11996	15016	12829
2892	1855	13319	6400	10123	13649	14762	14807	4364
2757	10945	10739	9447	8065	13307	12130	14575	13272	15861	8141
5760	8567	14825	10350	5642	14018	8076	15296
5860	825	5592	6830	2041	7278	10164	12990	6499	12673	1054	9475	13390	13448	12806	14387	14219	13875	14807	8771	5912	7692	13720	12339	14935	12299	16024	15082
2941	2608	4044	9076	13459
3367	6788	7193	4967	10679	11115	11637	10116	12829	10297	12287	12008	13184	14663	4582	14472	13047	15175	15093	14934	15444	15446	16134
3686	1159	7633	10844	9144
3645	1986	7189	11978	12324	12699	3343	9791	1785	14923	15445	15502	8479	5512	15579
2045	5453	11137
2204	4937	5941	494	9058	9059	6603	9540	2371	3153	9317	13646	11622	10461	14106	14239	14575
3476	11723	12330	12771	12287
1385	1514	3419	394	1278	12069	12146	5757	12769	12959	2341	13119	14335	14563	7072	14834	15227	15854	14000	15885	16154
4851	691	4899	11380	12351	13211	8808	13164	14900	15158	3898	15595	15676	14976
2477	9059	9447	9874	12541	11622	13433	13684	13683	14769
2726	8461	7144	11307	1384	8610	13362	2141	7125
5723	692	4792	1759	2154
4295	386	519	797	11439	12829	13738	14404	15688
680	6247	1857	87	2325	3473	3650	10139	7058	7808
6973	2886	2612	7578	1440	442	3712
4860	9565	244	8759	10569	12139	12757	306	12496	5495	308	4074	12692	12734	3334	3966
4615	7624	4512	5445	11435
4579	11678	12325	12706	14219	10513	9737	12339	15158	15159
1721	8933	2627	3361	7293	7294	12784
659	7578	8477	12834	9729	856	10061
1304	4228	10302	1201	4692	5469	6460	6997	9180	9326	11830	12281
5355	8826	3350	9753	1384	5642	1669	11285	9124	7395
845	13351	13119
6690	3388	2846	4667	3877	4352	3876	4972	2433	8594	8595	7917	9738	8374	11348	12927	13684	13054	14809	7072	14707	15715
848	4899	8539	8630
1864	11381	12102	12580	14218	12623	6440	14106	12185
6476	8079	8783	2808	10004	5856	8559	8284	15130
2397	10989	5583	8537	3465	12060	10744	13390	10511	10179	9594	2108	14614	14728	15895	15894	15604	15605
1603	8042	8634	10905	14479	3611
6164	10256	12821	12008	14042	10163	13802	13232	13399	10657	13401	15469	15552	10563	15270	15868	16068	15579	16145	16052	16006	16023	16188	16166	16203	16218
3124	1076	788	825	11484
1578	6663	11312	10728	8165	6217	2125	11776	12069	10983	12706	9719	10524	13684	11786	13119	11798	12315	5381	8771	13721	7977	1850	10750	12359	15204	607	9064	1579	13621	1068
3966	1600	9775	10890	3025	5775
2406	3895	14422	12346	7828	2452	9335	11694
1107	4015	397
6867	9132	13294	12766	14484	1576	7302	4004
1985	748	2628	3202	654	12690	12103	9067	12441	14405	15988
1878	1494	1416	4617	8697	10591	12749	12737	4229	4029
3274	6547	7236	5202	8933	1765	1391	7920	6977	8038	10734	11468	8728	2552	10318	9365	11272	14335	14384	14697
4576	3043	498	4969	6304	2747	4078	9956	13032	8338	6399	4165	4089
6822	6352	7921	9405	10057	4437	570	9754	2712
755	29	1174	4700	10989
4895	10946	1821	308	7534	7753
6409	9790	14733	13453	13298	12118	8955
3504	14269	10057	11805	12825	15281	15603	14429	15688	15892	15715	15417	16000	9537	16144	16185	799	15780
6861	11912	8257	10344	6312	2741	8809	8729	6106
5717	3885	3917	12474	13731	1341	5146	13500	14233	13239	10252	15222	8286	15925
1924	11974	3809	13915	3982
836	7458	3734	9739	6692
6020	1117	4644	5368	9447
554	218	11909	9622	13576
1186	8607	35	5912	9209	1855	9227	5778	1243	4799	4318	1452
2380	8696	2614	5896	9672	8374	11855	12769	13765	13500	12806	7400	13689	10575	11427	13004	13274	15044	86	15123	15496	15887	15998	13816
5067	4587	7530	10302	12577	14884
5455	3661	470	778	53	7412
441	8301	9604	141	1231	1778	4457	4564	6171	8523	9700	10407	10944	12057	13306	13459	14409	3216	4758	6556	12791	15729	403
4786	10624	5614	14733	15461	7114	8461	15146	10935	8286	2959	8464
3031	12069	12614	5860	13119	86	13239	12806	12825	15388	15619	15226
271	3748	2022	3829	2356	443	13121	1137	2938	92	1637	4699	6682	5303
2212	210	3000	11456	5900	8376	14914	40	743	3025	4785	6539
2378	4113	7231	7917	1635	13500
3665	5336	10432	84	953	1013	7076	10890	1989	2750
5195	2015	953	3212	6313	11768	1983	2657	4465	5140	25
412	6819	8292	4892	12630	2355	12647	12104	7922	12854	12374	13288	856	559
567	4141	7630	2571	14649	7606
1658	856	3507	7553	9237	7045	8173	9601	364	13982	15061	1808	2206	2674	5202
5740	826	10161	409	3773	9756
7030	9990	6198	4063	9911	4787
5047	2458	8176	5083	2601	9756	11867
4412	1401	3875	4944	7522	9756	7112	530	5581	4228	8105	12019
6278	1393	3350	1396	5858	2249	1651	2438	4466	4701	7646	5973	12316	8920	8538	11502
6914	6486	835	9263	11489	9901	14089	6258
4069	2376	4089	10914	1563	12439	12648	14018	10218	11343	3552
6545	4805	1301	1518	4436	7965	8557	11925	14716
2713	6579	7098	11487	8567
2983	8522	7189	13728	7821	14973	86
724	9558	6975	12598	12735	12771	12885	12990	14684	9543	14404	15004	15324	4296	6870	16146
1885	15465	14935	14906	13430	14237	15892	15887	15542	15117	15366	15996	13940	16018	14000
5982	8314	5286	12324	13551	12060	14218	14335	13239	13875	14923	14769	12821	14984	3086	15365	13805	1054
3188	623	9338	13684	6980	13004	15339
4273	8212	5820	2832	5194
782	1749	529	11766	4088	14795	3433	10108	11006	11081	6007	10584	7977	15391	5409	9239	4011	8896	6205	3938	13803	8926	15900	3808	219	1294	6567	13082	8365	15696	1104	9904	16131
4317	8795	2440
3296	5300	2753	6428	7740	10151	12917	10208	11441	9645	10105	14679	14324	13260	5384	10392	8757
6327	2840	9501	5322	3896	13639	13640	179	1931	2726	8661
1843	3358	9523	11314	5664	12134	2453	11572
2297	2670	7085	12072	12358	12598	12769	12706	12324	12740	13552	13780	10986	14165	13664	14219	12643	14854	11427	14423	12185	15167	14150	15158	15364	15389	15483	15388	15284	15705	2669	15744	15971
2690	2954	116	10830	593	3738	1339	4075	11693
6643	8097	12806	10657	14785	15244	15362	15432	15249	15539
19	4230	885	8298	2552	7271	11888
5905	3157	12829	1156	14542
5438	15472	13568	15745	15117	15715	14959	15887	15927	16104	15579	15880
6752	48	1836	3422	3607	7630	7995	4039	10842	5527	15428	10396	11935	11406	15479
2191	304	2706	4795	15648	9692	14305	15195
2728	10667	11100	8538	10224	11641	12499	12441	10743	13273	13445	14402	14440	14343	15551	15689	15777	16125	15781	16153
2246	8433	9560	9645	11459	3992	13047	356	4325	12424	8811	10993
6167	8659	2628	6510	13342	9382	14767	14479	740	1292	3534
1736	8257	9130	9646	15792
6267	9637	12330
2236	2651	2685	3357	8052	11155	1342	3392	7016	14403	6941	15449	15804
3501	1728	7526	1678	1975	1435	5061	5126	8319	236	738	2297	681	10328	11896	14939	15654	703
4886	14269	8961	14467	7578	4582	13399	13232	13401	15579	15082	15302	15880	15823	16111	15917	15877	16233	16203
4710	5072	5258	7096	3487	8130	12069	12829	13239	14506	10461	10513
3410	7240	7729	9338	13141
1584	7852	3628	4749	14917
1041	2386	5855	3054	1728	3044	1821	1106	6672	591	8741	3929	9478	5080	11137	3465	11779	12138	10191
1049	1733	10949	9792	14504
3864	1176	2770	10447	1301	11451
2336	6168	441	11999	29	1151	68	527	4570	11413
1905	2041	11238	13720	12825
1206	5481	4506	341	10253	8117	4808	12069	304
122	8401	13386	13655	1294	3667
1371	210	409	7781	1305
5949	9155	809	3207	10901	1516	7528	4647	6950	7190	7996	9196	10290	11226	9159	9978	14536	13314	15182	3809
1513	5476	6740
4727	1694	826	4799	8066	11307	6063
4762	7380	10696	12254	8145	2353	8042	11954	856	8896	11790	7977
516	4892	875	3626	3492	3494	1300	4668	13119	11277	10460	4582	8142	120	105	15723	15564	15892	15999	14976	15623
1930	6630	2473	4449	8341	8342	2056	4445	10872	11244	12334
1300	4354	7228	5915	4749	5868	10905	5044	8223	12211	14140	10857
300	10226	12152	13679	13119	13691	13239	13917	14923
879	2664	1000	3518
3332	5144	13808
6790	8398	10001	11459	13621	12439	7514	11538	10993	12866	10302	14940	6793	13523	634
6836	503	3202	278
1407	602	5614	304	12907	11899	12921
210	2132	1820	5606	2071	9100	11843	12829	14241	6439	6441	5478
963	9598	9672	11081	5884	4764	14314	4809	13501	7834	13811	11760	6123	13807
6983	2008	2407	5892	4779	7889	7144	10425	11228
2491	2464	68	7633	4176
1246	15242	15123	15087
6316	2006	3663	6430	7232	10188	5988
1312	9422	11986	14395	15222	15384	15539	15689	15524	15654	14120	15532	15997	15579	15681	15728	15954	16101	15892	11481	15880	16154	14000	15302	13272	14622	15823	16057	16223	16246	16202	16181	16038	16239	16218	16031	16166	16203
5407	7707	5001	5967	12478	4978	5142	5874	12666	13718
814	4967	12212	8414	4882	15111	7144	12205	3461	3050
5226	406	2832	13727	14807	10731	7295	13870	8764	15707	15693	700	15626	10793	2669	15999	15971	15521	15878	16030	15082	15669
5693	10338	3487	4380	5725	9192
6329	8138	6120	2225	6494
5903	8363	6374	11380	10691	2706	12337
6225	3536	916	1793	7839	3510	12733
4840	62	68	966	4025	4587	6078	6976
3707	15566	9560	120	3383	14572	15117	14066	770	15446	16104	16161	6586	274	10515	8800	8801	499	14901	5977	16053	11726	3929	16257
4062	9391	86	12339	5456	14981	3982	15658	12365	14577	15887	15117	15367	15135	16141	16022	16183	11790	15082	4960	16206	16088	6586
3564	10151	8935	10968	13158	818
3936	529	9830	10945	11843	12332	12829	12737	12008	13429	13351	10731	14575	15334	15745
665	3384	5817	11733	1013	8248	8600
388	842	9542	2013
2153	2885	5491	529	3702	6367	5632	8207	3125	13350	13448	8935	11805	15167	6441	11975	13721	86	15228	15362	15465	15392	15484	14437	15363	1863	16144
4072	1736	8493	14423	12832	13721	15060	14806	13648	14972	15364	15663	1613	2750	15449	15539	15706	15623	11965	15869	16184	15841	16108
6312	6811	12342	12927
4114	689	10294
6179	12829	10461	11776	13721
6852	5284	9338	12349	12829	12704	12351	14652	14769	14900	15057	12551	15433	10557	14960	15626	15900	15676	15997
60	13494	9482	2308
1571	68	1054	3384	4412
2951	4214	10772	304	5806	6281	11194	1853
3407	201	653	668	110	114	724	530	781	2894	2846	1471	827	3553	881	4590	5118	6032	3948	3779	8510	11804	9756	7280	5567	10558	13937	7028	11	942	14111	9798	9006	5209	12794	5263	15934
275	12786	14515	15446	15878
5915	2206	10705	4315	7083	11385
6892	1027	1956	7717
5190	557	1148	2045
3152	10491	10746	6174
2692	635	6214	7852	1669	8074
5942	15987	15944	15870	15872	15873	15869	15984	15880	15903	15994	15904	16097	16123	16009	16228	16246	16249	16166	16230	16210	16241	15977	16181	16219	16239
4277	9128	14433	1436	2789	11099	1603	13757	2050	547	8666	12178	8981	571	572	1604	3695	7745	1399	3087	4147	12811	13991	3289	346	8775	2560	4695
4048	7645	1136	12392	8593	1635	2990	3896	1232	4558
3032	4437	1180	6760	9692	1641	9484	11753	11835	916	6717	1339	6704	8392	13809	6707	5999	12377
781	1409	4732	7790	8263	8647	10918	13795	14935	1170	7191	15902	15989
4831	11380	12351	11904	6734	3492	8934	13738	13691	14215	14806	14900	14569	11144	15391	15434	12971	8997	15443	15594	2680	15334	10625	15787	16065	16185	15371	15867
2452	4233	6416	9750	10045	167	285	3487	4954	5870	5915	1482	1892	6638	10698	8753
5681	10445	9231	609	3929	5063	2822	13240	7673
3074	8967	7753	13964	12634	13352	3677	10083
4124	1537	822	10427	8298	2324	9202	1210	6445	4680	4120	7208	9516	6043	9856	8010	8215	2322	681	1533	2312	11228	12322	5106	3964	3202	10193	10005	7087	5752	5521
230	10106	11216	2494	12761	10455	14006	12746	4525	8935	15817
396	10799	12069	977	13764	15715	15868	15900	16057
4957	16226	4941	3146	2416	500	3571	850
5147	6287	4977	2809	9690	7514	4628	10855	8568
858	529	2029	6364	5790	12034	3043	10079	14124	14510	14071	11729	13488	14708	14707	15738	15604	15777	13320	13444
4713	5112	2351	3472	5972	3889	9932	13779	2189	11166	2386	6257	7232	4913
2614	7620	10840	6905	15020
803	7120	7433	8360	9280	8204	8232	8241	2491	10502	11574	12829	11413	10356	1367	86	15228	12850	15367
2635	8065	12769	13651	10986	14466	14473	15391	15123	13568	15366
12	10169	12438	4078	8042	8974	9685	11977	7581	8789	14988
4070	7229	3692	2265	5505	2398	5730	1891	11188	53	6840	5778	338	1408	2777	11642	7227	3465	5868	6611	8422	4309	8930	7215
3078	13685	825	13893	9320
3845	7	668	6228	7316	783	2773	6898	8788	3417	8721	9407	50	42	199	6661	13107	5472	14218	14387	14807	7072	10940	11245	5044	10330	13974	15158	13816	16223	16108	16111	16074
4016	4	12990	13089	13675	11622	13780	13679	13678	13738	7389	12613	13811	8142	10511	15037	977	1716	8930	86	15284	15736	5426	8997	13568	15449	15722	14767	15676	15996	1956
625	7633	10237	14549	820
3302	1423	10953	363	6307	1420	5129	11675	3780	4632	9886	4204	5374	14278
3875	855	4644	11573	13655	13738
371	1278	2398	5359	6174	6708	7424	1170	1396	6810	7828	9835	2386
2112	6320	8171	2186	9355	11779	12970
3195	9593	13676	7778	11887
44	5164	4785	6775	8671	7531	6680	7526	11837	9431	10726	7909	1719	4318	14431
3763	2206	8138	5882	83	7189	3125	12888	10116	3812	13749	14194	9754	48	15597	4303	14000	14920
3926	10708	7761	7651
4513	3043	3719	6808	4437	3760	7920	45	7761	10447	12098	14335	14103	10169	13004
1640	3058	773	3457	4440
1871	12694	8538	9050	11209
3515	11054	12657	10163	10057	10902	11805	13738	14923	12249	14934
2300	5284	4097	7944	13153	2401	5472	8812	2051	48	6033	7355
2963	5845	4508	9207	3949	7986	6810	7403	7633	12	12118	13153	13193	791	8408	14188	13248
5561	2347	4618	155	1199
2644	8137	1640	8026	9481	15023
4695	12829	13239	12701	14423	15366	16065	13816
6337	529	2259	11280	12346	12784
4344	2368	4057	8711	4076	10117	348	6967	9155	443	10384	5175	964	3819	354	5974	11690	14406	2055	15237	396	3756	4089	4446	8608	13141	13680	2922	5032	7659	4932	10116	302	5422	10700	5263
2247	12560	5614	11371	3622	7453
5288	4647	4984	6763	7058	10480	12771	10888	10122	9506
1362	9604	10850	11681	9207	15118	3884	10296	12807
6699	112	378	296	797	681	1002	327	1049
4365	733	1270	1926	5703	8455	9030	9245	10192	11343	11390	11392	11733	12310	12975	13276	15211
3575	6421	6559	1170	4061	8811
6358	3712	6247	193	15238
1318	12713	12803	10298	12814	323	8810	6707	8344	2359
598	5933	2546	12690	9543	12757	9861	11468	14802	14655
1901	9100	11182	5133	12222	12706	12586	8318	13835	12606	10511	14971	5680	12273	14575	11516	8524	5254	15478
2883	314	3929	4924	5110
263	10100	1956	11235	5726	15465	1429	3148	5498
1442	2617	11846	12670	12829	12769	14349	11805	15058
3964	10337	7656	14922
1054	6065	7865	13083	3392	13727	5125
4654	9	3108	2332	2434	8207	84	12069	15093	15204	11516
2859	7293	2407	9596
4005	12829	8935	13500
4838	1765	4117	425	1176
2144	9828	11115	11382	12829	14808
6081	7613	6140	11729	84	35	7271	13689	14487	3304	15060	14769	1174	304	9687	9681	8344	230	13753	8566	11240	11266	7294
1574	53	892	97	1390	5133	253	5851	3011	7942	4437	7178	9317	6534	9012	9927	11380	10825	3777	5260
3995	2225	3687	1626	4649	6328
4599	2353	1936	5683	6791	13288	12404	8372	9754	3234	856	13864	5202
6687	7522	9373	8741	11113	4322	6439	10895	304
837	3545	14553	7624	13616	14541
6839	6343	2019	2700	3542	9059	9100	9339	12802	9750	2989	8934	13720	14480	2833	14984	15604	14000
1305	5581	11210	5227	5810	2386	5874	8524	552	8737	13040	13116	6158
6142	613	8468	6266	10667	9991	9447	11115	11603	12735	14347	13790	14559	10511	13239	14769	13712	14806	14906	15497	15604	15690	13816
3264	6721	4799	10120	4794	8246	8608	885	12720	12571	4650	13530
5678	3	1670	3628
2628	2966	4134	9712	1664	3600	9132	13555	172	302	4875	5324	8049
1904	6656	1416	6901	7057	11217	14109	1623
5715	8607	11145	12829	15059	14983
4765	3774	4270	15546	511	1331	1353	4820	7144	12761	13355	14729
2699	9917	12783	4117	9341	3130	10084
1215	3556	3211	13772	12822
6201	5694	6639	15279	6909	12140	14736
2394	1821	5472	12026
5885	7587	9044	3827	8042	14346	8071	2966	8100	8136	8759	12167
4678	8480	13655	12105	14343	4011	14392	13668	13738	10511	14971	9135	12536	13721	15173	13751	9911	2975	4262	13294	4251	12234	4933	15539	8854	10201	15514	10746	11092	15087
340	8257	10328	7458
4422	54	7144	11685	11790	14008
885	627	948	285	641	887	8142	930	5125	14208	15606
6862	1909	11622	15772	8955
1281	2498	3504	7886	14282	13269	15084	5819	9387
2026	4305	1818	4970	7470	5846	13455	3202	10122
1411	4331	13125	3721	11635
7141	10736	127	12108	2108	12214	12549	14139	7191	7425	6943	1347	14958	15326	5807	14656	15723	15334	15777	16018	16158
6427	1090	3705	14241	3809	13817	10308	15892	15868	15927	14946
6711	12706	13119	14392	14423
1993	7632	11017	10266	13465	13822	10790	8404
3373	5334	11803	3649	7530	11028	2246	2086	881	6186	1176	7302	10812	5084
3703	3828	13927	9059	7022	15410	11488	1294
2673	5521	786	3721	9058	483	3409	619	9655	4219
5353	2490	4391	5912	6048	6634	7559	9835	11557
6481	4452	4514	6978	7661	10764	1311	4602	5127	8646	9206	12349
2508	3510	4924
1265	316	4701	2684	6439	14797
5398	4258	4045	11862	3906
1395	8841	9862	13153	11285
78	2628	3928	1561	3995	9797	10958
663	3300	101	9202	11855	11622	13733	2092	10957
2020	10308	890	14084	7110
615	529	1821	3845	7824	9319	3940	3215	3241	4759	9842	9608	1554	12777	6355	13763	1517	10530	8129
2940	7770	7227	11313
5887	52	10224	13433	13684	13963	8934	13239	14240	11427	14585	14807	15736	15754	15418	15998	15366	16065	15878
5815	12069	10905	11427	15066
4919	361	2110	2601	1450	5447	4993	2830	9227	4967	54	5360	3626	5264	9799
1110	1444	9677	1018	2556	6132	11391	7475	1294	5289	15492
1129	8917	12259	12332	3862
4983	1161	12091	12771	11301	13651	13119	392	14655	13034	10460	3324	14575	14906	14726	14783	2724	5013	6316	7251	14247	15860	3437	5741
5191	2846	2086	80	1186	5684	5913	7309	10066	11411	13583	15691	15530	15689	3972	10337	314	15539	10629	7423	15542
1765	200	356	1396	3348	4011	9520	9931	13846	13905
5098	10256	11487	10656	13239	15064	15900	15998	1054
2568	2919	4423	2142	6882	5466
1342	9505	7174	4534	8608	12455	3065
1212	12759	5938	3929	12625	3399
1339	537	1277	7245	8229	8037	9282	3503	13851	6460	1975	14582	4653	4671	5874	13644
2689	2490	3607	8485	11381
4927	962	2888	1370	3043	10679	10680	10892	12829	12971	13684	10513	14851	15539	15894	15533	16045	16144	15569
4939	7514	7530	8254	1708	7929	8170	6904	7624	6942	10337	1572	7032
2943	544	4353	3682	8821	8641	8374	10930	9447	12784	12068	14800	14558
267	10851	12829
3402	3655	12190	12799	5140	3842	12805	966	967	4074	5021	9292	9453	10957	12777	13319	11848	10248	3017	4978	5890	13141
1628	4218	6977	13731
5157	6811	6367	13684	10739	12750	13875	15037	10927	10460	10461	10575	3320	15387	9064
4255	10667	9447	11439	12706	12959	14769	2712	15998
1691	1178	1179	1512	1384	2681	844	7232	4096	1649	8524	15718	5121
5654	3082	14242	14078
1455	8468	1080	12602	11622	13239	15443	15449
6011	13234	209	10752	7195	8817	2490	9970	11052	830	11207	12149	3320	7857	9118	9120
3268	823	873	2490
6903	511	2749	6643	8185	12830	14762	12374
6584	2775	4973	2398	657	5374	6198	8398	11882	1430	10964	2320	10391	13676	9782	1467
2593	7288	12901	5258	3914	8360	7368	8659	4129	10667	7042	14526	11737	7498	8419	8896	8290	13100	5387
5692	12357	2790	12650	6378	11235	13906	12806	13944	14387	3009	7578	4523	13738	10460	14854	190	15104	13720	12821	15228	8764	10872	4749	15690	5298	13310	16022	15828	16108
2307	15123	15603	15564	15363	15658	15579	15713	15954	11481	15957	16143	16094	15302	16087	15916	16184	16192	15384	15877	16223	15947	15338
2136	4715	5118	6900	9353	40	5116	8920	9122
4661	2694	2992	3929	6717
5658	10537	3292	3600	5749	6228	6775	12151	9819	4520	5614	12096
5823	2433	3929	4551	6451	8118	2273	3229	3465	10120
6667	12829	733	10057	6439	6441	86	14168	15484	14007	12189
4102	386	2379	2864	2586	2865	1897	511	765	856	954	822	3129	7386	5581	8641	2323	11331	11035	11846	1186	12332	12349	12186	9317
2640	6214	7395	5291	2217	9858	7239	11996	14754
5199	4677	7314	2833	5125	11576	2086	10839	14202	703	13315	4061	1324
1125	12829	14009	12806	14440	14515	15251	15449	15715
5267	6574	3630	11228	11559
6555	2008	53	1954	1893	1959	8917	9098	1747	12456	12008	13684	12806	13817	13239	13047	7072	14105	15738	15704
4371	10782	2407	3670	11006	6897	8392	13912
1781	13235	304	1227	5268
2818	2601	8414	3384	4074
4022	1107	7173	6975	9339	4810
4134	13342	11818	3935	9273	4851
6362	247	5581	4967	12614	5575	14468	11083	11150
6925	3929	11155	842	11864	10348	11643	1027	9067	12634	13320	16020
967	7675	7676	1939
6674	189	2057	2706	7643	11562	12958	3123
943	12458	12429	12829	13184	13119	13307	14923	15054
6010	7121	5207	10027	1212	7607	12803
5511	6811	7096	8416	8641
4369	2973	6811	5632	7316	6253	4162	4969	1635	11054	11524	12429
1849	4114	2816	13835	13728	10057	15059	15432	15690	15895	13816
2873	4914	10315	825	3102	3661	6292	6293	12771	3384	3537	5855	7042	15601	8423
5535	12737	13764	13433	13712	14387	14502	14511	7072	2653	10911	13599	14152	7332	7633	15244	14984	14437	15334	15448	14000	15859	16018	16184
5064	1234	2477	5117	7950	409	406	10290
2025	2076	10575	8275	5703	11257	9644	14906	15714	15539	2386	7747	15860
6717	664	4944	7025	3972	10565	9104	3497	3721	9712	12305	11249	12193
7084	1821	13555
4206	2431	2992	1146	5864	2946	2170	8054	10648	1212	7207	9991	5477
503	2373	3006	5209	6933	7071	8073	12557	856	4081
4418	4345	3433	14553	11228	15845	15654	15701	11255	16171	15377	16221	15922	16201	15919
3084	759	267	3386	552	304	3506	10163	14414	6441
7129	4853	10085	8607	14582	6751	9692	13407	14084	14643
917	8841	928	6203	1821	4308	9399	14645	15979	792	1286	4324	6060	9548	10601	11931	13633	15789	2706	10345
6981	668	3044	4229	7192	7386	3886	5428	10036	9444	9613	3125	11525	12068	12146	12829	11353	12806	14232	14177	13004	13274	13721	14268	86	15391	15473	15597	15777	13816
6021	14502	11805	15093	13272	15859
4284	5368	7578	10854	11115	10165	8592	14487	13239	14257	14807	11427	14661	15059	15037	14180	6742	15362	15391	15597	15496	14007	15637	15082	15938
1895	8862	10203	9546	10151	1054	10667	2490	5077	12952	4124	3923	9501	2738	7828	14410	11459	3215	2265	7995	5879	4097	5558	14647	10690	13707	4275	8260	11144	12211	10899
4740	2601	3088	3465	781	2267	4698	6685	1711	8957	830	11533	11137	6668	8218	12291	12292	3235	6283	8092	8248
25	570	8257	13933	6781	7896	10447	7578	11772	2766	3626	2386	7571	10389	45	1186	7303	8802	9108	15545	8015
1907	662	701	5918	8447	12093
6735	1668	1669	1672	2056	4587	13587	15273	1284	1301	1311	5530	5950	6511	8575	8912	11515	13495	14772	444	8314	13633	1820	2802	2833	3202	6196	13055	4551	8727	13471	2509	364	6388	6739	9295
585	441	10343	13295
3494	3036	12534	1774	8659	2357	847	15395	3200	4150	14608	870	1281	6497	9279	1475	5942	41	3797
3548	302	681	2708	8205
753	12856	9784	1170	1623	6108	8854	10476	12962	308	406	1698	7828	10367
5710	9704	10225	10168	10164	12829	12806	13097	13119	9743	7400	5016	6831	2720	8771	10273	11278	86	2386	5343	13791	6340
6679	605	29	1696	749	3317	2587	2733	8103	6916	10565	10930	11525	6010	12771	11518	13557	14335	13817	10909	13878	14792	11024
7066	1539	4327	2353	1054	5954	8917	2536	7189	14480	13875	10460	86	370	3198	3670	3673	371	672	1528	3348	3674	9606	15222	15446	15658
5461	13433	13675	14655	15610	14007	14913	14706	15365	16078	16036	16184	16099	15569
6826	6720	12901	656	10840	8188	7436	5713
1078	253	5334	3539
1429	6877	6122	5810	6051	9732	12406	14159	9182	3640	1695	5492	3948	14797	7502	117	13206	2382	16057
1449	11857	10057	14387	13720
1273	3041	4353	6630	1095
1142	3702	10403	11899
5160	1835	4074	5243	4185	3212	7087	957	5644	15375	13744
4150	569	968	2739	5632	4786	12598	15619	15691	15894	15579	16154	16125
5788	5921	3685	8901
1415	1294	7578	9323	11489	14720	9677	13532	3433	8549	12841
2538	7711	8608	8997	8439	12418	8659	3259	12851	1652	14074	15147
574	11733	8462	2450	9771
4419	7578	10674	6614
1735	5267	2496	8795	8712	10313	3194	6462	11633	6198	4785	8926	8111	1359	9433	12494	15743	444	1277	1609	11701	11001	12504	10016	2731	5136
5258	1821	8759	13601	14617	15333
959	12060	9368	13815	4022	13209	13448	10715	8430	9040	11805	10354	14423	10654	11975	15094	13274	86	12825	14497	15175	15392	15158	3126	15050	14415	12202	15444	1013	12631	12980	13272	14000
4117	3550	3417	1202	1358	835	7553	4799	10611	6868	3254
2420	4443	824	7781	8142	186	304	1637	7926	10017	14583	9428	637	4523	10730	816
4173	3043	13214	6810	5558	10161
5220	8831	12428	12986	15512	6857	7774
3401	1000	5938	4191
5454	3218	2215	2735	6845
65	11381	11855	13815	3812	14268
99	4952	4919	5217	3256	9339	6630	2222	4853	6507	6838	7320	10601	12014	4542	9964
4665	2604	11645	9890	7292
3768	3606	4909	6071	6218	10550
1608	664	2196	2920	476	689	2655	498	2069	2914	4697	1294	5641	1755	7178	4601
2975	3363	9533	13414	14629
2290	15603	15619	15154	15688
6792	9853	166	396	7656
5368	8803	7516	37	11567	8064	1362	14646	13807	3938	4795	7488	6283	11099	11811	12375	15111	7856	8935	13823	1914	5605	4758
5359	3796	5199	2490	885	4074	11021	12196	14952
3709	1057	10	2917	4340	2711
6613	3142	12751	14333	10461	10511	15159
4787	11280	2490	4953	11829	12602	12927	6678	10986	13994	14480	13274	12821	15391	15369	15927	15968	15082
1071	2145	5511	9816	11533	14202	7464	7324
6658	11096	8724	10451	14500	4165	4670	8146	3	14773	15135	2170
1737	311	2439	6901	700	6053	8190	10202	10250
4402	13817	11427	14692	15495
3740	658	271	2028	10946	7228	11347	1998	3392
304	2092	3496	6070	7553	11576	5520	4097	6247	1838	6587	8772	2892	245	9106	22
495	10234	13273	14329	12440
310	5492	11858	2080	5356	9484	193	336	4901	11576	2148	6998	11945	1162	4204	5024	7339	6498	5699	8342
1335	2992	11122	11622	14973	86	14769	15066	15159	2680	15714	14007
5242	12266	6352	13211	13264	14219	5320	14424	10532	2825	14923	3324	89	6009	5855	9754	15465	2680	15345	12187	15859
6750	9371	10600	12828	219	11917	8886	12901	2895	3766	5261	6413	7868	9696
309	4077	12640	4389	14490	13369
252	10529	11148	82	9336	12095	4971	9683
4283	12655	116	8695
1596	2852	120
1866	7049	9096	7675	11913	14811
2219	4455	7252	9645	9647	14620	7930	10475	15110
469	12502	6607	603	2187	5353	11685	12875	14863	3266	1076	3077	12954
5041	1829	967	10667	7814	13738	1393	6252	12918
7017	10734	52	13132	10575	15715	15542	16185	16069
5176	8994	7458	11312	8376
3986	10736	511	9975	8929	4994	7250	1174	9284	9100	2353	4196	2388	8416	12469	2706	14757	3330	3391	8883	9099
3547	1746	12829	12806	733	8934	14424	13729	14692	15495	15999	16174	16147
2704	4127	4504	7080	13056	6160	7564	7079	2223	8735	496	1294	14036	7083	9700	5670	10569	12496	10506	10967	7215
5886	3097	13351	10575	13720	13721	12546	15772
497	11259	4267	9223	9972	13221
4685	4228	14624	8015	13812	15751
552	2407	8464	1099	6469	2167	8122	11757	7525	12178	3153
326	6177	6291	8370	1757	9120	3670	2195	837	8884	3976	1286	103	16043	14719	7042	12933	11793	842	12096	9903	13977	8957	3098	10696	12558	14218	3348	4444	13058	14034	9182	7718	1989	8926	9317	13846	14928	4054	13183
3206	355	12834
5088	12324	13329	13764	1469	7578	7082	7860	747	11511	10946	7124	14613	11888	86	84	15191	15420	10557	14212
322	1338	12783	1136	2750
842	2833	13652	790	13373
3092	3516	2905	3043	4353	1253
1752	1033	1471	1054	441	11097	14220	3500
3892	10602	6777	3082	1547	4587	13813	511	2513	7
4548	316	7578
5202	856	1234	5118	1816
6198	719	7659	6228	622	9828	12802
3990	4312	3506	13753	14004
3967	12740	12657	13963	14269	13817	14141	7553	15057	15060	6742	15361	15385	15707	12270	15744	16024
3796	1896	10773	6751	11350	7004
1149	3609	13791	3808	5569	8836
3813	3041	4353	306	3640	8362	8054	9098	8044	9846	10288	12347	12748	12769	12068	7227	12060	12463	10461	14900	13274	5957	9543	15175	15152	10989	1856	16129
3648	5395	13621	13958	602	2615	10856
5273	2483	4725	2761	7553
2037	5464	10121	10505
6879	2108	6063	12560	1099
3761	12287	11622	14329	10511	11776	13721	15445
1247	3041	530	3043	3893	7593	10953	7753	4139	3633	2163	15710
2764	9086	13855	14952	7547
2115	3415	8362	9617	12919
5525	7335	6196	593	8849	11461	10453	4457	15479	2157
1942	2993	5283	7501	952	2490	11053	3323	12658	9290
4733	5972	6773
342	11926	1740	4183	4251	7778
439	6664	10543	5354	9231	9794	12645
1807	364	1294	5558	10194
3413	175	676	1117	3522	7282	5319	3895	1911	2092	2888	2135	12601	128	731	7141	1432	7526	2236	11878	2895
4439	681	2284	143	11781	11734	8795	11801	4078	10946	8935	14180	15996	9041	16184
1178	2284	2310	4461	1463	9537	3111	5792	2477
2927	2579	11525	9839	13731	13917	13239	14682	15228	15362	15868
444	145	2878	1366	8791	9640	9278	9242	7969	6696	12829	12902	9587	10461	13875	8808	15999	8532	152
5794	8013	1151	2386	163
3611	2398	8179
5990	691	4758	4962	4876	2065	7495	9043	8453	5438	5226	9763	6244	3827	10372	12069	3478	12673	13906	13433	13731	3510	1896	3572	12821	14496	15445	15502
4692	10872	2472	5498	5687	5852	9359	9673	10698	10873	11778	13613	2187	14119
4476	14922	5161	12982
3999	3466	6119	10591
4119	9405	13448	10511	10513	10947	14806	9391	9626	16020
1662	6159	14421	3115	5957	6018	7076	9483
2889	4666	557	4551	9393	9577	256	6722	5900	9473	7175	8348	9981	8666	13968	13703	2407	4579	14948	10625	14552	1792	13221	13006	14894	5702	12922	13869	14385
5197	2579	5804	5202	12068	1034	2799	6192	1409	12863	13689	14696	12671	14796	15603	14120	13190
5796	3011	4676	5758	8543	10172	1227	2145	12129	8714	9481	2269	11975	11093	7750	10328	5905	5786	4272	13426
2858	1151	7871	3105	8257	7958	912
1746	2043	2438	2686	15169
4294	15381	3441	4938	10337	10610	13080	14183	15143	15538	15673	8016	10020	10318	11812	13739
2421	9099	9886	11911
6416	2899	13825	14073	1669
2209	4373	6616	4420	5502
5586	4576	2920	8224	9019	9188	9369	9920	14894
4796	2046	2205	2397	2327	531	3811	7754	9163	12266	13528	11642	740	13720	14834	8997
1593	7232	3129	9012	11402
1526	2726	1301	8918	11089
6759	178	656	7553	2375	14581	14751
443	6573	6815	2041	14407	835	314	16120	1162
2974	1087	49	497	3044	498	10851	10743	14241
7053	7865	12780	15555	703	8206	8802	10339	10886	11276	11778	12836	12947	14358	14411	14672
1423	7236	11280	3656	14043	14511	15173
3723	6664	8789	304	364	856	4968	3384	940	8342	9560	3404	7795	6078	3000	15743
1284	6968	10135	13569	13221	1425
2134	4833	86	14343	13225	3771	13470	15362	7298	7662	14474	15392	1058	15159	11040	1989	11489	12832	1250	15658	3561	7098	15927	1475	15448	13816	15521
2254	276	7098	4333	31	544	633	7024	11411	2933	6592	6860	8696	1054	1453	1796	1870	2859	668	5518	964	5555	1827
5711	360	10930	531	831
521	9338	6029	13764
1325	10822	5090	5835	5858	6054	11939	13592	13635	7482
2201	3756	2748	2747	2588	6684	997
3793	4815	73	7624	8515	6959	9163	13966	1294	4061
2129	3237	1070	1459	6549	8053
30	5005	9821	374	10061
5539	13583	14312	13112	1189	422	6301
6196	3626	8053	10372
2828	6090	13811	6799	12205	12696	9816	187
2194	10500	10164	10966	13107	13211	13815	10163	14026	13119	14329	13875	11975	86	15364	15363	10700
3008	6940	10228	12870	13556	3930	13480
61	13153	5154	15364	8963	14405	9960	12746	15989	14026	1174	15772
3015	15987	15579	16104	529
6902	8607	10388	14672	7843	12912	12689	14631	14880	3218	9383	5412	1552	5397	54	13702	770	12868	2557	12944
1504	2950	8491	3253	7141	10250	12269	248	6430	6439	6653	12243	12634	1099	8808	7781	11691	8165
5916	4775	7045	1285	2163	4363	2857	9988	8667	1328	15013	13037	38	5874
614	13772	15036	8518	14109	11776	11821
4443	10607	13239	308	8012
5587	9743	10625	3043
3193	4191	4809	9692	11235	4027	5416	843	6231	10208
2035	1919	1813	10083	5012	8868	10867	12667	1186
3554	136	1190	1327	1329	3899	6462	10265	10169	9821	11441	12718
6615	1732	3095	5183	5988	53	885	11068	12640	4110	9891	3831	1254	13920
7110	219	898	3430	9135	11042	10934	13852	4169	15022
4017	2225	2579	6105	8363	9048	9830	10563	11540	4026	11165
689	6972	6985	2567	7023	1897	10486
6930	3055	116	11153	6707	12498	3948	1212	5847	7486	2365	6418	4618	7485	9458	1630	15577
5427	260	258	322	259	459	5583	2628	4358	3057	3702	3350	6152	7192	7578	5150	4984	8368	869	9302	13232	13401	13399	3809	12241	15384	13911	14728	1872	10591	15469
2183	592	1146	726	4851	6439	12223	1119	1703	3578	5134	5659	10126	14622
1227	441	904	908	1867	11238	12829	13211	13184	8509	13239	9043	15362	13653	5338	8953	14007	15367	14941	14212	885	5165	7016	15290	13320	15569
1830	7766	11692	12861	8789	10182
3754	10079	10057	14601	14440	409	13634	4582	8678	7072	10688	3825	11291	9671	6550	15594	15508	15339	15417	15367	15579	16154	15815
462	2435	1380	268	2148	4644	8179	5848	925	10945	3658	11381	7045	10966	11696	9654	10522	14655	13318	11753	5756	12868	8121
6704	10380	1076	12344	8091	4864	2177	14714	9399
3102	724	1827	2745	6891	9624	6888	6897	2215	4602	4134	13786	6399	8044	11978	5268	1294	6123	8697
4732	3428	7245	7473	9903	13653	1896	2297	3546	8306	10188	12534	13005	302	2477	3643	5668	7778	9442	11977	1014	4739	7616	9836	496
4779	2627	2768	1013	3699	14703	13234	9476	1422	1904
3168	3882	13117	4220
1573	6739	10550	9447	11115	10892	10234	3215	10254	12769	13132	6591	9835	14466	14440	14783	10731	2766	14769	10316	9671	5947	15091	14934	14983	15594	15715
2563	1049	2726	2919	879	2107	7530	5133	7785	7918	7379	6664	5472	8453	6975	4794	109	15364	15578	15050	4680	14860	13911	15718	15868	15804	16002	16054	13816
1542	1244	8313	3986	8963	8957	8355	230	9953	9954	7644	7141	14251	2005	4436	7259	5328	8276	7383	8018	15228	302	15484	6775	12195	15723	15443	2680	15894	1250	15272	1816	10147	15714	2669	15563	6084	15820	14087	15637	1609	16024
2952	10065	4916	1641
164	273	1529	797	6217	2353	2358	2360	1861	4085	9910	8261	12690	13676	13724	335	4519	7502	14015	13899
3511	12679	13433	14731	86	15391	15369	15661	15363	15637	16010	13816
4850	11054	11789	14402	15715	15998	16162	15880	16154	16087	16223	8141	16168	16236	16031	16246
1167	13921	354	12041	13583	13846	2966	3948	5642	7630	9206
1568	15302	16038	16097	16154	16206	15252	15823	16172	16192	15877	15903	15917	16153	16223	16087	16088	16170	16246	16249	16181	16203	16219	16237	16241	16196	16197	16240	15713	15728	15807	16031	16173	16143	16239	16254	16230
1622	8010	14295	5928	7851	9333	12851	14101	5741	5812	8042	13141	15439
2842	4894	11722	11349	11959	14684	13721	15495	13911	16126
733	10989	11648	15588	15384	10574	15345	15908	15813	15105	15892	15635	15699	16098	15212	985	16246
1358	3091	3341	753	6364
3306	19	1054	1515	1187	5125	5668	1810	1944	8142	5124	4618	12690	15028	14633	2101	11144	1880
3451	8032	11320	10370	14392	13573	13931	14656	15658	14617	16184
5075	6032	7892	6427	8599
926	14413	4618	7534	10953	673	10979	14922
4809	2552	13772	1199	6127	12634
6349	5538	2929	8966	4893	645	5445	4994
1471	7553	3662	3200	5527
4257	2922	10495	14279
2810	8490	6991	4813	13923
2471	1068	8100	855	9193	4623	6975	10948	11814	10257	11526	3113	8441	13008	12673	14265	14507	13239	14022	6824	14800	5277	86	7488	15339	2186	15835	15804	10592	15420	5442	8666	15670	16129
1370	12750	12294	13764	13211	12806	13239	10473	14105	13274	10557	15997
6293	628	7758	12927	13108	14007	15787
6585	7454	13619	12366	15408	6635
5850	986	4987	3324	8046	3310	6938	2397	10460	14366
6189	9571	3177	2632	11561
4060	6251	8132	10153	5494	6469	7624
986	12272	10053	12049	12517
5177	9128	4582	3133	10847	834
4925	3349	8698	3800	12929	14994	5313
2279	11900	9182	1151	14534	1793	227	1676	1850	3494	5016	10155
97	10632	9964	10631	2139	2214	2768	9262	10617	14770	8392
4165	12091	13239	13875	10511	14923	6725	7641
3891	10768	9808	3089	6897	10968	13714	13831
1886	5075	3011	230	7891
5484	8334	9099	13967	2368	9527
7069	12643	15465	14983	14767
5536	13040	12331	2540	4195	12305	5456	14533	15848	15384	16101	15579	10121	16088	16246	4487	5263
357	9742	12690	964	5750	15304	11694
3826	6911	343	3687
1283	671	10699	194	6792	13119	14269	14034	12613	7072	14806	14971	86	11950	15208	15723	15363	15658	1410	6888	8955	12189	15514	15965	16078	14122
3694	2535	2469	4579	4587	13124	6291	8802	11896	5439	15643
5638	4455	4994	7580	11487	1538	3206	4528	7796	8562	10144	13243	4495
4676	561	10734	12289
1738	9744	479	13034	14806	1069	11991	6717
209	7118	9926
2256	995	5267	6500	6447	7189	11174	12927	6698	12829	12599	13239
2178	551	9495	8385	9870	735	8093	4946	11333
5919	2454	5583	9405	10679	12769	12959
1879	5075	980	6936	2375	13596	4057	12975	1661	11851
2492	1649	4425	51	561	364	13080	4170	7639
3607	4526	6857	10919	11313	792	1673	9483	6542	12835
5004	4537	10740	12695	12740	8559	1425	2531	8779	9798
537	4039	11678
4438	7898	4976	583	5146	7838	379	1953	3289	5652	9106	9823	11307	10352	7107	7604	75	6862	9187	10822	2453	5614	8575	5149	1987	6284	6670	9220	12810	6061	9012	10571	10857	10901	13377	12094
2202	2919	11724	1528	12429
2000	3852	8104	8607	5498	1168	10993	380	13016	8076	9501	13013	10116	14481	10166	14854	12881	5081	13522	7901	9886	14018	14530
3978	2451	12744	850	4758	7228
2738	11846	12315	7072	14329	14808	15473	13736
3867	2202	4634	366	1327	2125	3616	13409	11287	2534	5290	12494	9347
4354	11532	456	9560	11449	12251	14287	7764	461	7246	8922	7903	13090	6957	13014	14646	13369	10825	975
3618	957	2716	3405	5550
2182	998	1213	2586	1897	791	1580	4138	2743	2640	1583	15	4972	2883	1294	1425	3148	844	4919	6950	214	11115	35	15391
6942	6721	10120	2701	1469	9338
5470	12325	12063	12324	12596	13664	14563	7400	12185	6761	15663	9359	13624	15662	12435	9478	12095	15478	3630	8917	380	3168	14575
2116	12161	12162	11807
6801	4838	6190	2917
236	2636	6596
698	3626	938	2946	1566	364	5855	8075	11025	1199	2189	7858	8165
978	10159	3445	12542
7001	5933	8952
3085	1054	7458	11468	12167
5462	6707	511	10229	957	8802
6815	9175	3656	7571	12802	12429	12829	10834	12748	13264	12806	13691	13034	14327	10532	14614	15373	15496	15514	15363	15887	13272	15569
6557	11418	12352	9367	6323	9499	13997
4945	13102	13684	13119	13931	14769	14129	15365	8955	9078	16184
5597	3968	6888	7933	11678	13211	14210	14343	11456
5853	8253	13885	7927	10938	1340	5200	5353	13578	1170	4917	3163	2081	2701	10302
1310	2303	1027	3135	10548	9712	3948	6061	2982	12935
522	6439	8647	12733	12206	9338	13800	14512
3297	11209	15197	13220	13583	289	8064	10695	12759	13614
2265	6507	8893	12649	10967
3200	6050	1211	1283	2976	10558	14218
6823	13094	53	8344	7405	3966
855	2571	5969	13348	1794	9472	11782	4130	1642	2052	5279	9155	10339	12994	13182	3690	5422	2521	6775	7808	9182	10269	14531
4741	6685	1516	6454	4961	10428	5896	8752	7650	10930	8001	11841	9733	4032	8091	14232	13875	10104	14423	591	14071	13747	10105	86	13309	15242
819	13684	14165	13429	14177	14268	14424	4582	12825	86	15003	15281	15093	15158	15403	15496	15594	15363	15542	13816	16145	15338	16158	16153
5713	7526	8849	9159	4669	5021	13583	826	9699	2833	7514	1068	15085	3793	14904	9033	9059
735	1324	1897	5234	6283	6369	9607
5111	834	5697	10268	13700	11783
246	11729	10540	8770	10638
6170	966	1137	6336	7894
6229	2267	4460	656	262	8370	13733	5220	658	1747	8091	1516	2186	3858	4074	2531	6670	205	13709	15042	14941	13192	15751	2129	7852
2901	1380	1987	10413	14405	1272	6688	5029
1262	3741	11933
6188	7256	12784	5498	1219	582
1452	692	1876	1728	7632	10159	12341	12351	12287	12429	12008	13683	4696	14559	14807	14808	15037	15364	14413	15658
4725	3555	293	5825	8159	2720	1669	8371	777	3405	10700	1642	948	14031	5950	5209
3350	3663	3218	7237	1294	1718	324	7038	2058	4048	1550	6006	2617	511	11286	4616	3622	1495	2302	2747	8940	3909	1211	8522	8386
4377	6916	2374	8833	12350	5394	9100	8268	8010	13811	14218	13119	11157	13738	13840	13931	7890	9754	1593	4582	10989	15704	15705	15540	8835	11943
3394	2592	9073	11666
13	5746	9459	10116	8468	12753	13765	13429	9742	11427	13274
6001	7191	1137	1204	1244	7074	10790	10670	6293	6411	8262
1004	6152	6788	12598	14487	14769	15228
2325	10987	86	12236	2530	835
2441	1823	1469	3517	6779
539	15071	1349	2601	5164	8692	13305	13320	13520	14583	14729	15269
3175	4008	6733	3552	6316	10369	7965	1137	5624	9473	10296	15159	15468	8927
905	10156	12886	13184	3958	4038	14973	14150	15473	15925	14212
5303	3392	15133	7255	9012
5830	53	4042	6173	2209	9542	2255	6291	4722	12907	15573	3306	5076
2388	6596	443	1170	4507	9536	11700	411	2901	2899	74	5297	10605	12147	4890	3528	12602	3266	5903	7330	5786	5906	7808
2580	887	4835	3588	9309	15143	15618	4057	4480	12107
4816	5335	6459	11569	12708
7019	2967	6871	2206	1396	7693	10782	11530	1337
232	5284	7237	10508	364	13719	1365	5888	5642
1760	3912	5143	11257	6242
4013	603	8100
3843	641	10428	797	4758	9831	10947	7165	12673	11457	13731	11518	14232	12671	14335	10909	13110	13727	14140	8997	15532	15744	15867
2309	8795	10466	12496	8473	1626	7865	7649	9692	856	9748	2214	4802	13111	14774	361	7963	10127	11790	13463
944	252	12332	12541	12740	13552	11457	12657	14219	13963	14769	11512	15691	2953	498	1011	15595	719	15971	14000	15872	16007	7876	16023	16126	16167
6691	8568	13117	856	3465	14863	9672
2033	3109	9686	10603	11479	12217	8557	12771	10942	5702
6091	197	9692	11883	8165	3068	8774
2800	5962	1814	926	11942	15473	1901	13295
3979	8021	193
2444	6316	3889	7670	380
4834	907	3804	8659	6562
4071	16250	74	2477	3000	10127	13654	8295	39	818	888	4261	4289	10856	5494	7794	12505
5676	12829	12152	13132	13433	13815
7108	3082	4334	4353
4527	4250	3929	11986	15373
4836	1420	3530	8415	8578	12149	10865	12972	7522	10266	8347	9544	4566
908	8841	5264	5603	5917	6477	7340	11486	58	337	632	1654	2770	3409	4612	4631	5546	5743	6261	7240	9021	10116	2695	7179	5330	8013	3779	6697	9012	11703
4292	3702	5581	8124	11525	11829	8055	14348	14347	11051	13416	7144	3948	10457	15384	3384	9707	15579	16154	16172	16192	16223	16246	16170	16233	15680	15960	16235	16241	16249	16240	16021	16173	15904
279	11729	10667	14240	11021	13791	9050
1775	671	416	1439
1764	1184	529	2766	2636	7553	1054	8173	3865	8485	7578	5614	3125
3387	1170	7726	11198	2739
4074	15200	16171	15377
1679	1186	8453	1225	9444	9828	13132	13448	10057
677	6564	9012	9338	7012	6409	3858	8158	511	9615	5501	1186	12988	2643	6484	4758
1377	247	381	952	7433	5386	10091	3929	3510	9640	3461	1954	12456	5403	10560	4380
5698	1054	9672	11380	12588	14480	10156	12863	9967	14783
4980	10461	15235	15443	13430	15895	8955
6580	9402	12829	14232	13119
4907	7387	2547	2770	6713	10972
792	2199	2077	11985	13283	314	3048	2636	5095	2450	8132	13086	5125	2524	3579	4587	14501	14739	14853
5298	6397	9518	7316	8610	8806	9208	10717
7080	14232	14508	13239	10511	15894	15895	15446
5342	119	110	196	722	1823	6682	5632	11238	11722	10079	12769	10038	363	13873	14421	14179	15093	15251	15868	15971
6686	3371	1972	4676	1755	4001	5847	7481	11364	624	1799	2019	6430	10067	11294
6771	4012	1556	3965	3687	872	5126	2166	3383	5608	11729	8934	14940	3038
6116	1669	3628	5263	5360
5110	15662	1066	14897	880	15473
3784	341	1632	1885	3202	8170	8912	8926	9155	9592	6810	9996	11703	5684	7676
5540	2991	13063	3486	4266
6598	4734	10157	7758	9885
2627	2491	12069	12784	256	13551	12611	13817	10461	13274	9398	14091	15345	13568	16030
3533	11032	9297	13779	3692	8455	10308	12869
4683	11349	13446
1506	6664	6137	7191	4256	6975	10247	8669	12611	14269	14504	15604	15772	12189	3863	15870
3972	12084	302	1464	2575	3593	4055	9435	11533	9650	75	4939	9808	7792	10536	1641	7981	4139	8912	13294	4161	8917	4529	4903	8923	13082	13389	15579
3281	4781	2067	968	6806	7194	6831	7172	7174	1475	6032	7259	2922	4558
1390	12927	12971	12599	13239	13047	14809	15076	15104	12825	15244	14239	14958	15158	8953	14325	15996	16127
4089	11071	6439	7976	11928	7460	13873	6192	6526
1501	5101	4280	4837	8364	1817	7859	13668	5523	15197	11511	8902	3110	7576	11507	1071	8624	9761
6482	4228	7453	2368	3968	4126
5789	1054	8757	5456	14052
869	6364	8544	9672	10355	9082	1078	14806	15228
1814	1825	720	8283	11380	6253	12279	11524	12927	12068	14806	86	15324	15688	15772
2516	10461	10575	14807	13232	13401	7072	1956	14806	5456	2848	14343	86	12339	15152	13928	15443	15449	2680	13430	15658	15704	15965	15579	15681	16144	16063	15082	10517	15302	16133	16225	16062	16228	16239	16224	16246	16168	16247	16253	16181
1861	10254	12700	12899	2770	6047	12324	13273	11484	15149	12590	10763	13683	12535	12599	13738	7072	14851	13568	15117	15887
5737	2991	6788	3682	7224	9098	205	13684	11045	13004	9991	15391
788	4069	10930	1543	11638	20	12769	9317	11533	13712	14104	11975	15121	943	13231	7412	10737	5716	15676
1158	8225	10234	10164	13108	14335	13738	14569	14923	15100	15662	15449
5159	522	2924	4802	304	4320	6158	11264	12297	12690	5125	7673	5658	13390	5655	9179
644	1247	5777	6155	3424	3427	8341	9324	10009	1525	7443	10141	13169	6511	11183
3454	4618	6180	5443
3846	364	8970	6149	8602
3675	2895	3828	7578	4906	7485	11130
4065	1118	2780	8798	1249	5622	11314	9757	13534	7144
947	2406	3043	8645	3384
4237	11220	5149	14221	14202	7729	11468	14255	10817	11673	2453	15007	1757	9464	302	12103	12634	13807	11313	5419	10279	10481	13013	7782	48	7640	8344	14198	15144	15936	14145	4863	13284
5630	10327	397	940	1068	110	7898	1174
6434	3350	10942	1137	3808	3948
2552	3381	1066	230	3125	15222
822	1369	885	1392	7578	8568	3939	13047	7072
760	2298	12669	5472
5182	4332	12069	3465	3043
6626	9143	15154	11326	14668
5709	12227	4331	2269	3202	3404	9604	10445	12016
182	6404	68	13684	13815	11157	12549	10575	14366	13457
4240	14719	745	11839	14102
2386	8986	8656	557	14819	2145	12893	12924	13091	13394	395	14968	7248	11497	5624	8165	14480	825	8452	11117	9921	14806	13022
6498	3543	5495	3132	4225	7861
1033	1537	12	2658	9039	355	8417	6751	1114	5308	15005	9938	2856	1183
183	9304	12069	12752	12747	12102	12699	12737	14026
2801	4619	6630	9764	9039	5505	7571	9001	12902	7553	12196	12806	8592	6439	7052	9420	14326	12893	12923	15362	15391	11506	15449	10557	8698	15384	15722	15787
4390	12091	12829	13273	13655	10713	14564	13721
6652	7990	4634	5807
3836	4382	11270	12088	9906	1068	7164	14076	11445	13953	1956	5570	6771
6024	2717	2910	4667	12875
881	8110	4459	11769	392	1836	4134
289	4864	8479	7311	9369	3939	12160	2086	10530	11778	8382	14507	14708	13589	15689	10557	10080	15524	15933	15878
2341	14026	624	11937	5422	14423	86	15321	28	7255	14692	15384	7164	16022	16034
4148	3090	56	1239	172	3373	4139	2894	378	83	2896	11115	12069	13273	13433	13682	14165	15158	15389	15403	14961	15658
1917	5703	12031	6196	10201	5666	2753
911	5691	16000
6436	4587	310	1747	12360	41	5441	4450	15078
5781	6173	12614	12803	1340
543	10057	11805	14686	86	10861	15539	15521	16036	16157
5799	11299	12499	12829	13273	12977	13119	14472	14507	13634	11427	15373	10659	15308	15772	15417	15998	14815	15939
2373	290	1091	4782	9430	800	2745	5456	6137	5932	13050	13051	10354	4520	6998	13181	1338	1624	2720	14970	4303	9398	7774	2145	2888	6467	9387	15750	11313	12163
2638	12850	2127
3516	5817	9558	5042	12748	12829	12990	14327	10460	10532	14149	15551
3460	9107	13815	14327	14505	11805	13274	13457	86	6742
311	3694	8574	763	10049
4012	7033	572	5974	10122	4587	9646	10809	8891	9668	10819
2555	4882	5709	12948	14824	1276	5209	8360	10383	7407	219
878	12091	10713	13034	4177	6155	13457
2993	389	7393	4618	10667	10116	11978	13433	13429	14269	12130	14328	13931	14693	8493	15037	86	14239	15077	14592	13947	3399	11470	15722	15900	14120
6046	3929	3829	9317	7516	1459	1516	3973	8950
2893	7826	1601	4222	1366	7333	6712	2297
6092	2586	2779	8595	3668	11804	9939	4378	11099	9756	11641	2852	11330	10269	12116	10716	12185	10657	14900	15175	9030	15437	15804
1419	1709	1328	6396	365	5933	4911	1919	11943	11073	11806	11944	10617	304	11453	9969
453	2062	304	825	856	1227	2349	2357
5498	10680	8753	8362
736	10079	13433	13655	10731	15800
3066	2489	9810	2189
6410	406	3286	12077	2822	8810	9161	8151	2264	3216	9598	9655	10079
7070	7561	6399	5487	13982	681	1489	2081	418	3746
5441	7189	12829	6914	15444	16093
6158	3350	6707	7634	9124
546	7313	10	2146	9280	8482	2670	7787	703	12055	2194	2531	9317	11365	2999
4726	53	3459	6129	8481
2838	251	3205	11312	14496	15895	16202
1323	1295	512	668	73	891	3820
2102	14210	12806	7191	10057	13239	14480	14923	15043	6742	15092
1123	187	8254	1619
1164	114	463	424	587	2079	274	197	5371	3948	8038	2226	12636	3762	2481	981	13034	11143
3445	2931	6616	99	4402	6963	10479	4802	13313	14059	11159
737	2013	7187	8242	2993	8004	8688	8893	7127
815	7138	13274	14419
3755	277	6293	5256	10358	6743	6768	7200	9044	2407
4208	2251	3415	3416	13119	14185	11137	13840
3535	9710	12262
1022	8363	12689	4097	6074	6639	13652
5039	3025	4932	6976	9074	10328	2075	8452	9573	8086	12907	341	511	2476	3880	4487	4587	7144	8601	11634	11733	2100	2728	9498	9670
4264	5607	4555	8532	5125	8391
3076	11744	4962	8500	11639	13016	850
605	2343	1212	3172	8391	7467	12829	14807	10513	11427	14806	10460	10532	15772
6575	10116	255	6617	4133	10563	9208
1996	9677	5055	9935	8387	7514
713	4945	2189	406	7609	8165	1789	9302	1731	9217	1321	1175	740	378	8845	4261	5025	10917	75	1222	928	929	6899
1047	1562	6312	10160	10436	12975	12516	8963	10033	1493
5967	2506	1249	499	2969	1698	2152	4987	1679	1707	9107	11843	1924	4794	5849	10164	5080	12802	6010	2752	11885	13655	13500	14269	10513	11427	14105	15037	15868	15971	16020	1294	8525	12180	13153	13940
512	3805	13091	13119	12878	7197	14269	11157	14472	6207	14638	12825	14637	6439	15308	15361	9202	15539	15705	12835
3011	12749	12927	7706	6440	14392	6441	14697	11382	15042	15900	15690	16145
3248	439	7174	6857	825	11843	6808	14488	12701	15495	15777
4951	5525	5583	3169	11280	11678	13433	10461	10511	12185	14168	15772	15365	15654
4192	12440	14807	4582	15368	6803
2235	681	4990	11187
4352	4947	8828	13495	14281	1456	1670
2330	6414	1865	7701	11137
1538	10244	14049	2163	13615	5905
6343	409	429	444	1552	9560	10153	10447	9816	5472	5405	15759	14069	15525	15992	8956	13357	14179
5767	314	1033	6030	356	4642	281	8344	12803	940
914	759	14528	11943	1926
5017	1829	9828	2432	10226	12829
3003	1530	3131	747	543	2341	5281	856	2679	2888	106	262	400	1394	1176	401
3375	12829	12927	14504	14511	8493	15167
16	3153	8043	4861
132	9100	10854	9169	5913	11641	12342	12829	12740	7191	14241	2786	6439	14106	8038	10575	86	12825	15373	15159	12195	15723	15446	15704	15996	85	14662	9666	15925	7020	15885
1613	11354	9501	11533	11694
938	13305	9059	9932	9560	9831
399	5028	6889	10208	1803	13867	541	5498	1137	9716	10599	51	7022	9758	12663	5164	281	1214	2975	10167	3942	14825	15729	2300	392	4060	75	2511	14973	7235
2571	208	582	587	3139	4727	6634	7275	8905	13853
6163	8124	10325	12535	12678	14331	14806	13721	15417	16184
816	2636	634	10722	4752	8227	11023	8949
4440	3350	15571	5029
2524	6152	302	5431	7302
4871	5753	8464	8826	597
4219	825	856	4758	5341
4628	2222	13955	8836	13131	4644	4647	5386	8037	13684	6753	6333	7125	3546	4430	9565	10251	4292	10083	4491	2294	6330	15086	12240	3734	12792	14020	1552	13635	15567	12407	3935	13530	8530	8531	5564	7591	14094	7792	10168	2490
3010	8641	10164	14510	14608	15661	15860
3467	4996	10740	6556	15243
4880	11155	12341	7752	10134	2867
6936	688	3863	2826	8257	10830	1136	3246	10914	5011	11081	310	15666	1294	15324
2636	8067	1233	3101	6340	6963	11062	1610
5152	12704	13450	14440	14511	14498	14923	15178	13272
217	1030	6708	1451	4440
1774	5492	3621	380	12786	11709	13812	11155	1762	12784
3288	784	474	9338	11210	4439	7172	7018	8933	2980	8001	6975	2278	8921	8376	4437	10502	11573	12541	12703	14503	14498	14480	15037	14769	15060	6870	15996	15982	16023	16006
5331	15220	15900	15384	15998	15579	15788	16104	15823	16154	16162	16100
6702	1013	3422	5027	13070	9560	10967	14940	6192	10609
2335	253	578	1896	2833	7140	8057	8821	14238	8172	11488	13194
5610	1543	2762	2855	5461	4448	7306	860	943
5969	4229	1962	1980
4700	2452	7563	13620	9900	11964	13529	4020	6843	7865	10090	12404	5523
3883	11790	14775	4160	2244	7270
2109	2833	3670	11096	11550	4758	1301	6411	13609
7078	9444	10115	12287	11847	12752	13184	14808	10513	13274	6030
5225	2260	6601	6337	8208	14802
5506	1252	1628
7089	13198	8745	8983	5709	12911	14677	5967	8512	120	2328	766	15572
1208	14587	371	6426	10029
4364	917	9712	13978	9518
6841	3113	4644	7194	7193	8821	8994	12456	10247	12069	8097	11107	14387	10905	14124	13457	12599	10659	13911	15715	15804	15999	16145	15702
6595	7554	825	1170	1822	2088	5642	11639	8186	13162	14035
6129	13713	1762	9359	12618	12337
1354	5885	2189	6933	3922	3376
5406	529	2267	4942	4800
4858	3158	1457	1435	856	7852	12865	64	3828
5874	11332	13339	4912	7534	7854
6426	5520	3052	8387	4067
1314	2634	1973	388	2846	981	4952	253	4312	2012	3948	22	6170	10117	3565	7981	842
3583	5505	10945	9846	12069	12358	12829	12806	10532	13738	14105	15373	15900	15804	15448	13816
6531	885	7680	7102	10553
1653	1276	10567	2888	13092
5475	13119	13942	86	15419	15281
5471	1030	2835	2815	797	885	75	1475	11635
6633	12106	1227	7790	14421
2402	4114	11204	8537	10846	3068
4039	5750	7853	402	6293
2902	490	6001	11390	13285	5171
2034	5685	3041	5684	7675	3748	3060	4116	5810	3944	6112	4985	1054	7879	8628	694	12341	5125	3750	11585	6307	10560	11442	15636	7640	10826	11155	11156	10693	13459	13550	2135	11413	9833	14954
5832	656	9317	4124	10194	13206	9340	4964
1929	4075	4048	9663	5675	10740	10441
6315	726	3948	3258	338	4771	2776	1409	4619	2187	5183	8664	6226	1434
187	735	13157	13640	14551	4574	12770	5202
1103	4755	6390	3697	9338	11034	7448	14860
2215	7553	12768	9805	409	8780	2791	3604	11545	11021	12374	4437	9404	14463	5067	4707	2005	5283	13191	5237	5959	7639	14821	14406	7228	8335	14594	12049	15113	4410	8328	13061	13866	13990	14480	8677	13325	5717	12535	15016	3221
6157	11696	11445	10926	8762	1095	8344	4688	9748
4794	11102	12806	1508	13721	4973	9336	726	4969
5505	2800	15556
56	12806	13446	14335	5424	14480	14693	12703	14807	14440	13221	2812	14150	13925	14960	8955	12850	15605	16030	16101	15579	16024
5393	7624	12227	9379	11591	12278	11235	4618	12375	16154	5750	10192	1832	10608	2301	12509	6848	323
701	674	1099	2300	547	2117	904	3783	7271	641	7174	5211	3052	2432	3254	5790	4774	9098	14139	13239	13727
6783	15469	15275	9422	15384	15765	15681	15727	15960	15579	16101	16122	15880	15302	15823	9707	16223	16246
397	11978	12376	10986	5248	14232	13239	15060	12316	14681
3912	229	587	3113	850	627	5790	1007	11532	585
3911	4393	12325	12324	13815	13429	14653	15037	15362	15364	15706
5057	12806	14294	14480	14488	14259	13239	13646	14923	14806	14808	13721	13720	14941	3043	15281	15253	15284	15392	12195	15718	15444	14007	15971	15605	16101	15579	15880	15302	15781
3047	7530	289	2406	2658
5192	11236	5208	6738	7412	3241	14602	5498	12416
3134	5491	6298	5899	8139	9209	4255	9725	2765	7778	9311	12559	2746	14118	6167	9310	9080	1161	7299	10937	5728	3280	13306	2043	2534	7119	12137	1824	10993	4844	4329
4614	68	9604	4002	10308	12419	6249	1199	4229	4739	6192	6707	7852	8875	3687	9302	12998
3284	6755	5498	5055	6387	4437	9931	8245	5125	12981	2183	13456
5422	320	2998	2694	3696	9382	11601	8690	14836	13341
184	15774	15966	15642	12963	15923	15991	16047	16084	16037	15862	16052	15262	15905	15995	16128	15463	16205	16213	16216	16220	16222	15978	16211	16212	16214	8934	16136	16243
4441	53	2630	2641	12989	5147	11036	13065	8909	13964	14209
744	107	222	2917	5160	2281	730	7792	8707	1761	9695	10323	729	5347	12788
3343	3851	3982	11120	11854	14039	2284	7578	3261	14654
4972	11758	8469	13234	8537	6992	7452
902	1054	8831	10939	4594	5209	11902	14429	3306	2278	6201
2149	3236	11939	12946	2479	7676	14098	12605	13920
2607	11228	8101	10394	3758	10272	2202	10885
4607	1904	6214	3015	3105	3643	14480	593
472	4334	4466	8104	925	1836	7458	5501	10116	1956	5234	9393	1864
6452	8538	4780	4450	10513	11757	11553	2578	6233	511	4830
3923	9338	13392	6639	1188	2410	15559	2215	145	147	4408	7255	15007	9890	15758	12502	16202
1970	3325	836	9991	8668	9412	12090	13036	9338	8365	15748	6860	829
2128	13318	7513	14069
2371	386	856	10734	11638	12927	10575	86	13119	15159	15895	12189	16065	16146
6694	3147	12112	7038	5664	7319	2716
2658	912	3652	511	688
4636	9405	10450	11382	12332	13102	15597	14415
118	9642	7117	2147	3907	5044
204	530	884	2173	5649	4136	7174	6473	3053	6664	6229	6338	10412	9402	4543	14107	14512	14806	9048	15993	9317	7199	12296	8018	13997	7962
6262	16015	832	11962	2244
1413	870	1482	3062	3967	4256	6638	8679	9988
5243	277	2459	5657	6291	7885	8278	8339	9454
549	9026	5472	4656	11543
1643	9223	2341	2632	3952	4990	5116	5438	7067	13013	14643	11391	6266
4214	3650	991	3170	3540	12196	7742	9938	3756	11668	14497	6102
1896	171	1344	10340
3817	15	2766	13791	302	2796	9781	511	3780	2697	7350	14922	4587	11428	16161
2966	3832	4573	4049	8206	12750	12927	5125	13655	13765	12806	12373	15284	15705
6641	4596	820	370	3674	5012	8910	12953	1556	12097	10946	1766	11908	5558	8693	10704
2293	7530	3454	3828	1757	4668	14602	9048	9171	831	7028	8132	10402
423	4234	125	7128	4219	1069
2930	215	7364	2634	2496	3866
5836	205	1759	10097	5835	15592	7593	12875
889	7785	14348	14009	14165	6440	14503	10575	12068	9391
5476	1186	1041	1099	3000	4595	2726
2890	2628	6842	12917	4758	11074	12936	15062	14617	13423	7978	9631	2848	4971	14850	5600	14202
2428	4320	582	157	6857	7315	9338	15205	5271	9005	13363
2809	5617	343	3098	10905	5472	3860	7973
6650	4270	5904	10579	5028	8108	7935	3832	6842	14311	5740
2631	1333	11770	830	6897	10516	12284	8301	1355	8598	4054	8629	12470	12323	9477	15456	75	5144	1349	2769	33	8223	15301	13949	13950	13641
3893	748	4437	6437	8115
329	12254	8093	8403
3048	5498	7527	8826	848	10079	14488
5347	2846	7553	7204	7578	11253	14868	1176	12865	7302	10468	3349	6892	6409	3584	3677	6978	11977	14295	4939	13064	5409	8354	11600	3270	4049	2408	5429	4154	13370	14138
5481	3946	10058	7749	9474	12834
7027	1107	2432	4599	5204	575	3661
1124	8124	9053	12598	7922	13931	13721	86	13639	15676	15965
3820	2251	3828	5285	7172	5894	4980	2211	107	11014	9872	12332	11100	12429	12752	12971	5776	13433	9742	12379	13429	6824	10461	14769	8493	14981	15552	15723	15895	6044	15894	16000
77	2396	3756	6462	12759	13694	309	2490	2938	3465	3808	5970	8560	9742	10263	11748	7544	7516
4333	13828	766	792	1300	2552	9334
6281	6228	4981	3808	1720	6833	83	84	6630	2415	9546	35	3125	2649	12332	10166	6010	1367	9163	12833	14033	11762	10713	14151	14410	13875	14423	3324	15159	12617	15497	15723	13430	15446	9495	1178	14901
4835	4394	915	6684	3689	1924	14480	14266	14806	14900	86	15228	12582	12195	15871	15872
1682	12376	13765	8955	14212	16064
4763	13229	808
5772	4846	4357	9100	9099	13875	12669	14614	14728	9172
28	1212	9484	7031	1447
817	732	730	511	378	1007	9558	11054	11678	12829	12927	5988	13917	13875	14423	11523	14923	14575
4920	2148	1212	10834	4705	10159	5183	13221
352	1289	13508	8440	15132	12175	1840	12592
4789	6591	10425
1755	4071	11795	3032	11696	8660	8795	1425	11267
2047	4441	711	391	6788	7236	3384	9846	12769	2944	12008	9446	12806	11518	7848	15278	15049	15610	15443	15744
90	10057	12611	8771
2072	11526	12771	12829	10297	13684	13818	14294	8934	14559	14809	13274	13721	15037	13646	15108	15718	2680
1833	11434	7578	10270	13065	15301	8015
1211	14215	12825	15365	15367
5113	3014	8803	11353	224	6340	10155	796	8491	1138	4098	10460	10657	15603	15361	2680	15895	15894	13430	433
4533	4556	696	323
6464	859	320	5079	1528	2453
6468	7986	7887	3818	8175	10469	3900	27	7675	8634	14413	3384
5346	14353	1868	8455	8472
6456	5933	14645	8538	12316
4260	13320	7976	10599	14938	15886	11489	9990
2755	11174	9839
5269	3739	5675	9938	13221
3993	3404	7354	2188	2189	1366	8791	13220	4453	10489	1294	9333	511	6974	13274	4068	4195	13776
1	740	10803	9896	4168
774	1054	4980	12706	13273	13815	6247	1978	13465	14661	4582	86	8173
4745	15845	15200	11307	11255	16191	15654	13039	13219	16077	15377	16171	15922	13001	15313	16149	15962	16008	16075	16011	15340	15884	15475	16076	15696	15453	15919	16227	13064	16026	16031
6664	7138	12690	13426	15333	14512
6719	6106	9444	364	10116	13815
5235	13482	8469
2117	6916	9444	11280
6082	3706	6221	7972	703	915	2341	3473	4376	8342
4385	1274	3787	2676	2736	4788	7056	7415	10057	8077
1845	2816	14008	1528
4896	12959	12657	13773	13119	10057	14114	11455	15103	86	15251	15900	15418
5069	3218	10355
6109	3692	13765	7740	15228
618	8945	8470	9836	7915	8038	7092	7352	12342	12441	12376	12347	13815	13684	12806	13750	14510	11805	12185	7072	13634	9108	15718	15782	7020	16145
1782	12752	6440	14105	15662	15208
6243	12960	703	2898	4444
873	8446	3254	4341	5957
553	9839	14327	11733	12599	15663
3424	11525	11353	12753	12829	5849	13119	11805	13274	15688
3465	1800	4244
1346	2200	1287	2950	3929	130	7387	3384	10550	6228	10854	206	11722	2386	10613	5071	9839	2187	4905	13689	10057	6906	14106	14480	225	15658
112	745	3967	4145
6103	12350	10833	12927	12704	12463	13108	14515	15661	14857
6077	114	2919	9100	12429	13731	9918	11488	15445	15351	11399	16104
3960	7387	15334	15715	2669	14889	15884	15744	15925	16018	15788	16044	16064	14858	16154	15082	15702	16192	3148	15757	12672
5443	737	5120	68	5005	6197	10729	1181	7521	10752	13003	15062	13219	11674	6707	1107	14895	4939	13324
4435	656	1537	5714	5210	3589	5335	10945	2920	7534
2280	6504	3854	350	1253	9080
8	7530	3109	14215	9499	11459	10091	856	938	11790	14008
2205	511	5140	4587	6064
1134	14909	9748
4977	12740	13346	8429	11472
3553	12069	12413	12706	12967
2540	13239	14652	86	15087
1369	13676	4228	7452	193	7671
3725	74	3828	15476	8290	3968	7433
3190	6712	10875	11189	6221	9677	12091	12703	13811	12707	14269	14330	3929	13682	14906	15691
3024	2588	10291	8830	9378	9759	8756	11037	593	3738	4609	6766	3078	12480	304	8118	10186	13949	850
728	1486	1518	4183	10150	10516	13436
2707	3444	3759	11342	12134	12847	13876	14938
320	13579	13639	511	1137	2041	5674	6779	9012	6084
754	3016	757	2102	856	936	3824	7074	2490	9920	12069	11747	13119
2240	230	2763	4482	6439	9527	12816	4905	7664	3424	3425	5151	6910	3755	4406	1917	309
5179	6808	11533	5280	4116	6380	5090	12673	12806	14387	14291	13932	13171	14104	14807	15037	86	14984	15123	4296	856	12026	15363	15658	15971	10117	16045
6380	14373	15419	9750	9734	9824	3364	4457	7864	9606	12877	14367	14954	10868	6690	9712	7443
1056	6523	496	10944	12429	10318	10911
3117	2042	8765	4677	1508
4647	8271	11692	7072	6430	7481	9754	16065	750	3942
2046	3468	230	11108	1361	3224	10752	11109
6041	6247	7578	9387	10638	818	5930	14271	5418
3650	14707	15578	4943
2840	12769	12699	10624	10735	12071	11641	14769	14684	14786	15396	14906	15434	14656	2712	15715
4638	10	5592	5220	3540	7578	3546	5614	4440	3696	7758	6728	13429	13655	13239	14329	13004	13749	7942	15530	8173	15734	16024
6422	3696	2187	9798	5149
928	10467	12634	6005	3445
4429	681	13604	13835	14503	12806	14854	15057	15389	15599	15363
4962	6072	1591	6513	13595
3581	3605	7237	2295	2839	9783
6518	3815	2889	1514	292	2152	1151	7368	2615	1697	3136	10157	2220	1994	12757	14260	6173	13206	3696	10768	1183
2554	3196	11709	15653	308	2627	9343	2759	3375
3570	3789	3000	11761
457	4424	10851	9066	14241
1029	13964	9118	13675	14990	14625	7350	11340	15574	7117	14347
7142	2407	1934	1874	1875	8112	5492
5102	7538	3170	2428	6893	5498	2816	11889	8963	3771	6388	417	8465	1084	10204	2760
4405	2790	7111	7112	9079	9143	798	1824	6831	9085	11591	7601	2720	2908
1019	1973	3465	529	2065	1902	9003	3796	11914	4741	9711	11975	62	14156	14860	11056
3068	193	4852	1806	2969	10939	8956	7778	8818	3031	15081	9722	14461	6885	13523
139	2300	7468	5637	4035	3068	15948	9026
2857	4477	8952	9871
1259	2041	14397	11753	5674	9641
4290	6399	5443	5444	5011
4514	8870	9437	1085	10132	15419	4642	1943
5598	1815	4038	5154	5957	6216	10667	5993	6966	1551
5904	13306	13436	12154	9649	13639	5642
2652	15406	12060	12341	7952	11074	336	14219	14335	2555	10909	1474	15104	12339	15838	6186	9499	15508	12108	15579	16141
4531	3043	8132	7763	9100	5451	3157	2169	7502	6927	569	8422	4250	10423	5957
6483	2946	3736	4437	3963	6813	8355	8616	9382
2482	10565	3656	4794	12598	12429	12802	12279	12971	13199	11411	12669	12806	13429	13963	13788	14440	14854	10657	12463	14327	14507	14784	13666	14257	14613	14800	14846	86	14972	15391	15392	15467	14149	15347	15530	15707	15443	15968	16006	16023
1493	1744	10860	14637	11772
6143	3169	3696	2367	593	6564	7605	13791	7522	8297	14967	15228	858	15691	15706	8697	11695	14735	14782	472	15299	3534
6177	357	4815	4769
5826	1469	3272	3275	4195	6019	7452	7926	11666	12032	1836	13459	8366
2677	2018	1515	3281	6142	2301	4385	971	5958
91	3034	3386	551	2341	6682	5632	7194	7174	1068	6228	8221	2531	7379	9967	12752	9163	12769	10165	13815	5118	14269	11805	10461	3539	3814	9694	14180	15391	15473	15443	15705	15804
6654	1755	3350	8101
6941	9039	5338	2043	5672
1565	697	1366	1539	1823	2776	3372	3517	5326	8294	386	681	952	1176	1393	1653	2205	3000	3183	3323	2903	4795	10	2835	31	334	675	1391	2573
3631	10036	12358	13211	4582	14515
6080	1978	12766	3404	6078	7988
4492	2941	2373	7587	1068	7578	2405	8165	10116	11533
5600	8728	7395	814
1260	2803	3819	2412	4347	6510	7935	7704	4177	12288	805	13239	13782
4923	3174	12829	12231	6824	7072	14923	13954
4356	2009	4457	9978	1054	11386	174	326	5116	4425	14095	2676
1734	8401	1294	2104	3468	5327	4089	7865	2281	12366	6399	9856	7011	2058	2087	15799
3256	14972	15594	15715	16020	16002	16179	16167
5327	4828	4615
5533	114	437	4231	5005	9059	9637	9831	9874	12829	13604	2341	8048	13684	15158	5128
1566	5491	840	157	925	1240
3109	11007	13299	9817	5946	15654	7930	16024	12911	1294	8018	2407	6810
3677	53	3335	6247	830	4803	6405	9587	10847	11585	8979	3303
1777	8849	3884	11307	2388	9360	5209	10989
1724	11895	11102	12769	13448	5326	15037	15595	13430	15366	13310	16164
1510	498	856	925	2502	1862	1050	1470	2816	529	825	6033
3082	6860	1759	68	856
6421	12387	13507	6526	8236
335	11381	2800	12002	12102	12001	12008	13433	13683	13684	14033	5842	12623	13239	14103	11427	14152	86	14796	15093	15253	15392	14007	15895	15704	15793	15999	15965	15878
483	5364	12283	8117	15964	1212	6074	5142	7299
6172	473	956	10947
6318	792	7154	12382
3896	8102	8047	10880	6988
2868	10274	12995	12958	1789
1839	5565	10225	12748	11622	13815	13500	10511	13721	15446	16000	12189	16094
3363	10902	9981	6195	13846	8042	672	10454
4014	10164	7551	12286	13264	10575	11427	13004	13457	86	14343	14841	15539
5739	12194	14406	15232	7430
794	6937	2786	6583	2937	6857	5380	10066	8645
5941	924	4525	8875	10290	9779	11413	12134	7159	13782	4191	10897	13294	3809	2872
6174	7293	12553	344	3353
2558	6326	81
4734	5030	10461	13274	12961	15579	15859	15880	16154	15302	13310	16097
6071	11841	12802	12706	13433	14321	14806	14807
3882	9501	13166	10313	11418	2738	6507	6769	15583	1638	2796	3429	7640	14542	521	591	5338	1221	5492	14853	11130	3740	2025	3942	363	1176	15652	12187	15471	3203	1274
3007	10924	316	498	732	13947
6950	2300	3503	10989	4787	9159	12149	38	529	10835	7233	14875	5656
178	1689	5159	13916	364	511	3964
5221	6174	4364	8212	13071	9991	1956	9827	11698	2276
1815	3668	11280	2791	6017	11595	12802	12602	13132	12287	13764	13994	12941	4582	3041	11455	13370	11927	15004	15175	6823	14007	7285	5775	16078	15872	15878	1294	9344
6989	7680	3771	12232	5930	6917
5035	7502	8849	9831	11019
5849	1610	7978	10543	12484	180	14608	7930	8290	345	3194	7213
6541	7104	6596	8345	406	2505	5312
5489	6549	6128	7662	9807	14703	12800
377	7580	1041	1362	12648	2704
1203	3241	8125	8838	11971
6387	10625	8909	6906	373	10942	7644	5613	9838	7191	11021	7453	9043	8148	2199	3721	10252	11784	2197	3103	5614	374	2706	6430	7481	5500	602	3828
5914	4994	9908	12976	3756	2750	5254
527	7818	14622	5570	3735
5908	7172	7908	6686	9672	9637	11083	11571	12349	12748	12704	6808	15597	15998	16104	15579	15867	15880
7103	9991	12829	14655	15077	15392
492	6804	9100	12069	13351	15467	13911	13430
1014	12611	12653	14240	7579
6529	2775	10036	12749	12771	12934	12673	9756	13731	11518	14663	11157	13817	14326	14505	14276	13047	14007	15342	15927
693	6217	1137	2706	1390
623	7296	11961	8537	10291	12359	7373	11576	12971	7258	13477	5957	9677	8607	11433	13016	13015	14444	7901	14607	5517	7563
1851	572	2740	5872	4137
1250	1929	306	308	8481	14144	13789	36	818	8169	8495	13295	2335	13846	12071	15666	8763	1212	1214	4310	10768	11146
6259	320	6335	2499	4057
6038	7633	9817
6582	2768	2601	3040	2952	3041	6811	3814	7236	9831	10913	11857	10224	12069	12829	14240	13342	14661	15059	14900	6244	14000
5421	9405	3399	6102	10976	14613	86	15347
2643	3858	3124	5343	9059	10668	10981	6375	13390	4582	15321	9422	15848	15384	15682	14718	15987	15809	15812	15680	15681	16101	15579	16114	11481	15302	15880	16154	16183	16088	16192	16223	15823	16100	16162
5620	551	305	1198	684	1073	24	1902	2357	7189
2455	7932	14422	2489	8118	9398	2830	1327	4045	835	1757	2041
892	5306	9326	9327
5929	9692	11607	6853	2247	2839	3702	572	2041
1432	4941	3006	9763	9558	4927	7189	12069	12332	11526	11400	8592	151	3465	13843	14139	14473	14792	4898	86	15654	15870	16027	2310	2255	15755	16153	15569	16139	16246	15680
1000	4601	3195	800	5674	8440	7849	1999	5831	995
3023	5703	13091	13207	5513	1340	4417	12158	12464	15517
3140	11428	12425	2407	4993	13794	14599	304	12326	2374	199	1210
2852	9786	10813	2490	9338
6819	4714	4758	4168	9907	11911
5848	8073	7890	768	13391
6219	8363	8277	8281	2632	12057	15188
7085	12749	12751	12829	13815	13448	13817	11805
153	2416	9932	7598	6690	541	5778	3871	392	12409	763	4201	4736	12176	6751	10120	8505	835
2702	825	1522	9962	10219	13223	2102
6538	339	2144	4923	5620	4700	4697	10224	4542	14480	14505	15060	3660	11010	14168	911	2365	5586	10590	11950	15735	15524	15539	13568	15835	15887
4374	15980	1054	9012	2695
6379	1039	904	3834	2791	4790	9846	10197	9136	6722	15467	13030	6021	13046	13645	6505	7453
1604	11804	2491	4525	308	3867	5215	9202	4623	13526	14774	1797	13964	11318
4832	2425	7782	51	83
3782	15333	5947	7852	8953	15530	15604	15734	9969	15887	562	14247	5167	14212	15579	16141	16144	5256	5415	15869	16057	15129	15823
2913	11551	6789	7508	3715	7548	2294	4275	5254	1384	4533
2433	10854	4736	688	9660	11742	12829	11877	9017	6592	14219	14258	7676	1702	14906	2284	3574	10902
3601	4421	1054	9644	9816	5684	9442	964	5077	2945	2680	11626	11829	4921	13232	14477	5564	7696	12985	15384	15302	15880	16154	15960	16228	16236
2996	2601	6547	1064	6395	11846	12098	7949	13274	13220
2438	2255	5288	6174	9823
7118	2950	5167	9043	3692	9598	7598	8083
1352	1043	9692	4978	1970	9607
5120	1764	14385	3221	3628
127	11044	14201	13964	8562	9758	10348	14753	13995	13273
4802	6975	9098	11841	14268	13047	14177	15433	15691	15100	15734	15087
4409	5607	5933	10667	7058	10855	11438	12287	5498	14026	14387	13557	10905	7901	14473	8493	14769	15362	14575	15433	1953	15581	15613
5565	1183	2952	6985	7920	14878	11772	15705
5952	1035	1385	1386
2674	2993	12829	13264	13429
1102	7514	9547	10194	3646	6897	8600	12076	12976	6240	830	5142	8086	8776	2078	8986	985	12504	13274	10513	1317	4017	4176	6877	8747	12655	13555	13968	13745	1523	4240	4366	10236	638	1294	5576
6160	3304	2433	7472	392	597
4153	4203	3948	7453	10551	13318	3244	9609	400	2162	2990	9884	13542	9461
193	788	703	1939	7064	7293	13575	81
3775	2490	10679	11346	8065	14050	7624
6700	10169	11346	10156	12769	12287	12535	14335	11805	14649	15123	5426	15783	14237	15996	16065	6498	15082
1383	2415	10132	3353	262	1880	7153	7303	6801	7271	2258	219	2148	4159	11556	11355	403	6043	8729	9645	3434	5365	8263	7559
4965	4774	7578	6899	668	5933	2627	363	4379	5355	9101	12743	7834
882	3254	1821	7817	575	5744	4768
3178	6501	10946	10308	304	2552	7578	13728	13623	10905
1402	5145	4831	7833
4547	552	999	2888	166	164	3354	1520	5892	4393	5141	10208	9856	12163	6963	11807	8673	13075	8671	9752	13582
1223	4983	5715	5713	7165	1107	8253	4744	3221	3223	3225	7127	850	7558	2752	9041	11671	11672	11883	10964	13149	13773
3832	5256	7819	1294	9692	1051
5585	6496	3747	4997	6325	302
1025	1137	2762	10587	5154	8959	11754	3990	4336	4364	8676	10186	12589
6953	8188	2301	6653	13268	13184	12771	12673	14241	13599	14291	14104	13875	10513	13721	3763	7834	8140	11570	14682	10575	9671	15324	15412	15222	15345	12737	13978	14767	12819	15871	13272	15872	16141	15869	16039	15702
4738	11525	12829	5691	12324
5274	13876	8725	14486	4504	5383
5976	516	2218	2520	1041	13954
3821	9645	136	593	1137	2386	4480	5111	5624	8758	10453	12999	14922	1542	12164	15090	5930	10285	3051	8064	8461	14098	14379
3364	9730	5353	8552	8741
3185	426	3043	5810	5485	142	2480	6707	11293	15219	14952	10236	9609	15735	9545	15446	16003
825	1269	7187	5498	4216	2315
1095	230	672	9093	13482	1616	10860	12038
4232	15919	15377	15696	15475	15703
831	2713	4919	4667	7681	8933	9405	3130	6549	10851	2207	10668	11814	1924	12736	9756	9466	13457	3226	14972	15175	12836	333	15621	15840
2626	7526	9069	2450	6426	7643	11621	11884	11974	3350	4551	6169	8024	8763	10159	12289
6703	6788	14806	11975	15388	15619	7706	15290
6938	8222	9052	9830	10164	12598	12927	12829	733	11574	13239	13729	15123	15449	15745
2439	5670	785	2251	5249	397	6368	7238	6367	1177	6195	3976	1482	2363
473	690	3929	8547	11065	223	263	11817	1665	6069	11911	14481	12243	12336	13555	1137	2314	8613
6135	253	7774	8131	13651	10598	12196	12599	14563	12271	7125	13727	13738	10461	6283	10575	15076	13896	9700	3392	15129	8750	14193	14940	15291	15564	15418	1792	15996	2747	16028
2095	1593	10447	3695	14630
2609	9688	6173	3323	5522	4618	6078	2215	5668	7271
3787	7830	6807	48	13118	6201	7587	4469	15881
6837	1068	4109	1804	11488	10821	11782	1868
5526	3577	5938	11883	5472	10946	4265	5569	7604	7737	11966	13536
4553	10733	9839	12346	12549	14515	9671	14983	14857	12189
1919	4714	7991	2263	6952	9175	8576	6162	10268	406	3465	13349	15072	12050	4917	7828	9321
2031	6403	10498	10587
6986	2945	616	2442	180	14648
5266	5216	3929	2873
4805	2852	6177	2532
6263	7187	10356	3385	5763	5254	10985	1099
1780	2603	112	1960	1437	4141	6907	8038	10169
2561	691	2846	4186	12287	9764	1749	13994	14331	14472	10731	14681	15391	15473	11950	15204
4690	850	2450
4209	112	3465	338	7281	2149	8097	7373	13097	13728	13738	3162	11776	13721	15100	86	668	11214
1436	9540	11829	745	13764	12053	14232	12806	14009	11805	14941	15222	13430	6779	15366	16141	16144
2987	253	6405	6912	5780	10194	15494	964	1174	1176	2770	4377	4587	7384	8879	7367	10308
3144	12784	13459	14044	856	5118	11307	9310	9311	11228	13583
486	8662	166	213	7965	2740	10697	10823	2253	9742
1741	4779	9030	11411	9075	662	10347
5844	6932	12176	10337	9840	1069
3071	12802	12829	13651	6751	14655	4038	10657	15037	15718	15676	15997
6574	1983	3204	4100	3912	7630
1652	9098	6824
5215	5517	5903	9098	9637	1472	12068	13500	14009	14185	13738	10038	11427	13666	13911
6961	3422	11774	5472	10625	14116	2913
2691	10240	10550	14172	5614	2706
6802	303	653	4273	8359	8789
4198	4980	6707	1853	8381	9461	10059	4848	2181	13562
3384	7624	12341	13570
24	302	1743	7878	270	4546	9247	915	1307	2560	5472	6421	8146	7884
1756	1170	8493	8538	3798
114	977	4864	7191	4193	4437	9405	6508	1138	9828	13500	13274	15224
3114	5759	11017
2103	4801	12536	12927	1890	12959	13765	14165	12621	14333	4582	15057	9543	15392	15483	15603	15091	15688	14288	15835	16020	15748	16146
6133	4437	3953	2992
4659	7458	12829	10059	12703	12146	13561	10460	10532	10575	15044	13650	15444
5738	4359	9637	6443	6355	8091	10740	11953	5367	15129
6568	10851	11438	4086
188	1956	14406	10446
2365	12549	14564	15478	2669	12189
455	8174	9534	13883	5957	13016	4059	1027	1435	1306	3907	13758	15853	3384	14913	15992
5712	386	6111	3373	2341
747	12329	246	3497	10823
1740	783	6875	5771	1769	1249	2490	3259	10612	11017	5225	1314	2126	4509	10439	13415	4507	5101	7103	13902	593	6503	9449	12166	13258	409	1251	7057	11876	13951	904	1294	2491	4835	4843	4853
2051	4270	15180	11733	15141
1961	10	952	8795	3465	3668
5087	12551	15559	15775	15848	10719	11516	14959	15971	15797	15798	15302	15082	16188	9344	15815	16245	15977	15877
49	13551	15513
4545	5695	5947	13791	1186	9304	3285	10188
716	5939	3804	7769	7385	2994	4401	4991
1642	8289	856	10559	12162	7228
2836	6434	7695	1716
880	13769	12978	14628	12832	13768	6476	4835	10359
1625	6427	9428	6542	2726	12953	13752
4517	11663	11665	2662	142	2882
6685	963	823	4437	3523	7934
4666	7700	7828	4424	9654	8981
1061	9551	2582	3523	13602	13400	7182	5642	5982
2160	36	930	4680	2809	1749	2681	2810	2937	3228	4749	5988	7097	9808	12129	12429	131	3000	4037	4683	10233	11571	12080	14003	3411	3864	3914	6898	8213
1112	3016	340	5146	949	738	2982	3323	6099	8533	499	2152	2636	450	904	1140	9704	2631	301	280	1626	1716	172	7276	4121	3051
4358	15069	5656	15396	15484	15091	8997	15836	15448	16065	16024	15795	16131
3077	6227	10236	8044
2740	2458	1514	10116	176	2332	5134	6834	8912	2881	4917	5007	8666	7177	6122	5106	12943	10799	13080	15949
1451	723	48	656	726	948	2029	10116	12152	13733	10045	14327	14333	14104	15524	15367	15878
5094	3885	797	4299	2911	3041	760	895	1420	4459	10836	2865	2815	3725	3986	7259	10466	8614	2095	8698	3128	7	10944	8401	7017	2557	3364	3148
7064	7106	13457	6733	11071	5674	9591	14370	1181	12171	9607	14167	4002	8403	13861	12584	7878	15057	11631	15059	9078	3646	14453	14950	15115	13231	14834	14438	11219	3938	1249	9954	15194	12026	15168	4460	12517	5762
6208	7189	13561	13691	10575	15058	86	8267	1220	6754	13854	14345	15712	4402	7549	15584	15658	15894
3783	6379	2773	5624	4992	6320	5305	179	946	1509	1623	5311	5844	7582	9766	1301	7970	10067	12780	12545	2449	5514	4654	8702	2975	3132	9285	13583	3539
5851	275	2151	6035	3889	967	1010	2883	7252	8821	13693	9889	11818	8308	4587
1086	6216	125	1286	1903	3329	4683	157	1642	3303	5699	12999	13966	7854
241	2919	7	14563	3505	8955
1867	3058	4617	4711	7703	2632
355	8288	15188	6670	9184
5629	6951	7115
6567	6250	7643	3190	10696	11874	14205	13968	2301	3626	2041
3772	8821	9100	8225	10164	10834	10254	11844	13089	13764	13815	13731	14215	12535	13446	14423	10713	14854	13047	14653	15443	15895	14000
6563	13728	12959	12657	15076	15104	86	14851	15253	15661	14437	15689	14237	15531	10989
433	1170	2696	3558	7083	2646
2957	6429	9562	11141
5762	3465	1537	7500	8240	11843	11595	12752	12747	6440
4862	3576	12741	530	2922	5549	3626	3966	11792	13583	2391	15121	1013	14448	308	13758
4355	6465	8069	14059	10758	8387	11084	53	2719	13319	7388	11951	14798	8666	9100	9806	11753	6032	1136	11307	10091	16063
484	5510	8124	13684	13731	13561	12549	14505
6488	9597	11608	13455	942	3841	10923	11472	11474	895	856	4037	4683	939	1124	938	9533	4372	719	103	2356	6640	13393	2362	941	1250	1428	1429	4227	4758	9271	9930	13718	8617	2363	540
5381	8552	3215	7857	4199	195	8912	12013	11314	9183	8673	13319	10551	3612	9995	5489	10707	13751	9968
3931	1833	1381	5470	4229	870
6275	1459	3284	10274	14017	3712
6009	11883	11992	12049	2337	10692	14771	15085	14500
6506	12829	12888	12459	10648	3454	14127	9391	15037	15278	15495	15594	14007	15725	15887	15367
4188	398	5011	6562	10642	1700	6123	12209	6883	10302	6586	6884	6906	14744	834	5838	8199
3280	797	12266	9712	9880	2207	3759	10511	1630	4384	5954	9479	10513	4587	8608	11427	11428	4673	6898	13892	3461	9089	10937	14508	2359	6863	5173
3808	915	6019	10295	4338	11271
4869	9163	5691	11622	14564	10461	14180
2578	116	308	1292	7303	13385	9399	2474	15360
2396	856	4717	110	12033	4437	4718	4882	6636	569	10589	302	5792	12704	2531	1279	8674	10163	3812	12463	8934	14151	14106	10511	10513	13721	10532	14973	14150	15552	14437	3175	15531	15446	15605	16020	8468	15087	16065	13272	16129	16151
6237	12348	7384	12463	10460
3699	12806	12586	4582	6959	5451	8566	15604	3942
2440	8795	365	6395	366	6037	1478	4672
6326	364	12950
481	3306	591	5952	8785	5064	9501	1551	9008	7452	10117	6423	6703	8461	3829	7703	4966	7930	9749	12666	2264	13464	9543	1926	2355	4653
595	315	4195	9400
3733	9059	9738	11841	3656	12056	10256	12829	11622	13906	10057	15041	15158	15361	15595	16000
2124	5558	12200	12197	74	6891	8290	4257	3416
6680	5965	9541	1229	1594	8440	9596	2145	5673
3844	6975	11411	15106	15528	15694	11307	16191	13219	16076	12104	15829	15377	15701	16059	16201	15845
4396	2386	15597	15275	15728	15807	3397	9204	14007	15508	15633	15634	15835	15366	12999	15971	3734	12792	15579	16101	15521	15607	15823	15302	15702	16147	16153	16139	2945	15916	15994	16245	15713	15717	16186	16234
1500	7553	6299	9182	942	14590	2723
5611	12069	13684	14560	10460	15868	15927
1453	3082	6357	10313	12358	12752	12588	13450	13264	13342	11805	10461	9543	86
3921	4774	3079	453	3633	4644	4779	5209	6527	6779	7633	9139	10989	11300	3430	13193	7290	11301	5406	7984	8481	3929	3348	9977	304	5346	6148	15092
4055	10394	11433	924	10782	11217	9491	161	162	9597	3831	2920	10121	11675
5512	799	13328	13641	15461	85	1312	1623	2540	3832	4479	5144	6221	7675	8073	10897	12509	13121	3208
1028	12750	12751	12829	14392	13239	86	15448
3056	11742	11781	15077
2097	6508	7385	8065	11041	854	13192	1204	9166	4088	13092	13846
6151	5715	3685	7140	6176	10391	10768	2025	8767	11825	12550	3863	10468	1413	798	1610	7759	3202	8194	5144	1760
556	6441	13802	1469
6211	8893	12743	2267
2591	24	2045	9331	9333	8710	13033	4348	650
3800	5157	9168	703	992	11770	468	6273	3914	2125
1433	4745	2453	9681	9462	1096	7853	3114	7312	11231	4835	5234	6828	183	8698	4850	7514	12479	7977	14146	4795
1431	302	6063	10201
643	9209	10116	3938	219	746	1294	5792	8896	11181	75	1074	2341	15692	4251	14711	2263
5156	5559	4530	11863	13485	13463	7885	7854	11879	662	12431
5686	10650	2770	787	2956	4968	8384	9272	798
3537	4639	9166	15610	2452	3760	4587	13982	14884	15615	7961
3531	12784	1460	4910	11655	10657	12431	12108	2833	9814	14728
1673	386	387	498	922	2785	266	5882	2041	1027	7133	490	3169
5365	2294	5854	7526	10685	12020	9782	4777	9289
1040	11940	7954	12018	1223	3833
5754	12087	10240	5370	12669	14173	15546	10837
682	8833	7433	5205	15360	15614	10446	9734	13369
3974	330	9532	13429	14686	1645	15809
1720	2816	1459	3894	8917	8365	3812	10460	14972
5718	1663	9162	3228	4191	2528	7995	12335	2114	5149	7673	9822	11677	9876
531	10159	7530	11418	11443	7643	13528	14534
142	986	2490	2920	3604	5713	8091	3647	2641	14042
6322	6622	2628	40	922	3670	6426	7709	1590	4690	11846	12751	12752	12210	8166	13528	3692	12643	13663	2087	14803	15422	14566
3612	3929	12464	5895	7760	9108
2955	8821	5511	10945	7189	8065	12806	14488	14480	86	4582	15603	15718
1195	10575	14807	10511	10513	12185	11427	10029	219	12504	370	12214	14149	15603	15361	1824	2680	16000	15823	15579	16104	2601	15972	16039	16161	16223	15371	16100	16088	16246	15654	16186	16245	16257	16194	16248	4024	11517
4080	3348	2491	12220	15379	6963	302	6670	13921	6300	11262
5607	2332	7191	593	5794
3439	592	9317	6655	3515
6988	7220	2517	2899	9508	74	23
5027	8516	12586	14429	3043	9559	4397	8642
3781	7232	4296	15484	15091	9580	5492	15354	15443	15444	12832	13430	15714	2680	15734	15542	15965	14179	14976	16054	16018	13310	16146	14000	16090
1621	7578	11182	3609	9384
912	2443	7456	1721	11616	1694	3303
5122	15275	15264
7074	1217	10	13422	7403	15072	2425
839	3043	10308	2080	12268	820
2352	5213	3737	3951
3475	7942	985	11850	6575	4597	8697	9181	10376	5832	13791	13833	14492	8864	10287	13670	14896	238	2152	8469	15106	15556	4924	4039	10030	14512	15395	15731
2876	406	2207	7774	10277	4398	5244	10308
3577	12217	667	9790	9817
2243	3415	7371	8066	143	153	8353	842	6879	10380	6323	9862	2145	2766	5256	6719	8438	8849	10925	4381	9075
2306	9405	10734	10913	11331	10256	12751	13721	14291	86	14343	2712	15868	74	16022
2819	7540	12636	15599	15861	15880	15302	15579	15252
2527	167	3103	8010	11958	13660	11897	15118	15277	13852	15022	6522
899	5207	11301	11781	4256	4651	12749	11382	12829	13604	13731	15123	15446	12189
23	2000	1715	222
6402	13144	10537	11551	11808	4830
6068	4897	194	1816	14370	7075	11417
179	268	14218
1744	9317	4179	1528	5776	5918	6387	3977	12784	9992	2716	6871	13802	14034
3701	4212	11331	14026	14511	7072
3727	511	2175	12829	12146	13906	12806	14435	14509	13738	13875	10511	13457	13274	10659	11430	15342	9972	7271	13272	16200	8140	1172	4024
6821	682	16201	15703
3980	14557	7072	10731	13720	13920	14903
4378	7039	3556	3737	8460
2547	1577	7669	2557	11489	4701	12162	7723	11836	8395	3898	5933	4026	10942
5780	940	2523	2782	4074	887	9863	8865	7530
6871	333	13765	14558	11980	86	825	15783	15363
4609	4422	4356	6013
2746	1137	1469	6261	7239
642	2198	8759	12757	6054	8835	11784	3912
4398	215	3807	479	3421	3000	5583	9731	13337
3705	2133	1246	1863
6927	1720	7937	8791	9327	11052	2531	10412	1240	4387	8998	9481	10504	916	2341	2475	4903	5116	7911	10708	12900	12816
1409	6033	6773	9311	9966	12438	13153	6043
2331	949	3113	2189	3938	11911	635	1241
2503	11844	12806	10461	13457
4721	9861	12988	4514
3227	432	542	8	2133	1374	4287	661	7644	9640	593	6208	7598	8928	10134	3247	10630	10188	15894
2268	2144	5695	6173	4492
3036	447	2232	851	3902	378	9270	12513
3658	8414	3829	7065
2514	3606	4336	7342	7584	7675
4716	304	4408	1609	8445	7443	10199	9525	12123	1103	2822	6898	8463
4394	2846	10543	13546	2162	4418	11726	6799	7087	11660	13459
2616	175	3817	3938	7739	3889	3619	4386
1008	12829	12977	13684	12611	14472	14330	13738	86	15361	15208	15868	14007	15204	12189	15997	15999	16093	16065	13272	15569	16200
3212	184	2163	10240	11533	1294	1358	8743	14181	8570	8568	12716	850	2111	3104	3213	15806	904	1150	7340	11971	13007	13905	4877	11321	1312	6048	8795	9868	15930	9353	15254	2352	8577	401	2695	4041	11790
5660	504	303	493	216	304	697	856	3413	389	557	1402	945	6811	6620	10163	13712	14488	15345	15354	7263	15349	15350	15446	9059
302	235	9393	14507	10190	15391	15412	15887
1779	4353	6247	9271
6058	1861	3435	5342	11207	194	380	890	13807	5456	511	4422	7458	9382	6707	4564	4980	2490	12869
296	3779	2398	7164	12223	10302	8531
1180	668	3041	12348	12279	86	528	13347	15445	14983	15723	8955	13555	15366
169	1528	4108	1212	1227	2363	4592	5549	8263	9747	11787
3000	12332	12829	11021	12678	14476	6824	14923	15244	593	15610
2926	278	288	565	3530	2851	8652	4002	8477	4762	12607	1479	1644	3552	7954	9934	11821	7878
939	10036	9828	681
793	6129	14776	9452
4323	668	416	2274	2808	5743	7137	10913	12971
1577	2491	6323	3501	4142	856	2706	4229	8664	7205	12680	13255	15210
4316	3421	10091	6670	3737	4139
6202	175	6486	10830	4115	6725	6963	8631	6385	8590	8664	12025	10863	43
2106	219	220	593
1665	9310	10170	1110	7007
2908	8025	3405	13782	7213	1357
830	6218	3001	5125	6286	12308	12680
4045	155	9744	1514	2735	2937	3896	10995
6035	11985	13654	3929	2592	9453	406	1956	1439	2706	3759	5234
1686	7765	2490	10169	13651	5855	8323
840	8756	11625	13811	8135	10968	11943	11109	13271	14177	14448	15518	13070
5413	2605	12713	7310	3254	5437
6572	3929	825	2680	3000	2290	9533	9634	1238	6361	9304	3828	591	9885	9208	8486	3941	5139	7551	3727	12575	3472	13465	2833	2492	1684	13463	1469	1580	5149
95	4582	14649	15244	14149	13555	15597	15484	2712	15091	15384	194	15579	16104	16154	16129	16161	9817	15809	15823	16114
4095	5643	9963	7367	2504	5185	6430	7624	703	7412	11364	84	844
4088	964	2152	9036	4823	2628	5043	854	1516	4499	8205	842	10164	3658	13764	2350	9317	2077	2695	8042	9142	9816	7630	9067	14553	13274	10575	2403	11427	915	9786	5055	15159	13911	15222	5381	13528	11142	10993
2263	548	666	1757	1981	5632	2552	6197	7231	8179	10116	10224	11641	12833	14569	12315	11307	13896	12825	14239	15175	15465	15251	8997	12404	15355	15514	15448	16028	16057
3550	13640	8076	3808	13897	14155	1541
1728	8020	8273	511	2307	2353	6636	7578	8789	10126	10585	3392	13966	8042	1137	4522	13459	13679	8240	7419	12446	12448	1523	3275	3940	5008	7412	8125	11971	3735	4085	6103	14575	14823
5663	11525	14807	15422	14803	15284	15459	15384	15974	15227	15746	15987	15926	15944	16034	16033	15579	15983	16122	16021	16027	15956	15302	16143	16172	16139	16056	15823	16223	15252	14920	16190	16210	15977	16203	16237	16170
2208	1076	6976	10328	5952
414	4234	3929	7490	1469	10159	8623	339	8694	10092	7456	9317	3827	14889
867	2700	1383	10565	8376	10948	7240	15704
332	1661	4389	4149
6107	4348	7196	6954
1331	4804	4937	2541	1374	6421	7695	6434	9830	4919	12793	10116	826	4670	15428	229	5202	8436	12702
3113	6679	302	7588	4494	10741	6430	3041	6221	743	11893	10625	8056	1424	7534	3599	4048	13002	4701	9352	7464	3431	4440
2217	10001	10852	2993	12066	12071	4681	12302	9835	6323	10151	10603	13875	7021	14340	14802	84	85	3631	8266	8419	75	365	1178	4795	8538	11021	11443	8042	11703	14940	304
1010	1801	3510	2917	14906
7	3658	1455	4732	5520	9823	10352
1713	2218	287	5282	9338	8173	569
778	5994	4990	8924	9975	15647	6993
276	6612	3585	5835	9606	12309	6145	9403	6950	2222	1956	1548	4163	9894	10462	4520	14816	314	11448	9075	5906	10441	14252	14737	7923	15679	11647
3751	703	1782	5925	4614	7913	8207	5428	12102	13814	6901	13201	12637	11817	13500	14391	12098	13752	14106	14240	14807	13722	13840	14613	11806	15705	15363	15605	1710
4452	10946	7578	1107	12829	12927	10165	13838	13875	13721	15465	14935	15714	15366	15804	3536	15082	16148	16153	16092	11163
4218	2148	1374	6381	2631	4261	4305	967	825	8797	3517	9872	9076	11383	6677	10989	12829	9278	13551	8480	12081	7553	8173	14393	364	15037	13073	11325	12953	5426	15813	15728	15809	15872	5125	14954	15788
4649	6033	4764	9754	3202	5095	13700	13288	3384
6055	924	11551	3160	5165	5370	5875	7204	8100	9437	7627	11633	1099	12497	7241	1983	13057
2845	6170	13807	2706	2966	3223	4226	5411	6906	8964	11069
2383	511	5825	13122
6457	9613	3971	12753
900	13590	10237	13766	1550	4947	8236	12357	4419	8507	11544	13307	14372	15202	1260	15861
2188	2019	6972	7140	9338	7914	5611	12069	7440	10297	14218	14557	4683	15004	15253	15445	5426	13649	15892	10080	16145
3053	5494	9676	13178
1225	8158	1328	5831	10314	11613	7866
1722	11039	158	5322	7189
6863	1019	4383	5934	7126	8486	11201	12038
2912	12324	13817	14923	15159	15444
6849	11846	11678
2546	302	1164	8163	353	939	2350	13772	7582
1232	12069	12598	12670	11411	13817	14291	14563	11776	14318	12825	15167	10460	9754	10557	15100	15714
6393	11678	12829	13655	10057	13935
5883	11705	511	5655
1092	537	1197	1821	3662	5890	4124	1729	2213	4531	672	818	5572	13350	14602
2451	5632	2753	3228	179	7578	889	8753	7149	1727	47	1275
5415	13543	809	2041	11093
6254	11352	2617	10588	3929	7074	9453	1212	12665
254	4980	5319	8917	217	8840	12832	2661	10664	11911	14502	8526	86	135	13901	15361
446	1858	9098	10681	71	667	13684	13689	12806	8934	14971	14854	15364
84	75	3215	13827	13964
3241	3537	11179	9923	11634	15786	15055	4595	7344	15314	6396	10716	12976	13628	15167	15818	5502	7972	10759	13109	11913	13717
2024	926	11072	12047	2929	3082	5527	3177
6535	8225	1027	1294	14279	4921	5125	7165	7584	11915	2041	12711	15390	1716	11112
5893	11346	11843	13119	6870	15868	2601	15982	15841
3189	1902	12806	8812	382
1280	1516	5521	9601	8772	2946	850
5936	2490	11447	14486
4703	409	6426	7824	8024	8838	10253	10454	11099	11933
2286	2706	7530	10337
1990	1521	4648	3043	3384
2249	2601	1145	8124	3384	12341	11844
1179	5558	9441	12180
3933	10	5498	4358	685
4298	3689	8821	8535	4678	2018	3732	12802	3480	187	12750	6938	9644	10834	8266	12706	314	11980	14505	13840	14467	14520	11459	10529	6885	9770	6742	13559	14575	13231	4154	15363
925	7571	10827	13448	13359	11799	656	11137	13047	11703	14940	15445	15495	5472	12582	8956	3782	3265	13940	16039
2843	3547	8975	5118	5549	9368	9712	10898	12617	14952	15114	7976	8698	582	9132
3732	10896	11870	4980	8443	2400	9827	9137
4731	3532	10947	12069	10
1173	704	1378	4437	11018	5237	13875	4026	4587	7220	9681	11166	12771	2293	9399	3593	6993	9577	12589	14904
2418	10461	10486	15154
5619	9537	1396	13846	6810	12985	13373	15181	14321	3479	6140	672	10509	2486	8896	15510	10708	11314
2749	7341	7394	7719	8144	5999
4633	3532	10877	7653	11041
5580	7033	6293	2881	4141	11980	5030	9644	2208	3434	6303	10547	14854	164	347	1216	1224	1489	5684	5047	5116	58	3287	4259	8759	11731	13807	163	1244	3303	7782	4569	110	567
2773	15400	15233	15475	15774	15862	15966	15979	15923	16034	15978	16050	15995	16136
3142	11007	2030	7564	5669	353	13790	8508	8897	1068	2363	5196	4587	1766	3633	2866	5549	1137	7553	14886	7466	7287	10937	14185	9850	13649	3215	9832	13267	10288
1768	177	219	925	3948
800	7546	2881	10666	5517	5693	9980	1475
2005	1054	2632	7558	1599
4297	275	12650	3429	9816
6370	1212	1027	8178	10260
5621	1939	12829	86	14692	15495	15497	15100
4572	5732	9609	13271	14034	8060	9461	1683	14299	3296	15147	15266	703	3329	6227	100	323	1485	8528	12482	12690
5555	7921	10116	10854	9447	10247	12829	12590	14807	14769
4202	3874	13006	429	3666
343	11622	13211	13765	13875	15892	15804	15895	15982	16160
6536	10815	3023	4902	12353	2668	1944	12908	9845	10224	14357	13977	7922	9239	1469	13555	12441	12850	3686	5957	10700	1514	7898	10752	1983	14768	14954	15212	12946
6336	12829	13119	14508	15800	15996
102	8239	9621
4501	8605	10223	10618	4599	12082
4499	2490	4588	10829	10406	4701	9340	2526
6976	3929	6214	166	6975	5125	13675	2415	14915	3829
21	9596	15493	14925	9969	10967	11946	13496	15249
3337	467	3865	1892	8984	12100	8300	891	2585
5701	3152	9991	363
5994	15232	15238	15259	15312	15331	15431	15411
6479	3254	5823	872	1320	2586
6800	7464	11155	13119	12599	14329	14854	13457	15281	14934	15551	15610	15446	13568	14471	15781
1122	13452	14806	15104	9678	86	14168	13940	14815	16184
6884	2889	12918	12803	8808	15079	11856
6897	6938	8451	8502	13273
1171	8393	5776	4387	66	10773	8633	1987	6717	2360	8173	11457	153	3234	14218	281	14507	14781	791	15387	15579	15983	16005	16172	16088	15823	16170	6555	16252	16241
6612	9885	6480	11793	13481	7844	8081	12119	1233	1520
4401	2763	450	268	3737	10822
1651	1972	5365	2037	9338	6573
2014	11592	16005	15987	6283	15954	8746	16033	16031	11675	15944	5464	16030	16068	15983	16101	16025	16098	15411	16122	14919	15791	16162	15798	11481	16183	16052	16154	16143	16192	16108	16056	16172	16100	16228	16223	16246	15713	16182	16225
3290	9153	5910	7285	8945	8039	8837	7842	2041	9298	10183	6232	7595	3364	13604	4458	5813	4676	14193	13917	1974	13738	3912	404	6700	6884	12095	13239	14368	4851	15234	15235	15284	3392
1763	341	3467	12743	5623	11298
1645	9627	16226	14366	12032	4511	11462	179	7452
2907	5282	7101	3384	6973
1497	7333	2229	8257	12157	13811	1520	2395	14527
1716	8071	9463	9008	9125
2484	1926	3289	4539	7751	8392	14965
5259	1810	1599	4716	13651	13047	15363
3597	613	6547	10502	11312	12769	12541	12068	13445	13963	12454	15057	86	15093	15718	15604
4407	7850	640	2151	941	3571	4525	10891	7111
718	778	2783	650	3449	11525	13875
2874	981	11484	12829	12152	10297	15060	15449
998	4833	2187	6406	6147	7379	8917	5513	5624	9448	7511	7927	9648	11841	8115	11525	11930	8781	11506	1107	8612	1642	12376	6554	12008	13239	14693	3958	14506	4632	7217	13654	7332	7476	8493	86
5146	2352	3914	10564	10591	12536	12971	1722	1785	8091	13437	4150	6019
1002	4542	4884	14047	15741	54	1637	2564	6682	6781	7434	7615	9867	12858	12868	13459	4092	7144	7410
346	332	2326	5540	4981	5614	887
1287	3929	8594	5360	6559	5254	10188	9701	10302	13013	10684	5452	11458	14368	14233	14844	5692	6748
5955	13691	14984	11733	13272
5174	5125	11617	11768	13811	9835	11464	10166
5662	13655	14293	14294	14240	4833	14984	3323	15530	11703
336	7206	10867	7597	7984
4639	3125	11090	13682	293	7277	12599	13342	11455	10460	14897
1266	9991	2490	2858	2974
4348	5103	8488	1137	7434
950	2008	4747	4749	5778	1892	9338	11054	11380	11603	12771	12699	14335	13747	14127	14569	10575	15057	15478
2862	3929	11376	1592	2709	5601	5847	7255	8852	2909	148	12289	365	4057	6326	8447	11088	12205	10377	5736
2722	4568	2776	617	5363	944
5231	5921	6049	8442
2401	323	334	1174	1279	4807
1889	4941	316	2338	8453	3125
4764	9709	5100	12069	12752
3321	7104	10478	12631	13141	13485
5457	10	1923
121	8512	13968	13615	13117
569	3384	5040	5125	1869	5810	10103	9163
233	2	11014	9999	6357	7194
4711	9459	11846	12611	12653	11427	15362	15178
4550	6610	10851	11354	12343	13264	10513	15058	15689
1629	301	3250	3689	2487	5125	13097	11576	13448	14241	4582	2401	4422	15415	4376	6940	11975	13348	3241	4921
5329	9055	4847	11320	16250	15160
3922	2235	959	706	5868	12815	8355	1648	4380	8194	15069
6403	10562	11428	964
5247	15564	15100	15809	15690	12087	15658	7251	15835	15837	15531	15553	1097	15744	15634	15870	16068	15872	16122	15968	16154	15869	7516	16088	16103	16147	16056	16239
159	1973	256	5778	5566	8215
4306	354	12324	12174	1909	13684	13239	15661	15715	15885	5139
4393	6258	9236	11999
1855	14517	3310	1294	7302	12988	7391	10185	12374	6303	8436	8218	1610
140	10851	7189	12902	5691	13239	15058	14423	13707	12208	16030	16158	344	15569	1514	14148	15771
3620	3723	13433	13944	7072	14557	15093
3441	2019	7514	7317	14788	2345
3300	1380	1551	14093
5554	4408	7367	6235	12638	1414	7530	12596	5065	5128	6639	6899	13057	13252	15167	14667	9252	11666	672	13576	14600	6126	12530	6477	9609
2083	2428	2386	6722
2646	14293	13239	14330	14333	3324	13721	13457	13644	12310	15075	15362	4632	2945	10080	15363	15514	15384	15579	15713	16024	15681	11481	16154	15909	15082	15823	16133
6681	3011	1266	8592	10177
5700	5558	9232	467	469	1469	3285	3801	7083	11969
765	9100	10913	11526	86
294	212	9682	10100	12833	12413	12832	13321	13108
6203	957	2316	11188	4731	10530	12025	13013
103	1728	12802	10820	12829	12971	12588	2341	13557	14808
7091	2587	3507	136	815	2349	1755	1973	8933	8945	9338	1434	7092	10681	5125	7723	1919	12959	13097	14259	14366	13969	13911	15222	1471	654	15871
2329	11870	314	5256
6493	2715	5486	1740
147	4799	7012	7881	10953	13915	4193	9997	10209	10985	13807	1137	9359	4438
1659	8935	9844	12883	7609	7993	10556	10843	15454	4328	11297	12898	5248	4921	5291	5362	9929	14378	4739	5603	13007	14141
6477	411	1790	4799	6658	4367	4440	2273	1469	2599	11604	12952	15018	12903
4450	323	10936
6886	12536	12829	10511
5130	5682	6972	5254	14413	5146	6251	6700
4224	10061	8677	10625	6848
6480	5471	143	7691	10542	9852	2766
3165	13758	1294	1939	5212	2824	552	624	2195	4456	5171	5505	6009	8290	10242
5254	4218	3319	2092	5096	1075	5111	11846	10156	3527	8189	12450	4170	14769	14724	4296	9743	14958
225	4191	11417
5238	79	4406	4437	10602
6095	8470	2439
988	5690	1232	15752
2050	2994	5125	8420	14019	14872	14423	5684	10332	11326	12970	4670	9960	10204	12534	12187	2107	5773
3139	4947	12708	13956	14299
5211	8926	9625	5422
641	1174	2792	4601	4070	11769	4582	6444	13731	7072
1128	7891	1989	668	9248	10833	10743	12495	12060	11641	15104	15488	14848
3233	825	1384	1390	1391	2680	9861	12617	3461
4067	4332	1173	4927	6619	9976	12602	12268	8541	11975	2680	3633	16068	16010
630	1102	5338	11921
1235	4114	511	7193	7553	2163	5256	9853	12551	14656	10557	15339	12430	15514	9172	14000
2885	2569	13950	14528	15276	11943	13949
5181	11482	14013	360	8963	9068	5375	48	668	4480	4237	8716	12375	12520	5998	335	955	5209	7302	10866	2115	2842
3225	964	3169	8994
3689	525	497	650	914	158	385	691	2292	2204	168	2907	253	3380	2839	6228	6269	1420	1516	7264
2032	4219	30	4863	5819	672	703	2433
1846	1267	1599	1600	3540	5573
5946	4599	1528	11137	12085	11453	1755	3517
7125	656	1107	11032	3754	7705	7327	10371	2683	4561	12261
2175	4697	2771	2949	2800	6315	6887	8347	5494	6441	7616	9369	11576	824	1500	6384	6395	6429	8091	9255	10447	2948	4533	7258	7352	12051	964	8808	11202	3650	6120	7633	2041	7235	15360	8935	302	14518	7644
3764	15167	11726	1563	7128
4314	691	3421	1031	2169	825	5941
43	13877	4048	4967	10871	11182	11413	13694	8801	9099	10559	3956
1502	12598	13668	14480	15373	16094
5343	3323	943	1849	3402	4525	8832	14057	4178
2701	85	983	11778	13949	13950	11275	13326	15255	15732	1284	2531	3241	8758	10347	10349
5624	2540	4758	8365	8654
1274	11427	13073	13457	12551	15392	15253	8764	15123	15597	15564	15658	16000	15365	16104	16185	16127	15569	7540	4024
6299	441	4774	8718	11769	12985
7009	10134	13477	3010	2442	5547	5173	11735	15376
7018	570	1203	7530
1428	10779	13244	1301
6537	5792	6488	11962	10277	1698
6844	9683	14125	2959
1101	587	668	262	108	607	1138	899	4228	2828	1035	8173	672	10851	11724	8199	6586	11643	11348	7224	14026	12806	13684	13351	13664	13482	1212	10905	12185	86	15058	15391	323	13920	14903	15227	15367	15623	16146
565	5553	14307	2267	11751	11808	4671	5149	5532
856	5133	2211	3448	7750	10650	2102	8926	12999	11251
6622	9340	5233	10966	12287	11814	8750	7064	12737	2899	14026	14335	7400	13896	13555	14897	15050	15158	15484	15626	15725	13816
5232	901	529	7778	12078	5614
1364	2764	1412	2808	5238	5650	8720	7833	5208	4769	5933	15581	364	6221
5793	1143	9254	1941	9054
6018	2575	12244	6439	7596	11371	12842
7107	13119	763	15723
4105	2300	9998	12341	10964	12738	14043	13239	14808	7124	14149	15065	15449
672	870	1419	9043	14583
208	10115	7271	13679	4582	15446
3237	10854	12598	12927	13132	14210	10713	15772
6325	555	2852	5112	7295	7075
4557	12072	12441	12679	14232	14476	14508	14686	15309	15880	15302
2870	1562	3349	2685	2560	7387
4774	6857	8535	7840	3384	6176	1212	8384	11826	7516
4068	13720	11344	9131	8798	86	4048	15253	3938	15363	15706	15424	14914	15676	16025	16002	14632	14000	16022	16154	16139	16192	15916	15713
5894	1224	6897	9816	13141
3617	8930	12699	13682	12701	10511	14923	14446	12821	15075	15093	14766	15736	15738	15449	15996	15927
1941	1849	9748	1367	2347	3789	8534
3484	2145	4708	5784	9665	10705	11047	12917	166
31	12829	13107	13184	13119	5128	15449	14104	13568
2468	11385	6921	9075	10955	13796
6395	4677	9418
372	2133	12721	15051	4916	11826	6096	8660
6747	3043	7236	9967	12769	7270	10461	14318	4794	14984	13911
3534	1082	13640	302	1469	467	8738	8018
871	12279	15093	15403	15999	15087
3208	6618	4223	6122	1727	4386	4387
990	570	2543	1683	2888	4218	303	1007	4294	2385	8124	52	14507	3502	10143
3344	6868	3626	10945	2796	120	1308	10903	82	5760
2834	12832	5691	13604	14348	14347	14435	13875	14808	11975	13720
5103	15364	15391	1294	15158	15361	2701	15772	4522	15471	15446	3571	15676	1355	13065	9180	15232	9217	4028	15367	13816	14104	15424	4711	15579
52	1302	2833	5577
2258	6381	578	11929	4440	6578	13549	4203	4527	2636
1627	4269	324	7189	8055	14259	6185	13738	15894
2358	4273	3517	7387	357	8487	4074	1600
4736	3536	7709	8043	12307	12971
239	11280	11573	11678	12358	12829	12332	12348	9411	10165	6439	14480	7814	6441	15465	14168	15387	8764	15734	15629	15363	15542	15982	14000
2507	1584	11235	11270	3662	8155	13098	1224	14188
6363	12298	10292	12200	8904
1545	9004	10865	10989
861	5118	11579
5644	14216	12441	194	4408	10447	14654
3968	2187	3185	1888	5544	8228	59	12829	10905	14423	7866	9328	10220	10891
1308	2011	8900	15244	14282	15208	15530
2968	8165	68	11586	1272	13772
250	9738	9763	9053	6375	7024	14480	15578
6881	9012	8798	14703	14399	9698	14841	15447	4749	11417	14719
2896	10458	11468	13267	1597	1471	6751	5860	1184	3896	4992	5190	12917	13603	5494	4141	15	15389	2706	5793	4746	2349	2070	63	3518	15384	7990	11690	6424	4794	13695	4239	10888	5658
5275	5125	6577	6268	10913	10851	6228	5849	11573	10789	1278	6441	7865	11963	14165	14414	10163	10575	14807	14480	13721	12825	593	15704	14929	16167	16202	16247
507	9846	13684	10057	13721	14682
3835	7312	4579	8163	2250	5467	8109	12310	6317	11694
5649	915	10726	10917
2192	1848	1761	1901	2901	10710	5642	10361	6572	10468	8674	12656	7530	12738	9310	1873	10803	2249	15266	5183	13314	3654	3712	10773	6225	13414	9192	4141	13625	13291	7277	3009	732	7030	2284	4998	5834
4141	4136	6579
2151	8480	12959	13684	13342	14569	13720	15364	15578	15594	9064	13430
349	533	12287	12348	13390	14684	12825	14496	14150	1398	15772
1375	3166	4480	6043	13057	8082	11919	12830	13295
6487	2267	7530	7443	8921	9747	10170	12750	12752	6808	1359	5839	10746	9080	13765	13684	10163	9052	14219	12806	13689	11975	14684	14807	1635	2115	4613	10188	10333	11852	6870	15445	15868	15777	14000	14247	15925
4146	10680	11743	10257	6808	14423	14897
4183	1771	8257	14531	8341
3166	15694	6831	13039	3889	8824	11753	14704	1668	180	7131	10229	13498	15313	15962	16008	16149
3314	1562	1867	8535
4964	7010	7044	5222	10017	310	7130	9825	9996	302	5205	48	1469
4079	1537	845	2782	5807	3661	2946	1834	4994	7899	12985	12109
202	3348	3218	13457	14675	15691	14767	15722	3510	15971	15795	15965	14815	926
3498	1380	448	1891	602	5338	915	4017	1384	8044	545	4022	3104	6399	8596
1786	1181	8568	6378	12103	53	1720	1937	15207	9932	4910	4732	14055	5549	6162	5614	10468	1642	2536	4906	10454	511	36
284	6620	1541	11083	10725	9846	13199	14194	7400	14786	11805	11427	86	14903	15220
1509	305	322	532	1002	2972	161	6753	11678	9481
2196	8562	5642	13239	593	15059	15060	14972	15244	15432	15368	8953
4458	11978	12332	12619	12769	7433	14210	10057	14291	12621	13875	14240	11975	14806	86	15362	15391	15603	15502	15345	15444	15723	13430
2648	4701	13215	378	12766	7213	8057	9136	7298	9700	3696	3749	9287	174	8096	2246	3867	12656	14625	10826
4968	15791	15701	15377	15882	12958	15922	16201	15475	16011
3169	68	69	70	468	678	584	1090	3387	2683	73	11647	12439
2935	2171	6498	6499	7856	9906	10372	11018
1155	15483	6281	15388	15619	6044	15345	10766	10438	12239	15831	2680	11779	13430	15658	15868	8537	14621	11032	12441	3898	4168	8299	7988	15542	15579	6454	15448	16104	15880	14815	15302	15384	5411	15823	13642	14671	13357	13748	16202	15607	16189	16197
3500	302	981	2107	942	850	4916
4157	2844	1716	3884	6365	8330	3177	8232	6611	2674	3863	5064	9866	7740	4473	12349	14907	6401	14094	14733	13644	8288	9909	14091	15291	4644	12861	12015	7365	718	3000	9109	14136	9658	9453	10188
2742	9692	9868	14542	3633	1956	5125
5132	11350	8532	12810	4472	11494	10759
1543	5254	15301	14622	10049	14923	6768	4159	11582	7867	8064	9509	12447	825	7525	14342	2292	4522	8122	8570	4191	4324	889	9191	10429	1749	5294	1204
4199	304	397	985	7640	8443	9155	10701	5144	7848	8444	5561	4098	14410
3386	1898	2009	4758
6689	6480	8924	12381
862	29	6316	1469	9969
3428	474	266	3681	2353	2339	2407	2092	3929	4314
1708	4048	5491	2846	8742
591	4524	2083	97	6386	7630	1836	3289	8732	740	5933	825	8291	10040	7670	2628
4539	3237	1186	3334	15473
5480	856	3670	2601	8022	3828	948
4058	11885	12751	13321	12588	13108	10532	12339	86	15373	13682	15158	14983
334	15238	15272	15331
5508	12144	8608	1279	1487	1609	2601	7578	8142	13626
222	3159	1865	5227	1833	2338	6218	2545	4437	9444	1729	7775	9107
6429	15086	15129	15132	3235	2507	4536	9894	10236	6647	4921	314	2669	13020
812	2954	726	365	3896	8055	15373	15403	15159
3171	531	1084	5068	314	13785	14005	2719	12518	12519	11375	11711	8408	15546	826	1285	2381	8064	2060	11052	11992	15770	7141	4443	4523	14019	4587	8156	4756	8891	15858	12941	8934	9252	10025
1191	904	824	12743	8490	8877
4751	5538	12513	15333	13621
6230	12441	10743	14269	13239	14807	14686	11776	15208	15756
5556	866	8776	10224	11791	11681	13780	13445	8318	12671	14661
4064	2846	3604	5164	7879
1210	3512	9660	11884	10751	14890
1954	4774	12939	13022	6310	10106	14980
2130	1425	7534
7052	2189	1897	8793
6653	7463	6927	5268	8205	11703	8954	2084	14777	12628	14938	15553	11260
3097	6967	308	5697	7239	9124	8560	4054	4302	12214
6963	2639	4489	7232	1099	2329	308	1137	2325	3087	5699	9750	11788	2355	14397	8474	4053	1656	6427	672
4921	1185	3082	729	3036	7387	4334	5793	8271	7194	5790	3000	7302	8821	10984	10225	9846	12771	12266	11622	13211	3635	2712	16104	14610	14471	15807
849	4769	12287	14563	13430	16039
1126	2412	4844	11150	4455	5796	6704	11384	8112	5837	7139	12844	1086	11646	7770	5209
563	14030	7304	3075	2324	5447	5699
4971	114	460	256	276	557	3052	6577	6032	2349	5159	83	6887	2295	6606	5912	2835	1174	595
3717	10680	11637	54	12456	5614	12806	10935	10675	15415	13251	2540	4074	6902	5302
307	12008	8096	10101	9712	9775	3075	14640	14794	10532	14497	15373	3062	15564	15345
2079	1847	13710	15237	15725	16003
5996	1936	5557	6754	9501	11933	12999
2670	2318	11721	11910	11382	12602	12829	12927	12769	12437	11622	12347	15104	86	14638	15158	14983	14007
1994	364	743	12670
4974	3350	6031	7419	9579	14201	30
4372	1568	3432	3901	879	5632	6811	1027	9830	11054	11603	8387	10851	14362	14390	13668	14392	14563	13054	13666	14149	15308
6671	12786	13684	10835	10163	14347	14387	10057	12748	12821	15473	15284	5426	15530	13455	15258	15998
1869	12829	3324	86	16000	14920
5442	10208	4126	14111	2320
4406	11938	13864	8259	9484	11997
2424	3044	3948	1749	10867	8633	2239	7898
434	3649	160	10820	5691	10258	13684	11157	13110
4577	7996	11130	12385	3384	1953	7852	15012
7011	2080	3911	2341	5569	4982	10680	8369	3307	11969	4145	12598	11233	13689	12628	14784	14522	15428	15469	15253	15495	15728	15730	15530	15384	15908	15974	15579	16154
6923	4734	6440	15473	302	16185
6505	9192	4852	7522
7056	825	8224	10667	11744	6879	8376	12753	12927	12703	11892	13119	14327	14106	12965	13457	15539	15868	15894	12189
68	8376	14294
4502	7530	2846
3404	5608	5501	6547	4071	3894	1579	6415	6711	7236	1044	4762	8150	10550	11253	9052	11021	4414	9202	13307	14658	6803
6781	911	11166	8308	10054	1276	11785	38	13957	8499	9862	8164	13770	1174	1219	11510	5890	147	5673	2215	9930	5781	7458
3379	11330	6975	11411	12441	10667	14973	14972	6950	4979	11313	15690	15894	15420	9064	14780
2791	9338	9059	11638	12751	12829	11622	13815	13765	13655	12806	13689	14663	14511	10909	13738	13875	86	15392	15444	15363	15446
872	8668	7061	12429	9494	7116	2649	13457	13526	209
3538	14866	10776	2875	13517	1469	9202	75	3411	7302	8458	9155	13519
1795	11354	12829	13731
6255	157	580	2632	5846	7340	3237	5352	7528	7853	8698	3937
721	6788	11638	11959	12421	2989	13119	14294	13684	14226	14511	13738	14330	10511	14467	14423	10575	13646	15093	13231	14120	15885	16144
1672	3832	10483	11320	137	1890
530	12917	8698	12232	3132	8422	9756	9075	12944
5970	8835	3423	11589	15036
5104	4092	5568	10348	5032	8956	9761	1609	3732	7800	1284	4157	14129	1703	4202	5202
2485	120	1973	4993	6564	3756
4844	12027	4537	120	6897
863	7039	7276	5699	11417	14456
6943	12472	5957	13425	14187	15548	5440
6023	11891	7038	7852	12276	3160	2386	7633
3695	11885	7557	12373	13878	733	3615	10713	8789	12491	11590	12208
2374	2507	3070	6527	2699	2490	5236	604	1478	7370	9716	2826	8042	7271	3051	3000
3718	13119	14435	12965	13164
6096	2920	120	2849	6158	11746	12717	3827	10449	7826	8042	8794	9122
976	10815	1525	14666	15202	5491
6027	3692	5769	3929	672	5812	12999
5194	136	282	4747
4222	14026	14326	9712	15228	15551	15578	15600
2965	12499	12806	15449
216	8486	3465	10833	12072	12752	8097	12769	12740	13184	4097	10575	11427	7072	15065	15242	1523	15324	4074	15100	14857	15478	6223	16010	16022
6937	3082	1767	2959	8668	5598	7475	3462
6433	10	11978	12324
3949	7076	1890	5682	8670	9754	4455	12815	13555	13141	13862
4820	12690	13255	14174	14175	8491	302	5393	2471	9342	11591	14712	6560	6334
4480	11829	11348	12747	14269	14507	14661	14807	14575	15206	15661	15444	15723
5606	1340	6844	8870	3858	9221	14525	3274	7302	8754	8820	9030	9962	10974	11087	11113	4197
4593	1199	964	1648	102	5558	13327	6963	10417	772	12669	248
5140	4365	2844	2628	1469	1699	6261	11915	2569	6976
2073	1170	7777	9165
2093	5583	13094	451	1345	5254	6078	6416	11301	11918	12557	14463	8708	10866	745
4347	6811	3761	3884	7514	5367
2094	2781	2504	2880	830	1515	530	161	5855	4958	11856	14510
3370	1080	6857	6664	488	5906	6623	1344	6368	8469	10226	8839	825	8010	128	4645	9748	6707	856	13273	11622	361	7175	2041	14071	4110	11631	14769	8137	13720	11756	14656	15718	2680	15626	9064	14059
6372	1401	5257	5581	5614	2354	7187	5723	304
194	10200	3000	699	14340
4092	3599	7824	7865	12062	1642	1838
5766	6117	10664	13853	11895
2345	3814	7045	11894	3554	11756	7949	11571	8524	3195	11565
4381	8142	6795	12152	6380	12146	8440	8554	12673	13815	13390	12806	14167	4362	13171	14559	14326	14106	14569	5372	10575	14201	14809	14640	13650	86	13646	14276	15324	15434	4296	14983	15564	15100	13568	15745	15954	15796	15982
6614	3305	3043	4867	3384	1024	8289	2014
4238	11573	12833	10732	12769	12748	12196	13682	11643	13994	12806	13689	6697	12098	13307	14854	8771	10532	15077	14796	15387	4710	15345	15539	13430	15715	15514	9766	15997	15954	15933	16024	5741	13688	12439
1042	114	8416	10851	14218
704	66	80	403	1384	2825	4795	6775	15380	3009	3723	13846	14659	5792
131	367	32	5038	8141	8557	10127	10867	323	3000	4582	4993	8963	9572	10826	14425	15111	2254	3215	4829	6048	6477	6546	7836	7865	8682	9070	11972	13817	4566	14923	2413
248	1585	4587	4669	1699	1813	7384	8628	7023
3391	4944	3808	4785	10906	12040	7342	10511	11812	9241	13891	14822	8838	13157	390	1428	13901
4303	11350	92	8581	811	12696	14468	9313	7828
5292	9611	295	5431	9382	15625	5445	5475	1947	4687	6319	8569	981	15197	9886	3631	5335	13976
590	11115	12332	12829	12033	14026	13239	14503	14106	11776	11975	15094	15159	15723
3042	15251	15123	15895	15542	16000
826	1117	7193	7694	11354	4915	14487	14769	13553
6094	83	84	4794	6315	9163	10165	2661	10699	12146	5691	12696	985	4655	6634	5962	6123	13446	10163	13689	12701	14506	12550	10511	10461	11427	10513	11776	13274	977	15037	1466	86	3812	9391	3631	3634	3630	15228	15324	15373
3681	13992	3277	1622	7412	9416	10648
5171	12065	13691	603	11582	2386	5202	10254	15467	15077	4461	15384	10594	8633	4777	15367	16104	15872	14212	3952	13211	15579	15302	16088
6709	1118	856	1264	4993	3808	64	302	4906	11059
945	5246	13682	14349	733	14402	13239	2833	11024	13729	4296	15603	15996	15999	15365	3349
2729	2773	8073	6365	11557	1831	8912	7640	8093	14582	9070	455	12634	4670	223	8010	3841	5001	364	1211	825	3349	2959	5916	8296
1938	4115	14516	1500	3827
1168	2931	545	11721	11299	12750	12927	12033	13684	5118	8480	14335	11369	12959	13875	7947	13309	15433	15417	15087
5012	3791	6219	9830
1416	4335	10046	8698	8461	11961	1962
7051	8339	3971	10681	10946	12771	11622	14165	13119	12653	14106	14424	14792	14968	15037	12825	14343	14640	15364	11538	8997
1391	11846	12829	14423
1329	2284	3033	2678	4978	7360	9185	11394
1971	7170	5086	12886	1864
1394	9338	11247	8934	3261	6441
213	3022	11037	14300	13869	2633
7123	723	2333	4972	5632	5597	11312	10851	11846	1077	12215
1174	3828	9597	3536	12999	261
6592	1567	7470	7901	10017	13047	11223	5119	12803
2493	11841	12806	13047	14806	86
2766	3051	9895	86	15173	15228	4018	15536	15796	3633	14000	1552	1554	8147	13816	12687	6568	4278	7639	9350	12031	14288	15218	9856	15972
2998	10067	8843	9374	15425	15540
5594	11172	6072	7753	10144	6513	9030	10615
69	856	1528	2360	13234	6544	304	3828	12092	15232	14591	14827	14865	3426	4061	6939	11246	11788	14062	14826	835
5204	2200	497	8207	11346	3656	4794	7189	12347	12541	12146	10989	13054	14335	14387	12739	12863	12454	14809	13341	14795	13646	14769	86	15175	15191	15347	15603	8997	12195	15443	15895	1978	15927	15997	15153	15871	14000
5135	6498	11901	13033	5935	9654	10746
3480	3331	2407	348
2417	8111	7622	12999	14386	1078	1137	5668	4297	1076	2255	12480
5080	4640	4195	2386	1099	3323	7453	7577	9619	12693	14432	14866
3209	5912	4790	6051	2537	10116	9182	7808	10225	7578	3505	12947	6829	2185	8329
847	13273	856
3632	3082	12769	12934	4453	11909	12919	6585	11276	5083	9364	2490	9775	11582	13239	15075	15065	4296	15881	15604	15777	4514	14976	16010	16023
1378	1151	1808	13293
2055	5616	6653	1610	1676	2470	7999	8604	10407	7905	13047	5278	13733	220	3710	6095	8982	9596	13763	14908	16107
3164	8958	10328	5162	4476	11549	5284	13667	9495	11425
3432	7094	5344	3218
5312	14731	14009	13954	14972
6356	113	168	275	1108	1107	985	3507	1954	2364	2049	74	511	1615	2778	3999	1292	961	33	68
2015	5906	815	2273	2796	6064	7891	12830	1469	7516	8395	8496	9997	13339	5845	6123	7848	9590	11533	3119	2185
2011	5106	7495	12266	13211	13448	13720	14343	15158	15723
1347	5112	2593	9484	7443
4328	7283	7824	12135	409	1172	2092	3610
3091	591	7191	2844	8808	8530	7848	3465
476	1340	1510	2958	10413	12274	11010	7191
273	12590	11622	13815	12806	14219	13239	12463	13875	14424	14808	14967	14515	86	13568	15345	15449	12917	15927	14929	16185
176	9079	13984	11393	14855
3202	1240	10485	9296	4385	5520	9598	13807	5030	5721	7391	7394	7996
1194	269	768	769	885	660	1574	2877	8008	8522	8257	10186	5831	68	6545	6917	6539	7778	8524	8559	2474	7046	3787	1584	7381	9557
4180	9810	11585	754
3543	2489	2488	2297	2427	5684	8534	11441	2145	9584	9612	2347	3619	8934	3898	81	13689	15908	1267	5183	9743	1068	2291	9111	9517
3311	29	34	35	546
5061	8598	132	1599	7302	8502	10182	11582	14005	1138
6721	2332	3678	10976	2294	11781	11099	12829	5691	12146	12953	8935	14165
1117	8401	5663	4774	12
1184	3060	4196	4758	8010	2187
589	539	565	4587	11478	12554	12612	14094	15255	8079	3718	3884
4924	9023	13813	1425	11778	14095	10127	15973	9497	9625
6111	3043	3384	4353	12598	12771	13765	13429	9790	14854	14792	15058	14675	15373	15604	15887	15367	16129
4825	5976	7043	7387	10219	10027	2177	10375	7228	2448	1727	12892	15257	5674	6584	12071	8057	9808	6650	3940	3765	9334	4074
5829	4768	4450	5281	580	3815	1885	8714	3721	3853	7187	352	1176	6575	940	12248
992	4716	11729	12994	4027	5158	7778	4026	11477	5347	13571	3061	4487	7988
4619	3356	4833	3360	733	7236	7231	4828	5564	8376	9967	10946	12829	5240	11188	12491	14467	4646	11024	15060	13878	14685	14239	13712	2557	15361	5426	8997	15738	15604
1960	13433	3812	14291	3001	12611	14563	10460	10532	6256	3804	6336	13584	14575	14984	15123	14339	14983	12019	15892	15927	15997	15748	13272	16174	16185
857	3487	6543	14668	15143
4644	900	308	3209	1415	8084	570	11431	6440	6441	13047	3872	12825	15483	15123	15443
2087	12598	12769	14185	14009	12671	13727	13738	86	14575	14934	15629	15997
6251	308	903	9831	4703	11010	11884	5200	13153	14633	9830	11441	14662	10975	15437	15468
2266	3065	5048	11315	1774	1949	304	11979	13689	4831	186	5135	15134
3652	1542	10036	8374	11115	12069	12636	12829	12971	12751	13815	14269	12179	14466	7400	14480	14693	14900	13721	14318	15228	15663
1337	2413	12091	2222	9407	8160	13209	9728	5085	15052	593	12645	13724	1351	7398	11623	14598	15151
387	7514	9505	9088	11799	9075	11345	11522
1884	10362	7150	904	9201	14941
4617	4435	5778	7435	9693	10732	10201	16	10226	7327	856	7850	10833	11789	8329	9296	10256	8257	12784	3628	6108	13276	15094	5983	15387	15449	16144	15082
4581	9613	9828	10668	12347	12769	12971	12541	10258	14258	13942	14335	13650	15600	15578	15339	15783
6780	10928	5807	10227	10942	1212
3591	4786	1669	9260	13165	10166	1293	1674	2755	2284	11834	1626	11477	13656	9014	7271	1609	1675	4026	4917	6340	9921
2470	299	292	293	722	867	273	707	499	295	723	8173	6973	11376	3696
6330	10822	1582	3631	3840	6613	6770	13815	8744	13682	5454	10147	12801	13429	5831	12086	12360	13119	2154	13765	10202	14663	11582	7721	10669	11771	10575	86	6897	15868	14071
3900	5640	3757	13119	13875	15578
927	3011	7942	8729	9871	7878	10773	6768	11127
5613	5564	3964	3914	4440	7433	365	825	2630	990	2490	8385
6982	2772	9224	4415	4848	8076	1901	7165	541	6818	7270	3492	324	6821	5910	6320	8720	5748	6958	8849	7595	733	14063	13792	6984	4618	9273
1115	10061	2008	3702	3038	10063	5569	7172	1716	9059	10225	7443	1788	5288	6174	11622	13450	13239	13480	12339	15663	15472	15496	13430	15446	15563	15804	15996	16111
1634	13459	5977	400	2552	6221	11277	13331	15528	3956	10302	6791
445	3310	4546	7619	8789	9291	11136	11703	14555	2241	8896	4869	5055	9482
1484	3651	3354	512	5117	1245	12149	4785	5463
1540	2382	467	2946	4136	1694	7027	2374	6800	12266	13728	10827	14218	14335
5562	2522	4618	9135	8578	6548	13791	7530	9764	10964	10079	9782	12887
5510	8063	8365	8598	9048	10910	10978	11826	12375	12704	12974	14438
3220	5674	5101	7275	9580
4729	216	1331	3696	2086	3435	3517	6481	6955	9895	68	13383	13589	6969	3137	12999	2148	2171	13023	5793	13052
4569	957	874	2531	4758	2498
7036	10947	7189	9163	5691	4828	1792	2301	9854	11737	14218	13429	12806	11031	13729	13840	2701	14575	15362	15324	15253	7441	2680	16000	6561	16167	13748	15940	9232
1483	672	13964	14877	647
4651	5778	586	4938	10459	8608	12484
1201	993	11110	12695	9759	13281	5338
6672	3452	1469	7854	3721	378	2922	10508
6827	6696	7969	9140	12711	820	1659	9142	2789	3759	5642	8628	9478	3316
1964	5008	8866
2356	1567	3545	1889	3897	2929	3626	2946	6717	10831	12722	12757	8538	10354	11010	9685	719	10433	14303	15724	12017	1004	5947	5055	15642	15651	6725	12544
4415	15362	15368	13430	14007	12189	15366	11634	16096	15859
3060	7386	10800	10799	11238	12769	12784	12347	12737	10986	12008	13448	14795	14558	15094	15325	15610	14237	14946
4453	948	703	8807
3659	3663	6899	6888	3465	6694
461	3345	3395	4110	915	9695	11852	7583	911	2929	3631	6954	7048	9140	10825	14026	1023	10622	12197	14716	409	3674
3983	6397	11399	9362	10839
2687	10	297	95	1402	75	2107	3662	2295	942	3648	856	5566	5319	5242	2357	2907	9194	4056	1140	3828	6585	12674	4308	7644	3116	67	9457	7786
668	7949	8173	1294
846	872	6526	4827	8607
5879	10481	12387	7682
1856	14150	15578	13160	15392	14884	1301	10108	10670	15707	13568	11074	15722	15533	15117	1208	15971	13816	14000	16039	16006	15670	59
5858	2981	7222	5110
1937	10976	12347	12590	8935	10909
542	10342	11887	8342	8343
282	8594	9382	13313	1212	97
5933	8387	8273	7578	11841	4347	5691	9991	13184	12739	13817	14472	5682	1514
5097	3664	7077	8718	9761	364	4661	7397	4587	9266	9267	14941	15140
4819	1322	2481	7737
1718	3666	5865	7222	9208	12959	13791	14214
5129	4437	7068	10117	12326	12389	875
5281	9742	10840	11872
4359	13887	3394	9745	15018	2739	954
4949	9611	14962	6707
2999	2944	5284	10583	1477	2969	13912
4857	6667	4460	4268	3052	6071	7701	7702	8469	4382	13997	8091
2894	194	2741	3233	3240	6766	3721	511	9799
4380	3663	4215	9098	12598	12429	12832
2919	3454	9850
2831	5494	4758	6228	7287	2695	3307	2397	12590	13604	9755	14124	14473	86	3487	15093	15422	15324	15389	15469	15050	15783	15706	15676	15788	13272	15302	15903	15994	16192	15809	15791	16218	16235
2583	825	6356	2422	5855
6956	9457	2575	11673	11614	9811	4839	2269	1947	7723	11107	8658	14925	3421	6388	6768
4876	3764	3023	5913	7433	10416	5558	4339	9999	2531	9979	1107	2477	11413	8340
5349	3384	5810	6040	3375	9268	9891	13899
2574	10412	2415	6625
409	2603	5674	10312	13435
2589	6535	13336	13695	5674	1323	2490	4180
3361	6916	12598	12821	12927	13097	13184	13599	6440	10460	10532	11427
6670	4582	7553	10511	7453	11975	14971	10527	14152	9543	14851	10557	15444	15443	9075	13141	15363	2680	15734	15892	15514	16018	11547	15954	15925	16022	16024	16092	15356	16062
4082	11561	9670	11587	6019
471	2226	11172	5256	8433	12420	8811	4830	9236	9725	5708	6072	8259	9973	12893	7319	8137	958	7165	3829	903	4991	8262	11329
6052	1463	1945	5788	1940	3827	13313
5241	11524	12833	12927	12829	12832	11910	8728	13691	14440	12611	12653	14506	14219	10461	13239	15037	13457	14983	16144	16184	16062
832	3314	5115	9265	6939	467	1137
3700	7500	10943	11712	14128	1294
5420	4016	14179	10516	1556	12265
6484	3973	11205	6721	1054
515	4000	844	3187	9652
7116	13296	2879	13584	3760	10461
3487	3749	10159	12332	8065	12033	13818	13655	11157	14151	14504	13648	15308	15226	15363	15658	15604	15531	15367	15870	15871	16022	15869
6419	5004	8538	6214	7965	4995	14191	6221
2899	4270	9707	3384	7627
5448	120	14480	14977	4687	9333
5184	9059	15465	13568	15705	15579
6031	15848	15681	15658	15654	15728	16034	15158	16104	15880	16183	15302	10617	16203	16245	16249	9232	3803
27	5503	6813	4110	4408	7068	8636	1548	5900	8399	5171	10946	2675	9816	6074	8385	3829	4644	1267	205	1716	778	9642	4802	13991	12546	8934	10000	6326	13001
1773	5343	304	10530	1268
2759	9998	8122	11360	6077	15181	1953
3257	1814	8610	111	6813	7064	7686	11021	2301	9252	7302	11769	3982	383	13665
1927	2041	1271	431	7071	596	12069	12769
1327	3057	9044	8011	11251	12893	12316	9079	7336	14397	13420	13611	14266	5529	12407	1514
1729	12829	13184	15373	15892
4575	268	5240	1124	4295	5564	7444	30	2954	2045	4437	9100	10833	12927	13321	13765	13815	9501	2341	14511	13239	7072	6023	9042
6274	7683	12282	10716	8137
3691	7481	3860	11678	825	9543	10297	11769	12978	13111	14177	10623	14481	15207	13598	14480	11950	15691	9064
1104	5566	6627	8251	3931	6871	12625	12503	3757	12173	8057	913	11039	6739
4582	9059	11439	12829	12699	14232	13433	10713	13034	10513	13663	14686	15100
4169	4020	3702	5957	10061	568	5583	12076
3154	5208	3556	825	6944	13666
4911	1053	5521	7707	6892	6773	8311
1188	163	88	1284	10039	9654	6091	5125	10625	13716	698	3465	10773
1393	8422	7152	7907	8070	9856	8286	1907	314	4623	13555	8959
3713	4968	12014	5699	7036	13799	1422	8167
85	15603	12596	12669	14906	12481	15477	11323	13568	15604	6196	8935	4933	15887	16154	11047	2030	16123	11200	7530
804	8826	1186	4644	15033
1017	3202	4442	9640	7131	7434	7261	8688	10039	36	885	1068	1076	2985	3077	7588	8935	9471	9805	10117	11719	1222	3721	5628	5779	8036	8763	2922	3581	3635	4172	7314	10694	5456	9642
5492	1276	6102	6707	10810	2950
1943	3342	3748	7285	502
2287	9053	10948	8395	7271	14508	11157	13307	13738	13634	13457	15037	12825	15483	15502	15496	15868
1508	1331	2085	7517	10769	12141	12585	9646	187	16250	7434	11632	13682	8042	13545	1665	5845
941	2228	529	5210	3885	5202	4881	12113	13399
195	2086	551	660	1965	2164	2945	2456	3968	1294	840	2041	3885	3148	5014	602	872	116	5778	593	5306	668	5102	4844	2676	10602	5901	7143	4801	6467
4177	7976	8499	9645	10059	11527	1170	8130
5251	924	3356	3682	3968	8945	9059	9558	10733	9830	11978	6375	12596	13780	13994	14266	10655	12821	14682	14796	15108	15736	15676
4312	8907	6963	7926	1137
1238	10948	11959	3948
113	3052	3658	1865	3736	1107	1867
2915	11301	14218	10461	10511	10513
3059	5033	14340	11440	10565	10960
6637	740	5647	6886	9202	7614	3552	7969	11846	2419	11350	11427	15708
4596	6043	1792	8685
838	825	5096	10200	4074
3106	9110	4646
1535	10121	248	5324	13639	97
956	10234	13684	11805	13239	14923	10461	13840	15103	15603	15100	15688	8955	15787
59	7299	13301	3349	13582	4474	1515	6693	11703	13846	6870	10161	5111	68	7679	11180	3535
586	681	10100	11349	13199	14793	15093	15158
4714	651	9054	138
3546	11579	13273	12533
4285	2887	6788	6357	7236	1555	4031	3465	12700	7367	2468	5421	13227	14972	6682	15391	1563	2081	2680	4711	12946	6097
6695	1358	7078	2789	9144	9145
1020	11598	4699	2470	4244	4659	3291	12887
330	4360	10645	3047	13377
1704	10949	10234	12199	12385	6730	12287	13320	14269	14466	14605	14698	13648	15347	14942	13911	15706	12208	9816	15925	14302
5615	1401	7711	2092	6624
3135	658	11051	10474
46	1651	4286	7208	1175	8093	7342	1289	7534	8717	13481
3491	9317	12752	12541	13917	13655	13738	86	11427	10460	10532	15900	15539	4033	15795
3224	8183	3202	4971	1013	14141
2623	834	14313	3350	5202	1337
1836	6634	10470	11325	8743	13288	11835	12695	2114	2910	2636	14888	194	4921	6108
5112	1470	7824	5312	3820	87	2292	2332
1750	7410	924	995	9342	9306	10722	6207	14712
5784	10949	13691	13875	14328
5557	1999	9799	5164	13572	8045	12078	12038	3996	12782	13121	13681
1572	2846	7896	12302	3384
6883	7200	369	371	11394	10431	14074
7101	1678	10513	9754	15772	15996
6459	10806	13261	1340	1314	4301	9059	10287
2181	4153	4309	4310	6814	1482	4191	9645	7742	8722	6410	5201	6041	1729	2476	5360	7598	8836	4586	11226	11957
5876	12213	15746	16033	16034	16101	16102	16005	15904	16009	16172	14566	16228	16230	16233	16236	15717	16170	16181	16203	16219	16237	16239	16246	16166	16210	16218	16190	15105	15791	16245	16224	16225	16248	15823	16194	16249	16241
2715	954	13655	14218	14854	10511	13720	15501	15345
4780	9186	1821	6445	8883	8887	1137	972	4622	301	3754	10948	1416	12925	12639	2701	15163	825	964	5308	1838	15237	12696	11879	14732	13327	15051
3434	2846	720	559	66	1523	948	9677	13954	14906
7115	327	233	681	273	364	2045	2102	5903	7692	2706	1743
5592	2855	13982	4543	13013	3575	308	3962
4108	4295	5564	281	1863	2152	6631	2992	3494
34	3349	10733	9991	4440	1212	11349	10145	2540	9495	13297	13298	12548	9976	13500	14335	15324
1200	9357	8564	10993	13585	2005	4558	246	11911	8493	1142	1330	4938	13206	13482	189	1224	1251	1590	4122	4124	4741	7953	14214	41	2230	6517	7232	8441	8555	10504	13221	14351	3045	4011	6281	11829
4975	12619	12829	13184	10801
6047	399	10027	10986	11489	14387	14854	10461	10513	96	3636	15057	14808	7977	86	406	6790	12475	14318	9754	15362	15159	15123	11516	14413	15723	9064	15539	9148	15676	15971	15637	15448	16023	9257	16177
4360	9209	179	8684	8922	9333
1974	969	7281	9661	12353	9596	13398	9304	12204
494	3656	10739	2722	304	7024	8142	12829	12784	2353	2640	593	13446	7834	13728	13433	13682	12657	13944	14219	14655	14807	11776	10989	15175	15324	15604	15868	15563	15365
5748	9540	12056	11930	6808	8065	6305	12437	1065	12588	13679	11518	13390	14139	4921	2736	3350	5831	15173	15175	14891	14575	12195	6840	3864
3285	5697	3672	8776
4204	2222	3361	4398	4455	2499	5367	12166	4515	4587
5588	7715	6224	7760	14387	15514
5985	2438	8601	12629	13841	8005	10302	10747	12512	13314	13411
1282	904	3377
6511	9693	11829	11986	12833	10163	14033	13264	10169	14496	14649	11456	14935	15836	15837	16039	15938
150	466	1476	316
390	2889	11729	14326	9204	12440	13073	15002	15854	15835
1893	644	267	3043	1879	829	8065	11100	7632	5236	8140	9858	9884	2043	3840	9817	9668	23	9816	11911	2911	2914	1763	4475	5029	14346
948	9444	1431	5956	6158
5756	2240	7801	10918	8496	11619
1825	4205	738	760	1424	13230	4192	14902	11713	2836	11685	12687	4506	15471	2701	12999
571	1741	748	2789	4188	5279	904
4037	3857	8118	13831
2906	1043	28	6193	1276	7742	2919
1936	2547	8419	13626	377	1137	1205	4141	5091	6810	6831	7412	7530	7754	8410	9080	9311	9404	10345	11898	13206	13750
4094	6231	7063	11217	13573	1099	4831	5788	3953
2326	3890	2189	9299	1740	1469	3252	8783	11781	9644	11675	12068	6439	302	8198
4455	6682	12829	13720	86	12825	15235	15234	15465	15443	15418	15676	15998	16010	13816	16185
4147	6102	9543	9537	819	14428	11485	2826	3972	1014
2581	4799	12177
608	5472	12830	2524
4775	1894	3889	5189	8042	11702
2511	593	12180	13871	12708
5084	1883	4594	219	2941	3377	2285	4619	5103	4939	7912	10903
2786	2843	12114	11063	12563
4813	10186	5972	9831	12304	20	54	7742	7744	10938	11307	13362	12775	7324	8166	9565	13199	11571	2412	9252	10192	9816	5360	4644	13016	14310	7898	5409	967	13200	13528	3217	5702	16162	15351	5291	4799	2891	15581
975	10234	11382	13107	12590	7505	13738	10532	681	7578	12304	12825
6161	2247	825	2394	1107	537	3151	4349	1127	842	5448	7632	6572	3896	11599	9780
3029	3407	8917	4754	2989	14265	14614	15156
6621	5614	2298	7512	11376
3610	2316	12626	11790	8083	7130	826	5011	10993
7010	3122	1041	308	7061	7191	2695	11641	8320	8592	12588	12241	12959	15059	13650	14575	14608	15324	15754	15539	6850	15927	1506	15869	15541	14302
5872	249	499	219	113	10036	4437	10984	8690	11238	10234	10189	12349	12102	10163	14807	86	1528	1654	15345	14882	5665	15312
4728	1291	9178	12139
442	945	6732	6580	6073	8982	8410	13708	11226	7706	10601
4335	11135	5972	12277	13162	5730	10059	5133	5609
656	856	2601	7379	10247
5764	3398	6908	5143	9462	9998	12069	6317	593	1528	14387	12535	10591	15707	15604	15702	16124	9232
4689	3929	102	5248	6961	11639	13503	5957	997	7502	13392	7530	175	8279	4401	467	2695	12740	6844	12213	10341	12163	12607	2186	9338
1306	9650	14868	1054
1681	304	5317	74	79	2294	7187	8787	10509	12128	5636	229	920	1312	4406	6952	13350	6697	8042	1107	10946	11735	10116	7091	9351	7984	5484	2511	4089
5008	1112	4086	6679	10614	11050	13179	13965	1068
6191	7302	8979	9026	9962	12258	4006	9501	5558	5655	1294	12861	916
1947	1743	2353	3570	2367	224	6831	12196	13199	14218	14026	15704	15705
594	13551	9031	14927	14670
6236	2041	9243	4333
4454	11180	179	3994
4366	7152	7402	5011	7382	248	11166	15659	12353	1584	5459	4479	13813
2405	10164	9839	9163	12833	12977	12829	14508	14684	86	10460	15077	15228	14168	15158	5947	15443	2680	15334	15704	15446	15514
6853	2268	2998	5112	5712	7587	8579	2531	7854	9077	8774
6134	12706	1380	8480	13119	15044	86	15373	15391	3020	15997
3674	1030	1354	1249	2615	11125	4346	3556	9015	11687	9276	3619	10238	12192	6275	11144	9274
6785	5265	2475	7415	3680	15052	1652	5792	8064	4063
5313	56	3948	5880	6931	10734	10156	12752	12753	11102	12069	4437	12737	12146	2593	9099	9545	8468	10530	14347	14488	10070	10469	1988	2002	7849	1712	14806	2753	11471	15204	14437	15345	2604	8339	15676
3415	656	14542	14952	15180	3237	7403	6536
6764	9790	1956	4340	5605	7953
600	3033	323	12068	12069	1434	12643	86	13568	15967	15999
3204	700	1240	4400	6744	9027	9791	10722	602	2041	13206	256
7028	7372	9738	2300	10851	11841	11524	12069	13433	9043	13239	15998
1791	11653	12252	360	1340	2945	3786	4201	8789	9655	14207
116	12148	10563	6940	10337	15207	16013
5321	2150	711	1230	1821	1948	6806	8227	11724	8216	12887	598	13132	9556
55	3328	3624	8741	8757	6521	7723	11894	1508	11074	9560	12994
5058	12038	6924	7289	11238	12973
5559	2899	5957	770	1188	1420	3465	13583	15911
6741	608	4845	3350	8941	607	365	5107
426	2636	7939	10159	7151	12070	13830	13959
207	5030	6707	9189	6871	3935	13156	1817	14182	5649	6897	13654	13797	12999
2512	9104	5101	9052	6345	11176	302	854	5022	9016	11774	1406	3678
4814	2632	1653	5819	9589	14600	5324	8268	8122	1983	9700	11056	13767	12205	8461
5968	8173	9100	10946	11346	12350	12750	12704	5179	417	1168	12463	14508	15057	14150	418	15443	15754	15629	15704
4226	304	4579	2490	7189	11742	9976	12259	3492	12829	12735	2966	13604	13184	13712	13969	12806	14387	14329	14498	14854	10511	11975	13650	3098	14724	15175	15326	15091	15443	15100	15542	15878	4302
2399	8660	13858	7766	9905	10212	13649	6284	8042
2513	1766	4587	9151	2298	3827
4967	9564	10980	8811	1134	11024	12984
2549	11791	12679	13107	8596	12146	14269	14328	14967	15996
3869	2407	3866	4551	10612	10701	3542	409	7824	199	11831	8224	10936	20	2842
6130	12959	13446	14269	14509	13668	13738	14807	13457	15997	15367	15954	13816	15915	16069	5347
3335	7758	3473	9610	7836
6305	1728	5192	4575	7488	3575	3808	4635	10459	2349	856	3299	9457
1631	2192	194
4155	56	2452	5972	7727	1205	7395
3621	834	2257	6973	881	11180
1198	6262	7553	9969	10668
4744	2389	13181	8593	8390	9498	3699	3938	5319	7878	10789	8436	12032
6028	187	2301	9453	4422
3737	7484	9613	3929	12350	12750	10057	13689	6824	12463	14769	13721	10511	10575	9543	15551	15495	14692	15444
3304	8535	4309	6064
2781	3082	1365	10280
2064	13683	14335	12549	14473	4582	14971	86	12825	15284	15345	15501	14983	15889	15892	14120	16104	16022	4866	16126	15338	15976	16203
3448	14894	22	602	5497	8252	7488	14055	14261	8665	9482	9206	1294	4807	11395	2407
237	12332	12829	13273	13720	14581	15373	15369	13903	15446	15704	15705	856	4618	14920
4327	7553	6439	7602	4679
4918	3665	529	10839	4296	13568	15887	7751	14288	14765
40	15791	15922	15340	16149	15962	16008	15475
5167	12753	12325	10297	12653
3148	5583	314	1782	4220	8471	14874	11307	10469	14533	14842	11830
6253	1527	3883	10726	5521	10433	9015	2759	14853
4170	12679	12346	13655	13119	4582	10575	14396
1418	3259	15035	14694
1831	1477	4742	8574	5291	10302	13811	2139	15047	2673	8833
6398	9991	9985	11722	12580	12771	12152	14663	13729
1607	2491	7221	11275	14094
6227	12806	7814	12653	13239	13720	14857	15178	16145
4101	7970	10763	1793
3647	12902	12347	13500	14557	14807	15689	10558
4591	7668	12825	15093	11137	7667	5472
763	15440	6247	14835	1329	14909
6449	5632	3041	3384	4353	7236	10224	10257	12241	7124	15281	15445	15661	13911
3089	12	4824	602	770	791	1077	2581
2085	287	7718	8286	8842	11785
5060	1915	7766	9546	13674
2804	15713	16162	7685	12898	3241	5699
3786	1526	5612	6149	7169	7887	12132
1005	9098	10550	11238	11603	11369	12806	10511	14480	15362	15421
5390	13285	10830	3384
3517	10269	10059	4851	7624
1216	7896	2750	2966
5546	1908	321	9008	7796	9724	6519	7468	4744
6136	13894	14473	13729	13047	14613	14343	13568	15505	16065
2560	660	2445	13604	12053	14124	12863	10944	9915	14466	12440	6742	6275	15482	14656	14247	4019
2437	1860	2548	7892	4618	10332	13277	2021	4054	10691	6207
5285	4792	7553	12753	1767	2308	10945	591	2321	6970	6719	9685	13065	11753	4278	8388	13055	4471	7987	8389	4074	8314	9816	15303	12865	11559	301	2950	11459	552	5128	8246	15950
2565	16220	16088	16056	16100	15851	15855	15916	16181	16203	16219	16237	923	16190	15105	16228	15823	719	6192	9607	9605	9606	4548	16240	16196	16197	16009	16239	16248	16257	15977
291	4021	4147	10856	10944	11215	778	1720	11452
6260	1198	12541	13875	15364	15158	2712	15887	15895	15900	2244	14848	15371
3623	802	783	248	4644	5588	1066	13459	7778	16047	15579	8514	16253
5070	10069	8003	825
5040	339	1728	10189	7148	7301	10377
4136	3053	3668	2846	3043	13835	7333	825	10027	12069	1054	15772
2346	2833	4089	7892	7494	4273	3938	4551	7995	4134	12012	1054	31	8204	8070	3552	4802	13455	1556	2410	7228	691	2058
3323	10462	5677	8999	4309
3234	1864	6733	8440	12819	11108	11297	7703	36	10921
2190	12760	13820	5840	6626	399	10285
41	13211	13655	13568	13531	12803
6022	2142	6146	6957	2386	205	7270	12089	10989	3871	7280	13530
2167	13935	1882	4582	14613	10532	14686	14497	14614	8665	14857	15715	2669	10302	13876	15521	15933	856	5258
6248	114	909	7493	4985	12034
7096	219	1069	1367	1514	1732	1733	1734	1735	1737	2157	2344	2608	48	176	1287	2960	1049	542	850	2672	6929	8453	7074	35	13765	11975	86	7072	14614	15351	14834	10557	15539	15533	16101	15870
4474	9967	10913	9447	9682	11349	8447	11576	14177	10057	14498	13932	9803	12488	1915	9927	15103	9561	12821
5034	2260	3025	10730	8878	7480	11327
4205	11036	13972	7372	9635	10795	13532	15398	10984
5358	2142	6590	5617
2537	3837	5642	13918	8010	9163	12284
6663	14886	356	2701	6315	10277
3328	316	359	4644	324	5110	8917	11172	9628	14165	14769	12755
5491	15271	15341	15317	15407	15559
5655	3453	1082	3257	6237	5111	7006	1650	1137	10289	1019	3215	15223
354	7138	511	542	1294	5633
7016	3628	7930	10208	13288	1425	3236	5699	13639	14485	14672
5925	3468	4774	3313	8412	9174	9399	1633	10152
931	7778	2263	5492
4021	679	10115	12902	12769	13663	15889	16018
6033	10857	1582	4288	8290	166	11315	5111
6250	302	735	1294	3280	4313	5353	8628	8999	10399	10465	11952
2586	3631	7930	15395	10285	12868	3953	7371	8126	13667	9977	10442	14932	306	8286	5185	15581
1386	919	2128	4437	7578	10946	9163	760	5300	11557	13429	14806	2712	4685	11138
4388	1373	3487	5497
6036	10775	11222	10367	9756	5194	6005	2706	1895	1367	3808	10224
203	6176	7177	9113	6474	3581	1257	7063	14533
2964	216	11459	5550	5722	9880
4680	7578	12775	8477	2423	10116	6048	1067	281	9590	13320	1184	2309	10866	14922	5492	10685
227	4509	5491	5511	6898	13525	1232	8917	11434	2490	6063	9075
1072	766	3523	1476	2424	2994	3487	2744	7605	7980
1546	681	7907	7591	14603
1529	6579	5668	9297
1412	2870	6032	5632	2065	8930	10854	12829	12833	12146	14218	13691	12744	8699	11559
1462	5538	14219	6440	14973	13457	30	10700	2603	15217	16054	16145
2100	1469	2025	9304	13966
5513	4295	86	13721	3069	9671	15175	15123
1288	7018	5790	7915	9672	11629	11439	10734	12806	13034	10713	15076	10460	10575	13666	86	15391	15465	15443
1827	8795	29	84	1186	10770	7239
6132	6419	2216	199
488	1590	1983	12572	1372	3832	9526	13655	14057	14059	2148
6085	3005	1099	5126	5368	7096	4518	7339	12802	12829	10734	5597	12533	13682	14806	13875	15041	15158	9730	15783	15100
2500	3043	4177	4651	12275	8446	14092	12883	13694	8096	11530	12014	13153	9790	2714	7231
4182	6274	8481	10356	3144	3996	3994	10744	2846	12971	11727	4749	11811	5125
3854	3011	3228	3904	11436	7967	8817	572
1991	354	11017	2458	6214	9679	6369	4618	6283	14603	8290
3666	212	9490	6252
4842	5753	7342	15178	10629	13226	1311	5639	7675	12134	13124	3323	5688	11459	12464	12163	14857	2301	6340	6768	8266	8365	8593	9655	12014	12611	12653	12654	13141
2723	3815	1867	5079	1939	5389	9043	174	511	603	758	856	2363	7239	7333	8263	8786	13613	339	825	1068	3349	3741	3804	7104	8783	166	607	11801	602	3087	3865
5399	273	275	732	729	825	2268	2128	8211	2189	6136	4409	10456	740	1	11825
2299	743	2907	4132	2703	302	14387	13721	14150
174	825	12069	14218	10057	10044	15688	15446	15900	15777	16141	14911
6231	64	6558	219	1224	5040	2042	2041	56	9710	11537	4775	6884	10946	9874	11492	4714	12266	14210	14239	4288	5323	6963	13568	15345	14728	15605	15744	12999	13310
3585	3025	2844	1146	5498
5467	7917	10680	11742	9163	5691
687	825	6106	12670	13433	15578	2712	15715	15777
2653	4917	9684	887	3136	12405	6036	2285	5832	7967	12075	10700	11785	4168	1973	1518	4822	10603	7328	5642	2096	10942	15556	12662	4121	12112	12669	925	6426	9786	3883	4512	13288	3058	11662	5034	14577	3215	3302	3671	10790	6198	10468
1899	2339	7172	8103	14976	15971	15885
4584	3014	3376	1742	2909
610	3929	4576	1457	9659	10773	11852
3147	253	9304	9098	375	10169	2507	9447	1882	3348	7984	11280	2392	12186	12829	7292	10204	9407	14414	3964	5472	8912	7578	15114	13457	5322	12607	11785	20	15718	4272	15723	7530
3324	12829	7124	15234	15235	15362	15064	14767	15446	15365	16185
3103	13684	6832	8748	12434	8032	14803	15373	2922	15359	6998	10572	6128	8912	13911	14983	11978	15812	15564	15809	15637	13661	8406	16033	15494	15130	15579	15983	16068	16101	16162	219	5621	13670	15823	16192	16172
4746	14498	409	5855	6824	13935	14800	15057	13073	14613	86	14972	15396	15152	15284	6067	15123	15108	7865	15530	12792	15345	10989	15334	15690	15887	15533	2669	15542	15448	15982	5617	16141	13816
810	2917	12829	10740
424	5209	4975	5668	5583	320	4185	9341	13062	9772
996	2945	8362	8700	8725	9618	11718	1751	2041	4440	6573
968	272	11299	9846	12806	14509	3749	15521
3108	10846	4564	9692	363	14645	3052	9932	10270
5576	12859	10302	12235	1943	4773
5366	908	6102	6931	8821	6549	2867	8124	11843	12535	2295	10834	6707	9543	14362	13664	14696	981	10469	13342	15284	15501	15738	9064	13065	14212
5571	449	6976	8639	1357	10328	4764	7052
517	4644	2332	5133	8406	9884	6897	12034	10165	12833	12146	12748	13429	14026	13689	13932	14258	14769	15284	15661	11803
262	13287	1500	10662	179	14201
4888	5338	5279	13319	8234	14804	3670	7684	12740	12999	15268	14859	7345	8901
3580	691	3306	8095
4322	860	2200	2358	2359	2360	4120	13179	15189	672
4171	12927	13390	13429	13721	14318	14575	15228	15473	15637
1798	672	3405	7453	11343	7452	7227	5520	8646	1294	5988	8093	8811	13201	1482	4237	8308	13706	4490
1671	9459	11729	9121	13765	14326	13729	10513	15064
2301	4487	6043	10356	1156	4215	9837	166	1481	6831	9182	1522	4401	7112	2488	5913	7553	308	4677	4932	8138	3266	5298	5501	8589	9675	1676	3215	11714	8782	10447	9463	3983	1554	9426	9044	10251	12856	8835	13323	389	6391
4893	13764	14210	13184	86
6834	13119	13500	13274	9391
5798	10862	9054	10151	13092
3258	952	7364	6166	11468	5112	6254	7232	4134	11985	1961
6101	9059	400	856	937	12023	13815	5741	5445
6740	10208	5691	11622	6003	13119	10513	11427	10461	15100
6383	8097	12829	12927	12740	13239	13307
6625	15044	15446	16078	9066
2725	136	2580	194	767	3341	2332	10254	12673	8935	8934	11427	86	13231	10080	15367
4788	8805	1720	9084	10815	6907	8986	1008	7244	6145	913	11214	5324	8663	5304	5313	8632	7866
3518	10550	12091	13683	13684	14215	14335	13034	14967	13004	14152	15228	15363	15448
5042	10710	10067	1752	14288	11146
2062	3001	7526	7692	3619	4336	9027	329	9371	8352	1520
467	746	1338	12842	2386	6309
2382	110	3846	5971	6549	4616	2724	4013	4031	3552	5704	4758	4196	2041	11841	4794	4558	12456	5617	10256	13528	14194	14269	7814	8395	15060	14708	14834	8953	15530	14983	15690	15637
5603	2857	253	2652	1528	10854	12069	8934	8935	13875	11427	14240	15600	15552	14903	15208
1531	6125	1081	3	11660	8250
181	285	6682	1174	5368
3199	7978	11678	12821	9163	5691	13184	13682	8934	6441	13738	12317	14653	12393	14105	2182	3661	15275	15604	15900	13543	15728	16039
2334	10489	10865	11042	8854	4489	135	1922
2816	2540	2805	12769	10079	13273	10902	302	15175	13941	14168	15347	15736	15564	15363	15446	15892	15514	15954	15580
6175	10948	12679	14321	14476	14508	14473	14923	8919	14261	14120	15804	15999
6701	365	9573	9820	8115
2400	864	12149	825	1230	1708	1766	2100	2386	3756	5413	5614	8464	10116	12197	8438	1637
2294	10234	11678	12332	13664	14269	7072	14923	86	15362	13911	15345	15443	15723	15446	15367
5385	9591	13927	12690	5561	12125	15054	14979
1242	593	6979	6252	11205	4124	7348	6897	2476	6454	6882	10989	13284	2974	9350
3809	2349	6033	2027	628	5890	12858	2093	6728	5202	4732	4758	9707
3127	1695	12994	7643	13141	13183	10638	14240	186	5859	1421	4775	12121	15282	4398	5082
4473	6557	10566	2491
5245	2688	364
6485	84	11622	2989	8480	2905	10459	14335	10902	14731	10511	13942	14806	13073	13457	15059	14318	13081	86	15175	14154	14681	5021	14903	13920	12195	15444	15604	15892	6202	15676	15998	16002	7676	15834	13319	3052
603	912	681	2603	9100	10075	10851	11910	644	12072	11978	12071	12769	12437	12590	12533	13679	13119	12139	14480	14343	15432	15497	13430	15868	16018	15087	15153	16131
3863	2627	7598	3127	6623	13684	12802	3242	464	114	11691	15374	465	15521
667	206	3674	9539	2039
4881	2972	12069	14390	14150	7268	9306	15997
961	6759	14042	5362	8688
6032	4792	7553	5473	12803	944	5233	3829	13870	14184	363	15280	12349	539	5310	15712
2971	2184	7839	14438	13898	13010	10309	4502	9006	7856
981	12449	10109	9345	6043	13295
5404	4218	3692	12342	7063	10731	13964	4602
36	298	593	6925	2395	7302
3065	2552	3033	7231	8179	10733	5512	14026	9757	15559	8997
4280	12149	5152	3391
2488	4377	6502	12294	6283	5678
6334	1184	5569	7058	7082	1537	353	435	1018	1247	1380	1459	2148	2777	3224	3712	4565	5353	6139	6409	6775	6810	6877	8636	9536	230	1431	4438	6337	8975	9243	9739
3877	3929	3384	281	2284	6943	7624	13234	15459	15908	15879	16017	16021	15919	16172	16170	16245	16225	16248	16249	16239	16241
4667	6788	4425	13500	14508	14509	13935	14808	14923	15075	3202	7996	8842	2552
3818	538	1686	1828	3662
2197	6357	5931	7189	12034	12829	12033	10835	14467	14685	12825	10460	9627
2960	3868	7918	7925	531	4742
4178	3661	10851	11723	12747	13264	10461	7349	11427	15688	15623
5479	1783	5072	3895	3558	3628	12829	13429	6980	14808	15514	15623
3865	9646	13977	14157	5011	8951	1760	15512	8888	6774	7259	9864	12724	13005
4717	13651	14935	6439	9732	870
2028	8374	7778	7857	966	10966	9163	12829	12832	12146	1204	1749	2341	7072	15448	15878
1595	3937	5202	7745	7746	8285	10822	10821	11434	13745	10617	8281	6324	12681	9560	12830	13292	10632	12905	14005	64	13802
5352	1099	1254	2280	2098	1008	4978	14	3254
4699	13896	14592	15138	2124	5626	7808	15723	15345	15443	15714	13221	15533	15605	15377	15366	15971	15448	13272	16154	16185	2081	2701	5410	8251	8651	135	8042	8086	16150	16151	15088	16048	16062	9232
6008	5287	5872	11712	1802	2022	6891	9706
3566	946	8538	1255	6336	10661	1722
3318	5586	8015	2517	1140
5877	9969	2492	9786
524	10964	9220	6169	13078
2839	2959	4207	5661
5819	10067	4628	1054	9681	2794	2386	13849	5278
4941	2267	8042	30	530	1520	2477	3827	4387	6123	6697	6877	8393	8674	219	2475	4587	7502
4742	1838	11750	14201	9278	14028
4053	5773	870	5769	6064	3637	2992	314	12459	1516	14602	4367	1517	1519	10188	11123	15085	8276
6125	2639	6567
673	8	1866	1919	1025	3646	2895	3053	6572	4552	9595	12456	11457	2989	12829	11975	86	9718	15767
218	1835	13684	14218	14232	13500	12549	13239	13274	86	15392	15483	15603	14834	14120	2669	16101	16145	15880	15302	16154	16200	15781
4176	185	8598	2341	12829	9171	2200	2762
611	13551	13815	14194	13119	13738	10575	13457	14806	12339
4963	7194	433	10725	12351	12888	12678	12679	8142	12350	14127	14895	15157	15494	15178	15446	15626
6964	35	52	13689	13110	14808	86	12825	15159	15100	15892	15365	15885
3673	1054	1858	2846	2490	1973	7191	341	2975	14257	13762	10176	6445	12022	13721	14906	15497	15222
3668	4568	3819	2531	53
6955	1956	2188	3948	4251	8702	2101	3791	5088	7232
1131	3005	1055	1225	9135	1968	4438
690	884	12342	11678	12771	9757	13664
5677	7516	1294	5934	13791	3755
4243	8840	8064	1516	7824	7896	3662	3635	6415	9778	3725	12665	13628	6572	5935	7412	9158	11992	14553	11821	11021	7996	14042	3692	6989
5345	6853	6892	10145	11612	11625	11878	13273
4256	1118	9338	1373	11268	11355	9699	12007	15109	10625	13729	2000	3581	8463	11956	12104	6429	8524	10262	10296	2016
4081	1195	2102	11726	10288	13564	15224	418	842
1089	2875	8123
2118	1664	6177	5699	6255	12999	7481	8099	4659	2882	3312	11469	75	4302	15310
4718	10691	361	10591	13483
518	11349	9817	12479	10402	12887	11411	12533	13684	8501	13747	3812	15092	15077	15049	2712	15594	15508	13568	2669	15532	15365	15521
220	11115	12069	13684	11427	14575	15578	15900	15927	15579	15878	16146
5419	13684	14731	15362	9422	15208
734	1435	11395
1677	619	2037	1123	2371	6574
4868	4789	3062	1641	11534	3038	1528	3527	5188	4677	7072	86	11591
4660	2694	2206	5041	5691	13500	14177	12643	7124	14973
1120	2206	2538	6252	12830	1838	10051
6338	3474	9661	7865	7564	5874	9670	916	5653	13953	14495	7169	10233	8913	13621	12108	12438	13428	9756	2922	5968	5984
413	1036	3570	2599	7339	7375	4714	3156	2391	12636	214	6074	6711	11622	5724	13239	308	12127	14105	12210	10213	13721	14649	15578	7816	14935	9399
2624	13974	4750	14174	357	636	11245	10059
5814	1973	7044	9350	9756	2092	4968	10449	1525	10356	7763
4652	1259	8877	2386	1709	10290	5571	4176	5933	10625	763	1484	2716	4639	5141	10061	11962	12416	1693	1311	1439	2745	5653
6352	13764	10057	13733	10461	13721
5721	6292	8	3129	3623	13134	2583	8385	9236	4798	825	6293	6485	9397	2284	5077	10802	3562	3628	7391
2877	3043	3384	2517	2518	2519	3044	7045	2665	8535	4249	2652	4318	1863	12731	9546	11434	6909	3865	6214	308	12743	5165	12836	9645	13221	14565	15054	248	2224	8780	11506	15859
5625	2932	3172	3849	4936	5133	1212	2189	4493	5981	3844	12598	12886	12769	12753	12536	12806	10905	10909	14505	13232	12825	15044	12821	14649	3218	13334	15422	15324	3774	15449	2680	15892	15366	15579	14617	15885
904	93	2268	5886	3512	3929	9693	10947	12034	11573	12751	12829	14043	15892	15366	15367	1294	1660
7143	11574	13119	14971
3769	3485	9524	9785	10989	13701	3556	4687	6341	5753
6069	4941	843	7777	1648	13403	3043	9963	2386	4988	8795	3519	11335	13484	6860	8227	120	766	1738	14462	15918	8387	6111
6412	11585	13327	3480	9098
3155	5125	7123	7443	7578	320	11052	6634	10964	10552	11585	5520	6670	10117	3469	7453	4228	11113	13516	12697	12696
5465	3306	3323	12765	6216	3029	12171	3202	3458	13717	3027	14748
3951	7387	10733	10913	9872	1924	12752	11865	13198	8934	15058	13720	15603	15361	9064	15384	14120	15579	16104	15867	7530	15823	16253
4118	2617	6266	4870	13606	13273
3129	1997	2945	2556	4601	726	3828	5226	419	560	562	1195	1469	651	8896	8914	1935	770	4076	5624	179
6570	6682	11603	11354	12348	8097	12701	13738	14106	14007
1591	11128	575	12657	10835	14390	14321	13691	12621	13668	14331	14476	14697	14769	12825	15123	15473	15765	12582	12195	15248	15539	15722	15838	15531	15654	15835	15579	16122	15925	16039	15823	16088	16246	12048	16253
5023	2407	7746	14892
1619	10532	10460	15037	14496	14681	15364	14592	15473	14437	15777	15117	3319	15744	15954	2776	16101	15302	15880	16123	15755
1812	5528	10239	15441
6169	9059	9763	9098	12636	13935	12454
1953	3349	350	4737	10625	11228	1758	80	5438	8100	6484
5200	15661	15345	15100	14983	15178	15446	15339	15999	16179	16200
450	253	3696	1182	2744	3348	12829	2786	14241	14923	15362
5810	251	2086	5519	4879	617	822	2293	2643	3814	4667	4992	6540	7530	7633	9139	9311	12180	6102	4769	2310	9858	10224	11499	14218	3480	11010	14478
6743	8916	2557	9560	11187	3076	2182	1800
6604	9889	3975	10356	186	7999	6132	8917	4542	1227	1278	7578	10750	1347	12756
3720	3350	8833	9206	10823
3499	12829	12706	13433	13875	10461
7005	685	951	6389	465	461	316	4972	4068	4612
6213	10428	8123	12181	2821	179	4994	8581	13493	13639	13370	6975	7251	12154	15424	8009
3596	13234	405	10194
6114	1212	11154	11432	9382	6498	14392	8570	12600	1181	2430	6499
4308	3678	1071	6064	9678	6076	5434	22	5407	13528	9317	1516	9645	12596	361
4503	12748	13321	13102	11622	10713	13108	14423	3324	86	3827	13682	15093	15208	14237	9644	15676	2669	15295	15927	16147	3052
5386	3320	5507	529	2561	5329	11533	1267	2562	3440	7176	718
3211	386	11349	12829	8934	13738	13307	15103	13457
1809	1549	8601	9646	15127	15172	4213	4739	5113	5420	5614
6556	302	13913	3563	12912	11889	12404	8342	1813	11788	15634	53	4443	11469	12728	12998	2410
350	4750	11931	3323	9806
5320	5283	5398	7232
4687	5112	11281	7487
5304	1420	8042	15158	1540	5965	15345	8132	403	7491	15705	14894	13461	1203	1136	16064	16024	12634	5154	4509	5529
2921	7543	1027	9675	11883	1509	10742	11778	13465	14636
5770	835	120	5401	9359	11122	12014	11188
1036	3465	10888	10889	565	2395	1311	2041	8010	9099	9100
6392	4677	4799	3593	1729
268	9059	6383	10947	11353	86
2984	7522	740	1516	2048
344	1504	9710	12069	3748	14232	1239	8935	7349	14769	15772
1618	7458	7527	12754	11999
2716	701	4492	14832
6648	86	9250	397	45	15391	75	6778	15443	15689	12554	15658	13430	2680	1549	15745	12198	4410	15796	15859	9346	13748
2140	29	54	14425	14807	53	14755	12122
3326	8770	3904	10982	4437	8538	11964	14469
705	686	3363	3541	6708	9543	13758	14461
63	511	5295	4921	6579	3434	7987	13876	995
3341	7074	1250	5614	9230
6825	12598	14210	13164	15308	15802
5272	3575	915	4034	12152	12829	13684	14210	12346
6623	3011	825	2248	4031	4422
2747	5393	8826	11678	236
1598	10022	1350	2041	8856	6098	4281	1587	7944
3316	8835	11099	14114	13454	15391	8769	2827	6043	14656	7901	2632
2260	7193	10224	14487
2621	749	2960	3145	6618
6494	12751	14218
3452	10105	8229	9174	926	1294
3255	6283	11176	9052	3981	8792	5713	13528	3306	8376	10420	14254	14116	3025	7234	15036	14855	12458
6954	835	5054	5832	9289
6779	4333	7189	13651
4282	7578	5691	12832
3217	3447	1681	5933	4654	10575	12134	3449	3571	12999	10534	5144	15300	1316	3410
929	5906	11539	2179	3465	13378	14493	13276	11341	12513	8082	7302	14055	3938	11945	13005	11726	791	13357
544	1054	7632
4901	243	3148	2281	11915	1816	8229	10117	5256	11434	6095	2699	13657	2495	5254	4662	10181
4414	194	3808	4085	6576
4110	15226	13568	15894	15027	15887	15878
1579	12069	12750	11844	602	2705	9003	13433	14257	10511	13239	16154	15302	15880	15840
2048	2179	3744	3041	593
2278	1224	7630	4484	2920	335	285	913	5269	2390	9481	4672	6905	3520	7994	12478	14729	1798	14205	15685
4526	740	1098	3859	2353	496	4992	1366	365
1077	8493	7676	15415	9931	15894	7977	5463	6223	14674
2355	230	7241	11277	9012	753	9445	16101	10447	15452	7624	15579	16038	829	7865	10170	9558	14773	15302	5258	5010	2770	16087	3700	14639	13731	5730	3135	16218
5803	1099	7540	9043	11962	9501	9974	11459	12534	10529	2386	11869	4064	8398	14672	10506	7401	14621	9686
4662	5161	4198	363	11807	13354
5831	12163	5606	8655	10963	8205	13824	9548	442	941	2353	1589
2506	9012	9209	10059
4115	11524	12315	10575
3664	7834	228	2935	3487
6900	9013	11995	3130	12304
3464	6319	4125	891	8791	12798	9881	3176
4976	10622	1166	2099	7033
5374	1138	2099	3799	12880	719	2524	9279	5023
418	4658	5784	11091	6237	8515
2520	1906	7135	7134	2328
3722	308	499	998	1213	1820	1933	1935	2076	2552	2793	2919	3332	124	1250	2770	3681	6364	5925	1698	2351	3682	6929	1461
3584	1319	2773	6867	1642	14192
4891	2041	197	12266	13119	13239	2353	14792	15123	10080	16185	14000
1372	2247	651	3929	2266	6367	5925	5632	10930	10946	13691	13457	13720	15364
5991	3384	409
5743	2273	3164	4618	7854	15419	5287	9324
5679	316	10722	13206
269	1967	8179	12769	6980
6090	5069	7158	12266	11174	14009	12829	14472	14854	11975
2917	1790	3887	9313	10651	12728	2490
389	3948	8142	4422	9904	6019	3661	15625	9338	3087	6224	7315	3349	4085	356
1136	363	10364	12418	9331
1445	5040	825	9558	9710	9831	11843	11910	10949	9220	8142	12829	12885	12769	12740	13684	10655	15037	86	14168	15996	11600	13086	16039	16185	9344
3055	2386	8728	6429	10225
4849	5776	5988	9346	406	4372	3415	9646	10573	10967	11625	5251	7099	10968	11143
4050	2105	3148	6899	8973	4944	8355
4518	13198	856	8447	12967	6208	314	2490	14891	12553	15416	13231	15971
6812	13639	953	7976	9148	10238	11557
2551	3066	3960	2932	2659	4833	5120	3696	4321	4715
6104	127	10560	13849	4140	9035
1435	3917	11102	13604	13433	14218	14139	14333	14105	11427	86	14575	15663	15345
3180	7232	4731	4802	2267
7109	3195	15365
3481	13651	14655	7055	15159	14597
7105	10457	10356
1426	2516	5241	1909	3725	7525	9350	9512	10746	1983	4100	12129	5290	7302
2220	1300	2540	3994	3995	3996	3997	4007	7415	10494	10107	11696	1082	3628	3640	9545	2881	14999	1358	8554
5664	3463	6074	8012	11829	13655	7616	14253	15316	3712	3808
48	6314	13295	1227	4758
4426	7592	9543	7516	677	7624
6559	7530	899	7092	11320
3037	11182	8628	56	2182	5472	7146	8719	9315	1099	6121	3251	10382	3493	6372	6507	3604	4587	12264	3979	4551
4399	3652	3814	7386	8595	8945	7092	9613	9098	12069	9839	7039	11844	8000	13448	14349	12567	13047	10511	10461	14515	15362	5995	743
3259	4272	13811	14346	1816	7418	2632	9609	6904	8931	564	3935
2886	2189	3051
1294	3384	3166	11193	9570	7850	7938	3043	8832	7671
3582	1281	8326	4809	13042	7027	8411
2324	9107	11349	12806	14854
5626	441	1811	12679	11646	12825	15191	4686	15484	15222	15997	14247	15925	16064
2502	4992	2101	5051	3480	1212	406	4888	14914	15428	1211	8319	15384
796	3052	10667	10038
3177	12829	123	1503	2659	6713	977	13108	14240	7286	13896	4038	9421	15473	15387	5426	13568	15868	15997	16002	16030	15366
3866	3364	14650	53	1077	2229	3948	7865	5905	15085	3465	10454	9338	8688	13966
2375	5547	11166	4892
2559	6174	6481	2729
5328	3948	12149	5173	10813	7072	12865	6337
325	13298	13297	7136	1439
6631	15205	14722	186	4731	6923
3458	8934	14515	86	15396	14857	15446
2141	199	2748	5699	7796	13723	792	6240	8169	13603
1820	620	7578	3426	13791	9401	13758
6017	321	856	1516	2152	4058	4699	5328	6588	11281	191	13285	10076
1447	13232	15384	9422	15746	16098	15681	16154	15579	16192	16139	16237	16224	15728	15823	16104
485	6434	599	5893	7885	8122	9038
5148	10135	12085	13767
1293	3304	9858	12176	6645	696	8013	323	1292	5164
4757	7778	3896	10872	3237	2042	4426	10791	835	4073	11428	1926	10513	1137	14578
39	13780	6439	8934	6441	86	15495	15688	4812	9788	15478	14119	9304	11137	14026	672	4102
5966	8326	10029	12985	7630
4196	1750	3949	2318	10703	304	6731	8255	1066
3352	3651	4077	4894	7335	12611	13875	10532	14903	5947	4510	13430	15894	15996	13794	1355	14379	15802
3948	8519	10327	6926
1319	8994	12069	13835	13097
6497	4758	10019	6426	2078	7063
1857	721	3741	3243	8528	12154	5209	8126	2490	10181	1204	1184	3617	3230
5293	1878	10681	10165	14335	13239	14498	14503	14124
2841	5761	6381	8257
1118	6461	11001	12390	1636	9845	10237	11767	11408	13197	11623	4354	5737	6441	8432	1634
3409	9448	8124	11312	2407	13691	12701	13875	8493	15075	15152	15366
695	304	6394	2176	9338
2923	8954	7772	1977	9886	9013	11576	8975
4223	1144	3622	3227	410	3659	14952
1847	282	283	1904	14548	566
1299	11148	11975	13433	15801	12690
2651	5118	1138	4098	8579	13749	15707
6453	1555	12632	9518	11622	10881	13731	14185	14219	14326	15037	14613	14637	12825	15253	14934	14935	13139	14728	15367	13940
972	2155	9647	10293	11307	11901
909	709	766	2985	5583	3003	5470	5545	5082	2514	8259	8989	5066	11158	1838	12806
1731	12348	12598	13433	10461	13721	3668	15275	15384	15837	15579	16104	16154	15788	15823	15569	16202	15877	15903	15917	15994	16223	16246	15713	15728	15791
301	4117	11324	8634	3785	5536	7181	10795	3384	7676
4672	147	204	1734	11524	12069
1466	878	5287	5967	6424	2684
2060	316	945	2173	636	647	4329	1295	4128	9991	12829	10079	13689	13206	14029	5381	14769	86	14981	5537	7042	15345
4574	15091	15508	15676	15887	2669	6622	14681	15933	15965	7822	16135
6207	14112	4560	14182	10738	13234	14677
678	9006	15729	12640
4606	7195	7587	8746	13201	11632	13639	126	13791	10388	12608	6418	6687	467	7253	13583
6799	1006	3533	3458	13201	2715
4087	679	2318	4819	8318	14898	6523	10001	13418	10818	12864
1560	11844	12637	13684	13448	12806	13239	11805	11975	14404	15800	15367	16134
1108	1350	8858	9790	11998	13937
3906	10521	6704	9343
5552	433	4750	8103	10297	2989	13994	14402	14505	14652	11455	11786	14971	10383	13650	13648	15042	4296	15412	15971	13272	53
4386	1641	12953	14922	10989
751	11283	1534	12421	5668	10554	1031	8385	3423	13478	7177	14806	7083	13855	1954	12918	11976	15443	5332	5346
510	11877	2160	8119	3384	3043	13758	13103
3822	11430	856	11275	11456	8835	10117
3430	12004	10555	12145	4376	2051
4750	6868	9453	9606	5209	511	7222	11297	7239
5024	1060	2626	5583	9317	6901	13206	13511	1246	7524	2359	9108
93	2566	8524
308	2142	2895	6291	7302	10201	8358	3233	11527
2528	2540	3884	4266	14356	2552	5957	6701
5403	968	7495	6469	1056	1003	4890	257	7553	1449	8044	3907	6030	4350	10664	12441	6421	12359	14219	6980	11805	14240	12973	14769	15391	15362	15723
3812	2388	5126	9723	10916	13690	360	803	1590	2578	7540	7563	7790	9082	10364	12468	308	8887	12712	14954	15102	15937	5156	6333	7875	8612	10048	10527	11435	15380	15838
2535	392	916	2267	3465	9719	14289
4151	10542	875	8666	8290	11547	11804	5268
2914	4269	3027	6102	4384	6015	8696	9339	11734	1503	11411	13450	13815	8592	14807	14808	14440	15057	86	13947	15604	15658	14120	15532	14247	15872	15968	16064
1967	8727	3692
4233	3052	9634	10945	6088	6623	9163	6387
367	1255	12791	5028	10114	10217	9065	12790	3691	8175	3808	13141	10560	12680
7139	12071	11801	11622	14809
4915	5187	12266	13765
5451	958	5491	8943	13530	12604
1945	884	8022	5424	3112	5747	10851	15392	15496
6295	684	3532	3355	8266	10603	10463	167	8568	15332	11340	593	4537
6145	3245	5011	5478	4834
7020	4268	7118	7433	5614	6039	7290	1010	8848	7542	8774	602	10394	4202	7484	5021
5792	4739	10528	11679	1113	4546	13320	11122	13820	14333	9604	13111	14706	9605	10825	12468
4663	13027	15143	14443
617	6383	9830	10225	11629	12034	6375	9512	13452	13780	7024	14215	14269	14806	15104	12846	15483	15530	15446	15835	15448	16044
2531	1920	1279	3679	8860	9596	12116	12862
936	1669	2025	1839	10863	13141	13824
2081	5558	15064	4587	15807	15713	15707	15354	14983	15449	15539	15892	15942	15894	15701	1071	12669	15927	15605	15996	15579	15813	16101	15509	16038	13816	16154	16124	16005	16027	16176	16246	15916	16188	15044	4024	16141	16247
1356	8167	3509	5800	9192	3048	8524	11459	5953	9065	1456	6508	7658	10384	8859	9155	1362	8926	3717
3773	7708	1576	5393
2454	3492	12460	308	3349	6991	193	5783	14234	4190	4387	4455	4787	5430	7812
5466	13071	308	964	1345	6512	8323	9826
4025	406	4315	10142	949	7488
886	317	136	3940	4408	6401	856	926	2349	8362	2189	2215	8797	547
4708	2291	591	5499	8659	856	56	1440	5110	7723	9343	7848	8608	13653	3230	3428
6357	4262	7960	8116
2385	3712	9007	14062	993	1207	6307	9756	13852
5534	1645	3772	1459	6093	15059	15420	15204
551	8038	10981	10189	12069	14834	15723
6931	1468	7971	9145	11593	8065
2460	3237	12997	7873
5424	7769	6564	15196	13631	303
4057	3670	5112	6853	12188	12521	13750	3828	3832	10188	1137	1344
6070	1449	7919	5428	9764	7912	2107	2353	1088	1204	84	5141	3125	4794	12806	13239	13875	13721	10513	12339	4399	15234	15392	15473	14437	2680	13430	15714	15533	15605	15637	16101	16078	10695
5244	529	1107	380	3312	12001	12003	8795	2632	5906	1044	12240	6221	4595	10838
2030	4844	2166	258	8533	13277	14467
5671	1229	4919	10931
381	1014	8079	83	3153	9156	9336	10315
5847	1031	2554	4576	3532	321	3417	7633	9807
2370	3865	13140	7758	4692	14833	10187
305	2145	5686	5158	10989	13065	14945	1805	6927
5981	11849	8027	10905	10057	12653	13840	14105	10511	14515	12208	16104	15579	15788	16161	16154	14919	15823	16246	15607	15728	16253	16254	13510
6400	12864	4398	8422	842	8333	13285	14917	6399	3609	7692	8151	2238	15414	15847	15942	12308	10846	5387
4159	4557	4457	5855	11768	14299	4037
1160	13815	4758	12599	13634	14423	10317	10982	15060	13720	14967	14891	15093	1008	13732	15954	15878	9605
6385	3483	6811	15772	9609
4075	3237	3615	6715	2225	2557	5125	8706	1469	5569	10142	15275	3480	4045
5036	2152	2702	9746	13094	9252
5825	719	6625	4343	3765	1441	10942	13216	15337
2225	14193	13342	14731	4582	15418	15887	15885	16036
2869	1696	6364	7172	7785	11801
5002	13700	9776	9422	15682	15848	15681	16101	15805	15212	16162	7578	9304	8015	15302	10989	16063	15044	16154	16005	825
2323	10001	12868	14753
4061	1028	10561	6049	10532	11562	13380	1027
1485	7510	3148	1908	12917
4993	194	1040	3368	2407	4576	6251	9239	9712	9880	10719	5702	10440	2482	6265	1486	10693
6611	8179	308	1024	5840	7901	10406	9913
597	11622	14232	10575	14180
3183	707	3557	8218	11307	2311	529	5569	8509	1350	2349	6470	7249	9118	825	856	4993	6140	10290	11006	14636	4694	993	6373	8042	10077	10678	14480	13966	8220	1628	8910	13597	14499	2196	3766	14891	4279	9847	11415	7056
1551	348	5751	5266	8256	9043	5775	11864	14561	6948	597	4509	11586	6545	14700	8920	11437	14913	5528	7678	10482	10484	15901
3963	1818	5792	8057	658	9887	11228	9111	11307	1867	14026	14506	14011	12965	14923	14686	13079	4124	15158	15123	15599
4104	5569	6861	8030	7898	5409	6040	8231
366	10827	12549	14563	6384	13875	14180	14343	5443	8955
6455	3324	4952	275	5558	8839	3122	3809	8778	1250	12798
1219	1469	12806	6542	4764	12243	13914	824	1489	2759	8808	10773	11162
3823	13615	2273	9560	10631	11322
2135	2490	9468	9469	9470	12490	14947	9528	3936	7378
5616	14387	6166	10902	7453	14423	14110
2541	6390	10231	7558	7798
997	3348	4073	6565	13246	838	11692	811	10911	5970	6420	15336	15299
5045	3384	6573	14703	5430
158	4493	11856	687	1926	10354	11051	11928	13515	9756
790	409	12206	701	3144	3283	6682	6364	10186	10027	13689	14806	12249	5291	11187	9754	15244	15658
1351	3660	3818	4526	7076	7441	8607	6301	136	1656	4303	6169	6725	6943	11740	13348	13362	14922	15116
54	12829	12679	13110
3545	3613	14380	10987	10977	10337
6727	9043	11229	135	304	2552
408	6032	5125	6803
6413	9524	13733	12627	4766	2047	11994	964	15832	14706	14952	3267
919	2745	4432	797	6295	12806	13239	14808	10461	14150	15467	15100	15715	15900	15623
2931	680	1267	1358	11307	6230
5636	1819	4437	511	889	2588	64	304	2291	3549	5566	4804	3885	4797	2590	8179	380	1368	12598	12102	12971	6307	2250	13764	7633	13429	10057	10159	15364
1581	5743	6856	2018	323	2041	6991	8789	2853	14079	11623
4618	9994	9546	2490	3186	6255	13977	12861	14096
6542	1887	45	668	7578
6382	2426	6347	1930	856	10061	10063	314	11986	2445	9829	13581	7778	5125	11442	3148	8463	7581	14340	13172	4548	5093	7302	7578	5068
17	11694	12596	13731	12347	11963	12008	14266	14104	11455	13457	15168	15610	13758	11560	15539	15658	15533	11375	16065
2498	2341	2786	11841	11348	12069	894	6906	3812	14291	14731	10461	15069	15104	13648	86	6742	15284	15345	15604
4611	3350	13820	5659	5788	4593	10299	15039	7498	9692
6432	3338	856	3984	5886	788	7530	6301	12623	10989	14104	14807
6441	8917	10036	11680	1924	12752	12279	9163	7751	7063	13623	14106	12456	13666	86	13646	14276	15093	15373	5426	8997	2680	15756	16028
933	10681	11525	9107	7189	12829	9163	12806	13047	14807	11427	15121	15531
3083	8934	14923	15465	15801
6273	7655	5048	11610	11943
3661	4875	5780	11398	3289	3451	4198	5652	11933
3748	336	11634	12917	8793	5170	821	6669
2522	3236	3884	5064	11432	7271	8422	9656	56	1186	2976	3851	3918	4016	4917	9222	9340	1556	5654	6630	805	8223	9380	825
2655	8372	4838	2605	3941	4530	5069	11215	14077	9073	2181	10467
5026	112	1059	2086	3327	4244	3665	4730	5863	3000	4983	6197	9490	13764	8935	14923	8953
317	995	11313	1642	13966
2696	6229	409	825	10364
4309	250	627	2743	6064	5216	6811	2991	1954	6278	181	7634	3065	8821	13132
6904	7404	1186	6108	7651	11639
2408	3082	13321	13108	14808	14806
5186	2177	6032	9412	339
3427	1219	1796	6897	2357	2680	3374	3954	343	3229	3480	7715	1066	2490	3259	5906
5768	2533	3953	2838	6137	6830	9048	5855	9153	15494	15318	2773	14964	5509	6899	10378	11794	14860	14843	2706	7339	1956
4281	1243	2314	1079	2234	6130	529
2830	1294	1358	964	1469	9997	1563	13788	7130	12875
5538	3007	1475	7553	7271	3545	2742	1724	7701
1630	8306	9516	9991	9934	7859	6337	2249	10799	7131	6385	2770	11873	10947	7536	12730	12129	5165	12695	13552	14390	9484	3289	11805	2934	6043	3879	15228	15309	8764	12456	15676	15448
3810	13511	3282	11250	101	580
2006	1821	355	1068	1642	3499	8896	1766	2163	11042	11887	12310	4443	10353	481	484	3938	6779	13733	8324
5637	6662	7900	10857	10079	825
3954	7701	9991	11180	7673	5977	1513	10349	5649	5078	662
6204	768	885	1098	3082	7194	9763	10450	12829	12351	12899	13429	12806
1286	2706	11137	9072	7437
1076	5186	1564	10159	11885	11781	10257	13089	14480	14329	6824	14661	15175	15836
766	3420	7452	3756	8919
4791	6083	11180	11691	12493	12856	64	4061	8923	13067	13463
3118	3071	11938	10296	15044
2003	424	2496	8179	10457	12072	9872	14487	12599	10575	14435	10532	14614	14707	15723	14728	15539	15446
3244	475	2655	1975
4040	3647	3617	4998	498	5843	189	1184	496	5110	2552	1174	2772	1179	1390	5144	2726	347	219	1661	3118	11034
3981	2098	2424	6383
1739	7875	7175	13892	193	378	8934	9790	7892	1669	8236	12366	1604	5674	14641	6997	1326	4097	323	2912	11334	14132	3391
2980	3819	10782	9252	3395	5555	7189	11778	7639
6150	1734	1897	6549	593	2041	2490	339
5724	5489	11722	15927
1732	6810	9958	444	11103	984	3628	1221	1334	5409	7926	12233	9927	13320	5681
4288	11438	12358	12670	12902	14329	14923	15391	15354	16078	13272
5262	492	649	784	9338	481	882	812	289	1880	2532	3043	2742	3007	1224	1845	6858	3332	5422	52	10768	13097	10057	14563	13034	14769	15228	15412	15204	15222	15690	10015	15998
149	3384	6973	3556	1947	9891	10946	1743	6008	11883	12076
3710	4298	785	10727
3952	862	3418	3807	2958	2331	2330	637	9194	6252	259	3077	7458	2215	1446	8659	5913	7446	5773
1834	12802	12470	12437	11622	11629	12304	9718	9677	5982	13448	10973	13500	14127	13738	15121	14064	9543	15075	15077	2254	8148	15444
5255	2770	3072	8193	8795	9288	3510	11144	4992
1564	10513	4582	12440	14806	15093	15416	9671	15158	15123	5947	15895	15531	15927	15999	12957	16146
2122	12843	15610	8175
4002	3269	5871	9190
3880	12917	7117	14970	308	11432	12301
613	7893	6901	9088	9111
6266	11770	11209	766	10860	13273
5959	7196	6767	10741	7198
4759	9100	11280	12786	11885	13551	10163	14480	4582	14973	15077
5873	2920	383	3881	11301	12429	10820	12829	13119	14563	12454
4673	5343	4440	3043	2796	6019	1471	6208	2255	8053	2055	9167	11877	13846	12038	10901	13296
6968	3228	8081	4635	341	11017	7451
6737	962	5254	3112	6012	14769
3492	10	874	1404	2636	4892	9338	9078	9410	1969	9163	9317
3721	11736	2906
7111	11323	9453	12431	1540	12850	12211	13621	10737	1926	8788	12690	14655	5009	14952	870	5699	6810	397	12418	14252	14928	12159	13964	13966	9023	14695	14901	11142	4076
6934	3968	13319
3871	2244	1753	2330	5419	6878	10290	7184
6573	9098	10739	6624	10450	538	10865	8544	11595	12598	11914	12751	310	1601	4303	9163	7585	10165	10297	3316	6811	13780	14165	14509	10461	11975	8764	15484	3312	6154	15894	16018	15082
4650	286	316	740	989	494	22	6367	5632	4734	5925	2601	7386
1875	4471	341	4074	4632	6728	11511	1464
2123	4825	5115	828	1918	2005	164	14405	5576	5780	1020	3215	9903	219	2958	6094	7468	9616	10601	4826	3280	6472	3721	7548	10313	11133	10074	1151
378	11533	8957	4100	13991	2217	5111	6401	9604	3212	942	2353
1582	10337	4551	11969	13945	6330	11639
3187	1719	5973	11957	1956	5234	3694
6940	2217	5945	6831	6064	3938	8878	321	5573	11423	8469	10406	7042	9304
6951	885	736	1292	1833	3361	5433	3224	4193	2628	856	3236	12642	5190	5678	7635	13693	16138	1509
5180	8225	10565	10225	12541	13875	8771
1507	13731	13119	14510	14507	10667	15578	15388	15619	10557	15688	15887	11015	15927	9172
3446	7723	6062	7722	6747	15516	13270	450	7433	14950	5155	6086	9712
4116	4903	887	3364	3222	6784	8159	1862	986	1174	5684	7697	5144	56	3793	7434	7111	7109	3980	1926	6057	10038	6005
5890	4760	11009	3737	11586	9243	5811
2997	12829	15093	15629	15800	15999
3080	1481	1383	1759	6834	408	7047	8985	3696	6472	7852	14192	2386
5643	12104	12338	3051	8957
4098	10	2218	1187	3363	11346	12495	12325	13119	13689	166	13004
6755	852	3891
6627	12927	13728	12657	13500	13108	13244	13875	13274	86	12825	15228	10659	11516	2680	2353	15706	16145	14249
3495	10983	13551	14266	14655	14240	13623	7024	15060	15075	13920	10730	13568	14728	9172	16028
6543	5370	11975	14682	14575	14707	13145	2680
3457	10159	904	10469	2812	13666
6214	8038	10679	9085	9086	3465	3940	9702	11724	12927	9804	13551	10698	12008	9116	6329	13731	7169	13238	13500	12944	14343	14897	15324	4074	15478
4707	11307	7551	10698	985	10693	302
784	1409	12297	8261	9005	1520	10120	1642	3767	5048	2021	1099	5913	11441	13032	10384
2318	11729	11885	13679	14026	13817	14326
5590	8346	5480	9370	1911
4559	6788	7193	11579	9874	12033	14218	11439	13034	13790	14783	8426	15222	15870	15872	9987
2562	4062	3487
743	9938	12036	302	4939	14380
2763	3044	3682	12598	12069	5691
636	1273	1956	741	613	573	1107	5741	9642	8522	551	2101	9515	1767	856	857
3957	1080	2490	4748	3259	2967	2478	2479	2477	4422	3946	11251	6852	10372	13578
6140	76	1387	2911	4291	3886	8207	7914	7912	11603	4794	13896	14981	15077	15658	13816
2878	568	2394	4440	770
2703	6615	3216	120	3505
5601	3179	14171	8607	9338	14094	11527	2041	4525	14020	8961	1821	7481
1952	8483	9350	12623	672	7232	11726	14039	15111	2773	6405	7351	13419	13984
6617	61	627	249	13875	10575	12185
4524	2726	6620	7193	7096	4724
4004	2601	6162	116	2211	3464	8734	3590	5880	2701	12076	6552	1027	3517	3916
3319	10352	12829	3634	4535	5685	3628	5687	5916
1778	1576	4055	4057	9441	10296	14361
5842	258	268	944	1409	1498	2292	3044
4413	9100	9444	9107	11978	12769	13764	13047	12339
5339	7174	9637	10650	10550	10913	10854	10834	12588	13764	12657	13342	11805	14807	15075	15335	15050
6646	1541	7434	5856	6669	11005	6440	14139	654	14366	1530
1438	5368	3712	12429	13015	8065	2712	14959
353	2368	314	2939	543	8509	7271
5572	112	11841	7189	12806	14291	14330	14854	13274	15041	15002	15004	15093	15284	14906	15600	15345	15443
287	8882	10	258	185	316	568	1769	2093	1863	44	712	1908	219	3287	127	302	708	3855	3859	714	259	3857	4016	1819	2814	2815	6811	3812	14510	14854	7072	86	14029	6078	15093	15579	15823
962	7347	10966	10163	14165	14507	14557	6441	15362	15326	15335	15433	14656	15363	14961	16064
6234	9969	10627	6192
5714	6976	10328	302	13493	7530	13755	6092	7287
3470	94	2346	1532	10750	9080
2916	304	1786	797	184	498	3413	3304	1737	320	9092	14794	13004	12825
4795	453	6439	838	7127	8996	8271	3324	10232
2532	9949	831	9075	342	6016	4736	10955	13811	10061	14099	1563	6767	6399	8607	10291	13295	3966	15642	1327
6629	10550	11841	13217	10511
6502	9830	8517	12330	13353	14193	10027	12806	14440	14106	13274	13457	15373	14935	15444	15900	14929	16184	16097	16223
5079	4717	11186	10394	5495	11571	13966	10942	12220	11267	2690
6809	2338	3496	4423	7598	6071	5608	7630	875	1122
3423	3828	1318
1547	5114	6848	5237	5238	9645	4016	7627	9532	9644	9912	6951
2518	1061	3606	5030	14808	9712	3465	5569	219	5615	8214	2999	14575	8336	569	341	248	15345	1819	15927	14815	8471	16092
4001	1537	11835
5158	2133	6691	3552	8540	9024	9025	10340	14494	993	5172	5633	7809
1557	4796	3639	63	5413	6629	8212	5857	9677	11574	10164	4775	10163	13500	8076	11975	2197	15718	8448
5801	1445	656	5367
1707	12793	4990	10369	13253	6311	8120	10117	13363	13405	2359	10079	11459	9305	9338	10989	11191	13468	14461	5605	1174	2299	8143	15011	10504	15162	36	80	5289	11576
2078	6811	5976	13720
6769	1004	3322	8376	13651	2786	11155	1596	14983
5108	5514	1716	341	3275	2601	3670	5624	5926	6645	1775	8262	1199	4792	6542	8194	10670	6889	8872	370	1287	5319	2125	2241	5044	6316
798	15270	15384	15385	9790	15727	15848	15807	15809	15530	15370	9422	15681	15472	15564	15952	15339	5637	15944	16068	15891	15960	14681	15954	16020	15983	15914	15916	16172	16192	15915
5270	194	4196	8393	4440	4663
890	1031	8933	7916	7919	2608	6891	7435	53	9202	7092	5560	3656	9976	10126	12749	12598	1897	9748	2157	8484	13070	13906	12806	14257	14240	14769	15467	13271	14394	15530	4577	11803	15954	14212	16044	16065	15702	6532
801	7270	5491	11829	12829	6452	14232	14226	13719	1769	12940	15335
6290	9122	1149	1151	1663	6292	7941	1662	2284	2486	11753	12757
3862	4026	8636	3988	16	8789	6906
4597	1692	6355	12330	13211	12637	12535	11157	14329	11776	9437	15363	15878
5175	5621	12752	11280	3393	9783	12806	13738	14423	86	13648	15364
3110	2152	253	6364	289	5925	75	9763	9339	10164	9163	12829	13450	10163	12437	12098	4627	14652	13720	86	15364	14149	15403	15123	15610	15676	15605	15365	15997	16104	15971	16030	6293	16022	16024
3856	9700	2628	1137	8279	8365
1467	301	3181	3882	703	3254	5117	6409	6805	11846	10966	12806	7239	13731	14219	14240	2989	14007
4164	7195	6255	14210	13721
2075	11767	5505	1578	2163	4079	8846
6302	4058	2974	14783	12214	1289	11581	1867	7854	15362	8538	8703
866	314	6552	11912	835	4979	3626
1828	579	2681	48	3057	4309
4602	13297	13967	302	2041
5280	3143	4728	1998	601	917	2531	1347	3415	8644	7720	4560	10614	13885	6092
7003	9855	10854	10851	7
6185	7616	15659	9369	12353	8093	15644	10451	9533
1968	4782	10507	7954	10459	14081
2131	3948	9849	1430	1212	3844	2372	5449	1107	3556	6314	11325	13234	7922	6666	2836	4005	3164	3325	12690	15579
1162	4082	3141	15768	14229	15826	15856	15694	11307	15098	15863	13039	11228	15200	11255	16076	16077	15454	10814	15116	15377	16171
5425	500	954	1478	14906	15895
1670	3556	1085	9524	9011	45	1176	2368	6873	8372	15500	15673	15936
6287	839	6338	12279	12750	9831	12068	13815
5073	2023	1049	2072	6993	8933	12769	12697	13684	13119	14487	13307
4376	4615	7492	12069	13119
231	12789	6445	9776	15006	7224	8162	15245	15268	2631	11428	304	6192
1053	8092	13543	3687	11256	1840
1146	7138	11036	7072	14515	15530	15887	15748	16045
6738	1729	8837	5491	11083	11574	1503	1617	4058	5691	14259	11354	14103	14564	14506	14693	13729	14724	14806	15044	10513	15334	2669	15533	15532	15954	14000
2847	3858	1646	10979	4039	9664	1988
4822	11843	14330	11427	14515
2076	6154	5976	2284	5964	2457	9518	6108	7315	6880
5787	212	1174	1879	3058	9828	10461	10575	13457	15800
6734	4607	7067	12069	8097	11626	7066	12806	13689	15927
4873	10762	11021	130	266	6613
4107	4505	1766	10560	6963	1240	1913	12637	977	13963	11427	13600	10575	5116	15364	15473	13555	15868	15734	15563	14000	15885
5930	13119	14242	12450	13239	86	15551	15600	9286	14960	8789	9501	13241	443	4228	12095	15900	8957
5923	9338	500	1167	9304
5945	308	7065	11434
7100	1018	1294	7988	10000
2264	2127	2245	11726	1740	3578	8887	12803	14405	14740
6050	6340	6874	2330	3404	966	5391
6547	2435	2741	7236
993	12219	8042	12408	8951	12901	554	13097	14492	12673
134	10079	5472	8056	8410	10625	3863
1098	9991	4764	5125	7346
2133	6440	13239	6441	13738	14165
5722	12223	378	553	8562	10348	13680	10349	1344	2010	3237	10340	10154	8257	9215	12151	7827	11313	1416	3303	5699	13966	5587	15004	2208	6108	10056	57	3857	12860
6606	7967	11114	738	2150
4457	253	10061	13741	4844	12681	12846	4523	8702	8896	13964	14711
3916	9693	6153	14090	14504	14329	197	15473	9286
504	173	7088	10201	14704	5420
1380	7214	13644	9135	14733	10883
5609	1184	8463	12040
3013	12533	13445	15889
2239	2626	11841	12769	13445	14724	6742	15326	15444	15801	15117	14815	16039
1492	3847	530	8083	5446
1599	10461	593	14923	7109	5111	7110	10826	12832	10825	9606	913	8957	7248	13607	5530	6388	10824	13563	15894	15895	2786	9027	15087
6876	10	10799	10734	9738	11885	11843	12829	14218	12902	14192	12643	13738	14900	14940	15077	15472	15626	15658	15676	9626	15365	15954
1788	8318	3667	7585
3561	3903	3971	4618	5486	6680	6771	3457	9255	308	12605	4240	9406
2379	4404	1693	5370	12019	365	2727	5868	11540	16161
4276	10290	4618	3547	3548
2036	1975	1939	4303	7502	7794	12986	335	5083	5319	8683	443	1849	1978	14085	3628	927	3287	7762	9877	10290	5818	5862	6140	9847	10454	10768
5237	2971	3438	13764	13731	13683	10057	13186	14564	4582	6839	11427	10460	12339	14270	292	3609	3828	7739	15997	566
2369	9368	13313
2770	830	10302	13257	9799	8962	8609	9399	7627
2661	5850	15281	15228	14007	15446
1693	868	3064	8008	7727	9338	12642	9874	6051	13057	6810	10813	14896
2813	7189	7571	13765	8440	13738	10460	10461	10511	15603	15446
6244	13047	15075	11245	7672	15384
3663	33	47	52	53	76	332	651	249	2451	2723	2603	314	4269	7778	2386	4440	9059	5576	4065
5379	7534	1319	1637	6078	6888	6899	7453	13082
1269	8271	7434	2490	8490	2395	10116	3041	10801	3153	12927	14467	8819	7885	11935
3841	8225	1924	3656	9874	9967	12934	10163	13047	15037	12551	15599	15564	15594	13568	15714	15804
5295	6943	287	3306	1892	12737	4121	5388
2214	4347	1657	13227	8102	9802	11096	14674	14898	10441
4897	11576	13318	13260	3187	11714	15427	14990	4151	10302	10721	14359	9467	10601	1520	7072	14741
3160	1059	839	10851	12829	13682
5020	8360	86	3687	6764	3283	10016	11258	1789	10505	7558
5699	9654	10786	53
1790	4353	3384	6173	10993
1570	10036	11234	13738	10513	10460	13721
6602	10782	9782	129	176	230	1969	2032	2615	2773	7204	7986	11666	12188	13117	15421	5926	5969	9093	10551	13273
6831	8225	11885	12102	10905	13721	15495
1858	2880	7826	4893	2628	5531	4228	1167	5472	5899	8547	2389	4469	1966	3982	7228	593	7892	3000
1965	10901	8578	4988
4534	11723	11280	11354	12753	12034	12325	12324	13780	12739	10836	10657	14806	14466	15391	15077	15434	15800	16096
3158	11428	11134
3578	9100	593	10247	9013	7892	7228	12596	10782	14266	12941	86	14614	15465	14404	14851	15064	8985	15735	15723	14120	15748	15437	15880	15302	15702	9495
5249	4587	5783	9644	5614	3710	10280	11551	12229	3392	11292	14081	1555	10408	3480	6363	8669	8687	10453	12714	14973	5502	8080	2386	10317	3226
6294	4758	1294	2050	9086	10640	5831	6987	1516	7169	10706	6456	75	3972	8426	1258	3802	3806	5935	9357	10994	12698	13603
5675	12349	12704	12450	10905	13274	14404
7044	8503	13595	9812	13447	14581
6472	4110	2341	1503	11789	10258	9020	12977	12287	11681	12769	11457	13445	12611	14328	4582	13274	14488	15158	15387	14834	15366	15804	14976
3173	4875	9057	9903	12337	8689
6438	5128	12145	13840	12821	15173	15362	15158	14592	3348	8997	9578	15690	15836	15697	15835	16007	7020
4612	6208	6619	5313	4808	5848
3799	8898	10966	9163	12967	13815	12806	14210	14423	10513	14105	13875
3186	15455	13899	15107	10815	15654	16191	15377	15703	11307	16011	15962	16008
26	3654	13712	14241	13119	6722	14327	14508	8122	12249	15158	14857
6286	729	14940	11506	1211	11426
5291	433	4281	4888	12907
5852	13361	14695	8157	4700	1054	14403	4387	7478	798	1458	5777	6025	6829	9236	10020	11565	11939	11989	13455	2770	9442	3186
6026	5849	10256	10258	14414
7093	9976	11382	12829	86	15465	15801	16000	9626	15997
7079	7049	13807
5697	11349	7224	12927	13264	14194	14509	7400	13954	15689	15782
3095	825	2147	6707	10116	12987	10486	3361
3096	13273	13691	14472	14807	86	15228	15284
2292	3661	5736	353	83	1459	12829	12033	5492	12149	14294	14387	11752	8935	12657	6441	11975	4256	13720	13646	14276	15093	9457	13551	15718	9271	13501	12868	13940	16028	8698	16127
5214	4551	8445	9037	9835	12038
7041	12829	2293	11681	13684	12373	14219	14440	13727	12965	15244	15432	15497	15894	15895	15637	16018	15815	16092
7008	7228	3006	3219	8074	10709	471	1563	1167	361	1140	3487	13057
2835	4867	10293	12411	1841	12264	1831	3616	12464	14366	1803	11907	12328	1165	3808	11444	6388	6145	4498	4866
930	11881	8008	14350	7549	11150	16250	10746
1801	3510	4093	1214	4801	8628	7520	7548	186	1705	3384	5397	9798	11896	6810
1536	1614	5318	9640	2998	268	4618	12262	6526	12679	2490	14218	12643
171	110	491	6364	681
145	1928	872	5906	2750
5233	12864	647	7103	8274	14351	9748	1323	7233	7432	2472	4124
6564	4524	6070	11459	9540	3112	5747	328	10249	13080	64	8607
373	11594	13053	13265	9700	6055
6864	9643	11020	13697	14102	14248	14737	5845	8669	6331	7235	8148	308	511	1294	1299	10625
5296	12456	2211	4736	452	12346	13932	11975	13274	15094	13648
783	1928	810	426	681	2252	1821	2596	10946	11525	7293	12429	10430	13731	10835	14503	14291	4582	13080	2284	14180	15075	14497	11950	15385	15443	8117	15091	15777	15637	14976	15965	16147	8921
2315	5661	2705	5542	7458	6905	1704	7309	14753	3874	1947	2090	4262	4331	7127	7558	10490	14133	14501	14858	4687	9850	13234	1181	14218	12445
6496	13592	11305	7516	15468	15289	15286
5924	9969	10224	11930	13264	4582	10532	14808	9182	15159	15662	10080	15772
5022	4207	12194	5633	6023	9453	9457	11514
4565	359	4955	5471	4504	7514	12104	6439	14703	6877	7629	5614
779	2371	10039	5498	11418
6560	4390	3383	4736	54	7042	3032	10079	7602	10580	9501
5335	5112	1212	11427	1789	15059	13231	15715	15777
4841	2065	1469	12644	10953	5360	6118	11546	12448	1361	3552	2263	11821	8315	15697	3858	11108	1838
7013	1747	6021	5049
6443	3198	3673	7231	9967	10225	12347	12196	12590	8395	13623	14973	14593
3383	1186	4567	4587	6810	6910	8129	10122	1224	3473	4011	6939	7238	7892	7982	9300	11039	11818	12946	2341	11307	4442	1355	1565	3896	4189	6465	310	542	668	3808	5709	6033	8930	12211	53	667	6728	6848	7339	2477	3000	10372
2269	672	945	13184	13264	13288	6440	14006	12135	9064
2772	308	1517	4323	14955	5075	12708
4217	1765	4934	8423	9640	9587	6441	11385	2177	3221	5786	6342	6950	8286
2548	8431	9870	6938
2436	1802	3407	974	5348	5505	945	2332	3289	2349	5652	4387	187	189	701	2100	5625	8332	1610	7666	11525	7359	13815	13817	13004	11975	13457	13062	15016
7113	171	130	311	668	2041	1516	1204	1749	1918	2156	3205	5701	4228	3913	8268	2667	5754	8795	9931	4283	6059
4936	7785	6975	12927	10905	14106	11805	7072	13720	86	13073	15043	15191	15347	15662	14983	15363	14007	15367	14212	15605	14976	15925	15521	15579	16154	14000	15885	15569
5680	1205	9772	10334	12188	4549	8926	3425	3426	13174	647	955	5533	7177	13749	13751
6731	11884	10216	10989
6527	15037	15123	15688	15446
3251	3426	12565	5678	14104	15341	12079	4893	9642	11790	345	14186	7432	13891	15736	6963	13443	395	314
4908	7547	6208	1629	7164	10657	11122
1389	287	681	4993	9317
4909	6221	4910	6626	8013	11036	1983	6399	2016
2811	68	9225	10199	10563	9546
1252	61	3913	940
1811	327	571	573	6811
2832	3929	981
3411	1170	1326	5625	6003	8257	7624
4301	281	2557	4653	8422	11729	5999	5301	13959	11489	13141	10678	11727	12791	5278	8612	12173	4642	12468
3728	2574	7113	7419	8461	6399	5634	10832	1254	1191	1195	7183	7514	8066	9036	9271	2092	9803	281	2152	10190	12628	12614
1730	6535	1151	7777	10744	4250	1804	1805	364	12476	12374	13807	13603	15167	3858	13553	9338
4078	656	5107	2492	2726	7130	7613	2491
1841	10308	11466	246	10	1173
2359	7530	1765	12479	11419	2840	8747	13496
5889	10258	12959	14258	7124	14685	15093	14906	15443	3266	15658	15854	15626	15579
6039	4224	4225	4227	5495	2316	6684	6966	1344	5843	3953	10903	7559	12899	3696	3465	12875
3210	3815	8575	406	2341	6400	10117	2576	4599	5973
2606	11963	6834	531	831	7063	8558	11088	12771
989	7553	4736	8263	7500	2175	3454	7270	11286	9129
6760	11843	11814	6441
