1778	6228	8553	9860
2733	553	3538	2237	5018
3566	9590	9253	2784	7790	5440	6674	9548	7479	9869	8315	9941	10029	9995	10041	10156	10196	10157	10161	10079	10061	10280
2198	4921	4011	8835	774	9456	9485	9483	5084	9692	9549	8315	5085	9418	3631	5086	10138	10131	10010	10221	10237	10252	9954	8264	9714	8174
2785	5715	3455	4538	9303	9306	9307	8251	7790	8965	9632
3678	569	1324	1968	3856	3886	4503	5788	8277
2211	259	1800	7134	7045
3861	1425	3198	3475
2814	2508	143	3393	895	4074	7011	5533	226	3774	3961	9348	9737
1916	2401	5862	7362
461	3188	3224	4742	7486	3647	1556	2102
4306	3078	10037	9954	10338	9996	10057
1142	225	2802	3916	5062	6651	5861	977	2372	2813	2721	2771	3219	7983	3708	9880	585
1511	1173	8639	9139	9401	9505	9480	9174	9175
3337	3379	3268	2756	5935	2522	5883	1836	882	2730	3245	4503	887	1636	5991
1958	2448	2481	4698	9407	9571	9854
548	8637	8835	4368	9116	9483	6057	7717	9735	9706	9971	10261
2533	2673	7976	9280
791	3597	682	4571	6529	7522	5088	3608
3910	3997	1398	701	5543	5880	8029	8833	5675	9109	2787	4502	8391	8392	2788	2785	8254	8256	9590	9410	9633	10151	10102	10215	10317
1215	5318	5260	6122	1016	6642	1356	5720	4233	5891	980	5694	6587	116	7711	3896	5628	222	2937	6024	5941	7433	4492	6527	4108	2842	7038	6286	7157	8489	9660	3338	3507	1685	2084	8492	1502	953	3058	1863
1877	1483	1051	3271	7651	6611	79	1228	2180	2954	6024	7005	7101	7515	4829	3507	71	5265	1514	3089	8331	8579	4188
775	456	1367	832	1419	3440	3435	1393	2822	2939	1674	8637	8549	1970	971	8545	6958	9174	9867	9629	10041	10119	10133	9992	10305	9990
907	3107	2626	5882	3415	1860	2492
2102	3805	7909	971	7993	9392	9053	9276	9391	9393	9395	9397	9398	9315	1641	5551	8082	9292	9405	9409	9411	3796	3798	3808	9446	9477	8252	9313	9394	9253	9463	9485	9484	9436	9175	9868
2816	5058	3980	6658	8478	9873
491	5463	3433	5800	3253	3008	3579	9532	7930	5200
3001	526	2696
47	3676	7479	2469	5604	4686	908	5654	6851	4438	5357	2266
3913	1176	4004	476	362	404	851	1121	2121	2708
219	4740	7125	424	1358
942	6536	4232	5457	8337	2411	9468
3359	7889	5197	1254	8979	9222	5463
1189	569	640	6563	8598
423	7453	7906	8194	8029	9123	7993	9053	9389	9387	9029	10135	10145	9750	10132	10139
2947	8168	8594	9055	9647	5252	6949	59
2681	3446	8549	9392
3545	2932	7534	3863	4287
4107	795	3740	6353	3538	4037	7461	3489	2408	9760
2356	4737	3150	3276	3402	9805	2799	7062	8936	8175	8176
3399	7980	8647	8391	8460
3655	2270	2406	4974	7036	7051	8562	6752	1528	8726	1521	1360	3824	707	9711
2402	2495	7288	607	2583	3396	4519
2240	2448	3904	3923	3997	4134	4699	4698	5774	4011	8027	8650	8250	7790	8668	9630	9745
1638	4492	5047	779	4316	1733	3571	6816	1025	3119	3300	313	7600	6235	4696	5429	9388	559	9009	9404	9482	4539	9409	9437	9310	7789	9029	9536	9387	9389	6719	9869	9870	4463	10130	7306	6228
758	2102	750	1303	8197	2001	2012	1590
2659	9000	2504	2505	9521
3838	5675	9483	5551	9453	9590	8989	4540	9174	8687	9941	2017	10129	10136	10141	10142	1427	10168	10147	10143	10144	10157	10173	10156
174	6083	3808	9314	9390	9302	10002
2021	8614	10235	9221
2184	8029	9184	9189	3795	8250	9590	10173	10084	10006
115	9292	9315	1009
3991	7333	4011	8639	9139	5675	3805	8989	971	2785	2788	8391	8392	8394	9406	9537	9479	9481	9444	4540	9411	9188	10091	10170	10214	10231	10252
2074	10141	8184	10136	10143	9993	8324	10075	9827	10190	10215	10087	10233	10155	8763	10149	10148	10218	10061	10308	8636	8096	10037	10238	10079	10133	9950	10089	10217	9912	9951	9999	6884	10364	10293	7078	10196	10283
3711	35	476	4064	5168	5531	7664
3297	5086	9174	5084	9175	7789	8901	4626	9627	9855	10091	10166	10150	9939	9750	10146	10139	10143	10144	8184	10092	10137	10129	10147	10169	10155	10331
1803	119	4723	478	5715	5660	2970	6312	6757
3827	189	3604	3840	4696	5008	6227	7106	7546	7934	8137	4510	6946
2626	3191	4876	7254	8300	8926
2454	6105	8647	8614	8639	8642	7605	8650	2072	9138	3808	971	2786	8392	9309	7907	9308	9316	4328	5511	5246	9490	9868	10002	10156	10128	4520	9971	10164	157
1610	7375	9868	7095	7175	9987	9988
1064	9884	9933	10199	10203	10285	10330	9766	9867	10001	10114	10271	10272	10299	10302	10314	10315	10355	10359	10377	9781	10082	10353	10362	10361	10060
3164	3776	7711
919	1756	3999	4245	2233	5959	8638	9305	9374	9446	1922	9501
1913	6671	5757	5595	6717	5465	165
4016	2146	304	7077	2392
3371	4924	5513	293	9326	8096	7870	7125	2206	3276	5091	6810	7869	446	9714
1652	157	8965	2059	2346
4197	6624	4844	6757	7906	5870	8638	8643	8460	2278	9336	9711	9741	10144	701	10232
3365	6596	2848	2048	5736
182	9407	9391	9305	9308	9401	3807	9313	9402	9453	9455	9477	9482	9481	9561	3970	8086	9530	5141	5984	10010	7083	9369	10202
3471	5996	4582	440
1073	196	3358	3557
2150	3509	4958	4713	294	5103	2050	3195	4226	2930	2926	2609	7278	5215	2055	6200	5255	781	3358	304	7357	585
897	351	1415	279	554	186	1408	1306	352	5844
2619	3464	529
217	6083	7600	7970	9799
1384	4242	4243	9410	9842
2522	442	441	3382	3999	4244	4767	674	6083	7479	8249	9388
4030	9023	7693	5694	495	1810	409	5161	5168	4441	2813	5579
1129	7907	7911	7913	9305	9307	3796	9453	9454	3798	9455	4428	9029	9174	7672	10075	10164	10218
4094	4809	3511	2945
1270	4767	3910	5675	2788	7913	9398	9391	9313	9397
3866	1265	589	810	811	682	4720	992	5959	6227	6228	6582	7234	8641	8222	1842	9392	8251	9053	9029	9480	3970	8657	9632	9633	10155
3549	5262	7488	8740	8741	6758	3773	4354	6766	9197
3040	1398	1369	4023	2448	4245	9454	9456
1721	232	768	5062	9452
581	7198	8100	352	3951	4647	4768
4276	3850	3628	8965	4962	1366
1964	5339	3555	7125	7602	9083	6163	9018	9356	2053	7782	9079	9329	9839	9865	3277	4082
3273	6388	9535	9538	2109	9855	9810	9330	10149	10152	8183	10091	10092	10143	10144	10147	8181	8182	9750	9939	10135	10139	8184	10142	10168	10141	10145	10137	10169	10136	10146	10140	10038	10148	10155	10232	10075	10218	10214	10233
1931	5263	3287	8547	7605	8151
2183	6083	8029	8548	8554	8643	8737	8833	9336	9482	9692
3523	3947	4933	936	8328	4869	886	6978	8540	9921	6464	305
2772	8483	8856	10141
3781	4368	2724	2728	6941	4670	6908	4878	7062	3370	5955	7004	5512	7755	7162	2813
1260	2315	4470	5580	9250
2160	3997	4145	4146	8082	8253
3996	1808	4285
3942	4406	4261	6226	6757	1786	5870	7488	408	5907	531	2072	218	8638	8639	8649	8646	8647	3795	9388	9389	5984	9941	9629	10077
2345	9810	7767	10143	10144	8184	10135	10169	9750	8182	9939	10136	10140	10142	10181	10092	10147	9827	10131	10075	10155	10149	10148	10233	10086	10214	10191	10085	10218	10087	10306
2538	6959	6228	6582	9409
3091	7234	8107	8029	8642	8650	8547	9292	9482	9629	10107	10191
1408	420	747	6165	6343	2523	2976	6075	6449	7033	2698	3057	4300	4464	7194	7195	7811	6065	2977	6064	6066	6068	8759	2911	6076	418	7825	8698	8985	6984
1890	4018	9475	8586	2494
1628	938	1398	4767	5297	5880
1120	7583	8982	9005
3665	10141	10129	10142	10145	10147	10134	10140	10132	8181	8182	10137	10136	10144	650	8184	9750	10135	9827	10233	10218	10283
2491	4502	3972	9241	8394	2786	8460	9124	9308	9398	9393	9309	9401	9402	1262	9482	9313	9394	9404	9314	9446	9537	9387	9389	9536	5087	9799	6188	9538	9539	9381	5424	9854	10037	10091	9221	10086
3518	4404	6103	4708
1316	5297	6758	2828	9241	9404	9482	9536	9629	9860	8255
1050	1364	1476	1599	5715
2899	8172	8375	7629	8096	8174	8282	9027
220	8640	8645	3673	6136
2964	138	46	1544	6039	9403	5584
533	5291	5931	3353	6263	7535	5101
4420	5450	5961	9436	123
3199	10148	10149	9825	10188	10054	10056
1918	5277	5644	4801
7	900	1653	1654	3222	339
1998	3416	3240	7421	8835	9418	9221	10167
2034	3869	2476	2448	1989	3638	3382	3741	4241	233	4720	4243
67	8641	8646	8614	8647	8027
3138	8164	6967
478	609	5297	6111	6228	8496	8027	8657
39	7875	791	1502	5068	5028	7346	8285
1950	521	1017	7777
3579	4017	5044	7700	791	1647	6416	176	889	1928	6531	4501	5391	3427	6361	51	52	3809	5572	345	6401	57	2402	9258	2682	589	2770	7777	7885	632	803	1248	4100	5446	6554	6610	7505	7884	7961	8363	290	2082
596	9401	9314	9292	9394	9253	9484	10147	10140	10141	9827	10148
338	7139	8155	9657	6070	5143	8088	7146	6063	7194
595	251	4387	1013	1303
1364	4155	4039	4719	7759	7786	4694	4817	167	8609	9
3104	1719	3640	4023	4244	8029	8641	8644	3239	9138	9200	9485	4539	9292	9393	9395	3970	9429	9692	9634	10046	10132	6718	9847
1779	5223	5262	3767	2996	3846	7102	7731	8252	8650
3126	2613	1282	3439	1152	509	1181	9171	1291	1150	6278	2681	7409
3133	6763	8549	8460	9629	10119
645	471	3818	3843	9237	2601	4993	5775	7713	5300	5574	7340	8897	2937	1643	4326
3593	847	1911	9311	9292
3649	3025	5034
3636	5959	5962	8403	9307	7913	9404	9418
3157	4245	4242	4244	5411	5450	5880	4011	8027	9175	4757
3244	2306	675	2016	216	1540	9525	2942	5643
2655	687	5183	1842	4388	69	6506
689	5707	6226	6464	7142	7908	6758	8175	6228	8496	9312	9398	9649	9842	9572
3433	3474	1418	5895	3620	7400	8729	8442	4217
4054	2476	4134	4698	8151	9188
368	2438	2476	2565	1600	1475	3638	4134	900	4354	2233	4698	5774	6228	8063	8195	5675	8890	9185	9485	9590
549	5623	2429	4859
2015	2928	4767	1323	234	6762	6728	1928	5729	1786	6899	7605
4465	9314	9315	10156	10196	10283	10350	10352
2554	9029	9174	9175	9302	8182	10091	9750	10181	10075	10168	9827	10215	9907	10084	9797	9820
155	3790	5139	25	3285	5457	122	4556
2488	6275	2955	2208	1589	251	352	2742
2117	5959	5962	7234	9374	2828	9390
2610	6145	486	1549	1883
413	3718	3640	4245	4241	3807	9313	9316	9394	9397	1262	10148	10150	10152
3974	525	6905	8546	8548	8253	3807	9483	8917	9397	9437
664	2796	4964	2780	4876	5250	2160	671	9134	3729
3559	685	1571	2146	5164	6087	3050	4131	4619
330	8639	8647	3795	9480	10151
1325	1256	6684	4643	3717	6756
546	8531	7253	7266	2372	4033	7469	9439	8263	1546
1915	8647	9190	9389	9847	10220	10221	10173
3646	2476	4722	4723
4119	7371	8648	7970	7239	9125	9200	2787	9184	9388	8083	8256	8394	9292	9313	9389	9189	9437	9187	9484	8876	10046	10106	10140	10169	10144	10220	10202	10214
740	6213	6118	6652	4972	2392	2971	685	7463	3426	7119	3139	7986	8662
242	2386	2387	3801	6083	8027	5551	9336
216	2481	2830	3446	3382	4155	4168	4723	5961	5962
339	2344	6400	9062	3403	4837	3455	9867	2998	1674	8788
1883	4555	4934	2205	5091	6508
1086	147	3401	9006	2813	9001	525	7215
3237	1600	2281	3640	4245	4157	6226	8639
3948	5353	1094	1800	7134	8595	1686	5352
237	6958	6043	9200	8668	7717	9571	7672
3488	42	3496	4150	5456	206	5028	9530
2362	7908	8646	8393	9483	9174	9629	9119	6988	9330	9733	9860
2694	7906	8638	4011	8546	8645	8027	8835	9139	7909	7239	9184	9407	8917	9536	9405	9537	7790	9389	5984	9542	10046	9939	10091	10150	10104	10231	10038	10258	10357
1688	8996	3595	8604
1532	1540	7299	6393	2477
3299	4909	3320	5469	4489	4594	6593	8496	3392
2373	294	3229	3358	4709	5523	8408	2268
1448	1727	6028	1938	2757	3596	6330
477	4371	3815	480
3750	5774	3064
3805	2233	259	6365	7114	7120	7738
846	2281	251	4402	5162	5715	5475	7522	8065
3937	7602	7583	7784	3694	302
1940	617	3793	8372	8032
2267	6111	9287	9288	9303	9306	8403	9388	9484	8252	9286	9537	9389	9536	9174	9175	5984	10136
3043	6227	3354	8767
847	1019	2468	7406	8165
4345	4292	9	1979	8792
1593	694	5956	6772	2363	423	1173	4315	5945
1885	3798	3808	7911	9436	9390
3461	2750	3187	3715	2641	8167	3899
1777	9312	9393	9398	9313	9394	9309	9314	9316	9629
1435	4150	9859	7288	3433	5175	7443	9317	5049	2791	157	4998	5168	10019	1381
795	3347	3820	3245	3483	363	969
2229	5263	5707	8403	7970	2358	9634	3433	4500	9221	10037
493	6758	9185	2971	8901	10243
2358	5802	2238	147
639	3418	5321	3080	2506	2122	2763	4909	2565	774
509	147	2813
2594	280	2624	6575
1468	1782	7724	1522	5262	2256	251	2813
1735	7060	7425	8029	8643	8497	9034	9200	7913	8253	8647	9436	9477	9483	9029	7790	6388	9629	10175	10087
3310	9124	9436	8901	9188	8182	10145	10170
4275	143	382	1368	3226	7435	7990	8247	9075	10039	2770
3187	3512	3469	7873	9187	912
2887	9484	9485	9253	9463	10233
3336	4629	6312	5887	8107	8638	10129	10138
1781	2098	8191	8846	9926	2891	7727	7728
3680	3968	7666	5664	2094
1372	9124	8392	9398	8989	9312	9483	9029	6237	9292	9313	9389	5087	8657	9855	8480	9221	10148	10149	10155	9827
1403	8640	1229	231	657	7509	9735	5674	10166	10092	10200	10148
1175	1862	1552	9265	8277
1614	7795	6624	5330	4540
2125	6107	9458	3164	4135
3088	387	4542	6595	5150	7065	4094	1335	6058	7587	9655	8487	2884	3788	5424	9754	2003	9790	9161	4018	182	4434	8621	3463	3887
1032	2392	4154	4153	1381	4405	7198	3841	7156	2874	3007	5585	984	7754	7155	1822	7663	4777	2506	5356	5590	6707
103	760	2723	368	2196
2014	2278	3717	9123	2788	8394	3796	8254	9537	5085	5086	6771	9536	9841	4847	9842	56	1616	10118	10130	10202	4191
1603	2030	297	1558	5686
1661	5336	483	1251	8331	8333	8842
4046	5087	6188	6388	9174	9175	9302	10135	10136	10139	9750	10147	10168	9827	10148	10149	10214	10215	10087	10089
2265	2788	9313	9392	9315	9505
4450	9303	971	9396	9929
4173	1305	4723	5774	6534	7908	8175	8650	8642	7714	8135	8835	7911	8842	3796	9336	7907	9402	9444	3807	9404	9590	9389	9635	10010	10038
3621	2189	3665	919	918	1689
1176	7006	2237	4874	7266
3926	7060	8546	8027	9139	9436	9373
240	206	3341	1952	8649	8647	8648	5295	8392	9137	9187	9184	9185	5653	778	4972	9410	507	9590	7509	8315	9542	9855	9735	10140	10092	10141	9221	10252	10202
3780	5707	6226	5715	6958	8496	8647	7136	9388	8251	5675	9398	9482	9315	9481	9316	9396	9404	9409	9537	9175	9542	6388	8182	9706
248	2481	1398	4134	4146	4722	4699	7234	7421	7980	8645	8027	8460	7909	3805	9405	9310	9397	9485	9537	10107	8182	10002	10163
3193	8029	5084	9174	10105
782	5318	7826	3395	916
238	3018	4277
2577	2476	4722	6228	6312	8549	9390
20	2437	3301	4452
1926	6227	6228	8833
1888	1214	2813	4029	9005
4422	9315	9464	4539	9253	7789	9174	9175	2109	9330	10037	10231
3205	6957	5551	9314	7789	9436	9635
1451	9368	2224	4895	6621	6707	6709	8422	9221	8403	974	2670	6432	2143	6945	9264	8568	6489	9881	433	5457	7723	1474	2373	4300	9966	9682	2051	2974	4420	671	6755	9803	8096	10207	10228	10201	2222	3179	8206	8401	6244
2397	6135	2052	4654	7068	6134	3348	6624	9344	3327
1462	3209	4565	6624	1438	6377	4264	4979
3265	2153	8063	6188	6057	9709	9842
2795	9	7671	10	8837
1496	4354	2233	5843	5844	6227	7425	9708	9724
1655	669	3914	6149
4437	7683	8978	7798	8591	7911	9391	9374	9401	4611	9303	9306	9308	9477	9484	9537	9627	9463	9464	2022	9635	10033	6195	10132	10134	10143	10147	10200
283	7316	8403	8650	9393	9395	9396	9398	9313	9292	9394	9397	9315	9316	2828	9310	9389	10220	10164	10084	10085
2601	1598	3446	4245	2233
2700	9116	2786	2787	2788	4502	8394	8391	8392	2785	971	9395	9312	9396	9373	9387	9310	9315	2828	9292	9477	9313	4540	9029	9389	5087	6188	8315	8912	9535	9539	9549	9854	10151	9221	10150	10221	10200
1817	4322	3456
4463	1079	144	8992	8993	8994
464	177	731	4325
3564	5573	4040	6193	7254	4803	2815	2816
3520	7300	4604
672	1377	2102	2072	3089	2001
3129	5890	8602	806	6001	4530	4759	3086	7501	8426	8590	221	1594	3304	7689	7691	4756	4291	552	1909	9458	978	6958	7522	1035	5523	3448	2381	8034	2813	2945	5756
2113	24	4225	4315	5458	6891	7507	9030	198	257	4085	6121
3751	5297	5962	5843	4538	6228	56	8890	7909	9629	731	9517	9632	10146	10032
3013	3683	4099	5588	6123
3982	6709	7592	5938	6475	5177	7083	6280	6979	7543	8124	8242	7810	6249	7125	7602	6507	7755	9830	6261	8472	9915	8320
4074	2881	4590	1459	2402	5292	197	2910	4100	5233	5779	6968	3487	9064	4733	7558	8858	4557	352	417	2778	1674
959	598	1079	731	7230	205	2971	2972	5768	1681	4148	4156	226	6464	5707	8650	8645	8647	206	8745	9138	3982	4365	4367	5724	1514	4371	8744	6195	10243	5531	6584	10011
693	1398	3025	3587	7578	9436	9437	4902	7672
680	7420	7545	8107	8553	9174
1058	10159	10219	10047	10290	10225	10273	9760	10230	3984	5941	9240	10067
1206	712	2930	8074	157
186	693	490	3526	188	6967
2302	2495	6244	6797	7107	107
2928	8641	9405	9453
4256	514	7234	7906	7910
1297	5714	4964	3050	4354
1018	554	4245	4242	5715	5479	7142	8648	8649	9389	9437	9724
172	330	3117	1614	6108	2804	5516
4178	3741	5961	6226	6228	4011	7425	2971	7375	7894	8251	9941	8233	9632	6876	9971	10214	10171	10243
3295	8107	8403	8643	8641	484	8027	8004	7479	7239	7909	9126	9388	9485	9313	7790	5140	8315	9929	9842	10175	10091	10076	8255	10037	9750	10200	10243
3793	3276	4108	5088	5175
2347	5847	8476	8889	8174
3443	7910	760	6758	6183	8029	8647	8650	8002	8835	9287	3805	9336	9388	9303	9306	8772	9389	9590	9854	9745	9733	10046	10214	9721
1382	3444	3353	6249
1180	9454	7911	7912	9305	9308	9309	9388	9394	9397	9404	9482	9537	9536	9029	9387	9389	9692	5087	6188	6388	9535	9538	9539	10144	10075	10155	10092	9750	10148	10084
3248	9313	9292	9394	2828
3007	2006	5783	2002
3487	156	1817	8835	971	8254	9479	9627	9029	9174
2908	8460	9124	9123	2788	4502	9286	9393	9396	9398	9395	9316	9313	9397	2828	9394	9539	9535	9538	8184	10170	9750	10092	10148	10149	10087	10088
1533	5962	6464	6228	6959	8546	8549	9390	9436	9633	9842	10237
3041	8063	3805
3691	31	6763	8553	9481	9029	9590	9854	5674	7672	9827
817	2448	3319	4134	4145	4146	4722	4723	4698	7906	4017	9405	9409	9453	5140	9634
2989	4081	2917	5111
2404	9389	9484	9463	9537	5087	9029	9174	6388	9535	9538	9539	9302	10107	9860	9750	10149	10092	10084	10085	10086	10087	10088
3794	427	5566	3676	5676	8125	5954
2114	1423	7724	3761	3797
2511	5475	9437	10169	10170
1647	3319	652	8650
3667	8418	9626	9436
3896	2481	2830	3382	2944	2468	1398	8460	7714	9429
1101	681	83	3950	1591	3776	1525	6528	3421	4042	1592	4055	3835	5450	5707	4531	205	6078	4011	8029	5229	1055	1558	1560	2265	5727	5911	2311	6965	9479	9373	8562	1562	9929	130	3712	8417	10170	9480	10137	10150	10173
2252	751	4555	4064	5040	692	1364	3511	1804	3360	4354	1920	4245
2390	9043	3123	8242	8472
3898	2986	8096
2815	6111	6226	6958	8646	8029	8637	8027	8002	9405	10129	10147
4022	8029	9392	9444	9505
3851	7085	7346	8558	8576	9420	558
3117	3080	3714	3585	1479	1803	4482
2634	6549	7566	7947	9262	579	8124
732	987	1448	1605	2437	3257
609	3923	4134	4698	4723	6893	8650	8647	9313	9404	9590	9175	6379	1938	8912	5140	10139
1875	8343	1638	2810	8461	8893
4215	8381	6428	9710	1999	10180	5122
1963	7067	4089	6133	6410	8651	3464	1052	5007	5009	4915	5010	8789	384	154	4037	5835	6135	444	8101	8535	4726	3424	1488	9197	4778	6555	6574
3538	685	3382	2468	2233	4720
2963	7873	8650	8546	8647	9187	4502	9304	9397	3970
3607	3149	6810	9148
2391	5263	7970	9253
2336	5579	4375	588	3538
1124	5660	6226	1786	7420	5229	8657	8183	9939	9221	9971	10010	10191	9973	10015
616	2423	780	796	1895	2330	895
685	9053	9189	9292	9590
1079	7312	5688	8056
2992	6226	7908	7420	8027	7993	9483
1686	4767	2457	5211	4224	4277	1366	7906	8646	8649	7970	2784	7907	7909	3795	971	9444	9484	9485	9631	10171
1819	6472	7083	2030	487	4085	6063	7811	1370	4464	6833	7980	3975	5190	1480
256	3491	2819	2702	5412	2546
348	3457	5263	4611	9399	9174
660	2145	842	2133	850	2019
3251	13	6227	6228	7425	8497	3798	9799	1623	9847
2817	4538	7060	6018	8175	9330
1999	6811	793	427	6591	5430
1193	4699	9711	7509	8901	9841	5674
159	2157	5263	7910	8640	8027	8638	8641	7909
2620	1402	4902	2527	1345	815
3128	1600	8027	8890	6226	6083	8657	9841
1715	7370	6957	9310	10032
2008	2200	3218	3219	3602	205	810
1873	4357	3441	6961	7620	6496	5270	216	3071	6381	8824	3788	5466	4907
1212	7522	9308	8082	9437	9799	9709	10105	10129
43	3764	1398	6501	8029	1688
3160	2411	7420	8003	9116	9187	9184	9479	9373	9482	7789	9175	9411	5984	5814
3051	5339	6204	7943
2135	2740	4590	2800	2709	6826	434
3746	3229	7083	9170	1269	6360
1067	3997	6464	7910	9175
332	7378	8174	8472	9349	9526
3554	8641	8644	8650	8548
430	1395	1379	7333	5135	1844	294	9200	9287	9547	8668	6057	10107	10046	10021	10231
2974	7129	2131	2043	3647	4619	2122	537	3937	832	852	4644
1612	1398	6758	6957	8176	8637	9110	9455	8253	9405	9454	9456
779	2565	6693	7530	8202
1657	5450	5843	3987	3997	8881	4445	1260	8877	8694	3998	2784	9313	9480	9505
3154	5086	9174	9175	9539	6388	10140	10143	10169	10142	8184	10141	10129	8181	8182	10181	10136	10144	10147	10137	10146	10168	9827	10075	10237	10233	10218	10236	10214	10220	10037	10217	10221
2677	8063	2784	9315	9444
2416	1519	7299	2350	2437	4964	718
781	3026	3155	7535	4464
335	2760	675	1816	876	5358	290
1578	753	1967	4939	6621	4835	6464	7538	10284	6733	10036	10157	2683	4509	8972	9797	4022	10338	6000	7113	3227	9807
638	531	3670	3675	7010
628	7151	2072	2398	9255	9265
2258	2945	3902	5263	2946	3978	3979	9314	5213	3124	3097	9593	9848	6045
1103	2551	2813	135	1492	2771	1366	8671	8727	4268	2487	7982
2586	900	5121	5509	698	5124	5163	5897	5726	1674	3555	5441	6753
2528	3997	7910	8176	8637	8553	4631	8554	9189
4008	2448	4157	7488	3551	8393	2788	9483	9436	9182	2993
380	8377	7517	9822	9901	9948	9991	9996	10055	10056	10057
350	7908	8175	9029	9429	10175
179	3675	6794	8567	9584
4453	3066	2281	3640	719	7234
297	3132	9650	9353
4081	2741	4595	4481	44	42	43	2713	101	778	2513
845	6249	6508	5149	3150
1355	6833	9924	344	1959	7951	8205	10188
510	1031	8639	8644	9184	9116	9303	9305
2179	8645	8646	8650	8648	8027	7479	9138	9137	7239	9288	9388	9409	9453	3150	9410	9373	9389	7789	6043	6958	4352	9571	9549	9873	7956	3442	10002	10166	9939	9178	10130	10092	10087	10220	10086	10089	10088	10305	10332	10205
2707	9886	10109	10314	10286	9867	10296	10211	10246	10275	10355	9884	10300	9766	10374
694	4699	5707	5715	6582	7369	6083	8027	8835	9138	9184	9307	7239	9189	9286	7912	7913	9304	9306	9410	7993	9308	9409	9313	9316	9477	7717	9810	9855	9873	5984	9629	10140	10150	10010	10006	10037	10038	9179
2531	8647	9126	9306	5756	9401	9455	9454	9394	9481	9388	9253	9410	9482	9485	9537	9536	9373	9387	9389	9029	9436	9437	9330	9855
2320	8637	8027	2657
1643	3961	2937	53
1591	3259	6228	2722	2565	3078	6022	5611	7203	226	3815	1884	2351
1132	9314	9477	9292	9388	5262	9313	9315	9316	9484	9537	9387
4445	5411	8638	9190	9398	9395	9393	8657	9941
3820	872	3720	4162
652	804	1323	383	6023	2281	4583	4585	5017	2736	968	1682	6429
3052	7092	8670	9604	9695	8573	8039
3526	6507	1634	364	3532	5399	8873
107	445	3718	3640	4243	4700	6111	6226	6582	1786	8029
3945	6284	1467	114	531	1925	2072	5907	7970	4201	759	763	7018	556	8637	3796	3764	41	282	7017	9139	2811	8177	3135	3885	4913	143	7724	2509	3804	6106	5271	7979
2545	3741	2233	5263	8638	8643	8650	8394	8460	8234	8393	5462	5986	9393	9407	9308	9304	9307	9854	972	5411	10085	10171
4040	4698	4699	5450	5493	6758	8176	9138	9312	9393	9310	9394	9395	9437	5984	10148
783	7031	4495	4968	7210
2912	6762	6075	4590	9561	4692	9773	10230
1334	7460	403	598	3938	5579	502	3056
4247	3112	4946	4336	5823	5342	2353	4950	6849	5360	3144	4951	5258	5745
3374	6228	8614	9402	9392	9175	5984	9542	10152	10155
3915	9745	1504	6719	10106	3906	4365	10171
2285	7747	5567	8363	5951
1392	207	75	1308	5552	6783	2374	3670	5134
3383	7045	44
1253	8027	8554	8642	8497	8647	8835	8393	8460	56	8720	9200	9138	2788	8391	2785	2787	7907	7911	9307	5551	9399	9517	8394	9437	3807	3796	8254	9313	9626	9538	8876	8687	8818	10151	10237	10252	10202
4311	7538	2270	6728	1867
4272	4094	9690	1586	5350
215	823	1595	4307	646	2459	7853	43
2170	251	4858	7090
3944	3904	1827	1828	144	3638	3457	4170	3719	4155	4245	1299	4157	440	3490	4146	4242	4722	2722	3069	5774	6227	6464	6582	7873	8027	8549	763	7717
3877	1632	1513	7329	4114	6211
506	9756	977	5422	6793
3364	6992	1733	629	6228	7729	6758	8029	9708	4607	6106
1338	4700	4011	9392	9292
2553	2188	8189	9267
3843	7910	8027	8737	2278	7790	5140	8901
3279	6582	7910	8175	8403	9137	9139	9313
2706	5880	6958	7980	7908	8650	7970	4502	2785	2787	8392	8394	7790	6388	3926	9330	10171
1553	4260	7435	1747
978	1516	36	5455	7642	9011
1239	5551	8252	8253	9517	8639	8643	10132	4125	8324	9750	10135	6720	10214	10215
2997	3446	3382	4698	6582	7906	7908	8547	8549	8545	9484	971	3798	9390	9436
1214	7908	8403	8176	8640	8638	7360	8643	6859	8835	2784	5028	1455	6204	5675	9137	9409	9590	9029	9253	9388	9636	9855	9929	9542	9941	9934	9995	10076	10077	10243	10104
4146	1384	952	3395	2372	1385	3498
2328	5297	8029	9393	9391	9395	9292
301	9304	9276	9392	9311	3807	9314	9477	8253	9313	9409	3796	8254	5262	9394	9387	5084	10104	8181	10181	10145	10139	10141
1816	1600	3382	3923	4698
582	7370	6758	8403	3102	8643	9116	8917
277	5227	7414	6673
2251	9053	9314
1250	2565	2953	5168	6610	6888
3219	4725	1888
4122	2448	2481	1600	3382	3923	4698	5470	6228	8027	7970
3303	8286	5995	6232	7971	4235	4775	5027	7546	9191	9806
699	3814	8470	8482
1867	4455	8614	7136	2828	9424	9692	8668
573	7405	2265	3150	3548	4352	6308	6688	7495	7682
3144	684	1866	1901	3360	3605	4217	4665	4712	5623	7561	8080	8428
4061	3017	4419	5495
2417	9436	9373	9387	9437	9536	9590	9389	5086	5087	9175	5084	9174	6188	8901	6388	9535	9868	10196	10147	10130	10150	10263	10279	10283	10149	10243	10276	10148	10286	9827	10253	10087	10089	4158	10088
1346	1060	3027	5164	5224
2848	4501	7089	2872
1035	6443	6744	7633	1935	7612	1345	2154	4260	6125	4259	7611	4257	4262	5399	8616	8825	9375	719	830	1751	4613	1812
1842	927	6385
1114	216	2787	4502	8392	9308	9389	9868	9475	10146	10108	5158
1165	156	8861	3936
4009	710	2849	5542	118	3767	4087
446	1159	7475	6931	9506	2246	6489	8084	8160	9757	174	1443	1622	2770	3829	5574	7423	8443
2344	1368	1499	6421	7022
2925	2468	3445	251	5505	6758	5294	610	532	8029	8643	8638	9034	7993	9109	9286	9404	9444	9517	4539	9411	9629	9571	9855	9635	10085	10038
3108	259	260	6026	7671	2026	2644	1148	8301	8302	1132	897	1861	74
1190	7910	8737	8833	9483	9436	9505	9590	7789	3970	9629	1558	5674	9860	3954	10082	10088
2633	207	3864	1592	1334	949	3858	2881	2315	2142	7910	8175	7004	8029	1674	774	6561	1721	10175
4378	7906	8640	8645	8833	7239	9185	7911	10002	10217
3477	2924	6598	1171	5797	4043	3256	48	4676
4141	700	4126	265
2859	1448	1339	4241	4242	7421	7906	6758	1165	9034	9304	9405	9410	9482	9175	9784	9177	5674
3069	2281	3640	1398	3264	3999	4023	4242	4722	4243	4354	4245	4767	5475	1786	8194	8496	9312	9396	9395	9398	2785	2787	2788	4502	8392
2609	1654	1408	250	2935	3887	5516	7102	4077	8865	2808	4387	6240	4395	6460
659	2438	2476	3319	3382	3805	9311	9309	9276	2786	9315	9292	9505	9389	9174	10151	10234
3642	6312	8029	8890	977	4060	5549	7913	9137	6747	3795	9456	1262	9253	9537	7789	9389	8657	9535	9539	193	4354	8182	10169	10216	10217	10214
3033	1756	2080	462	959	1634	965
2446	4521	7930
122	2072	3621	6769	5294	3351	3984
194	6762	8194	8637	8643	7970	2784	2786	4611	5086	9174	9176	10129
3130	1961	2856	2993	5161	5256	6669	8600	9263	6291	7366
2382	1938	2390	8875
3009	3969	1269	3278	8639	8642	8554	7912	7913	9485	9484	9029
91	4151	5707
19	2476	3904	4155	4157	5297
3868	7910	8650	3570	8151	157	3811	7449	9302	9221
3744	1797	7365	8401
3492	5084	8972	3025	10041	10029	10170	10132	10198	8181	8182	10091	8184	10143	10135	10134	10146	10137	10144	10145	10169	10181	10157	9989	9990	9797	9980	9992	10061	10086	10214	10218	10215	10196	10362
221	851	4901	5827
1714	4905	4177
1071	4767	5297	7545
606	5087	6188	9542	7509	10091
3296	4698	6312	5973	4538	7980	7910	7341	8175	8176	4011	8650	8546	8646	8865	9304	8252	9406	9408	9389	6388	9854	10166	10164
771	6645	6673	6783
697	1392	6391	1484
2058	5295	3341	5728	6195	6715	7345	8569	5630	1514
2505	2506	5866	1474	1448	5164	6312	7010	6959	2456	1919	7062	4274	7945	6810	8650
2862	2306	6747	3263	971	2369	9436	9411	9711	10232	10216
145	3492	1208	5419	3568
853	900	2583	4582	8320
1981	7535	2153	2163	2198	2206	4221	6814	6880	6973	7004	7188	7476	8155	5260	4458	8035	9320	6508	7498	8282	8801
190	4448	6834	4074	779	156	4075	2884	4891
2518	5184	1060	8163	5456
3074	774	5114	5432
1702	8452	2206	7061	8111	8144	4028	8096	3864	8422
4383	3499	2448	3319	3923	4146	4700	6763	7333	8107	8638	8648	9138	7993	9455	9481	9411	9711	9944	9860	10220	10221
1097	738	6601	937	1343
3527	9396	9402	9868	9418
2708	5091	8220	9467	6228	7876	8174
3601	7906	7488	8547	9253
804	5296	6757	8614	8460	9138	9307	9404	9424	9446	9310
3666	4625	96	5991	7693
4176	5262	6782	8545	5264	5629	4118
4073	3718	4245	4023	6958
1848	209	914	4668	8151	6092	6095	7084	7085	8415	6485	8772	9855
3557	4647	4711	4908	5431	7387	1163	3483	4112	4194	7520	8286	9284	4083	3370	6249	9005	4678	7039	9215	9914	8472
2798	8638	8647	8835	8833	9175	5984	9176
550	5262	7175	8167
2083	643	1755	4084	4649	5807	80	311	3403	8104	193	7563	1126	259	96	2392	2192	5028	5082	5720	7568	1844	6682	7800	7569	4749	4075	5456	8132	8133	1580	490	4575	1638	82	4602	5175	5177
2847	8970	7593	9193	9027	9554	5364	7976
972	3641	4245	4242	4244	4722	5962	5960	5297	7371
3676	2573	9274	6263
4067	9	7980	8195	8027	8614	3805	10032	10129	10146	10170	4125	10142	10147	10235	10243	10133	10214
2480	4787	6	3176	6512	6870	9102
3548	642	3010	8264	8654	8938	8940
3662	340	10175	10166	9472	8644
598	2040	4001	4152	4153
4194	1600	3457	4157	2233	4698	5843	5959	6228	7908	7906	8641	3705	10231
3022	6391	64	8263
2651	9442	6018	9878	4296	2937	9955
894	2210	2508	2524	4199	5081
3791	7380	768	4304	5778	6735
741	9253	9484	9537	8912	9855	10142	10102	10092	10156	10202	10088	10191
3048	1237	2124	2561
2639	1922	7146	419	1415	8624
3121	1130	3691	2219	4607	7558	590	913
4010	8027	3795	9626
346	4538	1099	9200	4502	9389	6248	8155	4068
1411	1292	3719	9929	10091	9722	10232	10011
426	8638	8643	10135	10146	10152
3832	1998	2170	1080	8216	1142	3078	4296
4336	4700	8640	8647	9200	9392	9314
95	3301	1835	5240	2392
2460	5074	6123	4630
2671	4767	5450	5660	8640	9397	9484	9029	2109	9722
2868	37	4304	2401	6758	9137	9711	10129	10172
442	75	43	99
1043	557	8646	8647	8833	6088	9314	9407	3970	941	7717
1507	8019	295	6353	4225	6374	6780	7317	7855	472	6418	7920	8506	9342	7382	6805	4235	8813	8847	2511	2513	5518	8802	9856	5175	9836	8939	7862
417	5470	5707	1101	7679	5262	9411	7790	9410
4053	8554	9399	9406	7909	7907	9407	971	3807	5262	9454	9456	8082	3798	8254	9405	9453	3796	9292	9315	9390	9699	10233
1868	720	926	4474	6329	4788
1362	8645	7909	2431
3603	531	7602	8641	8646	971	7907	7913	9304	9305	7911	3975	786	9711	5631	7549	6714	1427	10137
2867	9330	10138	10137	10196	10263	10279	5400	10284	9907	10280	10087	10133	10085	10089	9797
3085	675	4999	6626	7639	2373	4505	363	9225	294	7729	7730	9219	1944	4667	6430	7053	4041	3878
1743	5866	8299	9583
4297	1398	3923	4134	4354	4145	4722	4699	7066	5297	9292	1641	650	10202	10249
4023	1304	1806
327	5709	2691
1834	78	2876	3239	4292	6331
2544	7910	8027	8650	8835	8647	2788	6228	7790	5085	9535	9538	9539	9784	10172	10139	10202
859	7641	6149	2270
2307	1398	3997	4244	4242
1939	2158	4881	6015	6915	7793
2886	9285	9512	9604	9660
2257	915	4245	4242	5959	7910	8642	8645	8650	8647	9034	5675	2787	8392	9286	4502
3032	4557	6600	8640	8645	5229	8835	9187	9200	8251	8252	9123	9929	10170	10236	10232	1854	9221	6345	9847
3986	4040	8065	8640	8645	8027	8182	10170	10236
1308	8171	327
3778	7906	2786	9590	9175	9176	7435	10139	10010
1070	3999	5715	9692	9873	9418
1584	6758	9720	1906	3781	4094
982	4282	884	3974
2317	5491	427	3021	4297	7805
3679	6548	822	5264	877	876	5100	7097
2311	4949	535	3363	5124	5414
1968	6624	5356	9137	9627	9549	9810	9632	9302	8181	10169	10128	10238	9722	9925
2255	2680	5277	6550	2479	5094
2598	6083	8403	8029	8737	8027	4502	9138	9405	2109	5371	9402	9309	9409	9410	6321	9313	1262	9397	6707	9174	3970	6024	9571	8912	9549	9302	9735	9733	1991	10137	10076	10145
3176	2476	2480	1800	3641	4155	4157	2285	4722	4720	4699	5450	5960	7371	8175	3364	6152	8687	9929	10105
4217	9868	8426	8215	6919	6747
63	3923	3641	723	4700	4428	4191	5210	3953	9126	3954	1501
2962	26	251	5336	4848	5329	5942
2059	7320	261	4410	1970
1663	247	382	1988	5599	877
2764	5673	8225
818	7959	7960	3435	9159	9162
4145	4539	10143	10144
788	8472	8813	9085	2459	2771	2970	5007	8732	8744
2138	6629	3058	5152	9155	5463	312	491	1978	8237
3857	6987	5102	8176	5895	8196
3141	1600	454	3115	2967	163	5475	5314	5844	5313	5880	68	3667	6083	3436	177	5457	2784	4066	2786	9138	9116	7790	5140	8912	8972	10143
3163	7010	3434	8220
3674	1448	9446	9458	3808	9561
2592	2185	4094	2029	5472	25	26
945	7908	8641	8646	8553	8649	3805	3795	3798	9480	8642	9441
2204	9427	1111	3485	5435
2073	10029	10026	10069	10070	9806	10253	10159	10047	10219	10225	10257	9760	10230	10273	10274	10275	10290	10067	10109	10330	10288	10251	10299	10297	10158	10003	10285	10296	10328	10333	10295	10329	10347	10246	10226	9884	10068	10367	9766	10355
4097	210	4936	5774	9187
1130	698	3150	1407	3817	5728	6116	2452	3716	5742	6967	4188	5331	5424	8134	4428	6464	7422	5294	6462	9183	9470	6214	8381	9829	3248	4434	145
4139	6659	1707	1337	6389
181	2199	479	7142	4798	3015	1465	7522
2649	2937	7133	5004	1800	834	8897	1400
3286	7970	5694	6298	1893	7909	6314	3231	9317	8324	650
2739	2725	4777	5073	6804	9665	2000	5458	9333	9642	9576
834	6227	7970	9304	9374
1704	8195	8176	2849	7714	9116	9401	9336	3795	8418	2437	3055	2934	7375	6057	8315	9571	9188	9841	9745	9869	9542	9870	10041	10091	10029
4385	8737	8027	971	9304	7911	9810	9733	9842	10129	10091	10146	9847	10085
555	7230	9517	8252
3799	7333	6083	8497	8394	8833	2787	2788	9287	7717	9735
2794	5649	7883	3626	6482	1471	3840
3370	3534	5352	6586	798
4452	7370	8029	8641	8644	8549	3805	971	8027	9406	9479	3798	9390	9481	1262	9029	9480	9505	9411	9429	7724
1376	3118	5532	476
4150	8642	9175	9188	10237
2086	2082	5694	2618	2695	4602	5599	7546
3761	7002	7009	774	2034	5455	6688	6464	6801	4695	352	2413
2972	5262	2072	2459	6954	7312	5486
4405	5715	6111	6226	6312	7605	8496	971	9446	3808
707	2813	3841	4031	7574	3205	3628
3968	313	1007	2051	2832	3276	6679	9170	8126
1353	9175	9411	9174
2618	2565	3319	2947	1398	4146	5660	8176	8548	8835	9053	9481	9550
333	7910	5207	9200	9411	5487	8590	9110	9437	6388	9634
540	5129	3252	4394	673	1654	2247	2930	3109	3195	3892	4373	967	1292	3108	4697	2264	3106	3621	534	2139	4497
3343	9391	9392	9303	9304	9407	3796	9454	9316	9409	9313	1262	9404	9453	9455	9477	9481	4539	9464	9029	9630	9842	9843	9493	4654	13
189	1842	36	1691	570
3946	7414	6155	4972	174	7162	8231
4439	5096	1927	4653	9607
1224	2883	2504	1498	940	1392	1633
1900	3307	5190	5685	5804	5992
3825	5694	2286	1770	2035	456	2727	9206	412	1286
173	5184	5866	3947	6654	7876	8220	8698	1674
4096	4145	6763	7906	8256	9397	9292	9313	9394
3293	8547	8553	2278	9109	9126	4940	10077	10152	6173
3540	2000	4594	7920
3266	207	719	1613	1606	1446	417	420	727
2005	1305	3638	3719	4245	4244
4441	9396	9311	9399	9394	9477	3796	1262	9390	9174	9175	6714
3810	681	1260	5262	2954
2873	3920	4433	6942	6236	2437	2565
3111	8637	8548	8545	8549	2784
3582	8423	7723
1920	251	6464	756	5262	4435
1350	6227	9629	5805	4125
2384	3550	4270	927	3417	5263	8167
1746	1607	3717	6082	6374	3726	9336	5661	4575	7047	2622	6621	5926	934	5228	9927
1404	13	2228	3086	5099	7752	250	5260	7959	585	2039	3450	4507	4795	4971	5168	5677	5803	7363	7364	8871	8878
1503	2345	8499	5405	3025
2022	6083	7545	6360	8175	8176	8546	9190	5783	6682	118	8088	98	2865	9479	9481	7790	8654	6968	6914	9868	1243	8657	9342	5896	2925	8090	226	9186	2265	7477	4141	10200
3358	5089	5263	9374
2603	2438	2476	2481	4698	9868	7078	9869	10046
3044	7545	6957	8175	8549	8737	7406	8548	9391	971	5262	8251	9313	4611	9399	1262	9397	9505	9436	9404	9482	4540	9463	9464	9565	9029	9174
607	5216	7355
4302	5707	6312	7142	4011	9707	10046
2217	8312	5113	1053	3100	8976	2565
2871	8027	2784	8989	9868
1972	6365	6568	9012	7810
2855	374	3649	8764	8936
4206	5844	7370	7970
4370	1514	176	226
2195	3159	3522	5977	3294	7236	5164	2813
75	2177	479	905	2392	6575	2813	5057	2349	3605
3651	7980	8002	9388	9391	9392	9636
809	4657	4400	4265	1456	3569	2829	4399	6757	75	7230	7910	4561	9185	9336	2786	8392	8394	4722	5140	8315	9929
819	6630	8401	3179	8150	561	6976	7380
1706	4086	6105	6733	8512	4094
3886	563	2269
465	6802	5176	5228	7687	6746
3792	538	2971	2460	3935	2368	1514
2261	4851	9671	2077	2951	7417	257	2387	3752	5076
2187	7370	1340	5999	8737	9200	3419	4595	9929	9302	4587
4430	2947	1398	3999	6757	4538	6822	9308	9292	9395	4539	8256	8418	9175
1696	3457	3641	4245	4241	48	8175	8027	8549	3670	3970	9711	8315	9568	9735	4520	10129	10134
1265	485	3501	5774	6226	7420	7421	8496	4502	9034	9035
1489	1488	8029	9303	9306	3807	9404
2024	7239	9287	2785	9303	9306	9305	9308	9310	2828	9537	9536	9389	9373	9387	5087	9799	9631	8901	9855	9635	10166	1427	10135	9750	10139	10249	10238
1987	1261	3906	3796	3810	6312	8002	9286	7679	5551	9484	4540	9437	9536	9692	9549	10172	10145	9221
1254	6762	8546	8393	9253	9410	9505
2716	8642	9395	9313	9398	9393	9396	10148
1452	8646	9035	2787	9409	7993	9053	9401	9314	9292	9477	9373	9537	9029	9389	9174	9442	10133	10092	10217	10233	10214
3373	1308	2315	879	3078
1291	1759	5978	6769	7314	5262	332	2359	4204
2714	7600	778	8864	879
473	698	900	1051	1407	2748	2955	4243	2325	1481	8194	8614
3648	7834	1324	78
1387	4464	7498	6242	6247	7476	6260	7602	7593
3150	750	2963	4139
1894	6612	8726	9365	9075	6884
3063	8355	8356
1273	4783	8955	9530	6832	6872	8445	1852	5880	6104	8284	1351	2570	3039	4713	4883	5260	5614	6801	7657	5613	2205	5091
3392	40	36	484	7488	6460	8967
497	825	260	3086	8264	8457	8669	9299	7819	1141
4005	6204	6213	6518	4158
1059	900	1788	5754
1576	2084	1617	2890	7668	2813	7043
1660	9580	731	6179	8166
2753	2438	2481	3319	5263	9399
4103	7908	8644	9034	9311	9336	9309	9442	9745	9735
1897	9	2872	5263	4296	3864	2945	6360	2947
2443	9479	9480	266	2647	5487	5950	2898	10091
1309	2830	3457	2233	4244	7425	8890	9424	3970
1520	1680	1776	4093	6164
2200	52	1873	6452
1199	188	226	2570	1988	1358	6093	2771
2194	9151	3900	4113	6677	10035	2337	7951	9443	4408	8484
3700	906	3502	2087	3841
185	2995	7248	8624	9773	877
3376	4401	8260
1396	5450	6582	3811	6123	7908	7910	6728	5807	8027	7662	6591	8074	9307	9308	9303	9306	9310	9396	6388	9630	10105	10223	10140	10138
1083	390	3156	3418	6012	7267	6441	7043	9817	556	5429	5590	5809	2082	2666	2813	3386	5622	7515	7678	3357	8748	1692	8350	5868	6197	6944	3576	4493	3607	5352	744	7401	8286	6664	6442	6489	3098	248	8322	3105
1418	1464	6757	6083	7908	7970	8151	9232	8252	971	9407	8253	9388	9464	9373	9387	5140	9941	10140	10172	10236	10173
5	971	1641	2212	3233	4348	6187	8250	8255	9153	9160	9517	59	7913	3302	3524	1390	4049	8470	3226	9370	8082	4706
2222	6269	6630	1445	3279	2481	6182	4456
2031	702	2291	4134	4388	4720	6226	6600	7421
252	7309	1526	5946	5643	5657	5110	9026	205
4123	6018	2361	6101	883	3259	4613	4794
614	2438	2481	2830	2565	1600	3446	3382	1398	3923	4354	4145	4146	6228	4538	9305	2786	9310	9404	9477	8890
25	9394	9312	9391	4611	9393	10152
3809	3840	2877	9702
3093	4314	191	6516	6934	7482	3897	498	1770	3263	2047	2966	7663	8068
4388	9116	9309	9399	9029
3397	5187	5223	8475	9347	1249	8263	10210	2810	4354	5644	6407
1583	7318	79	2335	2495	1764
893	1831	7471	9065	210	6070	4900	6065	6066	1320	5006	7870	9800
1536	8684	8846	9067	4736	8855	8030
2607	3319	3988	4108	4141	5402	7937	7957	7974	6820	7307	9192	294	9360	2770
2971	2199	4256	4895	2450	9370	2274
4047	1514	4555	5729	6548	2460	2526	4193	7718	35
1191	4731	1507	31	973	8482	228	3372	3413	2775
3070	5060	4508	4762	7920	7497	9106
3291	2180	5958	6209	372	7522
302	4638	4020
2056	6226	8107	8548	9035
2668	1481	9374	9316	9397	8314	9365	7437	8726
4320	2372	7906	9189	9389	4711
403	418	1761	1640	4501	6404
829	2561	8029	5262	8917	9711	9629	8850
922	6763	8546	8650	8029	9053	9395	9402
4110	5263	5475	4538	7908	8554	8614	8546	8650	8835	2788	9397	9313	9316
1310	7216	8090	6228	6804	7211	5518	9952
2698	2205	2797	3435	5220	8143	1628	8427	8735	8859	7966	471
2674	572	1303	1800	3737	3260	8792	999
1860	4245	4241	4242
1566	5561	8148
1360	9631	4514	5805
1152	2010	4547	7724	7892
1286	573	4729	7336	8208	8209	2902	5795	2258	3277	9499	1944	3351
3949	2813	905	5446	3253
2946	8640	8549	8546	8648	8547	8553	8545	8027	8554	2785	2786	8394	9312	9393	9310	9313	9394	9389	9174	9629	10181	10135	10139	10147	10148	10149	10084	10191	10214	9954	10215
299	3997	4146	6758	7970	8549	9561
46	9356	7556	7910	8476	8813	9881	7001	8596	3449	7220	8573	9048	9485	4593	10092	10135	10147	9750
3282	160	2741	3851	3864	3976	8175	8176	3798	3807	9407	3970	9411	9692	8668	87	2861	8770	9652	2459	5965	7233	8521	4122	6235	6564	2031	128	9971
1349	2334	2810	5503	1842	332	5602
2478	7908	8029	8403	9388	9397	9029	9505	7509	8912	9784	8184	10075	10104
3142	1674	5949	6204
1069	2703	4618	4622	6405
2904	2448	7420	9626	9869	1960	3628	10268
744	2091	2329	4531	6575	8380
1257	9386	7687	2382	2385	9440	312	2594	9510
2819	3997	7850	9111
2519	4554	1132	1579	3721	3722	4499
1930	2228	9410	9485	9632	10010	10235
3124	721	8665	3628	168	2204	3791	4920
328	3846	5111	9243
3964	8141	3538	7793	7667	8855	5049
2556	4627	4964	2813	9834
1386	927	2048	2729	6792	9590
1197	1623	4976	9322	4127	3672
4078	1761	1694	1725
3289	2932	3924	1585	915	990
3004	119	5450	5660	7488	7149	7980	3954	7175	2386	2387	9185	9336	9131	9388	8286	9483	5177	7687	8270	4309	8029	9141	4575	5876	4141	9684	5228	8912	8891	7211	8131	8132
3327	5558	4431	7385	417	6981	3231
2279	6763	7980	7873	567	7317	9286
1921	692	3668	8709
2065	5961	6227	8175
3420	1366	1273	9290
1226	3260	123	8085	2204
307	7319	7930	7602	7593	9770	9894	9264
4281	1830	7565	1713	6096	7836	8648	8649	7909	2059	6277	1824	3600
3918	427	1651	1856	2849	3515	4993	5040	5531	5654	6275	5737	978
2876	4011	4056	1298	8639	8642	8649	8648	7913	3798	8254
1117	1603	3695	2392	6740	570	4315	2644	6801	1674	1675	2411
3987	3408	1365	1345	6464
1870	5948	4402	5973	6269	7507	376
2010	4679	2502	7126	3752
1178	3348	6880
3455	9336	9537	9484	9485	9029	9175	9536	9941	10169	10181	10139	10132	10143	10144	10084
646	5296	5263	5143	5429	348	6226	1986	2472	4884	5463	6802	1786	7910	4226	7643	8496	8650	5518	8833	9139	9456	9479	7509	9176	9854	9810	6368	9635	9971	10232	9580	10085	5967
271	7980	234	4970	4534	4744
447	10064	10080	7724	8691	10104	10156	9827	10284	10038	10148	10084	10086	10349
3112	6762	268	2413	4754	5656	8497	8638	8648	8647	7912	9407	9308	9537	9304	9305	9303	9306	9479	1262	9437	9389	9536	5086	6136	9629	6057	5657	9376	9542	9842
2304	3827	4314	257	8799	420	2799	3402	4472	9197	9803	8849
3028	5962	6758	8545	8547
4349	5152	8072	6766	9174	9175	8657	9841	9784	9810	9635	3669	6462	10021	8183	10141	8626	10181	2274	2972	7560	7724
1483	846	854	342	1087
372	5614	5173	923	7355
445	206	3025	8992	2969
3135	4996	4767	5450	5297	5866	3915	6582	8175	8195	8645	8650	8638	7136	9409	9454	9456	9462	9842	4525	9722	10038	9970	10011	10012	10101
10	3736	3621	8403	8833	3211	9185	1641	8083	9175
1049	6728	7429	7375	7668
827	2217	6172	7383	2221	6360	7900	6012
1752	6462	4681
3641	7380	7383	599	6137	617	1392	4753	7490	6462	6464	865	5330	3536	2425	2937	2871	1681	7375	3539	3166	6360	8312	1249	1311	4266	9152	9301	5011	8985	4040	8852	7687	6079	5953
2852	8029	9437	2785	8392	8394	9393	9395	9396	9535	9539
826	1447	8257	1390	6034
4254	6464	6762	7453	7908	8403
873	1410	3024	853	2459	3611
1793	1500	4896	4895	6120	470	3468	7549
2564	2458	9314	9315	9374	9430	2122
2509	2967	2722	5294	259
1884	6087	8104	585	6281	4314	7384	6969	9765	3433	5772	3670	633	6305	7647	2849	355
1160	719	3382	1398	4168	6116	6582	1786	8176	9035	9287	9388
4048	2235	3487	85	4496	4202	5175	486	9647	1247	1324	10210
89	311	2084	5262	157	2072	4436
1805	9312	9477	9310	9314	9315	9394	1262	9482	9389	9174	6388	9745	9971	10130	10149
884	159	968	1448	1845	2610
125	8647	7479	9125	9388	9549	9941	10076	9860	4125	5003
3324	4786	5006	6066	9800
3036	3406	256	1302
4270	5107	7930	6805	9300	8052	2933	4757	5175	7283	8784
3055	3041	5298	7602
427	6136	7178	5848	9116	6469	6933
3862	3159	886	936	1369	1508	4497	528	1871	1094	2085	889	6136	9936	2302	4284	5429	7999	944	2372	8720	282	1943
433	3112	4714	5998	4665
453	9314	4611	9312	9392	9309	9311	9374	9053	9276	9391	9292	9401	9313	9315	9477	9310	9397	9394	3807	5085	5086	9175
168	5263	5450	3796	7993
608	2506	26
1995	7180	4045	5418	5732	2364	2122
1768	10347	10060	10298	10355	10029	10211	10327	10094	10219	10230	10246	10315	10300	10372	9884	10309	10114	10295	10068	9867	10193	10271	10302	10359	10367	10377	10316	10285	10296	10299	10360	10297	10310	10353	10361
2157	4046	2030
3429	7421	8029	8737	2785	9029	5739	10105	10140
1692	7479	2785	8392	7907	9307	9303	9458	7993	9407	1262	9482	9292	9315	9537	9029	9387	9389	5084	5085	5086	5087	6188	9174	9175	8901	9538	9539	9708	8315	9810	10092	10135	10168
4462	1295	1909	2039	5669	585
80	5369	7929	2413	6469	3277	7956
2740	7837	8887	2837	5677	5683	8879	8881	8883	908	7383
4285	8393	8460	8647	2785	2787	4611	7911	8391	9123	9309	9391	9402	9305	9306	9308	9312	9393	9395	9396	9398	9399	4502	9407	3807	9313	9482	2828	9292	9310	9314	9404	9175	9253	9410	9464	9484	9537	9029
2041	918	3754	348	4268	2730	2731	2034	6111	1884	7970	8391	9437	8940
1562	7909	9276	9314
1366	655	4700	7421	9176	9296	10130
1732	5263	6763	8642	8650	9455	9410	9310	9394	9389	10214	10218
4446	2306	2505	6090	6094	6091
3588	4698	5411	6228	6226	7230	7420	8175	8176	9035	9405	9409	4611	9407	9453	9029	7672	10105	10075	10216
14	4354	6228	9313	5675	9316
2383	6891	1512	2849	5714
343	3510	4644	4911	438
3030	1741	977	3247	4564	5107	5909
1213	8272	9356	9007	4069	7378
3973	59	3860	5262	6220	6460	7394
3712	1681	4616	6401
1432	568	1588
2016	3947	7182	7990	8153
1726	4796	8639	8649	8647	294	3277	9303	9634	9632	10200	7030	9991	10052	10055
1902	5172	6931	4284	4555	2234	1465	3150	7002	7242	8076	8345	8346	9027	8494	7718	7192
3664	2893	25	303	212	8263	5714	2794
3724	8182	10102	10046
315	412	1061	4621	8530
1903	2333	3574	2068	3683	4099	6997	352	2324	195	6143	4074	9500	4718	2896	3315
4129	270	3301	3981	3121	4224
352	6161	1814	4365
1143	5475	6227	8029
3917	338	5347	7504	1805	1489
2264	7069	9410	9484	7078	7057	6884	5086	5440	6674	9548	5084	5085	9174	9175	8844	9869	9810	5502	5564	10284
3014	5715	6694	8195	8641	8646	9292	9312	9287	8392	9631	9442	9330	9995	8183	10108
4137	5974	7683	2730	294
939	1006	4464	4068
1303	3457	4767	9482	9314
4080	615	1980	1470	3765	3019
1023	1342	5175	7927
199	4713	6291	4863	4356
4286	6757	9029	9436	9590	7057
1858	1599	6582	7230	9934
4075	3408	9160	5010	4613	1366	729	6347	4526	6346	6399	7982	7983	9702
86	5660	6758	971
2787	5707	971	4502	3808	9590	5087	6388	9535	9784	10144	8184	9967	8203	7336	7337	9750	10141	9939	10021	10091	10136	10137	10146
3234	3978	3486	5262	3637	3084
4158	8638	8650	8614	8339	8004	8835	9184	8917	8315	9750
331	2850	3513	6942	8062	9327	8455	9431	671	7738	7739	8387
1361	773	3863	35
62	3542	7053	2636	1943	4443	1424	7833
1797	8151	4350	5229	8835	8833	9116	9303	5551	9405	9397	3808	9480	9485	3813	7888	3970	6057	7509	779	1900	9854	9784	9855	9929	3462	3091	7916	10175	7915	10167	5538	9221
500	233	7518	5668	7539	7796
3871	7296	7343	4358	8416	2858	3678
974	3584	9004	9007	9027	9031	2322
2568	102	1874	4379	1941
383	5958	6209	3839	6517
2839	6111	7230	7906	259	8833	7911	7912	9307	7907	7913	9308	9483	9437	660	10075	10168
1107	2224	719	7142	3116
3988	4245	4722	4243	4723	5297	5866	6464	4590	6083	8194	1734	8650	8639	8642	9187	9424	2437	9221
3775	2200	6462	1302	4156
3390	5278	8044	4548
706	5961	7060	9392	9304	9316	8250	9314	9315	9373	9505
1748	9762	9788	9850	9792
245	1294	3716	3490
3050	3610	5887	849	420	7277	9197	1026	8654	6938	8252	7787	7250	6169	7144	7221	5866	9259	1077	9404	2791	4757	9500	9116	9437	8796	4540	413	9799	8772	7686	9016	9842	9939	8183	4766	4176	10104	10235	9875	10108
602	3674	6411	6457	918	4284
2469	5928	8916	9108
4472	9116	3795	9517	7509	9708	9733	10167
263	4941	4392	5694	7818	7009	7679
1041	6256	3710	7684	9926
1499	6668	7076	9531	6492	8243
3953	8644	8027	9437	9188
3452	4011	9374	9399	9396	3796	9314	9315	3798	9313	9463	9464	9484	9174	9296	6720	10084	10088	10214
1790	4582	6694	9082	9571
3146	7057	476	4151	2971	7504	10184
2029	5962	5961	5959	6957	8029
4033	8393	6083	7239	9479	9436	9437	5140
2060	3909	6171	546	8352
2913	7953	5677
167	4641	7297	5242
1821	5707	6958	8251	9446	4566	2373	3180	2982	1845	9514	3057	5405	579	3275
2039	6291	317	5588	8816	739
3989	7906	8403	8548	8646	8554	8650	8546	1044	8027	8639	8394	8460	8393	9306	9185	9286	7661	9479	9110	2786	9454	9456	9309	9482	9396	8391	2785	2828	7806	9402	6277	9316	1953	7043	8350	7790
2036	7815	155	4931	6562
2719	7909	9190	7701	7706	9078	9018	9479	7577	8096	9454	9480	8083	9292	9253	9547	3352	6448	8901	7717	9929	9868	9941	7236	9707	8183	2205	6880	9794	9927	10242	10232	10236
300	2565	8548	4011	971	8250	9479	9481	9126	9174
742	801	1318	6197	6474
2493	251	271	4493
1806	2311	585	5003	5021
4241	8027	9374	9314	9029
871	1398	9537	6388
1904	8403	8392	9276	4611	6388	9634
1755	4404	5082	5366	5918	8070	8285
1209	2411	3688	3282	6775	7806	100
3006	2379	5356	5170	7054
1241	2459	7251	750	963	7723	718
1656	2162	1338	6228	9029	9707	10105	10135
3510	7890	7889	6464	8025	2050	3639	8024	7893	8497	9307	9536	8418	9389	9711	8912	7509	9841	9745	7872	9934	10077	10046	9221	10128	10085	10171	10173	9847	6618	6706
3567	3854	1345	2238	3735
2133	2468	5844	6226	8027	9481	9453	9437	9480	9484	8657
4140	4538	8547	8027	9200	3796	9406	4611	9309	9312	9391	9393	7907	9292	9286	9308	9314	9315	7911	9175	3807	9305	9374	9630	9707	10138	10130	10234
3345	2932	3926	7906	8637	8644	8027	7970	9391	9111	9307	7789	7790	9175	10076	9971
3803	6708	2205	2821	7583	7721	4521	5040	8449	5579
2281	9630	10148	10084	10085	10191	10238	10087	10088	10133	10214	10215	10218	10237
175	6226	7309
513	1842	4868	3385	7522	4867
676	6853	5984	2682	3653	2950	504	9765	9162	7507	9793	1758	9630	10029	4280	8992	9192	9296	9193	10104	9721	10169	9221	10038	10085	10168	10285	9907	10061	10297	5865	10215	9722	10191	10218	10286	10238	6602	9674	10259	10268	10269	10335
2975	4157	5880	2994	6227	6758	7425	7488	7970	9034	7789	7790	10077
1666	5426	490	6159	7366	2863	195	1626	4342	5177	6928	7687	8653	7683	7820
2372	2160	7054	4521	7938	3815	5053
56	9401	9304	9392	4611	9303	7907	9399	9402	7911	9292	7912	9477	9590	9373	9390	9436	9437	9029	6188	5087	9635	9302	10138	10135	10092	9750	4520	10243	10233	10087	10089
2573	535	5671	234	3272	3417	4076	8258
4143	8504	1674	2443	970	9035	9124	2787	4502	7913	7911	7912	9312	7993	9395	9026	3798	8082	8252	3796	8254	9310	9517	9029	9436	9437	9174	5084	6188	9538	9762	4449	9221	9706	10119	7216
3255	6011	7545	8545	4011	8253	9398	4539
4428	5832	1365	5182
281	3965	5974
1594	194	8936	8349	5658	5848	7161	8170	8097
4149	4723	2734	5356	294
1977	2881	3722	3726
3818	3862	3866	9000	6226
524	3923	4134	7906
3512	5470	6982	7275	4936
4230	62	4699	7908	8638	8643	8002	8647	8842	9308	9304	9307	9374	7375	9837	10138
1380	4113	8641	8642	8643	8646	8650	8645	8648	7883	4178	9407	3796	8082	9855
2206	7369	6956	7906	8107	6312	8029	8640	8548	8460	9125	9313	8255
1564	6600	823	6957	8554	4502	8917	9398	9313	1891
4239	3608	7378	8623	4327	5712	6758
2856	4134	4077	4699	4700	2828	9437	9390	9175	9571	9330	10163
2760	313	3750	4546	6905
3065	1770	487	158	7890	7891	3705	217	5800	3570	5100	2082	2522	5803	7892	1462
2645	1588	2795	8640	8645
135	159	4897	4895
1957	878	7540	6535
3727	6747	6859	8546	2813	6220	7471	6751
4409	750	4397	7251	4115
1575	3923	1398	4722	3795	3798	3808
3771	6763	6164	8649	8614	9374	9484	2828	5085	5086	8250	9436	6057	8901	5984	10106
997	4314	3494	3276	5175	5800	7258
915	3418	5220	5824	5800	9900	2489	5177	6409	2765	9522	4213	5179	5040	5457	5175	154
674	8390	6624	9613	7905	9433	9929	6719	10107	10132	9939	10145	10150	10235	10243	10088	3348	10250
4451	7421	8418	5087	6188	9799
2050	2465	963	3523
3717	79	3834	2168	3986	1721	5842	7485	9495	226
1741	6650	6787	4771	8554	9314	9412
2547	294	1844	2050	3277
2253	6050	5896	2392	9026	3239	998	1955	5941	8073	8174	3964	3277	7925	8433	8434	2801	189	7912	7979
3672	3665	3666	921	1036	7522	3461
3962	1345	3590	9477	9022	2753
1517	5689	2326
901	8194	2615	5994	3952	8647	8003	2784	8835	9034	9035	9313	9314	9482	9536	9394	9389	3611	9538	9629	9571	9535	9539	1098	9941	9445	1628	10037	10084	2878	5640	6720
3644	7621	8547	8027	971	9175	9429	9174
1415	4155	5774	8637	8641	3707	8835	9137	9139	9123	9303	9373	9389	5085	9411	5951	6719	10108	10128
1476	8523	8330	8449	1479	2321	3941
679	3490	4088	4972
3191	2993	3612
3837	7545	7910	8548	8029	8737	8833	9116	9336	7661	9436	9631	9442	9630	10091	10181	10104
2841	146	193	2699	157	10000	476	7916	5661	338	1345	480	5168	8469	9317	6560	8596	5662
4255	7026	19	8267	2884	4029	6355
748	6634	985	522	3621	230
3903	8175	8029	8644	9315	9391
3496	4844	4371	880
4469	2609	2684	3141	4321	7355	4497	9024
2906	6833	7880	207	3811	8102	3917	4233	4315	4991
4374	4620	610	869
4228	7039	7185	7535
2278	6758	8029	8403	8548	8645	8027	8554	8642	8650	2785	2788	9630	10002
2967	4807	3511	6598	6584	1818
4063	1934	3452	1733	6103
3099	8547	8546	9139	9406	9405	9479	9437	9029	6057	4125	10237
162	7908	7488	8545	8027	4502	9396	8392	2785	9313	9394	2828	9389	10132
1422	1516	58	68	470	476	2081	2276	2409	3768	3781	3858	3973	4306	2237	4354	3116	5701	4938	2281	2411
2646	7679	9288	4606	2429	9854	7840	4202	6576	8161	9900	9971	8181	8182
3259	4778	7499	2586
4322	220	5959	8548	8643	8393	8460	8394	9388	9537	9536	8183
3722	78	8768	475
1173	10031	763	10208	5616	8472	1845	8013	9912	9950
2196	8107	8403	8029	7479	2278	2787	2788	8917	9393	9395
3242	8002	774	7790
1072	1649	10232	10231	10104	10164	10102	10331	5898
502	1432	1433	7955
1713	7661	9125	9288
866	1126	1395	3829	162	309	2351	8720	3018	2082	7236	1847
3203	6582	8640
3139	4447	4224	5884
891	6131	7610	7816	44	2138
3053	4161	6019	259	1704	2813	3112	5479	9085
1474	1307	1366	3751	71	3763	4296	3796	1940	1090	2533	2946	1287	8640	8641	5020	971	9138	9139	3805	2072	8532	9406	9407	9436	9480	9550	4513	5085	8304	4958	5727	1217	10252	9363	1958
601	8107	8027	8547	8546	8554	9053	9399	3798
2423	5262	3077	6350	5575
1794	5170	4659	7705
4120	7987	5644	796	2250
1784	8107	8614	9456	9313	9316	9505	10132	10152	10166
2057	242	4145	8648	8649	4506	8647	8027	971	5262	9477	9483	7910	8418	9292	9410	9485	4540	7789	3970	9411	7717	8912
1039	7910	8644	8637	8391	9312	9310	9397	9292
683	6957	7910	8645	8640	9632	10138	9847
1472	6559	7014	9226	5171	479
815	3401	3015	152
4440	6456	458	6969	3831	3245
1430	3650	4215	6792	8689
988	6085	229	4566	6859	8174	3025	8096	8476	9009	8168
1358	6226	8029	9035	3807
3631	2403	7902	7903	8494	4902	8495	8405
3689	982	5783	4299
3058	2481	1600	3382	4358	8645
3629	3348	2241	1998
4271	10147	10156	9949	9990	9992	9980	9989	10233	9991	10055	10058	10059	9996	10057	6884
4156	7453	3519	4011	8029	8638	8027	8835	8833	9395	8251	9590	9388	9536	7790
1525	1106	5072	8850	1174	6434
104	7603	7957	8544	7945	8220	5091	8731	8221	8991
1133	8107	5675	9314
3275	2689	4116	6862	8065
484	2438	2481	2565	3382	3999	4245	4354	4242	9436
3812	10157	9827	10233	10218	10191	10259	9782	10079	10338	10057	10059	10055	9907	9948	9991	10056	10058	9996	10054	9950	9912	9951	10352	10196	10351	9876	10184	10279	10283	10336
320	3457	4698	5866	6226	7420	6957	7906	8027	8496
2291	4159	4125	4813	3563	2147	1202	4678	5265	6783	6360	9868	1305	7694	5400	7251	2392	9909	10055	10057	10059
872	293	2864	8630	2484
1914	398	6658	8958	3375	6020	3042	6591	7468
3140	317	2346	1342	1010	2893	3360	7727	7901
388	178	1681	3959	4037	4296
1760	3649	491	630	5216	6091	6094	6483	9203
2875	307	6553	8534	10229	1069	1132	6665	7723	9220	22	78	2996	6360	846	2122	1568	3143
3804	1053	1743	330	186	8322
3218	5501	6853	8196	1674	5133
3828	7375	8876	6884
778	5475	9125	7993	9308	9480	9389	9485	10150	10231	10252	10216	10236	10238
3185	1380	900	194	3860	4127	4315
4251	2404	5938	6027	7010	8029	2784	9175	9692	9418	9735	10170
2582	713	563	6226	6600	4441	5229	8890	9138	9187	9286	9307	9547	6091	6094	3723
896	7060	8650	2785	2788	8391	8394	2787
2312	2665	1874	2600	2161	4521	3069	3284	4424	3558	4982	6430
2783	5000	6761	1905	59	240	1392	4139	9359	2436	3417
3356	6266	6065	2653	9406	9407	9399	5085	9537	9029	9373	9387	9750	10132	10134	10136	10137	10142	10143	10144	10135	10169	10084	10133	10214
849	3162	4044	2731	6733	5532	6360
584	1352	1533	4098	6688	8647	971	9276	9536	9314	9404	7717
4167	3997	4134	4157	4700	5880	6227	6226	2788	9110	9303	9306	9310	9542	9941	10032	10139	9719
2461	2144	2380	3490	5098
1477	25	1385	6234	8531	4647	4072	6296	7895	8347
2186	7333	4538	6957	7908	7420	8175	8641	8644	8029	8496	8647	8549	8890	9116	9407	9456	9436	9330	9177	679	10076	10231
4338	5045	7550	5918	8565	4402	8353	2392	7699	9026	9697	1984	8029	9308	9585	880	6243	6812	8079	9926	3679	7792	7925	3393	8488	9162	9159	9695	9575	7687	3150	8870	9578	9025	9303	8075	8214	9533
2965	1637	6608	5463
714	5950	3203	6763	3204	2088	4078
2208	2102	5007	5133	6095
2410	8181	9221	9847	10085	10231	10232
4365	5866	8328	9498	9484	9436	8083	706
2165	837	840	842	853	1064	1105	1151	1402	5617	862	3649	1225
3998	1481	1884	7319	8984	3229	9693	5301	9619	9573	1253
1719	3741	5297	5866	2791	6464	7421	4954	8029	8554	8027	8545	1800	7967	8347	8083	9175	9571	8183	10075
2881	397	2476	4155	4241	4720	6226	6582	1596	6758	8176	8029	7239	7679	8917	3795	9020	9692	9571	3352	997	8181	9178	9750	10166
2481	6485	1720	9490
4340	3537	1166	4807	7948	3223	44	475	5010	7011
1556	4758	768	3670	5176	5177	8751	3049	5398	6737
3011	9512	9527
786	5040	2437	3434	7911	384	3417	5307	3574	8251	38	6141	6884	9370	3649	4315	9934	10029	10064	4509	5168	9201	9876	10076	3901	4857
2551	7878	8480	7105	7832	8812
3309	479	107	517	2508	1034	7010	5500
4004	3382	1398
2232	3295	555	2173	1365
2945	7574	8485	8758	7043	7198	7976	9005	8476
2632	1600	2334	3638	3457	4023	4720	5450	1876	4726	6758	9571
2845	7142	7421	9409	9632	10172
2154	8697	90	8846	10113	8959	4206	2328	2821	5468	6342
2310	8800	8184	10145	10091	10136	10144	10157	10169	9971	8181	8182	6674	10139	8083	10141	10140	4751	7372	9676	10075	10167	9827	8842	10061	10220	10238	10218	10314	10215	10084	10268	10259	10308	10335	10269	9782	10279	10336	10283
3823	944	421	2230	9197	2109	9711	6529	2907	10231
4471	2377	2089	1034	4685
3568	1860	4261	3771	1829	6201
3454	7312	213	3797	6360	4366
1296	1549	8637	8640
295	3490	4291	6083	7906	8428	8638	8640	36	8614	5294	8296	1572	8773	6650	7882	2814	9123	9405	9241	7790	5084	7695	8901	9841	5030	6805	8290	9985	3922	9971	10104	10190	2993
2104	3579	5463	9155	8997	9154	5220	8283	8940	7556	4521
425	1146	3614	757	3718	3719	2233	4720	4723	4767	5660	5092	3848	7909	8641	8646	9437	9571	9855	4807	7447
1154	1043	3865	7909	3797	7910
2017	1735	2185	2732	3254	8850
4	9314	9477	7724	9174	9175	5085	5086	6188	5084	5087	9442	2220	2449	10175	10135	10147	6228	10108	10237	10133	2898
1413	575	2171	2359	4218	4488	5809
4390	2560	2700	4618	8771	2471	2707	6690	7389	7525	8236	2434	2608	3177
1238	8107	8554	9303	9306	7912	9305	9307	9402	9314	9391	9392	9399	9401	4611	7907	9304	9308	5551	7911	9393	9395	9398	9029	7583	7593
1863	119	2343	4063	6464	4216	4419
754	2476	2233	5263	5297	9185	9692	9929
2212	6014	1500	6136	5918
1293	7960	9223	9349	2205	5091	6810	9005
4264	5458	333	2813	2849	3815	8712	8814	9345	51	2000	2459	9210	4654	7592	1369	2085	8767	143	8772	155	2917	3822	5457	9803
4144	6039	258	3047
1917	98	1999
3448	9762	9999	4469	9082	1483	5350	8353	9895
1818	7907	9407	9455	9481	9029	9536	10148
1172	4127	6318	735	2086
489	8861	6793	8476	8617
2175	985	5575	7149	5988	7142	8258	2841	3905	1402	4112
4246	7191	476	249	3385	1972	9825	474	1813	5700	9879	5732	9762
3849	982	7391	971	4113
2801	2813	5163	9037	6575
378	56	205	3297	5137	3078
1268	2438	3904	1989	1607	4720	2740	6582	8460	7509	9632	9307	10167	10252
544	3159	9965	3517	7276	8173	9060	9435	944	3365	8097	8802
3811	3171	975	976	3675
1140	4656	7994	10081	10352
2309	5279	5506	7976	8195	8476	9554	9555
3270	636	3685	3417	4125	6672	5220	2281	6480
1019	1264	9	4802
3815	2224	3797	2492	1232
3418	5819	7375	681	9793	9837	9869	10041
2710	4849	7125	8096	8585	9209	9279	8035	5704
1343	7488	8737	9929	10148	10155	10104
3606	443	1673	4345	3999	1364	3628	4507
1947	3804	312	929	4148
3608	3136	8580	4297	1166	7383	133	758	4370
2769	294	1845	6962	8427	8286	928	6693	7930	5848	5574	3625
2595	2565	131	4243	7908	8548	3805	10134
516	226	6195	4428	9537	7069	7057	7078	3497	6884	4195	8852	870	8224	3963	7520	1505	731	3959
926	8549	8737	4539	9485
2576	7288	7435	3663	4067
406	1190	9061	4948
127	2448	2565	6111	6582	7910	8637	8833	9485	9631	8657	7537	9188	10076	10236
3264	3638	3741	3997	4354	5707	8176
232	9802	8668	9866	9884	9629	6019	9632	10081	6464	9820	10304
909	8088	8286	6019	4566	6108
2672	8460	9287	3798	9437	9483	3970	8912
1314	207	226	731	1381	65	3815	615	3751	1542	127	568	1044	3848	1945	1636	3174	4371	4127	5060	3845	6871	7601	2853
1138	3911	4146	2396	5880	3066	7333	2109	9393	9692	9571	8876	9733	6160	9939	10076	9178
325	2302	1881	2172	2751	2971	3078	3874	3876	3878	4041	7527	4227	5946	8185	7783	1777	4677	8894	1955	2000	3538	4575	4919	5177	7572	7688	5109	4346
353	4048	7067
2098	3167	1388	234
3271	3348	6304	677
530	7988	8833	854	1262	3807
1017	2786	8392	7913	9189	9303	9306	9407	9479	4611	9312	7907	9309	9311	9292	9313	9424	10021	10141	10142	10143	10144	10146	10132	10135	10234	9750
1157	900	1158	3658
358	4011	8644	8835	9311	9397	9627	9411	9868	9929	9177
2540	579	1465	2594	293	1166	4091	5279	8574	2128	1924	5390
541	610	7420	8638	172	8835	7479	9336	9287	9388	9307	9304	1262	3807	7254	9537	5084	8772	10076	10145	7724	10133	10190	10222
4348	2787	4502	9138	8496	8391	9125	9312	2785	2788	8392	9292	9397	10147	9750	10134
1313	7125	7593	8096	8174	8476	9897	6059	9555	8909	8347	7869
1482	2481	3904	5962	7906	6815	8649
956	6228	7849	1365	1366	8923	3025	4566	6360	7531
1744	1178	3537	1121	4618	2129
4108	1118	294	2630
1876	3348	142	2573	5311	4966	8562	1365	2360
4202	6346	7982	1707	7958	152	4626
2858	5656	6174	5532	8223	3093	3078	971	3555	522	523	9479	3808	9409	9404	9481	5084	9175	573	2109	9632	10064	10132	9750	10169	10139	705	3601	10332	1625
1519	5669	5655	6819	110
3714	192	464	9292	7724	5223	750
636	5887	6321	5131	5379	3246
3902	3741	3997	4146	5296	3310
69	2100	3487	2325	2332
2428	2458	3216	5262	7578
3473	5263	5774	6312	7234	8647	8251	9483	9394	9436
3600	396	2336	2437	6635	674
3836	5072	9088	5	3012
1905	3712	4714
821	8156	8259	4184	4208	4420	5925
2998	6227	8545	8648	7913	9176	9750	8184
4292	774	35	3819	4352	6810	8592	579
3990	3098	4751	5957	616	6229	5782	6280	3844	3473	9093	1381	7787
1808	7605	7051	774	8082	9477	5532	9405	9453	9437	9373	9387	9436	9174	9571	9854	5077	9302	9542	8183	5577	9971	9853	10237	7604	10088	10084
416	8560	8761	4517	479	6627
1737	5223	3814	3968	1000
1549	3741	4767	5866	6312	8546	8029	8256	9029	9174	9175
2724	9837	9821	9836	9869	9870	10050	9733	10196	10263	10283	10084
3844	3638	4241	5296	6757	774	9185	9437	8876	8183	10146
2513	8639	8029	8545	8027	7349	9374	5262	9314	9292	9394	9505	9175	9411	10151	10152
948	9382	9157	8155	10069
2833	1228	2370	2917	8346	8485
4226	2007	2123	2554	854	2009	3463
2627	3741	8029	8834	3805	9436	9437
3143	4134	3975	5660	8029	9304	9174
4425	10102	10164	10148	10149	9949	9990	9992	9948	10052
1574	2863	3577	4957	4304	5177
4337	5450	8176	7906	8554	8835	9053	9111
2508	188	6497	9430	1418
391	3999	4145	6111	6228	9029
1722	2879	5078	5159	5273	6024	8456
3569	3431	4158	6207
3188	7593	8096	7125	8174	729	1345	1842	3239	7784
1555	3670	8630	1258	366	1228	1641	8204	3075	4632	122	2829	668
4038	2468	4155	4146	4722	5411	6312	6758	6959	6083	7479	9125	9288	9633	8183	10002
1758	4158	6645	8882	1381	4416	4124
4468	1747	1681	3649	404
4244	7925	7936	10192	10258	1385	10321	9743
1853	4126	4333	4418	5029	1184	6270	55	1126	5184	6787	2460
3379	143	254	7714	372	4658	5612	8772
993	6763	8194	8029	7479	8614	8253	9312	9437	2828	9138	9174	9389	9724	9629	9995	10002	10021	10173
4394	3103	7444	7457	5904	7705
790	250	551	2082	2599	3402	6066	6070
2970	2840	3118	3705
1551	3348	205	1463	2550
677	607	3670	2863
3709	4258	4262	4263
2188	7370	8545	2784	3796
2112	6835	7280	9294	2253	7705	7583	9356	9554	9556	9811
3841	9446	9437	6188	9174	9535	9539	9750	10092
4183	4464	6075	6449	7033	8461	8476
3407	8167	971	3979	5464	6989
2182	740	2627	2579	1822	6699	952	1366	2615	6433	6170	7807	6528	6987	3239
204	3808	9314	9405	9409	9453	9454	9455	9456	9477	9253	9410	9537	9484	9485	9174	9175	1438	8181	10136	10137	10140	10142	10143	10144	8183	8184	9939	10085	10147	10202
547	9624	2406	4974	248	2954
4392	6265	6266	1448	6841
4170	1379	458	8029	3795
3200	1407	3446	3638	3719	3718	3640	4245	4243	4723	5296	1670
518	7425	8403	8497	9137	9303	9485	9029	9175	10166
3716	1302	6227	4712	8176	9311	9253	9868	6690	10175
2809	2947	4767	8548	9406
268	5040	299	3643	4126	293	3402	4323	2255	1938	3420	1654	3670	5175	7898	1810	2523	1674	5252	4548	95	3139	3433	3696	6506	4442	44	967	6927	1465	1937	17	2921	4534	2390	5610
99	6582	2615	7724	9626	3970	9411	9629	9855	9542	9634	7522	10038	10216	10217
3640	9956	10063	10093	9895	10194
2089	2481	3382	3923	4134	4146	793	1786	8027	1429	9442	9302	3442	7588
1164	6464	7453
2901	8648	8649	7910	9190	9185	9189	9303	9306	9305	8083	9854	10107	10037	2971	10202	10243
3959	6757	7421	8027	9481	8391	4502	9479	7911	8876
251	3939	4485	3857	467
1342	7906	4011	8548	9288	9636	8315	9873	10163
3252	4114	8953	1324	4532
2219	3997	5263	5959	6226	8553	8644	8645	8646	9401	3795	5505	10220
1221	10080	10083	10091	10081	10064	10156	10279	10084	3986	10214	10218	10059	10314	10338	10325	4042
3389	7234	9396	9394	10150	10149	6720	10252
2512	1567	1365	1366	8835
3115	8029	8649	9311	9188
4159	900	4777	4472	4666
3231	5263	5961	3128	4666	3798	4611	9399	9477
2836	6226	7420	8496	9200	8249	9479	7375	10143	2433
11	9110	2451	9388	2828	9373
604	692	8640	8649
1318	3747	9127	1500	7993
213	1825	1895	166
2571	246	998	4126	1001	1724	5475	2336
610	8825	633	8606
273	7980	7873	7908	4011	8029	8545	8835	9137	971	9336	9409	9437	3805	9444	9454	9480	9692	9711	8033	8183	9939	8184	10130	10152	10231	10215
4098	8029	8027	9626	9174	2109	2110
3169	971	9404	7648
2590	7871	7072	1499	2199
1780	759	3807	1728	2460	8549	3796
883	8737	8650	8547	9393
3035	3951	3982	4387	9683
2693	161	1916	227	1300	2340
3767	1222	9292	9313	9104	9315
485	1979	1630	1654	1937	2255	3197	4135	6271	8096	5834	6240	7002	3296	9791	9145
1976	7060	9111	8917	9442
2851	1600	3718	4245	5866
3239	4720	5774	6312	7908	8403	2278	7661	7375	9454	8254	9481	9453	9627
4278	6241	6263	6266	7186	3353
641	6758	8640	7970	7479	9406
2368	6111	7421	5458	8496	8614	8003	6412	7390	5041	1471	147	5941	9310	9437	9547	9175	2466	9535	9538	9330	9635	10105	9221	10104	10139
3387	78	8639	7970	8251	8394
2688	1808	3903	8350	8554
4114	5048	1180	8640	8650	9138	5229	9288	9405	9409	9410	9176	9188	9841	9854	8687	9542	1840	10089	8536	9530	2336	10171
1498	1280	5175	5554	8048	8089	8284	3478	5712
2917	2582	3698	471	2741	7894	8035	3127	6324	7582	6381
2324	852	1238	4919	7754
2539	184	2079	1351	6112
2984	1006	6481	3150	9026
1331	4720	5844	6226	7142	7369	1786	7488	7349	9124	9404	9330	10037	10006
71	9842	4566	516
794	7102	472	5343	8577
23	2278	9288	8917	9436	9437	9480	8901	9549	8315	9855
1765	7336	7337	4493	7354
1158	6464	7369	7453	8029	9053	9480
3483	5296	3865	8175	9138	9123	9484	9302	5674	6714	9971	10150	10202	10243
2936	1008	2536	1908	4271	6603	6758	4607	1415	2512	7785	895	1582	5662	3697	8873
2596	4154	5411	4156	5315	4899	7342	7693
1587	6142	7385	1638	5091	6810	8096	8731	9155	9317
1463	3264	6280	2771
1774	273	966	1459	5134	7643	274
1673	278	8308	8339	233	9026	4877	5997	4626	4705	4894	9336	9663	4363
880	7912	9392	7913	971	9477
4220	7039	9801	9328	10065	10376	10082	10258	10212	1385	10116	8624	10322	10196	10263	10283	10336	10321	8669	10004	10342	10323	10161	9743	10209	10241	10337	10350	10351	10356	10357	9623	10041	10352	10295	10335	10296	10246	10365	10044	10364	10371
2192	7371	7910	8553	8650	8547	8646	8548	8554	8639	8647	8393	8460
4042	2574	4226	2324	5990	2572	2962	7846	5216	8983	9268	4838	4491
2780	1365	3861	7333	1347	7980	971	10164	4903
970	842	2438	5140	8876	9745	10138	9971	10104	10220
2526	9483	1179	8138	43
1712	3718	3640	2407	3346	4244	3356	7142	7420	8195	8614	4113	9842
3183	3641	1398	4354	4157	4149	4150	4153	4722	3502	1533	4418	1786	8403	8029	8638	8643	8497	8027	8833	9286	5675	9137	9517	9307	9388	9410	9174	7717	8184	10167	10102	10150
1994	761	4600	8071	1969	4972	5525	1630	2391
1827	8195	8029	8549	9745
1753	1062	5938	5613
2132	8650	8027	10216
3801	6643	4608
2532	1324	2082	2747	2930	323	4316
2692	915	8614	5308	9034
1545	7906	8403	8647	8890	8392	9406	7679	9388	9392	2074	9307	9393	9395	7907	7912	7913	8965	9309	9311	7911	9505	9680	8876	8912	9784	9869	9870	10136	10149	8181	8182	10091	4125	7724
3172	8052	7145	545
3920	1179	1093	897	2245	862
698	884	3621
1569	8614	7136	9304	3808	9305	9505	4540	9590	9174	9692	7717	9784	10137	10170	9960	10144	10168	10220	10236	10173
2146	1261	1508	1638	7177	7392	554	1545	1823	2652	5075	4091	8132	8135	8134	3907	8136
925	5277	1441	5644	10080	9912
1725	4730	819	1355
1699	1632	6464	4347	7434	8650	3476	8641	8647	2394	8835	2786	2787	9137	9455	9456	9253	9537	9410	6205	7790	3970	9176	9855	9709	9941	9630	9632	9735	8182	10134	10075	10221
1322	3072	3670	5021	4666
4459	440	2602	6351	9054
4180	8394	8181	8182
2837	5106	5277	6550	7801
3677	1407	3382	4242	8917	9547	8657
2666	1144	4116	6015	6257	7542	7870
3068	2438	2481	3446	3741	4157	4146	8545	8638	8643	8027	8393	8835	7884	1262	9590	9854	9418	9929	9733	9735	10106	10175
900	9184	7909	9483	9409	9482	8182	10105
2636	5155	6268	7681
83	1949	2813	739	4863	7037
2030	1938	1398	2447	4077	4720	1269	4699	406	5141	1090	5263	2785	3140
3758	1481	4267	8188	6502
2895	397	2201	874	2508	993	9241	9029
357	441	8258	2817	7149	4821
100	8029	8647	8393
2236	7908	7970	9035	9389	8392	8029	9188	9745	9629	10170	10140
3865	8553	4011	6712	6711	5851	8496	9371	6726	9650	8285	10191
755	6083	8646	8553	9175
906	3549	5884	5084	7985	6798
4121	172	3566	5003	4493	371	1982	7356	4377
374	1997	2806	5505	5644
1201	2481	2448	4354	4723	5959	7488	9185	9287	9175	9733
700	188	8050	1530	3900	6134
2048	3856	8175	8031	9479
3774	1398	5470	6228	6763	705	8639	8650	8027	325	1842	2930	3183	9109	9505	9868
4274	2347	6081
2994	1048	2031	8816	6602	382	2030	8962	7483	1812
163	2658	5374	6733	602	3222
3499	8445	1784	4210	8088	4099	2268	8040	4186	8110	2566
615	1345	3666	7374	3891	2894
3885	2937	1357	7507	9085	10096
2216	1743	209	293	4438	7008
2445	6455	7178	5572	5316	6135	9287	9630	2176	10083	820
968	1413	3497	701	2072
4213	2206	5091	6973
51	1297	2104	6936	7471	3543
728	4134	6773	8647	8640	3810	4883	5535	2784	7912	9189	7913	3747	8254	9444	8418	9387	9590	7789	9536	3709	5805	3430	9178	10167	10102	10231	10235
2748	1333	4754	6561	8097	2615	7762	4643	6622	3270	3538	4114	4300	7870	9544	3494	4105	7049	9564
1548	3622	4125	4247	1681	229	451	2442	2641	4972	7247
1494	6615	1826	6362	7629
2580	1820	5624	7908
816	1545	5799	6331	2730	6365	768	915	1595	7268	7890	3348	9166	9508
2256	58	1418	4258	5052	2160	2256
2047	5836	1521	5225	6621
3882	5190	5045	1345	2768	7379	7311
1065	5719	4235	2451	7143	4667	3031	3493	5260	933	2220	7473	26	7799
3260	5294	8426	9666
253	397	1157	465	3887	6227	7908	7980	8640	8549	8644	9276	9315	3808	5262	9390	9437
4086	4699	6111	8176	8002
619	8175	8644	8614	9444
2459	2104	1770	563	1499	1958	2103	2693	3560	6824
1074	8249	6334	9410	9437	9590	9389	9174	9221	10091	10145	10181	10128
2049	6213	2716	1850
4071	48	5219	9017	9414
3276	4077	4241	4722	4723	5450	8175	8650	9374	8253	9409	9388	9536	9442	589
1445	2408	6083	8403	7142	8027	8646	8650	7479	7661	8394	9287	9028	9388	9404	9316	5086	6188	9538	9841	5984
496	9365	1681	2399	6427
3018	6046	1156	8473	1190	643	8458	6768
362	2961	4914	766	637	1124	1568	7432	9093
2650	3999	2278	9174	9175	10163
1230	5262	9627	10002	10141
1560	2180	6226	484	1817	3859	59
2562	3580	2876	8753
1859	317	326	739	1642	1904	3586	3793	4863	5350
2468	2232	4513	4554	7469	5016	3703
4044	10092	10132	10134	10157	10145	10146	10136	10137	10143	10144	9750	8181	8182	10140	10141	10142	9939	10135	10168	8184	10139	10147	10169	9827	10075	10148	10149	10155	10172	10087	10089	10191	10239	10133	10214	10215	10237	10238	10218	10263	10295	10350
2215	2468	1786	8393	9035
2355	1327	799	5866	3088	8645	9629	7930	9302
467	30	4246	4163	8815
4203	5774	4611	9310
1486	6582	464	4361	6957	1189	6960	7890	8626	8546	8642	8548	6685	6376	2787	8392	2785	9407	7907	7911	7993	9304	9305	9307	9391	9308	9303	7912	7913	9482	4611	9053	9276	9399	8083	9309	9311	9401	9389
3031	2896	7925	7976	8096	4114	8597	4532	250	566	6750	2898
3703	434	1088	610	857	1161	156	6312	561	9424	8912	8876	9177	9745	9633	7244	9635
4095	2031	2770	2771	2903
1198	1371	1374	2064
3316	5501	5060	7116
4214	8403	8548	8614	8640	8027	9139	5675	971	9390	9397	9810	8184
1796	6810	4943	2923	5259	4274	304	3150	3397	6858	7986	6856	2813	6158	1444
4283	719	2378	3098
422	4691	667	6905	586	5023
2348	5783	6083	8403	9454	9630	10105	10175	10172	10256
1880	3677	5225	7583	7671	2205	2821	6810	7957	9027	8220
141	5475	2278	5984
1391	4237	4339	2410	5562	621	2866
2350	8645	7913	9125	9287	8418	9405
1000	8644	8614	9304
1442	4242	6228	6226
1252	4497	107	5992	3625	523	307	914	3149	1676	3876	5591	3064	4425	6592	4472	70	963	7391	3164	188	1499
30	441	442	7980	8641	8646	2784	9311	9388	3808	5262	9316	9174	9630	9711
1170	2922	405	1780	4647	409	2242
2342	3853	2281	3457	4354	4722	5470	8176	3150
2499	8640	8641	8645	8835	9190	9409	9479	9406	9175	9630	9631	9542	9855	9302	9745	9735	10002	10046	10214	10233	9955	10013
2298	3344	1202	2233	3912	4241	6757	6083	8545	8547	8553	8549	8647	971	9307	8249	9286	7907	7912	9253	9485	8377	9552	9627	9630	8657	3173	5984	9929	5674	8183	9221	9971	10087
2045	1835	5552	7004
1047	3649	5715	2730	6509	763	1506	7159	8542	273	8334	8436	486	9769
3821	8647	352	4789	7583
1044	2271	2377	661	168
1012	3400	1340	4091	4618	2088	5151	6136	6464
1871	7873	7406	8642	8548	8647	9392	7679	9288	8251	9391	9396	9398	9395	9313	9316
1425	2993	5961	5774	6762	8546	8549	8650	8027	9053	8917	9288	9446	9406	9436	2828	9292	9407	9437	9633
1767	5662	7504	8542	9203	3920
2419	3778	8027	8647	8874	3805	2785	4502	9292	9590	9316	9437	9436	9411
3402	666	959	2830	3446	639	497
696	4457	5429	5169	7051
556	967	2255	669	7905	5681	8817	7985
2238	2396	5297
3620	3319	3446	1689	2281	7488	9314	4540	9330	10046
1249	1630	3736	44	4697	7680	7617	2634	7291	9120	5753	5680
2593	2203	5477	6392	2983	4845
1008	8545	9436	9174	10175
2207	1452	59	225	5864	3777	4140	5067	4079
3814	4241	7234
371	5853	3086	5800
2735	9356	7125	8982	9007
2367	4962	6360	8671	8727	8728
399	7873	5143	4329	8638	8642	8393	9138	9116	9308	9482	9410	9389	9626	9542	10046
3484	416	6606	9868	10052	10054	10056	10059	9991
4059	6235	5262	4124	2072
3101	4817	7678	6598	7888
3696	9	2204	2399	3208
2943	7054	7902	5700	9247	9481
833	5342	7061	7074	7338	823	1207	3366	4344	1866	2914	3112	5282	5838	6849	1126	2134	2537	2661	2999	4013	7567	3	6512	3159	610	6624	420	8320	942	3348	6053	8405	5998	5040
1586	6312	8549	9394	7979	8985
1369	8549	3807	9390	10163	9721	10237	9722
448	8029	458	2154	7128	8027
1095	5959	8142	6227	9406	9138	9405	9410	8912	9745	8181	8182	10166	10181	10170	10200	10231	10235
2405	516	1839	5095	280
668	5296	8553	9221
734	1589	5603	5703
2515	6313	2523	4464	7645	6222	508	3419
1830	2532	4356	226	971
4429	2062	2488	2216	4289	106	3039	1049	157	4037	8278	3649	5187	1551	8640	298	1343	1770	80	8104	6244	8457
2611	5411	8646	8403	2784	8391	9307	9482	5084
830	5881	7004	1808	535	635	2053	4069	4667	3150	3558	6374	352	6464	8833	4365	6375
1186	383	1385	2755	2199	898	2187	2889
716	237	2459	2102	2392	3983	2432
1634	3051	5429	5430	7477	6007	8637	8644	6609	8772	1631
337	6247	7447	4744	7925	6255	6508
97	835	7980	9276	1147	9126	4147	6700	9394	8315	10147	10102
4326	1637	8476	8988
2027	521	1785	2877	244	419
195	1392	1398	4095	4760	8107	8280	8641	8650	9373	9387	9389	6057	9841	9708	1427	10218	10085	10084	10088
165	2844	2884	4284	5003	7550	8722	2252	2512	4133	7063	7081
1676	8107	3172	9309	9437	2015	7803	1419
1255	3257	5297	5862	5424	6959	3231	4071	6464	7873	8403	8614	8643	8027	6351	8394	9138	9116	9187	9453	9405	9407	7911	9307	7907	9454	9456	9571	9709	9302	3039
1618	7234	7060	7906	8549	8647	2784	8835	971	9392	9398	9313	8250	9276	9480	5262	9316	9505	4540	9390	9410	7789	9175	9692	10151	10138	10233	10152	10252
4358	3329	7375	9138	9392	9292	9303	9304	9305	9306	9424	9437	9397	9542	8315	8876	9188	9855	9361
3830	2102	6226	6237	2072	6228	6716	6919	6658	729
3485	420	966	5450	2521	3025	568	723	5692	421	452	6340	788	6994	417	674	1943	2051	7522	971	9315	119	226	1969	5294	6464	9409	9405	9410	9453	9841	7456	9635
512	3376	275
452	2168	9026	9548	10258	10080	10263	10283
241	2817	7043	2813	774	2473	3260
3515	3111	3388	5768	5900	7249
26	5139	7703	2428	3678	5049
55	3382	3741	4155	4168	4146	5411	4699	8176	4011	8029	8549	9393	9395	9396	9398	9313	9394	9373
208	7706	7869	6810	7148	9031
2702	1835	5627	1246	6744	121	9695	9697	7435
2326	1228	200	5522	7311	8065
2910	7908	8175	9200	9313	9480	9314	8254	4540	4483	9841	9296	9934	10134	10151	9995	10150	10163	10252
1809	1264	391	276	1292	1293	2281	3719	3718
3624	352	5403	7371	6811	7910	7791	8450	9437	1262	3970	9629	9373	9387	10220
2840	6973	3440	4859	1782	2317
2134	8650	9187	8391	8394	9292	9313	9629
2377	1600	4134	4723	5263	5302	6226	6758
130	3756	1317	703	143	196	2448	1600	48	3863	3864	207	731	2233	4720	4723	3961	8029	3572
1782	141	4700	5450	3768	6083	8833	3795
45	1941	5979	1670	5356	4556	2498	5422	7599	7087	4524	5909	5667	2712
1171	2757	4147	4722	7219
2111	3744	6156	1364	1842	7538
578	1420	3732	8403	9109	8835	9137	7993	9187	9286	9308	9374	9391	9505	9410	3970	9547	9387
1240	7784	7957	8174	3150	4300	5506	5507	5508	7603	8096	8841	8908	9095	9320	7602
1955	3466	2640	3609	1983	4037	4143	4935
1484	3841	3131	1406	7198	1379
3333	44	1370	2815
2502	3078	5195	5874	6014
3422	1786	6083	7981	8546	8496	7239	9388	9396	9398	9784	9635	9842
2220	7325	8180	9765	4795	7453	793	3399	6305	850	7231	7388	1756	3096	312
3341	3852	3855	1481	4359	7910	2684	8644	7970	9407	9387	2828	77	4613	9429	4913	2663
3078	1471	2415
1493	462	5715	6582	5551
1234	5343	7125	8797	8585	9007	6732	7425	267
4282	4155	5866	6762	1786	6083	2278	3795	9941	10144
4342	3324	1883	7253	6360
3528	3457	362	1673	394	8029
3312	8553	8549	9402	9463	9842	10131	10104
552	156	471	3041	8761	8762	5202
6	5001	5748	8951	4557	4710	7202	3549	6288	6774	272	3389	587	3179	8035	1693	2715	9207	7755	4717	9490	9758	1618	3682	4971	5730	6263	3675	6249	6251	6264	6682	9231	6248	6364	7071	10228	925	6590	9500
193	2630	3179	3443	731	2218	796	8022	8636
4291	2249	2323	5366	1108	6913	1052	3490
1465	2038	1483	434	2677	2724	2728	3446	3382	3579	1398	4157	4767	7421	8175	8614	8027	5675	774	9110	9397	9692	9631	10118
198	5263	7545	7988	8403	9398	10146	9221	9971	10038	6718	9722	10085
1102	310	1557	8286	9492	7065	2918	3878	5964	9271
640	6386	7125	8741	8740	3628	1959
2766	6351	5099	6296	7796	9944	5495	8523
3110	7966	2755	702	2818
1620	7069	7057	7078	9649	7375	6884	208	514	8844	9548	6674	5440	9146	9668	8309	1338	10196
529	4538	8027	8256	9401	4539
726	290	8904	7125	7960
1892	490	6757	8614	7907	7911	7913	9482	6816
4343	482	8029	4769	5262
1105	3799	7908	8045	2244	1120	1123	3003	6434
2916	3849	6346	9692
3449	910	4118	3887	521	3131	5139	3447
2888	4566	5585	735
3125	1674	5821	80	446	7164	8351	9101
2736	563	4785	5493	2179	3316	7317	3876
3064	6762	8547	8549	8554	2784	9392	1262	9405	9571	9633
895	7193	8442	3538
1368	3457	4134	4700	6644	7991	8027	9124	9437	9178	10046	10089	10214	10231
3159	7378	7382	9670	5458
3393	3727	3795	4985	8188	67	3574	3811	5579	7512	3138	5367	1040	4916	9105
4070	3083	4624
2300	4243	2235	3115	3767	6226	6135	4757	1337	7420	5619	6228	7910	7873	5253	7610	4508	9138	4759	7661	8942	9124	7239	9409	9453	9446	9482	9629	7068	10130
1941	1600	4244	4720	4767	1396	1399	6655	384	8637	8644	8647	7273	8027	2784	8835	8663	3805	9110	9125	9111	3201	9313	9176	10106	10221	10150	10191	10220	10233
4325	2785	4502	4611	9399
998	6228	6083	9035	8391	5707
3156	1395	2621	5459	5683	103	307	2872	3773	56	709	6758	8305	8133	1417	7692
3858	731	6304	7535	1084	1754	6249	6263	6464	6892	8675	6251	6254	3348	3648	8042	4597	7628	2311	7047	8292	3829	6805	8104	9779	6395	6429	6575	2576
3034	1373	411	841	2678	2122
109	9549	5984	9745	10146	9971	10037	10173	10205
3956	2030	368	2072	2770	2771	337	6987	1042	2502	3954	4224
436	165	2963	3316	3463	6401	3395	7208	7463
2669	2472	3794	4097	5040	3252	4394	7650	4843	3025	2247	8393	8460	4672	9309	8256	9389	5087	7388	5086	8400	9174	5439	5440	6674	8844	9548	9995
1538	4720	7142	9187	7912	3798
2038	5961	5962	7369	585	8027	8549	9126	9436	9313	9316	9397
3480	7383	4773	5513	5514	7888	5563	6548	7998	8374	2758	5810	5180
4136	8258	7175	8157	3618
1641	4701	2240	4517	7403
3247	872	5072	4432
2640	5249	2613	5979
2966	4722	3774	7370	7230	8641	8646	8917	9636	8315	1992	8181	8184	10131	10306
3225	9009	8168	7219	9489	1674
370	8497	9799	5087	6428	4889
4153	1063	5390	8490
3478	1168	1100	9399	9412	8510	4852
386	9797	10064	9950	9951	10335	5122	10325	10244	8239	9876	10350	10351
2450	4767	4011	8029	8256	2785	10136
844	8553	8640	8027	7911	9390	3722	631
470	4464	4929	8124
2600	8639	4502	7993	9479	8254	9410	9175	9174	10135	10086	10172
3876	9286	9406	9310	1262	9477	2828	9397	9313	9292	9314	9315	9316	9394	9404	9482	9253	9464	9537	9484	9389	9029	5087	6188	9174	4284	9706	10171	10084
1502	4733	2652	4292
3981	4426	6805	7820
1421	7333	8546	8548	4540
257	8663	6024	6025
1010	3559	8299	6043	7174
2033	8029	9397	8751	9187	8923
211	8548	8615	2444	9174	9175	9116	2254	8290	9411	9711	3857	7717	778	8732	9735	10145	10236	9228
1147	5296	5960	8029	3807
479	4470	7385	7974	8968	1945	2222	5775	6669	7705	8760	9224	9356	3440	7319	8991	1465	4091	8846	9865
1670	7453	8027	9316	9436
3424	4720	4538	6957	8641	10010
4444	8546	7906	9336	9390	9436	9483	9873	3738	10150
3951	1480	2199	8588	233
2242	8546	8027	8647	7970	1225	9388	8394	4502	9396	9316	2828	9292	9392	9406	9626	9707	9971	10237
2565	3063	3496	3558	4620	3962	6447	7567	2463	3789	10003	234
4105	3005	6174	7930
949	6494	5136	5142
4161	5358	5969	10251	10303
3912	9484	9485	9029	9631	9724	9810	9855	595	2717	1378	9842	6408	7977	9617	10119	10010	10155	9827	10148	10243	10149	2484	10087	10089	10191	10214	10215	10217	10218	10233	10331
227	4354	6083	2784	9137	830	9446	9029	9591	9868	9302	6718	3077
2234	8639	8642	6811
2084	5072	5986	6166	7828	835
2337	4099	4919	400	9089	984
3897	3319	6191	4771	3974	6138	2947	6924	7058	8418	9084	178	8521	8323	1585
2275	4723	5470	3653
3752	4444	4533	4767	5962	5774	7234	7906	8549	9137	9111	9109	9405	1262	9314	9482	9390	9410	9389	9429	9538	9535	9539	9296	10163
2231	3878	4791	5531	5843	5844
3457	3267	7033	9092	1589	6611	6610
4181	9253	9484	9485	9463	6412	9536	2409	5084	5086	9174	9175	9873	4880	9810	9176	9784	10140	4125	10141	10142	10143	10133	10132	10137	10169	10181	10131	4080	10232	10221	10220	9722	685	10237	10233
647	7483	7484	932
4115	2290	5119	6161	6641	6246	159	3039	4757	5203	5785
1248	6514	7584	6108
3632	2785	2786	2787	4502	8394	9312	9395	9396	9398	9313	9292
2605	458	796	1036	1246	2174	3714	3355	5318	2817	9138
2561	62	9018	9577	9031	7593	9027
4000	5263	8403	7967	9547	423
1909	4141	7079	7276	4070	3614	6837	7387	7431	7563	234	4189	5396	9240	9680
2535	3457	5959	7421	9305	9626
1733	4995	3825	1597	5599	5694
1460	953	1674	2935	91	4579	6455	7683	8151	9262	9267	9101	3919
4169	5532	2396	3527	8443	405	1942	4803	6044	7820
3570	146	3591	4400
223	1684	2799	3610	2303	4306	6334	7215	7217	8286	1895	5778	6111	6684	6697	6701	6881	5813	4191	8504
929	2564	5598	6081	1633
2426	7593	8174	8476	9027	9775	9018
1980	6417	1478	971	3796	9303	9029	9175	9330	10143	10164	10129	10236
2413	9303	9405
1159	1849	2395	4223	2868	91	5901	8861
1153	499	159	4417
1979	4824	4964	5878
768	544	4047	9332	199	2722	5238
575	3140	7400
613	3627	3907	4528	3331	6975	2495	4880	5846	8269	7523	8268
1078	5530	5843	4889	7522	294	177	281	1943	6430	6750	7198
4261	8029	8835	9436	8002
3384	164	5962	9394	7006	9724	10145
504	2373	3494	8435
323	6602	6626	3276	3526	162	9244	2373
482	760	3631	4078	4746	8972	9322	3830	5071
979	3755	1649	9587	3717	1453	171
3318	8638	8643	9200
4195	2787	8392	8549	8027	9306	9313	2828	9292	9316	9309
1412	2911	199	430	5212
3612	5556	5557	8941
2288	2947	8553	3971	1434
3375	8176	8645	8640	7661	8633	9409	9437
3873	554	1774	6226	3231	193	197
1210	6360	8852	9400	5263	5898
1550	3960	8339	7112	5054	3078	4057	6750	9828	9841	7750
4101	3814	3932	4072	4986	6191	5862	7723
494	1538	7078	6884	2088
2387	4334	6257	6262	6508	6543	7059	7186	7187	7190	7199	7201	7498	7543	8120	8242	8670	6242	6260	8146	7216	8035
2699	4823	2866	5115	5644
3645	4700	5263	880	8083	3808
151	7453	7421	8737	5675
1306	729	3696	8222	9868
2882	9505	8882	9175	9860
3924	6257	6265	6508	7319	7498	7941	8539	8991	9148	9215	9350	8963	8139	8035	9282	6055	1474	3277	3180	3442	2633	9641	8146	9764	4667	7447	2173	2623	7259	6662	1890	1889	5346	8150	9356	9732	3179	8456	10213	386	3150	3325	3495
4436	8737	8256	9221
2323	9306	7907	7912	9307	7911	9410	3808	1262	8082	9314	9404	9388	9537	9029	9536	9387	9175	9810	9632	6349	10145	10146	8934	10135	10181	10137	10141	10142	10136	10236	10143	10144	10250	9082	10084	10218	10214	10215	10086	10088
2991	4011	9315	9387	9389	3970	9029	9536	9629	9632	8183
2274	1282	2124	2539	2559	846	3112	2554
3995	4134	6226	7234	7370	8496	2785	2788	4502	2787	8391	8392	8394
2381	8417	3030	4868	3684	4113	6110	6234	1952	731	1804	5394
605	8718	35	8251	1324	2570	2616
3880	3741	4243	5178	6959	8027	9307	8256	7790	9745	7672
4138	1632	4720	4700	6600	8641	8646	8548	8029	6083	9138	7909	8250	1682
2574	8459	4398	4401	5565	2829
1932	2825	4272	4273	7053	8406
1375	446	4646	2372	4711	5318	5074
2629	2392	1104	5664	6162
160	6464	9437	9311
2228	4292	2565	5933	1130	3649
2221	6989	8116	6758	8856
669	5267	568	3895	3907	3621	6791
542	4699	6111	8553	7970
3326	6878	1646	2246	5202
319	811	812	3741	3640	3641	751
2995	474	3455	670	8562	8850	2867
2687	293	579	2871	8095	9042	9667	2053	2392	3494	4091	6800	7864	2743	695	3293	2199	8551	3559	3628	4302	4524	4971	5803	5934	6171	6807	7443	8413	8605
1952	2945	2991	3739
1951	3477	814	7470	8845	538	2070	7997
3932	3701	6113
752	193	2221	9181	8867	1610	8608	7656	9273
34	4113	6030	1864	1993	2901	3226	3268	3628	4183	4299	4589	5800	5933	7752	2372	964	4086	8284	2603
1540	6757	7910	8553	9303	9389	10105	10143	10144
1128	4671	78	7725	240	3187	25	3692
4037	5470	8029	8027	6582	5660	2828	9174	9175	10140	8184	10038
2131	226	2361
3403	2392	102	7277	2452	3451
2874	2553	1133	1871
3757	4872	9173	9817	5715
4386	3993	420	6429	3326	4193	7012
2329	7584	8026	8172	8206	3375	4159	4158	6360	9868
808	5353	5352	6440	156	1348	1459	3541
665	610	3913	4049	57	70	3953	23	2666	686	6228	177	731	1781	9156	7600	8316
2504	10206	9797	4318	10180	10259	10269	10342	9935	10052	10268	10059	10338	783	10350	10351	1371	10352	8308	3665	9951	10325	9950	10329	10328	9820	10244	9999	10295	10055
2961	6675	8249	7239	9029	9175	9174	9869	8897
2892	2476	3904	2481	2565	3382	3923	4155	4354	4157	4145	4723	5297	6111	6757	6083	7488	8107	8645	8393	8460	9187	8249	9126	8250	9483	9437	9296	9929	9632	10172	10089
1394	5266	8151	8193	8834	9579	1667	4198	1324	7767	8418	4730	6863
923	8835	8391	3808	9396	2788	8394	9692	9539
2679	4146	9707
823	4055	2243
2934	7595	2168	8061	5028	7682	3511	157
2062	4331	5462
623	4700	505	1915	5729	675	5984
3583	6850	9082	5694	2336	3380	5206	8686	2273	3379	3668	4094
892	7573	594
3985	8444	2871	6502	6575	9503
1832	2030	5791	5859	7177
2905	731	118	813	3319	4354	2971	2035	5715	2627	8065	2162	8648	8649	7879	8393	7136	8391	1302	9185	9480	9505	8876	7509	9841
2296	8029	8546	9287	7790
3171	6228	7873	8175	8176	8027	8833	3805
476	3112	3213	4407	6064	6075
272	7384	3487	7522	171	2645	1954	3514	633	9074	2600	4472
2643	43	44	1334	2813	3745	4037	3231	193	1641	4381	1857	1952	2328	3519	3604	4052	4230	5460	5526	5925	7558	7617	8351	61	691	3770	3780	5635	8743	1253	5311	420	8620
3943	9315	9316	9313	5262	9292	5551	9517	8253	9477	3807	9479	9481	1262	2828	9484
4266	1004	7602	8393	8460	8537	9677	2495	8039	8104	2181	2184	5804	6668	7550	7549	8624	8763	7125	9473	4558	4029
973	8549	2784	9392	9390
1090	4293	2565	2328	1214
229	6227	9116	9483
3919	9388	9482	9397	9404	9454	1262	2828	9394	9292	9315	9313	4539	9410	9537	9536	9029	9387	9389	5087	6188	6388	9535	9538	9539	3908	10139	10141	10136	10135	9750	10092	10085	10088	10086
2289	4077	6312	9436	9175	9174	8901	9549
2563	1379	763	5986	2641
4104	2659	1002	5103	2257	5966	3903	4385	9144	1175	2053	7558
1850	3173	4340	8550
3535	148	1706	2926	3099	4308	4440	9120	2102	4074
3131	2574	6758	7054	4549
3561	1285	3620	1576	5941
3686	4646	2372
2615	2583	5479	3269	3503	680	5496	6958	6108	7860
3447	1275	2428	5139	5131	7488	9200	7913	9437	9485	9411	9629	8657	9442
2424	1514	6088	6586	8276	8998	4311	2595	3621	4929	2332
4130	263	264	7925	9631	2854
2637	3657	4816	3739	570
2001	525	3484	2682	7324
2566	2411	4884	9252	9633
72	8614	2786	2787	2788	8391	8392	8394	2785	4502	4611	7907	9306	9308	9309	9312	9399	9401	9402	2828	9292	9313	9315	9316	9029	9389	5084	5086	5087	9174	6188	9535	9538	9539	9842
2161	3457	1588	3641	4444	3796	4699	8637	8029	8639	8027	3808	9310	9292	9373	9394	9253	9537	9436	5085	5087	9635	10138	10237	10234	10216	10221	10086
553	1398	6111	7333	8650	7661	9109	7907	7911	7913	9711	9442	9630	9706
2850	8545	8554	2788	7912	9395	9276	9314	5262	9477	9479	9053	9481	10134
1150	5263	5774	6226	5652	5653	9336	8083	8917
4017	373	3451	7328	7475	9763	9274	789	6167
3736	2919	3574	4713	7955	281
3904	4113	9073	2000
3706	5450	6228	6763	7230	4011	8640	8175	8027	7970	9185	9190	3715	2110	7175	10146	10131	7724	9955
2427	6415	5566
3369	7908	5551	6719
720	4037	6164	6460	4198	3621	9315	9399	7892	8652	4111	9401	5835
537	7070	6889	5145	4098	5911	6056	6909	9066	5749	8884
729	9795	4964	5891	3150
2263	731	7043	1228	218
1734	2569	2849	2066	3494	6811	4895	1931	2155	1370	5622	9274	8920
3630	3980	7698	4618	840
1096	3051	4351	5456	8337	3208
3362	2506	6064	6076	6210	7341
2338	6226	8496	9630	9733
1559	236	7967	1817	6758
2095	6228	7230	8029	9189	9184	3970
3638	5951	6024	4707	2937	7071
789	2437	6733
885	6605	8474	9925
157	6558	8005	7058	2433	2030	8690	8879	4532
3980	9200	5262	9029
1149	4538	9629	10083
363	2247	3252	2102	4013	4211
1427	823	5599	5900	8158
3835	963	2031	7971	4271	7923	4918	48	7693	4647	9465
2451	2112	5980	9045
2444	8632	7430
2581	9398	9312	9463	9484	9253	9464	9537	9029	9373	9387	9536	9389	5087	9872	8992	9302	9630	8993	10092	10025	10214	10218	10191	10215	10084	10085	10086	10087	10088
1910	1398	4767	5960	8403	7349	8890	8393	8460	9190	2278	8256	9184	8917	9312	9395	9396	9029	9313	9397	9636	5984	1394	9302	9929
686	3718	1398	3997	5715	8176	7605	971	8917	9125	9312	9123	9395	9393	9396	9398	9411	9629	9631	9810	9745	9633
1988	8029	8027	7970	8650	8833	9185	8250	9288	9404	9405	9453	8253	9409	9479	8418	9481	9517	9390	9389	9631	9571	5003	9302	9733	9635	1266	10002	10187	9971	10218	10237
1898	4406	6109	7142	7420	8029	8420	265	3276	9483	3795
1683	7583	13	4574
3315	1535	1536	5857	1973	3467	1051	2175	5982	7211	7216	7217	7218	7384	8311	8595	7213	8894	5981
2788	175	7333	7230	5870	7910	8545	8835	7679	8003	9288	9483	9437	8901	9571	9632	9735
3344	1362	5294	1634	385	1857	4359	5357
2725	8844	9176	9837	9707	6884	10080	10064	9995	10029	10170	10156	10153	10157	8181	9939	9988	10181	9876	10091	10129	10143	9949	9989	9992	8691	9987	10198	10086	10221
2686	8486	5323	8971	5602	3671
2939	828	6074	6458	9053	9276	9480	9550	9505	9175	7078	9711	6454	3992	9855
4356	124	1168	4618	4128	2122
1565	406	7717	295
1188	2281	4767	5263	5843	9406	3808	9456	9437	9711	9571
4035	6757	6906	9409	9784	9629
137	3082	3980	3066	824	779
1492	4100	6464	4645	7355
2118	2281	3741	3640
1763	5475	5707	7908	4686	8029
2470	5864	1270	7489	2838	4647	6575	4094	5323	2971	9841	386	2372
3626	1811	8549	3900	2705	1228
2548	8082	9454	9455	9456	9479	9481	9482	9405	9409	9453	1641	9292	9314	9315	9388	9410	9517	5262	9484	9537	9253	9463	4539	9464	9485	9373	9387	9389	9390	9536	9590	5085	5086	5084	9174	9175	9855	10102	10145	10181	10091	10169
82	5030	7251	6268	5364	4127	6451	8044	3526	3934
1608	9110	9288	9312	9395	8917
341	4245	5078	6283	6619	7939	298	6005	7452	7712	7713	5132
3939	244	571	1553	5126	2156	8613	5469	1300	988
455	4822	862	1599	8469
1431	2994	5132
1645	406	7123	7172	2810
1865	267	7195	2298	9294	271	2631	4919	7978
587	3446	3382	1398	7873	5229	9200	9125	9126	2278	9287	3795	9479	9481	9110	9446	7493	9174	8912	9873	7509	9188	9854
314	5411	8548	8553	8835	8391	8392	9396	8394	4538	9029	9860
1581	1191	2839	3403	3454
621	8373	604	3535	4463	5800	6297	7932	8663	7259	2803	6759
2642	2666	7016	7920	5614	7297	7218
1267	6818	1228	1441	6558
3236	2676	8546	8548	9561
4267	7370	8737	8027	9174
3755	2867	3185	7405	6122	8320
1345	7693	5514	5172	2512
3181	2829	8643	971	3796	9292	1262	8029	9484	9411
2863	7970	8737	9137	9303	8917	9175	5984
3911	638	2010	3953	1302
688	2871	57	3107	894	2473
457	7993	9182	4146
1506	7740	2512	2874	3165
2494	8027	7239	7679	9479	9536	9373
2314	5475	2733	48	8175	8027	8650	8648	8649	8641	8646	8644	8554	5464	6188
3930	7234	4011	8029	8649
806	4722	8614	8645	8644	8647	8648	7911	9312	9309	9310	8253	9454	9481	2786	9407	9536	9387	5087	6188	9635
525	831	5660	5059	6600	1786
1402	6958	6083	8403	8643	8027	9029	9483	5140	8912	9176	10077
4308	44	2311	3598	3745	2199	3526	3698	8292	9137	9138	9139
1266	8549	8195	9391	7993	3805	9303	9392	9310	2786	2787	9627	9436	9429	9373	9390	9437	9485	9174	9842
2938	7906	8835	9190	7912	9253	7911	9188
3923	943	2391	5004	4167	7712	7713	7714	5180	3236	6879	6894	8832
2789	73	247	291	7623	7724	8882	1679	7001	7099
3663	5723	8903	8523
1181	2642	6295	7206	6316	3147	5738	6010	6228	8281	1654	4394
898	102	288	1345
1126	8063	6312	8890	8834	5951
889	708	287	1627	4567	6150	6694	6748	226
133	5062	7617	2580	6617	6958	8747	9610	6758	8620
4305	4045	5411	5843	6083	8650	8648	8647	4611	9303	9306	9053	9304	9305	9399	9221	10037	10232
4177	393	750	1735	2841	3925
2422	8263	8499	4292	212
1202	7906	9288	9034	9402	3808	9454	9456	9405	9453	5084	5085	5086	9175	9302	10105	10146	10181	10231	10139	10135	10141	10142	10140	10169	9722	10215
373	6210	7033	5001
3137	5297	8403	4011	8497	9200	7909	9483	9630
1139	5024	3472	5210
1004	1655	3386	6801	7043
3166	8027	9276	3805	9311	971	9399	9711	8965	10232
0	3429	9412	4613	8246	4229	5971
412	7349	8004	9125	8251	4169	9549	9941	9934	10187
1263	9678	9867	7782	9868	9630	10081	10156	10161	10266	10267
3992	9336	9692	7717	9929
84	574	4984	2383	2033
161	794	3638	4394	3931	3929	5829	7899	1654	2390
140	2524	2508	2199
1121	1881	1366	3638	3719	3640
2457	9187	9481	8392	2785	8391	9310	2787	2788	4502	8394
3525	2798	6455	7198	7733	7289	3863	5652	2689
1811	559	106	1412
293	9109	9485	9854	10091	10167	10010
4006	2689	5296	7910	7264	5675	7375	9312	8063	8460	9389	9836	9837	9632
3511	2771	7693
3136	9868	5740	1427	9955
2245	9873	9412	8846	10243
1946	1296	159	3798
3198	406	4592	6242	6462
1339	683	4902	3670
3482	4134	4155	3416	4077	4700	5297	5715	8175	3796	9187	9397	9505	5674	10163	10134
3860	3718	6228	8403	9387	9389
3710	5311	7731	6575	977	2008	2176	3468	4504	6758	8624	8861	1812
3726	868	1221	1354	3549	546	2431	3568	3380
2148	3003	5404
121	8642	8639	9411	9444	9373	9436
29	7970	9304	9305	3798	7907	8082
1622	8546	8645	8737	8029	7679	9187	9138	7912	9286	7993	7911	9312	9053	5551	9405	9453	9292	9409	9313	9253	7789	6464	9029	9571	9841	2109	9630	9842	9177	9934	9178	10129	10135	10145	8183	10075	10181	10168	650	10190	10216	10217
3966	8063	1848	4028	8076	8496	774	9463	8295	5123	7787	2637	3393	4269	8763	10076	10092	10143	10136	10137	10142	10144	10139
3831	6522	2502	7217	7218	420	1674	773	6291	7215	7211	7712	6521	6524	577	6464	6590	6593	7216	7413	1347	6122	7855
2830	4700	4767	972	2786	2278	9437	6714	9750
511	5943	9514	9667	8720
1264	8188	65	4637	6838	5153
4414	6763	8393	8391	8392	9307	8083	3808
3692	7420	7906	9126	7912	9407	8392	9396	4502	9336	9455	9176	9855
1625	8935	2479	3540	4110	4871	4964	6464	6622	7048	7599	8398	8399	8911	352	2682	7888	8383	8684
3332	4155	5411	2472	4464	2633	8147
15	6678	9230	9348	346	7435
1033	1398	251	4767	5715	5843	6226	7370	6083	7908	8638	9286	9287	4540
557	9029	9536	7717	9535	9538	9539	9784	5984	9941	9745	10124	10138	8184	8181	8182	10139	10140	8183	10132	10134	10145	10168	10143	10144	10169	10141	10142	9750	9971	10129	10092	10136	10137	10146	9827	10173	10148	10075	10087	10149	10155	10089
4262	2008	2968	4157	1166	4284	779	4366	4372	7147
1837	9303	9308	9482	9437	9590	5084	9505	3970	7717	8912	9176	9854	9542	9442	9745	9733	9735	10140	10141	10131	9178	10139	10010	10077	10104	10236	10085	10156	9987	9988	10128	10216	10215	10171	10308	9179	10205
3089	4698	9316	9437	9314	9436	10132	10134
390	9848	2548
2685	1786	8637	8647	9035
3180	7479	7993	9190	3808	971	9308	8917	9407	3796	8254	9454	9456	9409	9437	9389	9708	9633	8183	8184	10168	9750	9971	10169	10104	10243	10232	10075	10190
70	5458	7345	6959	147	6811	6739	1418	1984	3155	5550	8640	3770	6835	4194	6503	2829
451	2165	4700	5262
8	9396	8253	9397	9314	9481	9536	9029	9373	9436	9437	5084	9632	8182	8181	1427	10134	10135	10140	10168	10169
653	7074	2821	4274	5510
3079	2672	6436	193	2872	278	4875	7237	2414
2846	3382	1398	5263	5707	4538	8650	8648	8649	9035	8554	9137	9189	3808	9253	9437	9175	9629	6719	10151	6718
3272	9398	9315	9550	9253	9394	9390	5294	9868	5984	3243
3277	4466	6811	7927	8004	2786	9124	8391	5628	9312	9537	6188	9707	9733	9629	9302	8183	9750	10010	10092	10128	10173
1570	1500	1491	2810	3634	4219	4606	7068	7890	8346
3305	4303	2031	5150	5391
4466	1318	4884	5380	7780
1580	4699	7488	8649	8650	8394	2787	9126	3808	9873	5674	10166	10046
1115	773	774	172	6228	3796	8083
3149	2078	3280	5783	1855
1449	5411	5962	6227	8545	8645	8649	8639	8027	9304	9303	9175	10170	4125	10236	10234	10216
1970	971	8378
2546	648	1842	7507	8022	9003	9031	9085	9355	9604	9677	9688
2813	5983	3150	2175	2937	7854	8077
1053	3800	218	3733	917	3770	2072	3726
3670	6624	5002
3405	6560	6227	4506	8657	9178
400	4611	9309	9312	9393	9396	9398	9304	9395	9407	9313	9394	9397	9292	9454	9482	9388	9627	2828	9029	9539	6388	9535	9538	10061	10085	10086
1639	5608	458	2929	2272	2614	6412	4831
1552	2011	8499	78	5769	3797
3553	7908	8545	8548	8650	8647	9374	9480
773	2209	1381	2199	6464	2956	3392
431	121	10160	5683	4425
225	3900	1724	3637
1195	4017	326	2056	8523	9961	6489	7466	8094
1317	8081	8082	3577
2579	1576	4559	6350
2560	520	774	102	141	3924
4088	7355	2489	5367	7737	6357	5615	6926	5082	1800	247	480	5457	7211	352	1474	5175	8846	9044	2813	7875	8472	7920	3782
2191	6190	7906	8027	8647	2784	8835
4458	240	1602	2526	2683	3441	3527	3754	6114	997	1935
3883	4699	5707	5959	6227	8063	8497	9454	9456	5229	9481	9453
1651	8027	9446	8418
366	4699	8029	3808
2286	1403	2428	3468	6877	5727	3758	2139	6312	4387	8029	8637	8644	8319	8027	9124	8083	9590
3615	126	3567	5267	6585	226	3262	5748	4516	3402	4147	8732	585	2102	791	6919	2039
1222	6140	3790	4807	6771	240	3526	5342
1328	2957	1767	4245	4242	4244	4243	7910	6083	8256	9286	9810
2613	4062	2571	3047	3798	48	8286	6057	8212	6360	1661	3869	1666	8373
2054	9029	9387	9389	9536	5087	6188	6388	9535	9538	9539	9934	10002	10166	10092	10075	10148	10149	10155	10167	10172	10084
802	8096	8282	8476	3150	7778	6802	8159	6920	9575	6668	9027	8273	4418	8174	9019	9556	9015	3589	5226	6119	7466	8097
1036	216	3097	3754	4842	5278	5374
2243	250	931	2901	4832	5816	7563	1777	4549	5947	7474	260	823	3351	3625	7130	909	3164	4749	8039	9099	5175	8351	8661	7332	6587	7716	7363
2464	7322	303	8728	3920	6669	294	1815	1818	1889	9618	9731	4498	4501	3552	2222	1502	4378
577	6758	8116	9125
934	8029	9402	10129	10170
992	4694	6833	8337	6464	8297	9101	2459	2813	3621	5714
3450	2724	2728	7538	2199	6418
878	8	5277	5644	5272	5318	6558	6712
2453	59	3076	755	4566	9099	9490
2452	5103	6758	2336	175	5032	2694	705	4040	5349	9317	3093	8098	5450	259	2650	2373
1373	5411	9126	9125	10037	10220
3411	6226	8546	8553	8027	5870	6228	9392	9406	3795	9391	9480	9390	9436	9444	9505
3578	5262	1775	1672	4219	4902	7058
35	7425	8175	8553	8554	2784	9292	8250	9276	9315	9479	9436	4540	9175
117	9374	971	9391	7909	9311	9189	3807	3808	1641	8082	8252	8254	3798	9477	3796	9436	9484	9253	9485	9390	10152	10233
2037	1712	5262	985	1809	6769	2072	1681	2741	2596	1365	4754	8068
432	47	50	535
1787	567	79	8029	3811	8641	6050	7909	7375	9692
4461	282	7784	944	1458	2026	7017	7243	7974	8174	8453	8476	6424
419	7724	10284	10233
2295	9192	2331	7063	28	5913	6233	9459	10192	7278	10196	10263	10321	8982	10357	8613	10295	10344	10277	10296	4087	4523	9999	10371	10241	9909
59	5475	1447	188	2211	4081	897	1071	1093	2701	5728	2508	3392	6226	1431	5362	6114	7421	6758	8647	9200	2278	9123	9029	9396	9110	3970
2316	8462	1044	1337
1728	6083	8002	9397	9292	9314	9315	9394	9482	9842	10037
2327	109	108	3684
2127	4464	2431	1890	2623
1983	3715	7459	4548	4985
551	6762	7453	8195	8175	8643	8650	8004	7479	9200	8391	8460	9286	8772	9398	9313	9394	2828	7790	3886	9542	9296	9934	10128
1290	515	928	1390	4060	4999
2418	3382	3457	6111	6226	6758	7545	8648	8649	9481	9482
946	8740	5397	6584	719	4488
1667	6059	8282	8349	9007	7125	7583	7593	7967	8092	8096	8168	8422	8472	8476	8775	9027	9072	9085	9356	9697	7763	9001	9060	4300	3456	7521	7870	2590	8809	9906	1982	5497	6211	9528	5180	2523	8272	6668	9434	5770
1295	2247	6509
209	5688	9535	9855	3190	9178	8184
2280	6763	7060	9110	9125	9288	971	2278	8249	8082	8252	9397	1262	9174	8876	10107	10131	10091	10129	10252
662	6462	6307	2335	7406	8614	2785	5084
260	1809	148	2267	481
4211	1568	9520	9697	8135	378	9201
3698	6385	5792	9203	9651	9531	5372
3721	5843	9477	9505	9480
958	7119	1899	4238	8577	5050	8286	206	1390	4213	2588	7218	4101	8652	2722	4613	7110	7687
2612	1400	1611	1793	2516	5028
1617	9405	9409	9453	8082	9410	9310	9547	9397	9389	9631	9724	9810	9630	9633	3207	9507	8078	9267	9750	8184	10083	4520	10021	10084	10092	9698	2415	10104	7165	10261	10205	9417	9324	9036	1960
3134	2565	4284	4566	6835
1242	6839	25	1435	6464	145	900	1338	5018	698	3490	4925	9525	7688	1437	2810	3276	4810	5979	964	8751	244
3162	2367	7348	1693	8293	8294	8900	2336	2892	9945	9944
398	20	1476	4193	5457	7897
583	9479	9481	9482	9405	9453	8082	9409	9404	8254	9373	9387	9436	9437	9174	9632	9630	10145	10141	10142	10132	10135	10146	10134	10136	10137	10140	10181	10139	10075	10191
1814	4767	7970	8642	8639	9388	9437
3754	900	7925	3231	5080
475	4447	7173	7930	9832	9850	6990	6991	9788	9792	1638	9806	9913	9868	9221	10008	10039	10029
3906	3698	1428	5520
931	5712	7398	3364	8454	2790	915	7837
1279	9634	9564
3869	7333	4274	8833	8834	6896	9444	9287	9483	7789	8657	477	2361	3385	7612	7731	780	3334
1973	448	7910	4011	9411
1531	1230	3098	3325	5124	5507
310	490	3879	3883	1543	3457	5297	900	7980	7149	8497	1641	2179
3617	4242	4722	2233	4723	6227	7230	8641	8646	9484	2074	3628	7494	7971	6300	9841	8922	5694	5168	9527	5674	9632	4362	9777	9750	10102
2585	4011	8029	5253	1983	8434
3401	2020	783
1109	3193	8517	5949	8759
996	9868	7960	9058	10184	10064	2854	10136	10139	10132	10142	10144	10145	9949	9989	9990	9992	10206	10133	10233	10237	10054	9996
799	6701	7687	8224
3768	80	1852	2436	8469	3837	2007
1104	3457	1398	4698	4767	5411	1280	8095	8027	8029	9304	9311	9026	293	4159	8818	2784	3960	9561	6733	6073	9533	9369	10167	2270	10141
428	2139	7269
675	1337	2935	4037	4537	5387
1034	3663	9511	2746	5540	7693
1319	8082	9316	9410	9029	9174	9175	6674	10132	5440	10135	10169	10168	10172	10086
2828	7873	8737	8835	9184	5551	8253	9314	9437	9505	9692	10138	10151	10128
1233	8637	8547	7913	9111	9315	9393	9292	9390
3285	3552	5475	5707	5141	2170	467	2826	1459	2744	6083	6592	6723	560	1816	2871	1348	6761	8072	8216	9981	84	4941
4106	9886	10001	10067	10289	10251	9471	10177	10225	10298	10158	10112	10290	10295	10312	10003	10296	10314	10328	10329	10333	9867	10114	10301	10303	10330	10257	10339	10340	10341	10029	10347	10246	10226	10315	9884	10372	10068	10042	10300	10302
3173	5003	9812	8065
4456	3457	8645	8649	99
4351	1598	2437	7251	6707	9192	334
3002	8985	3659	3045
2691	6758	8029	8393	2828
3914	7970	9391	9396	10163
1990	1366	2779	8008	5360	6712	8036	2730
2652	7385	6416	7878	977	1864	7080	7546	2376	2646	294	1326
1007	5318	375	2072	5783	3670	6167	6575	8761	9874	9908
593	775	5707	6226	2030	2679	104
3292	6226	6083	6811	7679	2278	9303	10181	10084
2246	4402	7125	9975
4187	6959	9316	9394	4611	9313
709	3319	4349	2224	7578	8097	9437	247
1169	2120	5321	5262	143
3627	5966	7383	3126	4419	6531	247	1815	5468	5225	8577	440	472	2274	3374	6418	6499	6696	8912	7669	6701	3031	2589	5463	9598	8940	6038	6683	8776
290	8393	9692	7509	9549
349	101	6758	4610	5511	6728	5156	6136	7889	4951	2763	3039	118	5018	252	4947	10097	1049	2459	4479	788	1821
1085	8174	5927	5115	8857
571	2233	4242	4700	6228	7142	1786	8645	8547	2784	8151	8833	3805	7912	9388	9411	9480	774	9424	9444	9429	5085	9631	5140	9176	6719	5674	10137	10216	10220	10235	9221	10222	10232	10191	10252	10173	9955	10317
3368	5393	245	1537
116	8647	8027	9482	9307	9396	9398	9029	6188	5140	7509	9841	9630	10075	9719
2143	1065	9913	10008	9891	9886	9802	9589	5422	4641	10069	10070	9221	10253	10159	10290	10067	10330	10288	10296	10328	10355	10335	9884
3929	6111	7906	7909	9311	9411
1347	5984	9929	10075	10002
207	6202	17	3829	5052	6691	6904
3479	8391	2788	4502	7911	9307	9395	9393	9398	3798	9477	9316	9482	9292	9394	9463	9373	9387	9389	9437	9436
4393	7060	7639	8554	1477	7349	774	9303	9711	9571	10138
532	7678	6108	7887	6652
3613	107	1888	623	5824	3044	6464	7659
4032	8027	8497	8394	9185	3798	9436	7847	4539	9437
3699	10067	10289	10109	9221	10314	9471	10288	10225	10290	10328	10329	10301	10114	10257	10339	10340	10341	10029	10211	10219	10270	10315	9884	10001	10068	10355	10374
2793	79	2974	8929	1514	5663	1750	5891
2506	9481	9479	9313	9316	9174	9175	9869
862	8565	7470	8427	5495	9383	7216	3296	4517	7675
2053	6468	9854	10036	10258	9778
3894	1690	332	1553	3851
2474	1882	9391	7913	9396	9029
246	5338	2094	2376	4011	9436	9437	9444	8876
508	4770	143	870	3066
298	6788	9187	9310	3805	9410	9396	9398	8082	3808	9517	9505	9373	9387	9389	9436	9536	9029	5087	6188	6388	4613	6464	10107	10132	10077	10167	10140	10143	10144	10139	10092	10136	9706	10168	10169	10142	10147	10137
2441	8029	8175	3805	9053	9436	9505	9390
4248	5296	8175	9276	3795
3076	478	5470	479	4011	8446	7900	10235
309	8835	5283	5513	5514	7679	9455	7913	9189	9253	9388	8418	9590	476	7789	7790	4430	9411	5140	8315	9542	7717	9900	5984	10138	10166	8182	10167	10150	9971	9847	10010	10171	10231	10238	9797	3061	6122	10222
2591	352	743	3699
4154	1600	3641	4134	6226	4981	6083	6957	4244	8890
4148	5172	159	4105	5053	6284	1477	1678	3150	3476	3829	4959	6430	7558	9046	9047	9048
2746	7986	406	2884	6014
2152	6073	3317	3115	8320	90	9490	9137	4190	7198	2851
2969	3080	5277	2064
202	2355	7621	8214	5581	8174
3847	453	2073	80	3186	1381	207	5590	3847	3752
2490	4611	9276	3795	9630
3616	6582	8641	8398	2278	2828	9286	9387	9373	8912	9841	10046	10200
3653	10299	9886	10296
751	5873	8659	7626	7627
3536	7333	9286	9307
2824	8549	7993	9401	3796
3444	7216	22	2657	4581	5012	5524
317	3436	7967	1176	8164	6801	6805	9192
4218	476	5739	1177	2920	4469	5350
4231	7739	294	2610	7782	1679	7001	1392	3277	7738	7639	7640	9095
2980	1938	8875	8924	7375
3798	4607	4797	8162	36	5726	7756	6821	3604	7524	7975	2610	7755	8096	8174	7092	885	3273	4383	4521	4964	5334	6258	8675	9148	5230	7878	8783	9326	8984	5463	5583	5588	3806	4258	9659	9342	7925	9512	8772	8800	490	7566
3439	5843	8640	7479	9185	174	9799	2971	10021
4263	1389	321	6192	4666	2184	2455	3089	5065	5152	5774	4887	7182	1783	3924	48	1595	5168
3742	3708	5180	7205	47	6626	6676	6677	9524	8406	9342	2467	210	5626	5627	7036	7457	7869	7932
40	244	7065
397	1192	1095	1279
3994	2812	2814	4699	7102
971	77	4913	4917	7400	7833	5895	4632
3592	6769	2072	3962	8116
838	4699	5866	7910	9437	8657
1573	6246	388
3735	2438	2481	2448	3904	4722	6228	1929	1305	8416	5228	6776	8554	8411	8249	9536	9411
874	1231	7878	8000	8368	4619	7641	8317
2818	2371	202	649	1466	2311	6620	68	5938	6604	4050	4538	8690	8350
756	2406	1198	2442
627	4579	5339	3277	7782	469	3231	6464	3062	7163	6928
1244	5844	7234	9396	9398	9436	9395	9393	9394	9397	9446	9505	9174	5087	6188	10032	10152	9722	10237
3737	6763	5963	4283	8194	1988	4733	7605	7479	8833	7026	9454	9456	9458	9437	9547	5140	7642	9418	1474	9929	5839	4047	8181	8182	10191	10190
1529	2430	4462	6778	5713	2813
2357	5085	5086	6188	3536	7509	8876	9841	9188	6485	1701	9302	9995	10187	9750	10108	10006	10087	10191	10214	10238	10086	10215	5896	7024
3081	1324	6266	8675	9918	6263	7756	9170
472	8637	8644	3805	10170
3637	417	5186	779	7043	7971	278	7042	7967	8113	8566	8977
990	1865	1675	7282	8899	7661	7679	6300	8103	6048	9711	657	9873	9483	3742	8992	6974	7214	2770	5357
850	4280	5308
855	1386	1398	3720	4134	719	4720	816	717	2084	4305	9336	5805	8324
1953	8113	1051	4557	4710	7648	2117
3280	6227	7425	8063	8403	9455	10168
2463	6312	948	1126	7907	7912	7913	9407	9190	8418	9310	9482	9537	9389	9387	9536	9295	9629	8183	10220	10221
690	704	9190	774	8254	9630	9635	9955
927	9397	9482	10168
4117	2810	4605	5106	724	420	9197
183	566	2523	6228	117	6062	7811	5091	5309	116	294	7630	2754	936	2679	3951	8071
2949	2481	4011	9409	9405	9175	9178	9939	8183
2388	1737	7129	3620	5260	7385	2140	2534	8066	8313	2913	5463	6746
3460	7594	3801	1449	3800
3437	3466	4094	6086	7296	7909	7911	8227
2230	8637	8644	2278	9286
528	524	2356	7550	8200	8661	7305	7564	7608
961	1255	3468	3714	6461
2380	7788	8675	6979	9281
2365	2000	1385	2780	6393	8004	764	7239	9485	9630	9056
2435	5866	6188	9627	9635
3887	1080	1132	412	365	1604	5811
1585	4947	6763	4011	8614	9080	118	1035	8183	10137	10138	1442	10200
3465	3253	7216	9063	859	4618
2670	133	4074	4075	4875	4877	4896	5314	5783	6744	17	5903	1547	7001	956	4660	6212	2392	6643	1552	1817	8575	5180	1416	2466	4099	9572	4783	8052
3456	1693	3161	4104	6575	3717	905
841	7907	7911	9308	9312	9393	9395	9396	9407	9303	9305	9309	9391	9306	9398	4611	9399	9401	9292	9313	9314	9315	9404	9482	9310	1262	9316	9388	9394	9454	2828
226	4502	9410	4540	9590	5140	9854	9302	9929	10140	10010	9722	6718
17	2506	9798	9788	9832	9792
1205	8027	7642	8835	9034	8890	9125	9288	2787	2788	8394	9109	8392	9482	9547	9571	5199	9854	9542	9177	9178	10168	267	8181	8182	8183	9939	10010	9706	10130	9971	10108	10232	10088	5634	6017	6099
2559	6464	21	5675	6237	8418	10046
3395	2667	262	8647	7057	10279
1042	1228	2641	5531	6300	667
3922	1971	2813	3505	6121	6464	7511	9840	9841	5384	936	4555	7888
4001	2403	3136	815
1305	4000	697	8419	4152	2220	7989	2449	3088	206
1606	7840	9997	8258
1700	4157	6582	6763	8644	8391	9336	3808	8901	9941	9629	9635	8182	10215	10235	10202	10243	10305
424	4962	6201	9309
1568	6957	8639	9187	9110	7993	9392	2828	9307	5084	8181	10143	10232	10181
3687	2072	5474	739	1895
3256	7141	159	5276	8379	5597
2550	3783	171	8251	3393	2199	6766	8546	9868	8176	8350	10157	6551
3546	4040	2937	9949	9989	9990
1644	6227	7234	2784	4539	9410
2713	6757	8403	8638	8549	7661	9190	9029	7790	9436	10010	10236
1294	2762	3373	6984	6083	3530	6070	7033	7195	8049	2027	3057	8427	2977	5062	8108	3795	9411	9483	3592	7522
2485	2111	3579	5163	5423	4315
1822	2438	2476	3904	2481	4720	4722	4699	5880	6083	8029	9116	9483	7375	2109	8876	9418	3321	6719	9750	10002	10238
3442	5523	3031	7093	6510	9234	4197
3762	5052	4988
1756	1799	1948	2394	3453	4271	5515	5867	3301	3705	4526	5190	7903	8208
2414	8460	8835	2828	9253
3508	3225	4883	5873	3385	4284	6758
1680	907	5321	2890	449	2087
90	6081	330	2279	1139	1817	1818	8298	280	516	1568	4313	4368	5194	5195	6217	7956	6637	21	7166	8438	199	2319	3402	6430	6700	8097
3045	8547	4611	9313	8418	9314	56	8892	9635	10147	10151	10150
2604	7282	895	3490	680	763	1499	2155	3628	3670	6122	9292
1137	3450	4795	80	7350	7519	1626
2902	8403	8175	8650	8648	8614	8460	8082	9389	9410	6758	9184	9571	9735	9633	9632
1630	3902	8029	8271	7909	5425
1826	2508	7033	1953	2199	5480	7811
3215	7427	2816
1151	405	8947	2688	5947
1420	9477	1771	9009
1509	2109	2110	380	2625	4898	2886	4899	3285	434	914	1379	1786
377	4964	5041	402	1358	1733	2808
2730	7371	8638	8029	7661	9116	9411	9941	9632	10152	10128	9221
3704	3483	7420	7873	8614	1508	9444	9485	10172
1194	5046	8283	1480	2643
4375	13	282	1472	2615	6975	7726
3017	223	2942	7298
1495	2595	2659	3788	4818	8380
4355	1693	2189
1057	5599	1391	2985	4002
3175	7370	8547	2278	7679	9315
3777	218	4197	5457	7296	9158	9343	9638	10031	10120
4313	3630	7970	9116	7456	9485	3900	9175
3643	7039	8035	7904	8840	8914
2000	4073	4074	4075	893	3728	4034	8339	316	4874	3969
1872	2954	8029	8640	8641
1675	4088	417	8286	4521	6834	286	4893	653
1011	6762	8554	8027	9483	9477	9390	8181	8182	10131	9971
1899	4945	2835	5293	6583	5190
3916	391	1022	1014	1015	4145	4723	3811	6226	8107	3682	8403	4715	5161	8496	8639	8642	8547	9313	2785	4502	7317	9389	9188	5730	9257	10150
2866	2288	7583	5870	6083	7421	8650	7406	8496	2278
1228	4225	4438	6509	7383
1709	5678	5543	9709
4395	1385	10065	10212	10348	10082	10321	9743	10161	10196	10209	10350	10351	10356	10352	10041	10363	10044
2608	881	1794	8029	8835	9190	7509	8687	9709
2777	9632	7917	10041	10156	9988	10104	10157	8691	2240	10200	10061	10214	10087	10089	10314	1746	10338	10325	10055	10057	9977
359	24	4825	7723	900
2209	4301	6530	4913	4711	6132	7576	3183
1938	2495	5359	6414	7198	7426
3158	6228	6757	8027	9444	9029	3970	9175	9868	9841	9050	10134	10132	10235
3184	1424	4243	735	2784	9479	9481	8181
1341	3951	5978	6282	3954
1469	672	7153	2504	2149
444	5820	4884	4084	9068
743	8027	9389	9410	9841	5984	9860	10118	4125
1729	143	1725
2738	1299	4568	5066
2915	2311	8912	9116	197	2777	7353	8286	9851	160	3002	5366	7548	8285	1095	1818	3146	4123	4424	4898	5030	6469	6470	7675	8876	9114	9115	9524	9734	5140	9911	5028	9564	9985	10033
3406	3886	1404	1636	3621
1690	9963	10029	9886	10001	10069	9806	10253	10070	10219	10225	10068	10067	10157	10297	10158	10312	10285	10114	10295	10327	9867	10003	10367	10286	10361	10300
1613	4354	4699	4700	6758	7383	7908	7488	7910	7909	8249	9454	9456	9547	3970	5633	4125
2321	1674	2602	824
3509	8029	8637	8641	8644	8647	8835	7907	8392	3805	3795	3808	9590
1974	8991	9233	7950	8220	10258	10212	10065	10116	10196	10263	10279	10321	10322	9778	10348	10350	10352	9743
2497	800	2259	3066
3351	302	4090	7776
4330	676	3741	1398	2468	3328	4243	4700	4767	5263	5450	6227	5783	7234	3922	3309	3312	9200	7661	7679	2828
1021	753	800	251	1380	2481	3638	3719	3382	3999	4023	3640	4145	7319	7908	7841	8835	9200	4611	8834	9175
1650	6758	7970	8650	8989	10002	10084	10086	10249
787	8549	5262	9390	9477	10129
1280	8640	8645	7970	9407	3798	2851	9174	9175	5896	9330	9810	8614	9630	10169	10175
2838	7284	8548	8645	8737	8027	9035	9125	9253	9389	5394	6985	9636	8876	9709	9929	10166	10128
2259	4170	8552	70
201	5475	5880	6461	8640	8643	8027	7239	7661	9536	9389	3970	9411	9745
4410	7917	5523	7916	5399	446	8320	8026
106	10026	10029	9221	10001	9928	10069	9806	10047	10070	10159	10253	9760	10273	10274	10275	10257	10109	10289	10330	10067
3288	7488	8027	9436
3695	5764	3178	4802	9841	9854
1912	3028	5063	8664	5527	5133	735	1842
3019	5458	5463	4694	4508	570	6971
4435	719	435	5843	5844	5866	7906	7910	8497
3940	4569	5744	1461	4971	8363	5647	612	7240	497
673	632	1314	1418	3980	8250	7206	157	59	5819	4089	6182	6511	7098	4037	4927	6658
567	3446	4134	4245	2233	4699	5263
3325	9304	6679	2519	6782	6376	218	355
129	4145	6958	9176	10104	10108
2754	1448	3841	5175	8488
3575	7930	5163	7442
2680	6464	8027	2787	9505	9313
515	6600	8029	8258	8917	9395	9398	9312	9393	9310	9313	9397
2177	6577	9391	9401	9315	9292	9313	9394	9537	9626	10136	10147
1258	5699	9120	4287	2082	1674
3800	7723	5015	384
2653	48	6097	7353
903	1057	2137	2311	6708	1379	8155
1891	9571	9810	9177	9733	9842	10146	10136	10138	4125	9847	10232	9750
487	9694	10146	9750	4125
1439	2756	4299	9007
1989	6029	2789
924	4281	8965	2916	7577	4959	5690
1390	2291	2836	5447	372	5263	5715	8107	8175	8403	8554	7479	7679	8256	9241	9436	9483	7790	9971	10010	10088	10135	6718
1563	5019	3409	2466	524	1500	3530	8685
3233	2423	6972	5590	3995	5685	6024
236	2392	837	6758	2197	1723	6557
3802	5019	6226	7420	8029	8638	8648	7479	6575	8290	5518
1406	369	2031	4956
810	891	3767	2872	5133
329	1579	2535	1289	721	870	641	3537	846	1123	1567	2705	5013	1121	847	1143	3151	6634
258	284	1398	3792	3125	4245	282	4242	4146	4453	1337	5450	5715	5774	1786	8083	9455	9176
2239	7906	8176	4011	8649	8642	8835	7912	9314	8418	9437	5674
2534	7349	7957	7974	7593
4380	5296	5962	6228	8649	8647	8497	8833	9479	9124	10181	10077	10140	10166	10167	9123	10234
3196	4502	1641
589	3670	8650	8642	1262	9409	9453	9454	9455	9174	10169
3201	5663	476	651	4324	3381	3383	3384	3385	4155	4812	8504	595
2159	6464	6958	7369	5450	4011
2722	5843	8637	8644	2784	8253	10170	9847
4362	6228	6801	2594	5180	5497	6477	8272
21	3319	4037	5660	1422
2587	4136	5788	846	2535	5771
863	8029	6057	9177	10086
2869	1396	2334	3781	1399	4923	3926	7488	8403	8027	7479	9480	9395	9396	9424	9404	9454	9482	9630	976	9930	8181	8182	8184
196	4011	2786	7661	3795	4611	3807	9315	9314
3576	7908	8403	8640	7406	8027	2788	4611	7907	9312	9374	9399	9401	9306	9308	9314	6084
2940	2476	2023	2480	2282	2510	395	2448	1600	3718	3719	684	4245	4077	4723	4720
1459	4552	858	4225
4163	1324	5074	9614	1	6228	7302
184	4014	188	774	44	763	2887	3881	4735	6099	7035	8406	6570	4971	6575	9086	8084
12	2610	3150	4933	9116	19
52	7040	4712	9359	1789
2486	2233	3923	4699	4698	5715	6229	6582	6228	406
1287	5053	6464	6462	9425	7156	7566	8106	7888	2426	7497	7949	7121
1949	6690	7352	3919	7601	2286	2780	3826	7583
3355	1302	207	731	4416	226	4152	1448	595	2971	1381	108	5294	5707	596	5152	914	836	2392	6464	608	2689	1340	531	4673
746	8640	8004	8835	9138	9409	7239	7679	9629	10107	9178
2569	2421	796	4807
1862	5411	8645	8638	8249	9388	9485	9745	10144
2352	7908	8640	8645	2278	7909	9185
554	719	6582	9123	8253	9711	7509
4312	961	293	1733	221	4908	6081	6087	5237
2091	3851	394	859	4071
2631	8494	7677	10044	9968	10048	10195	1385	9778	10061
2346	427	4598	5212	3622	2281	2690
576	4611	971	9304	9311	9303	9453	9454	9175	10170
3785	9401	9188	10032	10002	8181
2110	7469	6755	9629	8182
1942	6928	5554	9011
1522	1196	1005	4292	4354	874
2393	7234	4137	9444	9302	9995
2990	5279	8422	8809	8810	8820	9514	9555	9556	9557	9775	9881
57	7811	3212	2336	4739	3768	8104
631	5815	6558	5685	6290	565	2456	4517
2597	9484	8252	9463	9029	9373	9387	9389	9536	5087	6188	9174	9810	9855	9632	10129	10134	10135	10147	10169	2854	8324	10132	10140	10168	10145	10038	10148	10149
1944	9463	9464	9387	9389	9536	9029	5087	6188	9174	8912	9535	9539	8315	9538	9542	6388	7717	9841	9188	9810	9855	9934	9203	9995	10172	4726	1332	6027	10092	10243	9827	10075	10238	10130	10218	1502	4575	9648
2800	5568	8869	8871	7723
4209	3319	3446	3382	3741	5296	6757	8545	8496	8554	8645	8835	3805	9053	5551	9396	10170
3431	10020	4284	8681	8930	10122	9085
1093	9536	9387	9389	5084
1281	8650	7909	9869	9870	9867	4520	9949	9990	9992	9221	10156	10157	10190	10061	9996	10057	9782	5122	10184
3789	8637	8545	8650	8833	971	5262	9292	9401	9390	9477	9873	6421	10130
3497	6111	6600	9200
264	1487	7724	1365	1366	6088	1381	4211
2729	4113	5347	5469	562
2624	1374	733	7996
1800	8029	1638	8614	8554	9116	9404	9309	9402	9396	9398	9292	9313	9626	9174	9549	9330	10106	10143	8183	10091	10138	10215	10252	10006
2959	7453	8737	9401	9388	4539
2897	5569	9691	6794
4151	1204	3491	3318	5212	6518	5620	5642	4284	6040	6682	8528
4432	6225	3892	6771
3884	827	5061	5124	8337	5463
178	5166	535	3248	3247	927
4257	430	5091	5409	8122	9038	9224	150	1089	4661	9252	486	1403	6776	7631	9101
767	6969	582	237	2759
3935	4699	5959	6226	7545	8496	8027	8183	8181
2063	6865	8787	7466	8264
2174	7138	5522	256	369	624	2808	5516	5980	6315	2031	8043
3993	237	8637	8418	9444	3970	10129
2993	2460	2884	4602	206	731	5133
2458	7968	846	750
3770	5937	6762	8176	9629
292	9286	8253	9860	10168	9971	10128
355	1198	4117	6180	9836	3828	7209
3178	322	2444	4309	6128	540	5532	6129	3308	3708	3311	56	5776	4188
719	3621	3949	7453	3605	4807
1820	119	2031	2873	6769	1517	4035	6315
912	8029	8547	8640	7479	8249	3805	9437	9436
4085	8554	9053	9292	9477	9315	2786	9401	9402	9314	9029	9373	9387	9536	5084	5086	5087	6188	9174	9175	10118
4111	7848	998	9335
132	7064	2508	7090	8367
2909	4039	4159	5271	1050	5246
231	9388	9373	9389	9175	9692
4442	862	2199	4744	2755
3147	10143	10144	10145	10146	10168	10169	10092	9827	10149	10148	10155	9980	9990	9992	10084	10085	10086	10087	10088	10089	10191	10214	10215	10218	10233	9991	9996	10052	10058	10059	10061	10284	10335	10354
402	4614	5332	5678	1879	2618	3130
3863	522	1250	1930	3011	3573	6647
3400	4085	5931
854	6284	8116	4804	1990	4287
3416	605	8640	8549	8027	8642	8460	9109	5675	9479	9411	4113	9302	8182	10046
2557	370	1069	3304	1952
206	4626	7020	7045	8175	8176
27	2536	1756	240	2142	2549	6843	1902	854	1090	1641	2813	6401	32
2019	1598	837	2437	4111	4962	4037	7292	4927	2030	4480	4734	5488	10124	2966
2009	421	1420	1559	8174	448	1890	2373
4026	1398	7234	4538	9627
1577	9437	9629	9571	10175	10138
1535	5495	1895	5356	8401	9274	7870
481	10112	10225	10158	10290	10295	10003	10270	10312	10296	10314	10343	10285	10301	10303	10029	10060	10347	10211	10246	10315	10326	10355	9884	10309	10193	10271	10302	10316
4191	4354	6312	7488	8647	8027	9288	7479
2018	6708	5395	5789	1792	2069
2004	4436	3402	5458	4957	6356	7793	8791	294	7973	88	6700	5457	936
4012	5305	2167	6728	8647	9034	9035	9388	9398	9536	3032	6817	9868	9312	9458	1390	7390	7699	8318	9649	9442	9724	1691	9369	10064	6038	9640	3832	10156	10280
617	8637	8737	1496
501	3026	3370	7639	9800
1162	3557	4474	49	2880	2615	2937	6122
2439	4077	3999	4699	4767	6111	6600	7234	4694	7230	7060	7545	7906	8176	8643	8027	9111	9123	9276	4539	9395	9029	6188	3970	79	9549	5984	9784
3854	3558	1337	2481	434	2495	6624	1866	3455	4184	1819	4081	4336	6571	5602	2235	4370	898	7350
4192	6757	7234	4538	9444	8083	8418	9437	9630	10170	9847
2205	7325	7912	2219	9388	9463	9464	9373	9387	9389	5087	6188	9855	9330	2088	9988	10198	10156	9719	1514	7831	5122	10342
684	2222	9886	632
2023	9085	9695	9513
807	10330	10257	10273	10274	10296	10339	10340	10341	10372	10003	10060	10211	10219	10230	10326	10355	9884	10309	10315	10068	10193	10271	10360	10367	10272	10001	10302	10316	10343	10359	10373	10374	10375	9766	10297	10310	10353	10361	10377	10247	10281
4152	6482	4772	1858	4390	757	1636	5396	595
3221	2175	6580	2437	5091
2525	6432	8029	3078	8361	3715	7676	4125	5895
2982	490	681	1709	7984	7985	8683	585	5861	6282	6864	1385
603	367	912	4057	4664	7102
3859	2628	2791	8640	8835	9547	9635	10221
1528	4090	6699	905	1696	7840	4717	5819	7858	7865
995	2057	5220	5458	2971	3959
291	743	5687	6453	6616	3078
3602	6226	8647	8650	2784	8392	8393	8460	9873	9535	9539	5674	10181
3707	2947	4723	7369	6758	8554	8835	9437	9550	9799	5984	10002
1678	251	5607	4955	4687	3242	6240	360	3239	6081
450	9397	9394	9630	10131	10133
222	4274	846	1199
917	2274	4917	3037	5436	7701	6857	6669	48	10175	2971	7237	10156	234	8740	8691	9065	10202	10243	10200	5263	8963	4330	1448	7522	10338	7271	5852	8472	6204	9372	4091	6958	9122	924
3290	8733	8052	6600	7047	5463	2937	4782	5143	5165	6804	7251	7631	8969	6130
2283	3581	3314	1966	683	5150	458	2900	3863
4372	9929	10147	10156	10237	10061	9909	2729
1029	3098	3554	8650	8647	8002	8460	9200	8393	9286	9311	8391	9401	5087	9389	9539
4057	2628	6804	4205
3541	632	2849	3236	9204	6990	6991	5629	909	3569	3404	4971	6930	336
3469	5854	2485	8849	2506	4733	4884	5252
4426	3319	4134	2233	4722	4720	4700	5263	5707	6582	7230	5229	8252	9188	10138
2284	3035	3827	6323	3887	6208
1155	6812	7101	25	193	1085	4141	4744	4883	5554	7525	1842	2666	5220	9058	8347
663	4723	5411	5962	8643	2786	8250
2712	2213	3220	6149	6701
916	1600	3319	1225	1281	5450	8549	9456	8274	1176	641	4525
1246	335	490	3684	7126	7345	92	5609	8305
3016	272	42	44	6748	995
4133	774	2199	6360	1261	2328
2757	479	1886	1691	4323
4099	3598	8644	8650	8648	9309	9929	10134	8255	10104
1163	8460	2787	4502	9312	9313	9394	6720
3759	2090	1699	3719	6464	7142	7453	9406	9404	4502	9745	5196	10167
1424	3825	2115	4339	6229
649	8571	328	8729
1978	157	6665	70	5505
4404	5890	5764	542	3886	6375
1211	6582	6958	1786	9302
3000	5040	5274	3360	5944
134	5655	3548	751	5573	3130	6160	7060	7136	8194	8835	1955	9190	8266	5675	8403	9483	7006	10083	10130	10218	6718	10237
2294	1232	1234	201	1596
769	1786	6367	8029	8638	8643	8647	7970	8835	9139	7909	7907	9306	9308	9309	9590	9626	2109	10102	10238	10205
4377	9868	10059	9991	10055	9948	9996	10057
3822	7061	7910	3513	5230	4231	3245	3855	3795	9923
4182	2784	2786	9411	9477	9436	9437
2364	299	2105	2813	1008
3346	6681	6756	6515	7886	7885	4666	4697
2575	2334	3638	3718	3382	4245	4077	4720	833
2958	2540	477
37	4487	4193	3746
2715	3647	3905	7234
3743	6565	8063	8107	8029	8640	8645	8496	8027	8835	9453	3805	8253	7239	8249	4611	7912	9309	9311	7993	2785	8083	9185	2828	9483	9315	9397	9482	7911	7913	9313	7789	9389	9411	9542	10105	10107	10046	10152	10170
2860	957	4735	5462	6438	6555
4233	2392	6136	174	8617	7697
4124	3319	3999	3945	8194	8917
3042	1306	6006	6185	7051	8037	9334	2373
4384	5062	8792	8634
2096	8345	9103	5777	7288	8611	8945	9082	9529	8753
3585	860	1593	3984	6179	2231	2558	3332	3343	9428	9430
2354	4623	6758	8027	8083	8252
4015	8547	8546	9137	9139	5262	9390	1262
2932	7234	8027	4065	993	7229	971
1579	8647	2787	8392	7907	7909	7911	7912	7913	4611	9402	8082	9310	9389	9029	5084	5085	5086	9174	9175	9387	6388
2834	3385	4147	1308	2199	4190
3544	1021	4821	3801	8386
1	4300	4464	6165	486	5580	8501
798	5107	6473	1158	4284
1453	3744	3994	4249
3072	4647	4567	9863	484	2096	4874	3540
3417	6650	7412	5305	5268	8641	8835	193	7057	8876	7078	699	4636	9121	10046	10170
3614	8547	9276	9484	1884
1123	8535	1919	4106	4608	452
559	944	4300	6254	8465	8535	8614	9544	9814
1542	417	3150	4915
3410	2830	1600	3640	3641	4243	5263	7234	8107	9442	9635
1664	2476	3904	2947	3638	2281	4155	4245	4077	1700	4241	4767	4698	6226
1094	1336	1458	7503	8024	344	791	1489	7890	2459	5241	912	1459	6149	7445	3225	5918	7099	6795	7100	6333
1084	6338	7659	3122	6185	8037	7635	1914	3422	6446
1060	8403	8645	8835	9286	9409	7909	9312	9484
805	4426	8270	4421	4869	7282
2449	8175	8648	8649	8614	8644	8027	8650	2784	8393	9184	9456	9481	8989	9535	9538	9539	5984	9842
404	8029	2784	9392	7907	9480	9174	9175	9505	9314	9302
1685	2476	5715	5962	6582	8003	8392	7790	7509	9634	1475	7672	9226	10089	2937
3547	9402	3808	5551	9314	9482	9404	9409	9455	9477	9479	9481	9388	9405	9453	9463	9484	9537	9627	9464	9536	9590	9373	9387	9390	6188	9174	6388	9995	8183	9221	9706	9750	10092	6718	10087	10089	10218	10214
2820	1574	857	5383	3258	1568	4341	719	837
4353	570	1369	7697	7698	7699
4294	6111	6083	9035	8833	9190	9287	7912	7907	7911	7913	7993	9483	9841	9745	9784	9941
2770	5880	7906	6758	7172	8403	6226	8649	8647	7136	8003	9123	9109	9410	6959	9630	8876	8912	10106	10175	9221	9971	10202
3905	6546	729	2114	6805
2749	137	1760	55	1060	2437	3864
1500	4071	6777	4142
1414	8547	196	3110	3437	9390
1100	5400	2956	5739	7247	1235
1609	1732	2037	4646	4342	8970
1488	581	289	1936	6293	6759	3869
1022	7265	544	8568	8191	7218	4359	5143	5934	574	4917	6409
3654	111	341	2763	3885	3774	5850	2812	3904	5694	8267	8268	610	3880	1122	2143
4245	1938	2255	5251	1474	2059	3348	5539	6881	1564	2321	5381	6624	8759	9267	9800	9930	4074	8465	5443	9871	9910
326	1082	1131	1199	1567	1754	2148	2151	2152	2227	3562	5825	2549	9234	5396	6758
3195	971	2054	2736	3959	3951	6360	5010	2753	6445
124	185	8403	7605	9424	9446	9542	9632
3682	737	2946	294	3938	4219	5304	7097
111	7381	7465
2644	426	1318	3050	4733
1298	5141	5500	2661	5627	5975	7368	7421	8643	9138	8256	9547
3428	2893	493	7675	6087	538
2061	3281	6067	6523	1049	6024	7167	1881	6979	4659	9932
2796	2510	458	661	3415	3890
695	7196	7422	9048	267	1307	2679	6360	300	1535	2643	3674	8792	9160	4507	5464	514	681	4528	7925	8263	5347	2482
4382	597	498	1323	4958	6491
38	1008	8642	2392	2429
2119	4919	2493	8	1381
4259	1744	4432	4826	1390	3893	177	731	9692
205	8614	8835	9241	7909	7912	9304	9305	9307	9407	9393	7911	1641	8082	9479	9481	9373	9387	9302
2745	5263	5959	5660	3628	8029
1558	5715	5774	6464	8029	7913	9406	7907	9590	7789	9411	9692	2109	9176	10150	10236	10238
877	3319	2947	3446	4354	9392
1662	623	5277	2065	1227	119
2829	3048	4132	7610
3656	417	6224	6228	1375	6374
2322	484	7902	467	4594	5591	3538	7441	406	3706	5217
3084	1696	3541	5150	6311	1637	7060	7906	6428	1491	8027	7970	8833	7911	7912	3808	9627	9854	9939	10091	10190
1775	113	519	719	7368	8431	679	1733	3578	7925	1720	3409	1641	4933	5177	5615	7462
764	3245	10212
3840	7239	9123	5675	2786	8394	9405	9453	9308	476	8418	9410	9292	7043	8728	9692	8668	9629	6388	9538	9539	9841	8315	5419	9842	10077	10167	10010	10104	10191	10171	10088	10260	10013
2370	9453	9410	9029	9174	5084	5086	6188	6388	8657	7260	9855	7734	2109	9632	9842	8183	9827	9971	10132	10140	8184	9750	10135	10144	10108	10181	10218	10133	9911	10087	1011	10190	10307	10089	10013	2965
3132	3997	4146	6763	4949	113	8643	8833	9137	9138	9410	4761	8418	9390	5084	8591	4575	6150	6941	9664	9302	10002	10145	9221	10087	10191
4260	7661	9305	13	8687
1311	774	8320	7558	3673
654	1398	2468	8029	7789
118	6371	6420	8394
3381	700	701	8641	8646
3690	2917	2644	6912	9866
828	8649	8650	3805
3170	2388	7013	8478
3060	792	197	1053	7391	2414
32	6539	7930
2804	5175	5614
1895	4141	5260	3262	7556
1504	3709	5360	7643	5873	8105	6227
1749	993	187	1800
1710	3997	5450	5296	6226	7910	7420	8638	8643	5870	8029	8496	8393	8460	9034	8835	2788	8391	8392	9109	8394	9483	8876	10089	9971
48	1379	10225	9886	10112	10158	10270	10295	10299	9867	10296	10312	10328	10343	10303	10346	10333	10114	10219	10246	10355	9884	10211	10315	10003	10373	10374
3113	3078	3081	4497
210	1802	8093	35	1121	2133
1592	842	1752	5645	2122
2616	303	2051	3352	3495	4925	8282	8950	294	542
2843	560	2937
311	6926	4594	8555	9728	9712	9838	9862
2156	3948	8002	9123	9391	9392	9405	9409
3302	294	9101
93	1260	2021	1975
803	1398	3923	3997	4698	5959	5961	7142	4011	8650	8614	8890
1824	1148	829	8176	5771	1080	44	1738	848	3647	412
626	4883	3829	6464
2588	1500	7126	7910	2311	8835	9161	5262	7909	9590	2211	8901	5143	10169	80	3971
1703	2495	5411
2218	4699	6111	8176	8547	9111
1354	3408	1415	9436	9437
2088	1520	3881	6613	1833	2584	5033	651	4694
1081	1638	1407	194	5859	5724	8251	4852	7454
1864	7545	8835	9185	9397	9398
3669	8175	6213	18	1548	1658	6308	6708	9278	10201
3459	6075	6076	6165	8242	4255	7186
224	2780	3296	674	188	510	698	950	2581	3316	4191	8125	6776	5469	5767	5788	6268	246	8532
2880	9535	6388	9538	9539	10135	10139	10140	10143	10181	8181	8184	9750	10136	10137	10142	10144	10145	10146	10168	10169	10075	10148	10149	10155	10190	10191	10214	10215	10084	10085	10086	10087	10089	10217
710	8393	4502	2785	7375	9701	9869	9870	10156
1665	8735	7796	8734	1310	1312
3760	7125	7583	7784	8096	8421	8422	9018
2128	9053	9276	9304	9305	9303	9306	7913	9407	9391	9392	9393	9396	9454	9404	9308	9309	9311	9401	9399	9477	9253	9464	9484	4539	9463	9485	9029	5087	9174	9175	10166	9750	9847	10156
1327	1362	2929	4769	8356	859	1402
1217	2788	9402	9393	9396	9395	9312	9313	9310	9394	9389	9029	6388	9535	9538	9539	9633	10135
2656	1524	4486	7256	2143	5262	3971
2360	5470	7479	9455	9124
4319	9	4972	4902
858	5586	1331
3890	7679	9138	7912	9109
3287	509	7780	3336	9197
3206	1513	5961	5962	5880	8639	8642	7912	7993	9276	9373	9436	9483	9481	9629	6388	9707	10144
1514	9396	9029	9745
3963	157	2674
4127	5277	1276	6550
4091	294	4020	5172	460	2448	7817	3342
975	1392	3633	6141	3141	4910
3563	1600	3382	4145	5297	4157	7421	7479	5229
1321	4152	4000	6464	6701
2914	475	3991	2809	6024	6393	9762	750	2187
4190	284	925	2303	2565	532
3723	2506	3873	2081	5356	4713	5059	7720	8104	1246	5563	535	2813	7473	2504	4817	7007
2409	7975	2729	7660	8096
4051	2660	6083	8548	8650	8642	8027
308	7234	7906	8647	8393	8460	8392	9406	9481	2787	4611	9306	9309	9313	9397	9292	5086	9174	9175	9634	10129	10146	10142	10145	2854	10137	10143	10144	10164	10191
1219	278	316	3923	4134	4405	4699	5327	6227	9124	9190	9286	9404	9482	5674	9842	8183	10032	8181	9939
648	7741	2429	5872
4210	4276	8250	9411	821	9175	9436	8912
4396	5045	2280	6781	4188	5755	5429	6786
74	5988	8118	1418	2802	3230	4802	6301	1733
999	3014	9583	2291	5644	7041	7075	8457	8666
3094	8320	8067	6122	6123
1959	147	303	896	1135	2392	3339	4470	4577	7000	7217	7297	7764	7959	7960	8176	8279
4200	6552	8600	9304	9307
4310	7230	8737	7239	7789	9390
2558	719	3073	5499	796	5262	9429	4183	29
899	4483	9868	2503	5451	10184	9989
977	7142	1786	6083	9125	2828	9483	9561	8901	9221
2340	6228	2109	9873	9302
3021	9111	9292	9630	8184	10104	4125	10237
2107	8167	759	3054	4164
230	9646	3559	8549	568	2941	4112
3463	569	2123	5657	2661	635	1633
3517	3946	5263	5475	5715	8835	9444	9483	9784	5984	8315	8182
592	1365	6835	3887	1366	8326
933	472	1346	6793
1856	2778	695	1329	3483	294	2183	3654	293	4092	4091	4989	5290	3610	3276	4337	2964	2181	5954	4521	5113	5489	8648	8649	3261	5677	8647	8393	8460	5679	7953
3059	2204	1376	6602	7117
3331	8315	10151	10155	10252	10200
2953	2152	1285	4008	2561	2532	6335
635	9505	9429	10163	10131	10151
490	5384	9554	7976	8760	7705	5699	4679	8982	4030
460	2770	6280	9081	9393	9395	234	1604	5985
2790	8251	9456	9388
2657	1158	2438	3280	9374	8989	6018	7149	9314
4221	2610	579	6776	8186	8201	8709	293
1481	5752	9223	9256	7956	7732	4936	9877	4193	6850	8476
2440	518	4229	4801	5041	7467	7578
1025	7508	1653	3222
3179	4134	5263	9138	9374	9571	10175	10170	10131
3202	1293	6072	1324	4464
3425	9313	9314	9292	9315	1641	9397	9394	9436	9174	10148	10149
3551	2008	4809	1432
724	6479	5720	3256	6672	6708
852	8637	8644	4819	8027	5229	2828	3842	8643	9464	8901	8315	9842	10139	10085
2924	2438	1600	4698	8029	7672
861	2125	4175	6958	1059	1088	3006	834	841	1240	413	5870	8403	2502	6120	4291	8029	418	7349	401	9324	8656	9668	1525	9490	9631	9841	9784
4460	610	4605	2848	2011	5575	3621	306
3038	610	4839	702
3073	234	8737	70	664	915	1845	1943	3150	3821	3938
375	1418	2202	7610	157
1223	7333	6228	993	2937
3965	2335	6353	2876	5136	5142	499	7833	6628	7516	7375	4981	5199	8005	3239	9751	9502	9614	3462	3705	7735	8587	3276	6310	8457	1230	6736	144	6547	8425	9212
31	8545	8645	9399	9395	9396	7907	3807	9313	9314	9292	9315	9397	9477	9394	9517	7912	7911	5551	9409	9029	10181	9939	8184	10145
3872	8029	9336	9745	9842	10217
3243	8652	8562	1507	5898
54	6959	2654	6367	6531	1987	9456	9454	10175	9925	10089	2336
4344	2481	2565	3382	8647	2787
2799	1349	1895	5644
1851	5282	1091	9137	9483	6188
1419	2535	5271
3349	1097	314	334	1132	2307	2628	4712	5835
908	2787	9053	2072	9854	10140	9971
9	283	585	3873	7375
3049	7970	8833
1658	8029	8650	8638	8027	2278	9388	9389	9537	7790	5085	5140	5984	8315	6714	10252	10150	10232	10133
3500	7807	169	7698	2613	7697	8359	2372	3559	6246	6360	8641	1345
3217	675	969	1656	4465	7890
951	6762	5229	3283
3797	7490	1056
1547	5559	2811	2576	5740	601
3878	9035	9315	9481	9313	9314
4454	8556	2499	3421	6528
1966	729	4743	4250	5579	9858	133	1636	1943	4300	4487	9250	1661	3525	8592	3490	9716	2459	941	3137	5930	6170	579
1438	3579	8476
1751	4754	3787	5525
2530	880	1124	4275	5806	1071	1992	5152	7102	7297	7156	7223
4416	5152	5581
4018	506	796	1681	2122	5181	5266	5267	6783
4438	1392	3741	1398	4699	5475	6228	6083	8647	7912	8835	8251	4539	9561	9630
1908	10147	10168	10139	10152	10131	10243	10075	10148	10149	10155	10133	10237	10172	10220	10221	10086	10218	10233	10084	10236	10238	10089	10217	10190	10085	10088	10214	10215	10087	9184	6408	10331
1038	6989	403	4423	6562	9032
2933	1194	827	1150	1153	1171	1187	1563	600	835	1135	1140	1757	1068	1094	869	1138	868	2147	1568	1577	1761	1220	1400	1149	1044	2543	2134	2669	4413	865	1212	4176	4010	863	1115	450	1112	1259	1215	392
2249	3022	8085	7281	2225
4242	4682	2439	2504	7671	7775	9600
1738	3773	9116	5171	5340	3716	2684
22	1743	5374	6900	752
4087	5273	5374	6730	8781	1953
1467	6230	4732	6651	5386	5437
3466	5114	4595	5694	4647	2001	2813	4554	5428	5487
3005	2624	9313	872	3145	867	1575	3411	1131
2308	2904	5040	3745	8954
1479	730	5416	4011	7993	9309	9537
2589	2474	5952	8706	2073	8778	1869
1961	3418	1324	2570	8303	8701	2813	7663	479	3166	6635	9606
1901	57	787	3132	5830
2105	9307	3807	9404	9477	9292	3796	3798	9305	5262	9455	9453	9175	9174	10132	10134	10181	8184	10168	9221	10006
1229	8362	4539	8082	9009
462	5475	7910	8548	8650	8393	2787	8391	8249	4539	9483	3808	9482	6057	6714
967	5059	5235	4420	7109	9483	2913	6073	9437	2281	9745	5927	5674	10106	10139
3114	1940	144	6958	8649	8027	9409	3798	9429	9939
1454	8004	9292	9313	8182	8181	4125	10104	10200
2421	3319	7873	6228	9391	9480	10151	10150
1395	8637	7970	9309	9402	10129
4093	2122	6151	1103	1111
1783	636	6432	1228	5262	3025
3197	3767	8606	2199	104	8740
3829	710	1655	2390	2093
3975	1649	6226	6083	6228	8403	8614	8553	9187	9109	9437	9292	9314	9481	9175	9302	10089	10202
3274	6631	7743	3401
1491	4068	6108	791	3981	6778	8034
1337	2629	8592	1465	2449	4461	7722
1048	3375	7770	9905
1681	1508	1337	9437	9483	1641	9286	9436	9175
2878	1916	3265	2797	6816	3331	7375	4284	5613	6805	8354	43	44	511	5352	5355	8088	7952	8449	643	4141	5468	5558	8195	2684	5456	5866	6604	5175	9085	430	4647	2813	510	2175
2537	9391	4611	9309	7907	9292	3807	7911	9314	9399	9401	9315	9303	9306	9394	9395	9407	9029	9373	9174	9175
611	5020	2135	9026	6809	1139
1847	4243	6226	6719
4036	7912	7913	9309	9311	9312	4611	3808	9310	9455	5941	9454	9456	9405	9453	9479	9481	9410	9029	9536	9373	9387	9174	9175	10064	10135
1598	7908	8737	9303	9306	9304	9305	9308	9411	9842	10175	10105	10086	10173	10243
634	4699	5844	5960	6226	9310	9482	9388	5087	6188	9842	10087
566	251	905	118	119	7538	5335
1852	6227	8549	9139	8833	9402	9053	5262	9480	7149	9390	9505
3046	1260	2357	962	5304	8464	1708	5434	6394	1365	1366	2004
3491	2992	4295	5354	5355	9741
1829	915	106	3795	9029
1815	5661	119	226	2448	5152
2456	6227	8547	8029	8649	8549	8027	9139	9390
2654	915	3327	6225	143	768
2489	2417	5267	3616	4375	4567
3246	4722	7910	8641	8646	9302
4331	975	1340
345	4354	7488	8176	8549	2784	971	1940	9185	9029
1813	1535	2194	3566	6905
356	7906	8252
3870	3741	4157	2281	8027	9395	9292	9310	9389
3850	4289	6807	5543	7354	5261	7752
1572	6815	1885	5940	7345	5424	7473	79	4225	4733	4213	5430	8077	5365	7218
2313	6083	7910	9034	9200	2278	9481	9286	9549	9176	9177	9929
4212	6228	6096	8283
671	3512	6575	9116
3283	3542	7982	278	1390	5979
4196	6227	6092	6228	9437
4025	2438	4698	7970	8249	8250
3782	2233	5660	7333	8614	7479	9312	9286	4611	9388	9389	9590	9175	10130	8183	10167	9847	10171
2379	5618	4473
1040	2332	3158	5297	8029	8835
3230	9307	7909	8989	4805	6086	8994	8992	9707	9868	6090	3922	7254	10187
1136	4296	8942	7175	7095
3961	2438	2476	4720
3625	133	1322	4968	6317	6575
1508	3382	3997	3999	6763	4538	7873	8350	1641	3805	6226	9253	7790	9711
1935	7910	9286	9109	9184	9307	8917	3743	7789	8657	5984	9418	8184	8181	10075
3577	664	2222	4709	9326	8424
1611	7331	7556	1418
2223	206	248	281	1246	1390	2495	2771	3104	3175	4719	5273	6024	6083	6099	6340	6744	6942	7170	7198	7562	8354	3078	4314	2407	2448	4207	5052	5778	7687	7855	8443	9216	430	3058	3196	5710	6586	7482	9080	8943	9559
3057	2307	294	1845	79	2993	5752	1257	923	8434	7014	8814	4754	8448	8596
1653	279	278	6168	946	4887	7333	7760	8029	8027	10076	10077
994	9309	9311	4611	9312	9407	9398	9314	9397	9310	9477	9395	9404	9410	9482	9537	9387	9029	9536	5087	9842	10140	10091	9221	10191	10217	10238	10214	10220	9260	10089
3969	4515	5692	2238	3046
41	3015	3566	3811	7382	5467	274
2889	8641	8644	8645	9374	6919	8167	5007	5009	5010	9312	9437	9454	9174	10131
943	7078	7069	9948	9951	9991	9996	10052	10058	10214	10215	10218	10238	5122	9912	10244	10246	10295	10296	10335	10349	9820	9977	10362	10044	10189	10379	10317
869	1060	1281	6378	18
3214	6061	6428	8107	8029	8737	8083	9388	9174	9389	5087	9854	9709	8182	9827	10152
4279	2512	2874	2514	7488	8553	8253	5063	6057	10181	10166
811	3571	170	4878	104	694	3242	3975	4312	4409	4438
3807	6600	3038	6958
1717	774	9316	8250	9392	9253	5084
3204	1340	157	5294	3756	7244	5473
384	1344	5475	175	9307	5984	8315
2069	8723	7483	4854	226
2385	2438	2476	2830	2565	1398	4242
4045	5263	7980	2784	9405	9453	9444	9410	9411	9539	9330	10170	10172	10231	10234	10217	10235	10102
760	6589	6228	3826	3678
860	3403	225
2923	7873	9392	9437	9634
3354	7910	8394	9399	3798	5262	3796	9411
3037	7910	7909	8256
682	5457	8286	6119	4100
466	9399	9401	9410	9029	9536	9373	9387	9389	9869	9995	10156	10152	10259	10269	10075	9827	10324
4003	3796	3807	5262	9314	9292	9315	9484	9463
3734	4965	2518	9472	2692
4363	3904	79	2830	2565	4134	4145	3240	6228	7906	7910	4011	8648	8117	9138	9111	8394	9312	9395	9241	9292	9310	7789	8901	9182	1674
265	2182	373	251	1932	2384	7617	3627
3619	2086	5536	8793	9768
1106	9401	9399	5140	9177
1276	528	3999	4245	2233	4146	4698	5263	3043	5959	8027	8647	7234	8834	9174	9393	7907	9309
3524	157	2824	3150
1967	5594	2122	4112
2012	2438	2481	2830	2947	3382	4354	4146	4699	4700	7060	7908	6957	7488	8176	8548	8648	2784	8027	8460	2828	3798	4502	9389	9480	9550	8392	8256	9175
561	2468	4354	4893	4699	6762	7488	8176	8027	7349	2784	3970	9941	9630	10076	10187	9721	9955
820	8647	9392	3795	9310	6057	10032
2237	3294	4141	5163	7125	8763	7945	8220	7705	3831	4930	8096
3753	2322	7091	4306	4528	3400	8022
2122	570	646	5987	6423	7146
4357	5263	6227	7425	9436	8876
1131	2024	1815	6083	616
1161	8365	6591	2621
2276	5470	5774	7908	9399	7911	3807	9315	9314	10163	10232
1315	4354	6600	9444
1329	2438	3923	4700	5843	7488	5229	9391	9407	6902	9405	9453	9437	8876	9549	8182	9718
1016	1398	4767	5715	8251	4611	9480	4539	9437	4363	7672	10134	10131
522	9330	9630	9629	8766	8611	9876	10141	10146	10140	10147	10139	10129	10169	10137	10142	10143	10144	10168	10172	10131	10133	10238	10262	10352	10283	10261
1436	3049	2679	25	1778	1980	4574
2101	4254	3020	4794	2647
3817	3087	4922	4958	153	476
2771	8029	9053	3795	9436
1148	5962	4538	7453	7980	8393
952	6663	7320	861	4853	7761	6238	1085	5404	1213	2533	5144	5378
4381	344	2969	4987	8822
1993	9436	9389	5720	3970	9536	5084	5085	5086	5087	6188	9174	9175	9631	8315	9542	9784	9810	9418	539	10002	9854	10132	10135	10092	10147	9750	10144	10136	10139	10169	10181	10200	10148	9827	10149	10155	10215	10087	10086	10191	10214
3083	1217	610	7234	5870	8972	6736	8184	10089
797	660	3589	3644	7593	8172	8908	7125	7583
4082	5995	5370	385
624	9456	5984	9939
2429	10076	10041	10156	10157	10206
1969	4817	4647	5231	4964	3196	7851	7593
3604	5843	7234
2299	4141	6226	4039	5714	467	4647	5970	8685	4167
3764	3923	4698	5450	5962	3808
4064	5148	3277	737	1884	6975	2314
4361	10109	10288	10251	10112	10158	10327	10295	9886	10003	9867	10314	10296	10328	10329	10333	10114	10330	10257	10355	10246	10273	10029	10060	10094	10300	10309	9884	10001	10372	10367	10193	10302	10316	10343	10272	10373
3067	3319	4157	9276	9313	9307	9308	9292	9316	9436	9480	9176	8181	10136	10145	8182
4109	9313	8116	8764	8241	4125
1799	211	5712	2884	8514	6883	381	530	3086	5800	5990
3423	2277	2932	3924	3864
4208	3997	5707	4538	9137	9139	9336	9405	9253	3805	9409	9410	8547	9437	7790	3970	5140	9176	10168	10037	10214
2944	4698	7907	9374	9401	9391	9477	9306	8606
2752	947	4245	6379	6833
360	3632	4662	8650	971	3795	193	9855	3418
2081	7488	4011	9444	3808	9505	7509	10118
753	4484	656	199
3235	8647	8027	9189	9336	9312	3805	9391	9314	9485	9029	9330	9630	9750	3989	1824	9827	3206
3543	778	9399	9292	9315	9477	9029	9590	9389	9411	5674	10187
2173	7907	7913	9309	9311	9477	9316	9292	9314	9315	5262	9276	1262	9405	9453	9479	9481	1641	9463	9464	9029	9174	9175	9855	9635	10132	10021	10139	10135	10164
920	6226	4538	2281	7930	9483	9627	9630	8065	9873	1871	6450	10021
4225	7652	8376	5599
3895	8554	9629	9630	9535	9538
4160	5960	6312	7980	8403	8496	8650	8649	8646	8638	9187	9124	7993	7661	8392	5675	9481	8391	8082	9304	9401	9405	9456	9174	9854	9442	10046	10170	10157	9221
1416	3653	5631	6575	7198	6639	2394	6670	1040	2073	5200	7683	8251	5175	5177	7013	8227	3465	4521	5839	5853	6604	7216	7466	8891	8952	9154	9264	9378	2324	1842	3150	4458	6685	8286	2914	6686	7764	8915
2262	9389	9536	5084	5086	5087	6188	9174	2218	226	10083	8181	8182	8183	8184	9939	10132	10135	10136	10137	10139	10140	10141	10143	10144	10168	10169	9750	10134	10108	10171
3539	6529	1714	3603	2646
2149	3457	7234	7488	8554	8029	8549	9253	9315	5675	9314	9480	7789	10163
831	685	6763	7908	7420	7488	9286	9517	8253	9464	9253	9484	9485	9437	9590	9029	9174	9175	6057	10083	10134	10190	9719	6718	10086
3314	3150	1536	542	3353	6210	7033	2976	6165	7685	6602	8502	2306	5351	5352
3493	9200	9304	9305
801	1245	3009	7336	7354
822	3907	480	3906	6462	6464
3776	4690	178	3109	4445
4433	7913	9402	9477	9314	9315	9292	3807	9429	9174	9175	5674	10147
1571	1642	3335	9904	2250	796
3852	1117	4827	3511	25	1121
2501	4719	5934	1595
721	8649	8029	971	9303	9276	9411
856	1855	256	114	369
1299	9788	9832	9792	9806	10008	9963	9221	9886	10039	10029	10127	10026	10069	10070	10219	10047	10257
1300	4155	6288	4724	4792	5473
3533	2336	7255
1943	359	7150	5478	3478
2071	2472	2734	5819	542	1842	5307	6064
1798	3665	4589	5170
1971	829	845
395	4698	4699	4767	5959	6226	6312	6600	7230	8648	8639	8175	9139	9137	1641	8256	9410	3808	9407	9436	9437	9481	8315	7717	9542	9745	8182	10086	10172	39	2897
1336	1008	6480	3885	3864	1253	5550
108	5960	5470	8549	9398	9393	9477	3807	9394	9330	8732	10143
1761	3267	4037	6159	6255	6256	5294	6464
4007	4700	7234	8546	8639	9401
2305	439	3052	8462
2462	4134	4700	5707	6582	6758	8403	1938	9029	9634	10102
1984	3457	3741	4134	8029
1626	9477	1262	9310	9314	9315	9404	9482	9537	9389	9174	5084	5086	5087	6188	6388	9535	9538	9539	9302	10167	10140	10143	10151	9847	10215	10235	10172	10092	10084
3281	8650	8833	3796	9399	9483	9389
2696	5944	5458	8320	3078	4607	5794	5236	2175	5426	8660	7824	420	1128	8559	195	59
3360	4011	9035	9200	9571	8912
2437	352	8643	7911	9399	3796	3798
3720	2625	3641	3999	2740	4245	4354	4157	3802	5475	969	6582	7908	8176	971	2897	9405	8876
4142	8640	9397	9842
1385	6228	8107	9854	9632
280	5450	6312	7370	7477	8029	8497	9312	9407	9437	9029	7790	7814	9537	6611	9799	9631	8901	9571
1393	6367	2244	944	2106	5247	7479	2333	3511	2332	8394	4611	9138	9312	9484	9537	9411	9599	6303	7672	10135	9177	9750	9971
255	6136	6763
3212	1252	9137	9139	7661	9125	2786	8394	3808	7907	9306	9308	9398	9402	9393	9316	9397	9482	1262	2828	9315	9404	9313	9590	9429	9330
387	4141	6810	7876	7959	7960	8015	8042	4679	5079
3092	5314	5660	5040	6758	7545	6083	8548	8027	8549	8646	9200	8640	9458	9455	9410	9437	9109	9110	9536	7789	7522	8657	9934	10083	10002	10021	10187	10202	10305	9974
2434	8576	7325	1379	3148	6591	6600
534	7988	231	1126	9626	9411	10170	10091
3892	2476	3904	1600	4155	4146	5263	5844
1110	1330	3148	430	143
2879	899	6901	9983	3065
678	7272	2019	4807	8549
4072	6386	2536	3336	5659
1510	4258	3163	1813	4631	6431
3506	2619	4291	7704	4638	4650
247	2072	1842	1928	2937	5624
953	1600	9483	9175	9929	9221	6718	10102	10220
1605	8650	4611	7913	7993	9304	9305	9312	7911	7912	9303	9311	9392	9053	9391	9399	3798	3808	9310	9314	9477	5262	9253	9029	9464	9174	9175	10137	10132	10134
3976	915	2221	5286	3875	5228
3639	3319	2281	3718	3641	7980
2076	6226	6763	1786
1855	483	3107	4555	8637	8644	330	2930	5087	6188	9854	9855
1304	184	3408	6083	7479	8256	9253
3015	783	1486	4577	1356	446	4837	9604
3249	1067	4052	5891	1789	2178	7260	2461	3314	613	9739	9740	3849	4286	6579	6878	5918	7124	7688	682	4935	2846	6831	4207	4214	4892	5027	7254	8692	48	226	486	2157	2771	3006	3822	9737	6187	634	4704	8925	9984
3745	2392	2810	2654	1471	8097	6430	5022	2859	1448	10227	222
1788	1674	6391	7930	5289	7927	5170	7216
738	6083	8403	8027	8890	8393	8460	9288	2828	5675	9303	9306	9308	9410	9292	9314	9482	9404	9477	9636	9315	9389	9175	9941	10032	8183
867	3718	3719	1398	4245	2468	4242	5843	1786	8027	1896	3808	9437	9590	8668	9631	9630	6057	8184	10139	9971
2570	2830	4538	8547	8648
180	1941	3546	2164	7902
1750	624	5559	6578	1268	7552
1857	2954	4061	55	1418	2030	2081	6282	6765	193
1791	4285	1228	1593	5357	9428	9430	6179
2378	7909	7907	8254	9436	9437	9314	6675
4021	344	496	668	2804	5391	7486	7750	8652
1773	6181	8725	4728	5602
2301	2461	479	5078	7253	744	7239	9109
507	9618	9905	9757	3418
3806	6674	7078	2289	9855	9745	9869	9870	9867	5752	9733	9735	9629	9523	10041	8183	5828	9987	10133	9876	10156	10202	9988	10198	10238	10284	9782	9949	9990	9992	10314
3845	5363	7817	9848
3587	7955	1253	2082	2392	5031	6796	3150	1792	5036	4586	9667	8927	984	5501
66	3741	2281	3457	3999	3869	4245	4244	4145	8029	2784	10252
1443	2804	207	2141	78	3953	274	10268	10269	10283	10336
1056	9406	9397	10135
3366	3188	3925	7757	4281
4335	8485	9939	10102	10088
1326	1755	2505	550	2102	2406	270	4690
3697	2619	8242	147	5576
3481	447	5107	433	8503	2916	6309	1474	3029	294
197	2476	2481	1600	3741	9029	10232
1512	5702	1615	8325	2927	1265
3609	4775	3849	632	9606	1812
4346	1636	5141	4380
1245	2563	7349	9286	8254	9633
1524	5470	5960	7060	8638	9035	9311	9399	9404	9437	6714	9629	9635
1400	120	6771	7955	8792	3764	94
1649	3724	70	8063	9873	2338
947	9399	3796	3798	9626	9390	9373	9429	10038
591	5610	4719	9925	5708
3997	2595	577	2293
1080	3340	3559	9200	9126	9484	8687
2973	5660	5960	7142	7479	7679	9517	9464	4540
2529	4037	7367	7072	6339	6977	7208	2224	2770
3155	3923	4539	4907	5984	6051	6112	7956	535	3511	2044
1849	2107	5715	6111	7908	8176	8650	915	8027	9123
730	589	3319	5840	1957	4715
187	1644	3876	3877	3878	3883	4041
1648	2507	605	4385
3294	7425	8638	8643	8391	9536	9411	9939	10146	10170
643	3997	4241	7425	8497	9436
765	7910	8737	8842	7993	9484	9463	9590	9389	9436	9536	5085	5086	9175	9174	2109	9630	4125	10141	10147	10129	10091	10231	10232	10164
123	5411	1786	8029	8548	8027	8547	9287	3795	9288	9404	3970	9629	10075	10168	10169
3222	5808	2091	7425	7910	4628	8029	1414	4281	5807	1791	4011	8027	9402	9626	9630	9873	10170	8182	10169
1335	3547	9138	79
2911	5815	7439
4168	7322	8800	8802	9007	9021
3440	3517	2252	4098
2082	1448	5873	7421	6228	1641	9458	9177	6780	10021	10234	10075	7724	10087	10292
1736	6584	10131	10150	10234	8852
4364	2281	8194	9571	9633	10205
2287	44	101	1737	2813	3421	3959	4528	6435	6528	6752	7251	8086	4098	4148	4488	7548	9238
4227	2502	4354	6958	9137	9312	9454	10149	10085
2032	421	900	433	3641
4175	2349	3112	9340	9331	188	6535	7360	2293	5869	7690	8689	8864	4949	8123	9516	4118	6822	2069	5600	5879	6418
705	1379	2059	3316	4778	7541
4243	2326	2498	5260
2028	1311	4532	6867	7296	4317	6501	7550	610	2684	2870	3233	4034	5659
1098	69	6227	7425	8027	9126	9184	9409	9810	9634	9735
4234	3923	1398	4134	4245	4077	4244	4720	4767	5959	6226	6758	8107	6228	7425	8029	8647	9455	7789	9539	9733	10221	9722	10252
1861	2770	1600	3923	4699	4767	6763	4637	5225	8029	8640	3238	6764	9116	2175	9286	9409	9458	9456	3098	3659	5471	9029	5316	8403	9571	2820	9302	8117	9750	576	10163	8182	9939	6720	10317	9973	10016	10293
3462	9292	2938	10155
1878	3319	1600	3640	7421
382	2438	2481	1600	3382	3923	6226	9437	3006	5408	6776
1088	8029	9276	9401	9480	9316	10151
411	914	9705	294	579	2484	3325	4248	5257	7976
3522	2784	9311	9392	3805	9313	9411	9436	9444	9483	9692	2109	6719	10132	10138	10151	10131	10231	10216
1757	1292	4686	6588	2810	7002
171	4368	895	8336	2497	3261	934	5294	6464	61	3539
1045	10041	10029	10184	10198	10252	10298	10299	9949	9990	9992	9980	9989	9991	9996	10052	10054	10055	10056	10057	10058	10059	10268	10269	10349
3788	3462	9762
4431	7699	8648	6141	4558
2341	4079	4078	2462	5244	3127
2335	1109	352	648
336	861	867	2434	3730	344	1038
2732	1018	1586	1636	6028	352
1731	1130	838	1103	2085	2671	3008	4010	864	1111	2122
284	3472	5262	5867	8167
42	5422	1245	1566	1073	9410	4929
2115	6174	6847	7553	7835	8121	4666	4896
270	3382	4354	6226	6083	7545	5870	7420	8394
3467	1286	9437	9436	9635
1440	3319	3382	971	8251	9315
702	10191	10236	10087	10084	10086	10222
3232	2438	2565	4145	4354	8027	8647	9187	4611	9109
379	6599	3455	3959	4416	6462	6464	7810	3951	2972	5569	6647	6794	8470	6792	7235	8096	8174	8957
976	9556	17	79	4370	4683
312	215	8643	2278
989	5707	8027	2784	7909	9286	9481	8315	9542	9929	10131	10252
4443	535	4720	5961
4376	13	8214	1345	3417	4504	6123	1361	352	104	2325	2935
2407	415	1100	1101
2857	8553	8648	8649	8737	8003	8835	3808	2786	2787	8392	9314	9455	9485	9399	3796	9315	9391	9454
3430	486	8640	4674	9392	6998
3077	2646	6801	5765
1015	728	679	3869	3713	4450
1182	4767	5475	7230	7060	8027	8842	8549	774	9437	9295	9733	9735	10105
3254	6227	6600	7425	8497	8639	8645	8546	8650	8647	9453	7071	9395	9313	9292	9484	9692	10151
2315	4011	8029	8833	9633	9735	8181
1397	1730	3262	4081	5824	3507	8500
1674	2784	9436	10222	10171
4339	9513	9553	9510	9527	9697	3036
4413	900	1052	429	751
864	4653	1926	9231
3740	1569	7403	1106	3619
3396	5040	7425	915	7970	8772	8833	3976	7910	2162	9314	9253	9174	9175	8912	9855	3820	9995	10038
2930	5125	6227	7970	9053
3311	4931	2336	7473	7872
2737	571	4126	5488	613	3419
3501	3884	1365	75	1479
3476	7906	8614	8833	7909
1985	1993	1343	3990	8389	2035	2061
3227	8027	8835	2278	9480	6388	2938	6719
1409	9668	9702	9776	1074	1083	9792	2954	9761	74
2807	2739	6401	6324	7655
2144	970	1318	5124	3838
4464	2739	6769	1345	9720	6089	9946	2457	791	2400	2458	2499	6528	8055	8547
235	724	4868
882	6227	592	2030	2081	2954	3511
3398	5174	4518	356	3075	3543
905	1421	3160	1448	2770	5588	4432
1405	6308	7420	8393	10092	10139	10141	10142	10140	10136	10168	10169	10187	10181	2907	10128	10217	10214	10218	10220
4354	458	5909	8321	7800	8114	1397	7550
2432	4134	4698	1884	6450
3122	1994	530
1845	6791	4196	1419	470	6917
3715	14	1324	9536	7789
1772	603	3337	9872
2214	7661	2786	8392	2787	9309	9303	9306	7907	9312	9402	4611	7911	9391	9305	9401	9393	1262	3807	9314	9316	9477	2828	9292	9029	9174	6388	9535	3812	9221	10092	4548	9827
3725	5959	204	6226	7234	5870	7908	7421	3732	6714
3174	4722	4723	5660	7234	7333	9292
1177	294	2666	3150	4472
2937	7913	3796	5262	3795	7912	7970	7789
4092	5240	5603	779	3256
4232	4502	2278	9409	9395	9590	8252	9396	9490	8844	9175	9174	9868	9548	8876	2472	9810	9854	9176	9542	9418	9709	9735	9330	10041	10010	8721	10106	8183	2907	10218	9179	10014	10307	10317	1459	5772
1383	900	6757	7333	7370	7453	7910	8648	8835	2786	8833	9407	8251	7661	9454	9253	9437	7790
2711	1753	2169	3218	3623	1800	1261
1187	9477	2828	9313	9394
655	1845	3709	2321	3435	2207	3150	6973	9725	7125	3358	4091
2690	4136	3361	9292	9276
2180	8327	9192	5554	5556	7558
128	2031	9005	2357
3728	1709	2306	2392	4188	5951	2506	3782
3573	7980	7873	7479	7239	9406	2785	9286	9336	7907	9306	9308	9309	9312	9393	9395	9396	9398	9446	9292	9310	9313	9315	9316	9388	9397	9404	9482
937	3753	2862	3225	6342	6470	822	7350
1231	796	2250	2471	2536	2531	1412	4452	108	2143	177	1581	7618	1409	8649	7995	8648	249	9380
2495	6624	4964	3224	7106	8833	352	967	2990	3261	6685	5240	5073	5168	8202	8340	8385	1035	2459	1639	5063	7566	5514	7012	7251	1988	6881	3494	8751	2615	2813	8203	6911	6821
1381	4720	6763	7545	7908	6758	8029	9123	7913	9053	5262	9292	9314	9505	3970	10147	10092
3970	5193	1923	977	143	4751	2030	306	1459	1965	5714	245	4363	5588	5909	6870	4208	226	8572	5775	206	479
3105	7545	7908	7488	9174	10147	2854	9750	10006	10214	10233	10218	10332
2067	5352	7383	4267	4487
3029	3237	4113	4726	2422	2437	5040
3380	412	1754	835	3620	5826	4927
1937	4243	7425	8027	9437	9480	9190	9626
3899	6763	8646	8835	8394	9138	9455	9537	9590	9692	7509	9188	9842	8183	8184	9971	10075	10085
691	9394	9397	9398	9479	9481	9456	9316	9405	9453	1262	9454	9535	9538	9539	10151	10149	9408	10021	10092	10148
1232	5296	8027	9391
2369	3402	3530	7033	7811	9621	4464	6885	7194
2926	8545	8029	8460	9190	2785	9307	9402	3807	9314	9437	3970
2343	1823	5450	2980	9137	9139	9505	9410	9626	9627	4540	9029	9429	9604	9697	9002	10091	10152	10238
2371	9841	9784	2109	9302	9842	8184	9221	8181	8182	8183	9750	9939	10145	650	5805	8324	9971	10139	10091	9722	10086	10087	10084	10214	10215	10088	10238	10089	10190
2617	7142	6083	8548	8004	2154	9137	3795	9483	9253	4132	9302	7375	3990	10032	10091	10002
3925	357	1928	3540	4874	484	2096	1370
1167	8195	8647	8917	8082	1641
1629	5461	1733	3900	5075	318	628	3500
3339	866	1193	1290	1126	721	1213	1076	1081	2122	1777
3589	5275	5564	2536	8928
536	4647	2108	1892	6158	5028	5389	5614	55	57	3625	7383	2769	8431	1311	2572	3293	6664	1978	3703	8788	3758	23	4170	4460	7902	3570	4402	7380	5354	4971	5390	1309	3433	9229
3530	5374	6758	4808	4765	5937	7333	59
1701	6401	8640	8645	7479	9137	9139	3805	971	9305	9455	9456	9405	9453	9029	9188	5984	9929	10141
4102	2438	1848	1916	2481	2565	3347	3457	3741	3997	4354	5866	7910	4539	9410	4540	9633	9735	8182	8184	9221	10075	10171	10173	10222
986	2265	5377	5423	6676
2040	7980	7906	5675	7239	9288	8901	7717	7820	8861
731	3026	8449	7421	7952	8195	8712	1340	6624	8713
2070	6750	9926
3226	6752	4368	5938	104	2969	3955	6860	411	6859
750	202	2615	6801	7522	3471	7378
3529	3152	3108	7648	9305	2937	3504
1874	4767	5085	5086	10134	10021
4165	6226	7910	8027	9174
4333	3666	9432	1302
4473	6201	2987	379
701	412	5395	2697
2248	6763	6083	7906	8107	6758	8003	7239	9188	9854	10091	10168	10002
910	1768	3751	459	8548	8004	8256	2346	10107	10141
1401	6762	8029	8833	2278	9626	9175	10143
1588	5119	8335	8785
3772	293	9085	7466	8112	9697	9800
1742	2019	4560	7909	9185
4068	5844	6958	8403	9393	2828
762	8637	8645	2787	2786	9393	8250	9395	5262	9485	9437	9394	7509	9634	9542	8850	10131
1461	5715	6312	7234	8029	8027	2784	9393	9395	2788	9396	9398	9292	9313	9429	9174	6057	10170	4125	10238	10148
2552	8403	8545	8546	8548	8553	8639	8642	8643	8644	8648	8650	8547	8554	2787	9392	9505
2821	8553	9392	9399	10151	10152
3284	3154	3806	5121	2722	5124	5606	8647	8833	8835	9253	8252	9254
681	5660	8614	9124	1641	7907	7911	7912	7993	9304	7913	9053	9401	9409	3798	9404	9484	9485	9029	9389	9373	9387	9174	9175	9855	10145	10146	8181	8182	10136	10137	10141	10143	6718
3097	5293	6221	8321
1256	9222	7145	9279	7052
2996	9175	9174	9539	9535	2109	9635	10136	10143	10163	10172	10144	9971	10137	10147	10139	9750	10142	8184	8181	10091	10169	8182	9939	10141	10148	10168	10235	10218	10089	10220	10191	10238	10173
2927	1859	5174	8077	6840	7377	807	2501
4401	8286	195	199	7731	7954	9526	9513
3739	10064	10139	10145	9827	9990	10054	10056	9948	9991	9996	10055	10059	10057	10058
938	8107	8003	8394	8393	8460	2786	9336	8391	4611	9308	9407	7907	9482	9410	9253	9484	9485	9463	9537	9029	9389	5087	6188	6388	8912	9542	9941	5674	10106	10141	10091	10142	10252
793	5296	5890	1763	3024	3821	3823	5068	6058	6916	7919	3664	7789	9708
1285	3874	7125	7602	7957	8174	486	2315	4776	6424	6962	7310	7355	8283	8731	2616	9007	1454	3636	7469	8701	8948
785	2465	3819	591	3075
1446	1418	3097	3621	6227	8562	8792	104	3808	9653	171	3952	5318	6854	70	3767	4367	5416	2030	7891	2212
2272	1381	4047
2210	6875	7380	7383	7551	263	4501	9440
440	3858	9253	3796	3807	6057	10155	10151	10152
2987	3741	4146	4720	4698	4699	5263	5844	6227	6958	7980	7873	8403	3468	4185
3889	6464	2301	4225
3317	7276	7591	2053	4141	7841	8755
1259	6237	1267	3933	7051	2020	2372	233
275	2461	2704	8412	8513	5175
2282	1281	9430	2671	1284	5451	6273	4960	2122	1099	6577	9457	5378
1447	1670	346	4374	5002	4058	5141	3156	6021	148	500	4995	4976	3717	3833	5719	6696	3840
1371	5866	7349	9632	10147	10135	10132
562	1600	8027	8549	9398	9292
570	1421	2937	4251	927
1051	7094	7471	5424	8923	8043	2336	5448	5190	3745	1769	1236	3216	6360	1621	1822	3147	8396	7097	5981	8520	1633
4304	3413	7204	294	1845	2957
2920	8195	8175	9110	9393	2785	8252	8253	5085	9389	8657	9176	9745	9842	10137	10119	10238	10130
3421	4711	2786	8392	7907	9374	9407	9312	4611	9391	9309	9308	8254	8253	3808	9405	9453	3798	3807	9397	9292	3796	9305	9310	9612	9536	5084	9175	9535	9538	9539
4268	9842	9934	10083	9860	9995	10147	10135	10132	10119	9989	10061	10239	9980
1237	8	1086	895	7811
136	7752	95	2495	3086	3141
170	3640	1398	951	1692	2767	6227	7420	8548	7369	9303	3796	9390	4540	9692
3957	8637	8545	4011	8250	9456	9480	9436	10163
3152	2281	2449	4699	8029	7913	9392
3542	9035	9454	9388	8917	9241	10029	10092	10104	10118	10198	10206
2701	3641	4077	4722	6226	7420	6083	9124	9125	9109	3401	2666	4733	9855	8183	10104
1684	3711	4929	656	3288
3241	2438	2565	3319	7908	3446	7912	9126	9253	9437	6057	9177
2825	535	5356	4242	345	2952	1051	3559	5696	3625	1053	585	5680	1918	3306	3086	5103	6226	1766	5059	8039	695	7953	6810	7319	2206	5091	7699	8365	5061	374
3323	6489	1514	5901	176
4253	1326	2788	9336	9286	9401	10105
1886	4141	549	3277	5020	5560	3025	963	1142	3856	3261	1051	2400	1078	2894	6481	3864	3150	6621	6572	3414
2376	271	2327	3422	4937	4595
2621	6757	8638	8645	7912	9303	9306	9313	9397	9537	9536	9174	6057	9188	10046	10106
28	3590	8792	4647	5263
3705	7545	6228	8175	8645	7136	8835	9187	9200	2787	8890	9407	9308	9310	9404	9482	9305	9394	9389	9745	6102	4673	9934	10144	10075	10167	10146	9221
262	3923	4134	4698	5139	5960	5866
4024	7885	6733	1731	8178	2175
250	5660	6464	7453	9336	8082	9485
2043	4209	6704	2444	2445	3743
2507	8029	8548	8645	1262
146	10295	10246	10300	10219	10193	10271	10360	10003	10068
2864	4402	4422	4900	7158
3833	3640	2468	4245	4242	4244	7425	8497	8027	3970
233	296	3179	7960	7460
3685	3839	7596	6660	4222	4942
776	8697	6302	7619
2900	5475	417	6464	8637	7522	9286	9336	9029
904	3319	9626	9627	9429	9174	10150
1919	6230	6488	4358	7383	7216
4155	3681	1126	4354	6599	2239
1466	3924	8737	8545	3795	9398	5551	9454
88	751	1195	5387
2166	2347	822	7310	5693
813	9304	9305	3807	3796	9481	9409	9454	9453	9517	9292	9315	9404	9477	3798	8253	9313	9394	9482	9029	9437	9436	9634	9855	9629	10143	10144	10145	10187	10136	10037	10146	10141	10142	10137	10191	10215	10085
4418	8496	9034	9035	9483	7789	7790	10152
890	4102	6758	3683
2361	2359	1366	2360	204	2504
1207	3457	3741	4134	6762	8548	9110	9436
2865	418	434	2248	2948	3320	435	372	432	1786	8646	9304	8254	9405	9453	9253	9410	9484	9464	9485	8399	9436	9437	9536	5084	5087	6188	9174	5086	9549
2665	7909	6674	5439
3304	4654	37	69	1908	344	352	1976	4316	285	1659	3500	4706	7375	8170
2162	915	3635	5873	294	4957	5040	4100
704	1693	6446	7480	1657
3675	3457	5450	8027	7912	9184	3795	3808	4539
3361	1294	2962	5217	6951
3984	3931	546	6441	4011	3866	3954	1726	9137	9138	9455	251	2828	5132	9873	1841
1122	3150	4300	5457
1601	1343	8003	9111	9288	8256	5262	9464	845	9505	9436	7789	4540	3970	9175	2109	5984	9929	10131
4457	3457	4354	5297	5959	5960	1786	7488	7910	8649	8027	8545	7907	9125	9184	9185	3795	9481	9390	9292	9314	9315	9175	9537	9873	10091
4403	385	9436	9373	9174	9175
1006	9479	9387	9841
286	8838	2793	3325
3708	7244	1479	4490	4522	2849	1622	5880
843	1281	3856	3887	6583	7403	8082	8833	1240	10148
2709	1661	2761	2409	91	8213
1020	7198	6553	8915	9214	9342
288	707	977	1578	7977
4050	4960	4053	347	5382	5718
429	1681	2399	3348
276	4464	6069	7033	7194	6071	4837	159	3784	3352	5544	2666	3864	5579	6064	2644	8656	9525	5653	10007	4859	8035	5006	9846
2635	8437	171	892	4125	8075	9413
1786	139	2703	5796	3437
3813	808	4154	4243	2730	6228	7425	3882	7908	6758	8176	2490	1302	6621	8833	8876	9188	9841	9929	3915	2275	6702	10243
408	3468	1921	2556	1801	1868	2709
2359	1107	1063	7683
347	5296	6957	7980	8649	8403	8027	8003	8002	8393	8460	9456	9292	9310	9316	9436	9123	9446	7789	9389	9629	9542	5984	9941	9635	9860	8255	9221
2986	7908	8640	8645	8460	8391	9138	9137	9116
437	7234	8545	8638	9138	9175	9630	9842	10221
3458	1072	2745	425	1132	692
3363	5180	611	5380	7972
545	3457	3741	4354	4720	2044	7908	8637	8648	8647	1262	9484	9537	9626	9389	2679	10002
2952	8835	9190	2788	9305	9436	9633	9733	7583	10091
142	768	2943	7240
1812	3241	226
1671	827	836	5774	1080	8599	8602
1470	4473	6575	1589	3112
766	5845	7992	8732	9119	9068	1650	9085	6789	9009	9159	8647	9801	10212	798	10321	9743	10209	10348	10350	10065	10345	10351	10357	10044	10352	10356	10041	5841	4577	10283	10364	10365	10263	10279
2667	2130	1337	2671	3974
2425	7980	7910	8496	7239
2466	2291	7354	4122	5568	6321	7152	2649	13	1024	5489	479	6942	3393	774	960	3386	4081	681	5152	2872	48	2325	1669	4171	430
3684	1398	4767	7545	8403	9137	9029
572	1818	6757	2536	5760	6083	8642	8647	9288	9312	9482	9292	7790	9389	9631	6388	10140
4368	6672	6464	5367	6756	7641	6216	8263	7272	9423	9310	9625	778	4875	6122
2197	6459	750	1932	8320	8992
1906	5004	4760	4197	5458	8160
1762	5890	8168	146
3268	1262	3807	7911	9387	9174
3586	7420	1071	6360	3308	7581	8917	9393	1641	796	9561	9302
4223	4700	5229	8890	7375	9437	5140	9868
4366	6226	8027	3795	3808	9401
517	219	2246	6689	5664	7217	7353	4099
1982	5120	5622	8806	8482	3391	6855	2178	8357	7758
932	2318	6600	7142	7545	8029	8835	3675	4965	8251	9286	2785	7790	5175	8657	9735	10170	10075	10202
1113	4134	4700	6111	7910	8029	7349	9190	3795	8249	9286	9175	9542	10129
735	6446	2506
2516	512	3673	5318
1933	1	771	4191	2332
2541	8641	8646	5675	2804	9288	9405	9453	5085	5086	9745	10136	10138	10102	10130
3556	4699	5475	6758	8641
2797	3996	1219	7453	6666
4277	3457	2784	9124	9126	9123	9454	9406	9446	9627	9631	9174	8182
2773	151	5277
87	4244	4146	3861	4698	3795
131	3319	7453	4011	8647	8553	9458
3931	2064	2393	2729	2917	3088	2727	3928
2763	7370	1708	8647	268	2895	8657	5102	9630	10010	2907	2863
2623	3639	378	294	4141	7739
1766	268	3961	3956	5395	2036	6955	2981	143	3620	57	4618
306	5450	7234	8250	3970	2433	10046	10190	9721
629	5798	4806	69	1345	1837	3025
1682	8107	8403	7605	9200	8917	9424	2828	9463	9464	9537	9484	9389	9799	9631	6388	9535	9538	9539	9634	9629	10046
4314	5959	4708	5367	6959	7134	7515	8642	4043	4611	7912	7913	7993	9311	9316	9407	971	5085	9374	9392	9053	9276	9391	9401	10221	10130	10205	10217	10236	10087	10218	10237	10089
279	6757	7004	7722	2206	6999
2496	2401	1324	2693	8851	9737
4029	4155	4722	5960	9393	9396	9292	9395	4613
1672	8059	9689	9819	8810	9486
2051	5844	6226	3970	9312	9310	9292
1835	3999	4023	4145	7144
1099	2954	2464	7052
2720	773	1483	7146
3106	6111	6600	8029	8027	9590	9537	9174	8912	9296	9542	9722	10190	9954	9955
98	5470	5475	6600	6758	8835	8833	2278	5675	9446	9590	9485	9855
1770	1030	2416	1265
2158	3718	3719	4023	4720	5660	8403	7988	9029
1922	3886	369	2031	1053
3610	9590	8315	10231
857	5724	1090	1102	5198	2306	1842	3276	201	1519	5315	171	566
4134	5961	8403	9109	9374
3954	6593	6214	7796	3630	6575
4387	9185	9190	8917	9485	9868	2109	8844	9745	10002	10168	8184	9706	10075
1711	871	3310	3681	277	9029	2109	9873
1615	6227	8497	9185	3805	9314	10252
474	7906	8027	8835	8833	5085	9429	10231
192	8640	3795	9387
2762	7383	9127	7216	7217	5288	1114	5615	5616
4034	2786	9397	9537	2785
4055	647	4698	5960	8644	8638	8643	7912	9436	9437
2935	7910	8637	8547	8638	8004	7479	9307	9303	9306	9388	9480	9484	4540	7789	7790	8657	9188	9810	9418	9633	9735	10145	10151	10155	10190	10217	10173
3087	4126	8026	3598	8226	8018	6025	8377	293	8150	7717	9542	2175	9854	8315	9433	10105	9684	10136	10166	10085	10104	10128
1200	5163	1535	5721	8008	7526	8893	5730	7858	7861
3552	7169	8403	5262	2109	9929
3875	4207	5177	9488	3196	866	1648
3494	822	3276	4925	5260	8174
2292	2158	884	9250	7235	9061	9991	10054	9996	10055	10056	10057	10058
4447	3919	5669	2639	686	4555	4667	305	265	6548	294	492	8965	2321	4800	2304
1423	894	961	3781	4756	1047	1989	1677	3849	104	1301	476	971	1772	2224	2770	2213	5715	577	4250	1870	6665	4113	6383	6083	6377	8176	2072
1646	7908	233	234	6051	7727	9307	7115	9304	9745	10130	10236	10235
2109	901	689	2928	5075
169	2906	2455	2508	5483	8560
712	9307	4502	8392	2785	4611	9312	2788	9308	2787	2828	9306	9479	9442	10171
2250	2412	6958	6083	8637	796	8029	8650	4361	8835	9424	9388	9389	9799
1881	4157	6758	7906	7910	8989	9125	9444	7911	9407	9309	7661	9391	9402	9505	9571	9868	9632	10046	10175
2483	745	66	5938	4419	4437	2937	692	9869	9870
2747	9085	2936	8257	8296	8641
918	4611	9312	9393	9401	9276	7993	9292	1262	9394	3796	3807	9537	9029	9536	9174	5086	5084	9630	10092	10149	10148	10155	10239
2765	3571	8104	1834
458	9866	10064	10146	2000	4933	9706	10259	10268	10269	10145	10136	10168	8183	10144	10169	10139	10140	10137	10143	4303	10142	10214	10238	10265	10266	10267	9797	10190	10217	10133
1893	8523	9944	6624	675	6429	7578	8828
3098	4702	5916	5553	5648	7720	4732	5858	6754
78	5172	6695	1302	5550
1823	2506	3323	5836	7081	2683	4095	4919	7213	7216	7218	9227	9416	382	585	1415	2155	2332	2565	3140	3345	3526	4797	5097	5141	7215	7219	7469	8595	630	5951	6306
4423	6227	6762	6582	7425	8029	9399	3798
3537	693	6083	7136	9287	9405	8394	9453	9292	9310	10076	10104	10144	10145	10139	10168
381	7956	2596	2220	6789
2976	3112	6469	1031	7342	5532	6604	9571
1887	719	915	514	3133	3402
303	1757	5843	6227	7333	8225	8403	8640	4011	8497	8250	9029	5140	10046
1557	25	212	3402	3561	4488
486	3418	1642	4712	7365	521
2893	294	1845	7125	7338	7671
3928	6149	2360	3988	4883
1003	6026	6228	6928	994
1854	6227	5870	9034	3808	9455	3798	9479	9481
941	9336	4611	7907	9306	9309	9398	9305	9303	9308	9399	9391	9392	9393	9396	9407	9316	1262	9313	9315	9388	4539	9404	9536	3150	5087	9635	10147	10084	10085	10086	10088
2956	4029	7632	9170	1584	6868	7415	9008	9562	3070	7584	2321
1179	276	6799	7375	9836	9837
2139	6757	8393	9330	9929
2510	9316	9444	9397
278	3319	4157	4077	4700	5866	6758	8650	7420	9287	9109	9189	9029
3947	4977	5051	2428	3320	5817	4187	4304	4197	2502	4419	1107	193	2072	3322	1638	4489	5054	5143	6680	8226	8287	8292	8442
1720	5303	6566	6220
4287	6226	5470	7371	6228	8063	8027	8175	9336
839	8648	8497	8643	8650	79	176	5694	171	5551	9395	9398	9485	8692	7006	9711	7717	9549	9854	2525	9929	914	9842	1514	10232
840	294	304	8427	80	3078	490	8435	4883	231
254	308	680	991	4257
2482	6958	8647	9313	9401	9308	9394	9373	9387	9436	9437
558	3904	1600	6228	8549	8151
2630	397	563	3856	7971
1399	1019	2468	9483	5984	9418
563	4344	2112	3291	875	4619	1573	1126	1680	3808	7493	7474	6398
4238	8638	9116	8249	9483
3955	1948	2281	6972	7663	8700	3424
3846	6464	4666	8007	9639
3505	5475	7908	8029	6057
2896	1780	884	4794
1052	861	1576	4006	846	1075	1169	1211	1288	1581	1562	7692	1108	3289	4726	5361	9433	2726	7507	6776	6863	1304	6950	6512	78	1305	3986	5762	5162	8327	4498	4125	5156
1730	971	9391	9276	9053	9393	9436
2808	731	1497	2813
3412	8363	4606	2456	414	8380
4198	7453	8648	7349	2784	5262	9315	7789
2213	917	6431	8117
4172	1740	5263	9436	10129	10137
2099	6157	4368	3455	3506	5729
1697	6083	4502	3798	9444	9480	9505	9711	5674	9860	10131	10151	10150	10231	10235
3446	5263	5774	6228
3983	292	1464	3382	2638	1828	1447	8429	1369	3374	6881	5624	4602	9984	5456	4678	350	1345	2000	4167	5751	9116	5091
2726	5376	2151	2540	5397
964	2481	4720	5707	8393	8460	9288
2476	7380	7383	2160	7031	5863	9213	226	4814	4839	4841	8862	2971	6694	3165	6614
3893	9572	716	6038	6370	2444	3092	2815	6082
2116	2812	4077	4157	4145	4722	2679	4858	4863	6222	4855	4862	5880	5113	6196	7333	7609	6215	687	7004	7722	5405	3655	8029
4316	1835	5121	5463	3829	4141	490	6357	44	4632	4197	270	4037	6234	6583	4104	1895	2849	5138	1243	1363	5163	5352	157	6230	1418	4579	6699	2392	747	2770	3659	6871	7215	4734
4334	141	7469	389	7647
1844	4267	7996	7519	7540	8614
1962	6464	4925	6370
1689	2784	971	9374	3805	9406	3807	3796	5262	9175	9711	10166	10170	10235	10231	10252
812	379	6506	933	3026
3238	6228	7906	4011	7230	9707	10032	10216	10217
2026	6602	8246	5069	6058	6236	8584
1082	10251	10286	9886	10112	10158	10295	10290	10003	10296	10314	10328	10114	10329	9867	10301	10303	10333	10343	10355	10340	10341	10029	10246	10257	10273	10274	10298	10330	10339	10327	10353	10060	10199	10375	10299	10360	9766	10373	10374	10281
2999	3457	4700	6226	6959	9627	10102
670	7479	7239	9126	9287	4511
1838	5463	7546	2610	1621	783	8135	8137	7344
2578	189	4420	5216	4303	2459	1311	1313	4647
334	5320	3686	3732	4985
200	5724	5714	7979
3386	3382	1398	4698	4767	5411	5961	6464	7453	8176	8834	774	9189	9437	3795	9484	9411	9631	9709	9177	10170	10235	10191	9847
3116	6226	4453	2784	9200	4689	9394	9535	6388	9538	9539	8255	10092	10038	10086	10084	10191	10238	10218	10214
2942	186	4767	1875	406	3089	4563	2459	8850
2124	1448	2502	4120	4188	6136	6309	6897	3528	2666	1217	3465
4329	6018	5960	1887	6891	8642	9442	5674	6718	10237
3415	5892	798	1499	8717	1797
2363	250	4160	5991	5215
3978	5801	8363	4176	3151
2374	3783	8175	8648	8649	9123	971	9590
2948	1780	330	4459	6245
2140	9386	4663	4475	7925	4620	5593
1602	1589	2343	2955	3605	5293
2802	2538	7828	2129	4464	6332	7870	1075	2673
3102	2937	6127	3529	7455
4352	3457	4077	4722	5707	8650	9395
4449	6823	7097	7745	4186	638	7043	3829	4328	8572	5501	6758	6139	2380	7579	2937	7090	7550	1638	4200	9252	501	8267
3647	5951	2801	2813	4708	9269
3161	135	7578	1321	2303
1001	136	769	1949	1340	5843	5880	9424	8876	9571	9632	9733	10032
2151	736	5833	6464	9279
2664	895	5021
4039	1979	5714	4108	714
651	8737	9336	2786	971	9396	9398	9401	9402	8251	3807	9292	9394	9477	9517	9314	9315	9029
4301	565	5194
259	1608	205	1947	1269	4721	8354	7772
759	10134	10147	10091	10092	10132	10143	10021	10141	10145	10129	10149	10148	10155	10131	10267	10265	10233	10266	10061	9996	10059	9762	10057	10133	9991	10335	10354	9977	10110	9999	9845
2767	7545	8029	8548	7479	8647	8650	8393	8460	2278	9287	9110	10034	10037	5683	10220
2983	5336	3015	7370	4611	9483	7375
1450	4699	6958	6747	3725	8639	8642	774
1604	5168	6305	6504	8413	8600	8851
96	1016	2971	5411	5449	2968	5222	2200	2202	2210	2298	7217	8595
1828	2372	6462	2459	3011
3086	4775	4776	6801	6804	6805	4780	9020	4172	4387	4778	4833	5615	5616	7637	8052	8784	4831	5579	4834	5614	8463	8955	9297	9488	5613	9278	7306	6802	8952	4236	9246	9298	9300	9942	8485	8623	4109	8786	9575	9924	3436
1693	4991	4732	5143	4010	4884	4963	4069	5957	4208	6519	8039	5591	103	1999	7313	3782	8739	8736	6755	822	5816	717	7867	4436	8047	8740	7383	7380	7567	2952	3197	2386
340	9655	171	4091
3673	10111	10040	10264	1385	8902	10121	10162	10365	9781	10303
3941	8648	9455	9456	9868	10138
2931	3199	2392	7034	5396
3555	5138	147	267	3684	4271
282	2476	8107	9175	3043
4341	1186	2233	5866	6228	5870
2227	7350	3189	4642	3030	3722	4532
2266	7142	7908	4011	8641	9139	8835	3795	9436	9123	2679	8876	8901	10145	10167
244	2131	5395	5520	4054
2523	197	7545	7980	7908	8548	2784	2664	8890	171	9110	9286	2788	9111	2785	9535	9538	9539	9571	9784
1627	1448	7365	472	3245	3513	5614	6266	7466	7638	8854	2205	2875	4082	5944	7959
2812	2444	7370	7906	7908	7910	8403	9124	9336	9436	8657	9632
1062	6136	1460	5175	2489	6621	8214
2044	3490	7002	8344	8346
3119	467	9326	7317	9554	6548	8536
1357	4924	7557
3571	746	358	3863
2333	4538	8648	2787	9123	9330
1801	4630	5311	199	2489	8240
3127	9482	1262	3796	3798	3807	5262	5551	8252	9404	9409	9453	9481	9454	9537	9029	5087	10140	10088	9719	10085	10084
4219	4106	235	2503	2729	5800	7261	6464	681	27	1958	3364	5766
3220	5173	6126	281	5463	6532	8350	4852	2417	1970	4574	4860	5170	7930	9192	2942	9516	1471
4350	3741	3999	5411	5450	6226	6228	7420	8029	8496	8549	9139	2786	9393	9396	9310	9397	9394	9175
772	363	2813	4332	8911	2411
3550	6998	6387	6607	8092	225	1265	6228	8477	6455	8032	8372
1323	1241	9461	9172	6708
3599	754	829	2668
538	4789	3588	8701	1787	8758	3257	9841
2268	7463	7913	9304	9306	9308	9391	971	9286	7912	9307	7909	9401	9392	2828	9404	9482	3807	7993	9407	9424	9276	1262	9394	9627	9537	9373	9387	9389	9536	9174	8912	10140	10172	10187
2977	4300	9197	1686	3668	5694
166	6495	9805	8676	1432
2297	9138	9139	8989	9429
4298	106	568	7440
4019	5045	1880	4141	5348	147	2402	6209	6228	6805	9614	6842	9639	6236	6696	4320	10186
4455	5168	8168	8180	7378
53	9471	9886	10067	10177	10251	10003	9867	10296	10112	10274	10355	10029	10257	10295	10330	10339	10340	10341	10372	10230	10246	10315	10068	10211	10301	10359	10360	10114	10271	10316	10346	10193	10300	10367	10199	10203	10302	10373	10374	10375	9766	10001
3025	5262	683
2742	7911	9304	9305	9189	9406	7909	9477	9286	7912	7913	9481	5262	9485	1641	9410	9253	9484	10143	10144
1996	893	4578	5866	6257	7498
2542	2268	1453
64	5961	8642	9311	3795
3486	1763	6525	8827	8282
3634	7629	8096	9007	8982	9027	7593	3517	8763	7378	9018	8476	8076	8673	7521
848	1480	7211	7218	8595	1686	5975	5175	4521	5286	6204	7857	8674
851	1232	2813	714	4555
4434	840	1392	6600	8642	9313	9316	9464	9627
597	1116	3319	1448	7545	9437	9458	9406
1417	2481	3319	3382	774	9505
2741	6869	9026	4604	6464	9101
2375	1327	5475	294	7880	9175
4258	1625	5052	5367
435	5891	5579	8779	2771	6887	9082	2808	1386	2440	955
459	2655	5050	5463	5576	7776	6499	472
3773	7375	8989	9389	2828	654	791	4540	129	3970	9175	9411	8657	9176	9855	9836	9868	9837	9707	9929	9941	7714	9934	10175	10196	1518	10218	10221	10263	10279	10283	10222	10276	1055	9388
1840	4076	3382	3718	4023	4245	4242	7545	7751	1786	8650	8549	8642	9453
2080	1676	3579	4883	5169	7108	8661	8675	5803	6244	7466	5119	7492	6813	7599	4579	5854	7550	7683	8549	8885	251	6889
991	8039	250	1532
3224	774	2618	6770	807
3319	147	1327	3099
1457	7583	7602	8285	9005	9356	2411	9791	290	4521	4733	10178	7211	7216
1426	471	1029	3428	8227	2683	4464	4182	7386	8017	3528
3308	2214	1667	4519	4975
2185	4001	119	4150	9614
2768	7453	1132	1091	1345
519	6352	7263	2441	4506	5175	5225
3958	171	2306	1495	8562
138	3966	527	2833	593	3544	2880	8545	2861	8315
16	1160	6226	7545	7420	971	9406	9309	7907	5262	9374	9292
1275	3963	3181	4158
3783	3608	7240	8046	8187	9283
2052	2654	335	6038
3313	7910	8648	8649	8647	8394	8835	2785	2786	7909	7913	9305	9308	3798	8249	8250	4502	9454	9455	9389	9410	9483	9590	7789	7790	3970	9539	7717	9535	9538
1475	4146	5962	5843	5961
1271	4915	5989	7022
4289	4601	7349	1392	9296
3779	8639	8644	9406	774	9188	9724	9735
2662	7838	2206	197	3435
1111	3018	2801	143	3836	2191
1810	4243	8497	9303
1804	5296	9393	9395	9313	9292	9029	9310	8876	9178	10148	9221	6720	9719
1278	586	2360	5252	5952	7203	8401	9755	2463	3789	9039	9341	4044	4129	8775
1589	4698	5866	7910	8648
2465	5663	6464	2199	4479
3056	4123	1421	3856	2816	8795
2602	1583	3307	3312	6403	3433	3663	5694	4454	1952	2155
2521	7386	1654
1307	4611	9312	7907	7911	9393	9395	9396	9398	2785	9309	9374	9391	9399	3807	9292	9310	9394	9397	9316	9313	9314	9477	9303	9305	9306	9315	9454	1262	9404	9537	9253	9463	9464	9485	9436	5086	10132
1616	2771	6037
449	1760	2884	5088	5588
1896	2050	2821	2823	3492	5091	6810	8096	7125
1691	6600	3999	6719
4135	8285	5175
3024	4770	9869	9870	10081	10196	10263	10156	10157	10279	8691	10161	9782
4027	9339	8313	9261	874	3059	1756	4179
2130	1073	2736	218
4448	161	5715	247
3502	7097	6360	8562
887	2953	5170	7217	7218	8337	3598	5684
875	4700	5411	8253	4539
3668	4203	9868	818	819	9949	9989	9992	9948	9991	10054	10055	10056	10058	10059	10057	7230
1063	8195	8650	2996
2103	2435	859	1636
1026	3183	5728	6745	2275	4179	1509	6478	3090	72	5140	5773	7082	9702	9869	9913	7724	2224
957	7097	294
2351	4482	2240	2565	8	4984	3224
1363	2786	9396	9399	2785	9313	9477
1497	1053	7422
4069	8650	7970	9407	9410	9389	9453	9437	7717	8182	10076	8184	10187
2269	420	3640	4134	7333	6758	9406	8917	9175	9692	598	10151
2273	1891	2703	4141	5554
2035	926	225	3690	5357
4324	1339	5059	734	2572	7871	1790	1984
657	4741	2896	44	8176
3605	9456	9455	2786	8392
4250	483	1121	4650	861
49	7078	4978	9466	4447	3367	3869	3873
2260	8911	2770	4141	7566	8511	8905	8540	8624
3977	1893	4157	4242	4767	5844	9453	9446
60	2545	5375	2559	8335	3584
4295	8758	7051	8251	9931	9800
4379	251	1228
2203	7910	8029	7605	9124	9446
3519	157	3511	7601	8732	4659	461
498	7164	8076	8636	8476	9019
2957	4816	3330	1685
2731	3319	2947	8545	2788	9313
2471	4157	4077	3718	4698
4062	5783	5180	9022	3082	8850
1075	1710	7973	5116	6814
944	6226	8641	8646	9029	9175	9241	8732
2395	2392	2291	2987	8543
2831	6199	1166	1986	6197	8449	6968	4011	410	9074	4630	6299	7982
4290	9336	5262	9437	9454	7789	9633	9733
1948	6998	3353	6256	7535	3401	1207	1840	2246	2413	6068
369	5470	4155	5500	8289	9515	6304
1068	430	2100	2971	6024	4861	4863	6064	6449	8037	6198	7033	1628	6570	1625	2172	2462	2966	4807	6071	5177	6437	8038
3096	9389	5084	9174	9750	10135	10148
836	6763	5774	6758	4225
4049	4145	778	5843	6312	8549	1641	2785	2788	9394	2828	8392	9477	9029	9389	9536	9387
1954	3864	6360	2448	3887	4193	1705	7724	5875	5941
1846	2693	8042	7209	7027	7964
3507	4538	6083	8647	7479	7239	7679	9395	9629	9635	10032	10145	10104	10089	10191
1956	588	7196	3829	8865	643	1340	6339	6641	9513
3622	765	530	1708	6346	9168	492	9730
3404	1940	3732	4698	5715	6145	6226	6757	2392	2459	9184	9189	9409	8253
3010	6024	4432	5218	2472
2448	1830	8027	9035	9200	9190	10102	8518	10006
3062	6935	982
4328	5888	5163	8733	9530
2622	5660	6111	6226	7421	7910	6083	8648	8649	8650	8027	8835	8833	9184	3808	9110	9483	9485	9424	5084	5087	6720
1185	7816	3144	5438	7553	1381	3112	5263	5537	2072	4809	5009
1410	9393	9401	9402	3796	3807	9313	9314	9463	9464	9174	9175	9635	10148	10149	10233	9996	10055	10059
1272	294	1474	2222	3493	4350	4667	6430
637	2565	4354	4077	4720	2831	8637	8029	9174	10141	10163	10232
3419	20	4119	4919	537	4005	4392	585	3253	2595	1674	7827	2425	1792	3069	4000	4490	6700	9571	7551	4152	4963	6916	9867	9561	6929	5254
2108	7618	4619	4620	2677	4123	5820	5838	9183	9117	1840	9478	9479	5049	9188	9483	9115	7641	9505	9016	6372	6144	4401	10062
3436	5263	4316	8546	216
1118	5053	4067	3683
1727	7558	5859	6575	6228	9113	9200
212	8029	8546	9026
1554	4157	4241
1723	5959	6227	8549	7479	5040	9707	9995	10147	10155	10150
1561	5660	7230	7908	8890
3329	900	2045	2365	7004	4681	7264	4692
1597	2648	4875	5677	6228	91	7507	488	3559	8133	8285	5817	530	2986	5804	5682	7797	2234	259	5130	6244	3494	6586	9048
4052	4562	6220	1510	6553	680	4531
3891	3319	9303	7679	9402	9397	9390	10170	10141	10233	10221
3047	2468	5296	3412	3795
3378	4241	5961	5962	7230	7060	8403	7970	8004	8835	971	3805	7789
3826	4354	7545	1779	7488	9454	9539	8255	4520	8181	8324
3441	5724	5912	1097
4237	5401	213	353	2839	3276	3745	4095	5019	7463	8516	8758	2106	6976	9803	6024	8011
763	4134	4077	4146	4699	7980	8157	7906	8175	8176	8648	8649	91	7368	8647	8650	8392	2788	8394	4502	7907	9411	2787	8391	7911	7913	3798	9479	9481	9482	2828	9389
3151	1711	1895	171	1522	6463
736	3641	5450	6762	7906	8638	8643	9303	9174	9389	9411
287	8641	9305	6598	9188	1364	3316
2007	6756	5353	7415	4104	4789	8052	7132	590	5352
2527	4134	4146	4700	6111	6228	6582	8650	8647	8027	8393	9126	8082	8391	8249	2785	2787	2788	3798	3805	7907	7911	7913	9189	7993	971	9410	9411	6719	10092	10106	10232	10234	10231
1092	282	690	779	417	420	1269	3188	3855	497	651	1000	4323	2213	4326	2500	3925	3548	4352	3509	1461	1807	551	6054
3426	5707	5229	9505
2178	8546	8553	8642	8639	6758	8554	8547	8645	7993	9138	8548	9402	8254	9313	1262	9477	9550	9316	9315	9314	9437	9442	9178	10132	8255	10147	10152	10215	10131	10037
1582	2438	1262	9455	9405	9456	9437	10145	10235
2872	5919	7707	616	6464	3348	8523	3717	4789	5602	9065	7978	5077	102	2392	4087	4283	7002	7796	4384	903	4141	4820	7681	2329
3322	7908	8737	9313	9391
3489	674	251
560	2281	4429	1302	89	3902	6594	3558	370	2971	7368	5661	6964	4105	207	6596
2660	6756	8343	5367	7926	1985	4929	4764	6104	7556	115	57	2935	4742	1524	922	1619	2940	7575	5128	6921	3317	7690
2954	3139	2379	7518	2886	6627	2885	9815	7002
727	2207	3435	474	8731	5664	8326
1282	7125	8476	10321	10161	10348	9743	9737	10350	10277
243	8641	8646	8640	8645
505	4958	28	1817	1856	1903	1980	6877	1818
642	7060	7420	8029	8705	971	3795	4540	7911	9109	9409	7509	5880	6553	4258	9827	9939	10167	1790
3596	1398	4245	4242	6228	1912	6083	1786	1971	3249	9404	6215	7018	3608	7717
3258	3997	7906	7060	8553	9392	8256	9437	10134
3435	1002	8155	4029	8173
3267	9992	10054	10057	10338	10056	10349	10061	9977
1718	106	2806	5852	6733	8414
3534	9200	9124	5551	8394	2786	8392	9307	9446	9409	9517	9174	9855	9841	9633	2695	9629	9632	10156	9971	8182	10139	10136	10168	8184	10010	10169	10187	10130	10147	9939	10142	10218	9980	10220	10157	10297	9179
969	9455	9187	9454	9309	9401	3796	3798	3808	9479	9481	9482	3807	9411	9292	9404	9313	9456	5262	9397	9314	9316	9315	1262	9536	8917	9537	9547	9174	9634	9810	9929	9632	10181	10021	10010
1288	4666	5900	4472	9469
1374	946	7702	7061	7125	7338	7722
1936	2438	3904	4145	4700	5715	2278	9306	7909	8250	1262	3795	9873	5984
620	6236	5966	8012	514	1864	3670
1146	8545	8547	8553	8554	971	9053	9392	9396	9401	9276	9399	9314	3796	3798	3807	3808	9292	9313	9315	9397	9411	9477	5262	9484	9463	9174	9175
249	5959	5818	3891	8647	2576	7716	1637	3798	6057	10137
2241	3483	4101	5506	5508	5560	6535	9034
2400	3781	2058	47	1365	1748
4332	2481	2565	4157	4354	4722	4723	5962	7488	9841	9929
800	7407	9787	8433	4546	8178	3085	7478	9715	1379	1842	7845	9957	5951	3492	10156	9989	9948	9996	10055	10057	10059	10308	10283	10350	10351
921	146	774	2813	3512
1014	513	1528	8298	2892	3621
1352	5091	3829	1812	5579
3301	4538	9111	6388
218	3801	5201	6997	89
2704	4868	428	579	7639	1369	4626	6035	6452
3971	4700	5960	5880	6464	6582	2937	9336	9303	9306	9561	9176	9330	9745	9939
2090	5715	5844	6226	6758	6762	7230	9406	9479	8917
385	4767	5961	6226	8638	8643
3027	2784	8460	7913	7911	9399	9402	7993	9053	9396	9276	9292	9481	9482	9315	9477	9398	4502	9174	9176	10169	10170	10171	9721	10237	10133	10148	10149
1005	1384	7586	241	6432
2907	324	1534	3599	4935	6334	6533	7226	8064	8571	5691	7877	8152	9976
1046	8405	3856	7942	2496	1649
405	3997	1096	927	10129
1196	2274	5315	8018	6709
2290	8029	8545	8645	9292	9313	9315
3475	6179	2459	3077
120	9447	943	1345	2100
3253	5124	8058	6698	6865
1116	7234	8175	8638	8643
4083	4040	174	3651	3908	2641	6732	3705	751	4159
439	1103	4919	1469	750	5277	1990
3867	432	768	4017	4202	5939	6003	6215
4303	193	6234	70	80	2247	2068	7024	9572	791	4409
4249	1786	8029	8650	3433	8391	9035	9116	9409	8936	10146
2092	3025	6241	7535	6204	8775	7522
3245	3683	4099	2396	4328
3118	7910	4011	3796
940	8027	9336	8249	9929
1320	3999	5961	3195	7251
4147	1539	1531	1537	1603	2852
3972	476	2813	4813
3012	294	4042	9099	1652	7723
4288	4077	1600	6784	83	4355	1896	5446	5082	5323	1037
1367	2855	650	4525	10132	10135	10136	10137	10142	10144	10147	10217	10220	10221	10214
3307	1599	648	3188	4874	709	4435	4936
1530	5262	2612	81
410	476	895	1852	2729
1002	1835	6041	5607	2939	8285	4791	2916	9887	1382	2931	8127	3661
4389	5811	1780	9272	3509	1681
2705	3638	4023	2829	5296	5450	5470	5660	6226	6083	7545	8650	10144
2473	958	4758	2753	2399	2679	1812	3397	4613
4299	2448	1398	4145	6226	9479	9253	9855
2988	2368	3849	7487	9613	4990
4118	3731	259	8426
2087	1260	3319	1398	1033	4767	2946	1108	7873	8027	9392	9315	9550	9436	9505	10151	10252
1907	1126	2825	4273	4713
488	4190	3457	4354	4722	4723	4720	1126	5843	5880	6600	1372	7234	6957	7488	8176	8645	8614	8029	8549	9287	3805	9184	9409	9189	7790	7509	9854	4186
580	3579	5463	2666	4108	7047	9871	4521	10061	3341
622	2993	1766	983	4421	5359	5026	5839
322	6226	6763	7488	9200
3879	8648	8649	3805	9437	9444	9590	7509	5140	9784	10129
149	280	895
4020	4343	7754	5026
3595	2687	6918	487	4611
4011	6145	3914	3721	7102	4971	2805	7469	1324	486	3141	5800	1350	251	2182	9272
3598	3526	3520	3815	5785	5600	2808	2565	6948	8529	8088	4643	7359	715	3841	6853	7283	9997	1787
318	7910	7873	8029	8494	7970	2426	8107	9446	9313	9480	10151	10010
2172	1347	4224	5501	6378	6626
2822	3575	143	6211	8635	8798	9060	7125	7583	7593	8476	8763	8801	8982
3765	5263	6600	6762	7906	7453	9123	8989	7078	9980	9989	9949	9990
3611	2788	8392	9389	9292	9310	9394	9396	9397	9398	9538	9535	7920	9633	10092
2498	4980	7395	2818	6518	9620	5200
1441	74	829	1080	1106	1132
1473	7918	8533	905
1747	7980	3807	3796	5262	9292	9315	9374	9401	9399	9314
1490	4309	5701	6908	4125
2584	6390	1649	2849	7523	5455	6805	7306	7311	6950	1316
4415	1995	6024	4944	5463
936	8546	8917	9053	9410	9483	9437	9629	9799
2339	5475	8640
1192	5866	8647	2278	2828	7789	9029	9709	5984	9330
2922	1561	6157	4981	6958
1225	1381	6568	180
463	238	4562	7051	9252
3560	5188	7538	8964
4317	6250	6363	5984	5981	7043	157	5492	6242	6247	6262	6507
2467	9886	10225	10251	10158	10295	10003
2224	5961	9314	9629
1184	8639	9304	7993	3796	9373	9437	10235
618	237	2682	2684
3733	4315	5204	7009	2049	868	1230	3060
3026	874	1282	2563	1277
2225	6184	4328	5752	5154
913	5643	1136	230
143	6071	48
523	622	9344	1218
692	681	4428	5071	1494	9442	10129	10144
1825	8393	8460	9711	7509	5957
1544	722	4671	6530	216
658	8549	4620	6776	827	9137	9139	2787	2788	8392	8394	9396	9394	9313	2785	4502	8391	9292	9390	9536	9029	9387	10032	10237	10233	10191	9954	10133	10217	10238	10214
3372	3457	3641	4722	4720	5296	5962	5707	3869	10077
3874	4865	1023	1404	1451	3094	3593	3596	4290	4864	6153	6493	6942
1480	2658	4429	2506	188	774	455	4441	3464	2730	514	8870	398
2254	2584	1943	9159
2641	8442	1845	8211	3150	1814
1789	5209	6946	1493
1284	74	6790	6751	6752	1253	4366
1740	536	4120	7073	4298
1986	1148	1090	1065
3628	3458	3545	3459	517	2735	2299	2922
2721	5677	8155	3007	5061
1677	579	2779	3862
2193	2643	3360	2937	7622
4132	1663	3808	2731	3650	1365	2360	6039
351	154	2235
214	2382	8650	8027	2784	9034	8833	9137	9190	9308	9307	9479	9481	3796	9536	9411	8065	7717	8315	9542	9873	2109	5984	9745	9941	10136	10168	10172	10128	10236	10087	10306	8622	10262
1433	4557	5453	2067	108	8640	8027	8029	7781	5850	9137	5082	7987	9388	6323	5981	4370	4368	4369	9404	7375	2786	5152	9649	1934	9841	9176	9188	8309	18	199	9821	8181	8182	10187	10192	10259	10268	10269	10298	10006	10097
2536	2122	6769	8167
2625	4261	4263	9029	9436
600	5416	6024	7043	7877	3182	3656	5038	5646	9351
1208	805	1274
154	5959	6600	9200	8256	9312	9480	9484	9390
2811	1459	7746	2332	5091	5944	3526
1619	1264	8735	1835	5331
2826	9391	9374	9396	9310	9393	9394	9395	9398	9477
148	943	7962	6964	6966	4626	7110	7551	7723	8267	8532	5926	7410	1378	2102	5265	7038	8893
747	797	900
4131	420	678	3203	4121	7029	4997	2815	8637	8993	4708	5952	8373
4359	8463	4358	6604	7047
4391	4467	6419	4037	8389
4204	420	5161	9617	9074	903
2129	1916	3649	313	488	1680	672	1053	2813	47	743	2018	3978	6769
4058	4145	5263	6227	9053	9399	9029
471	210	4155	4700	7906	157	7912	6083	7679	8890	9302
3190	1600	1398	4168
110	1323	6008	1500	8668	9745	8183
1183	3540	344	598	636	1226	2813	3533	3627	3653	7590	8168
3738	1575	1763	3294	7481	6231
2271	4168	6228	4011	8029	8027	9391	9395	9394	9398	9480	9313	9436	10252
2756	6763	9312	8315	10102
393	7142	9424	9175	6057	4125
1061	3439	872	2536	1575	2714	4513	856
1356	6374	1168	5528	4304	7586	5848	1620	6996	5028	8574	895	4315	5457	2542	731	3511	1299	6874	6353	5130	7477	8227	915	5248	7119	4086	481	3617	7303	9638	10062	2153	6802	7345	2587	6699	10243	5748	7710	2185	5025
3165	253	723	2392	3314	4884	6073	2053	3112	9225	2180	1670	8155	2974
1567	5702	8352	7506	6267
415	4815	7118	8323	5545	5621	7782	1895	5641	5474	3089	3320	7511	6590	6593	8508	9909	5533	2827	4476	5347
520	5457	5678	6169	70	6968	8132	5856	9725	4197	7140	8077	8083	8251	8256	9565	585	3776	480	470	4224	4961	8751	970	8245	3551	4202	8286	7216	8595	7215	7211	2154	7212	5938	7343	5051	7978	9855	6204	7863	9735
4113	8637	6758	7789	8254
4236	4596	2977	3402	1333	5088	5520	4998	211	5885	6223	2314	6637	198	4505	3536
1330	4529	8181	10147	10141	10134	10143	10132	8691	10196	10283	10081	10284	10253	10133	10237
92	2481	3904	2281	4145
2167	3071	5052	3769	88	4756	1302	205	9925	8285	177
1340	9389	5087	6188	9174	6388	9538	9539	9535	9633	10037	10092	10132	10135	10136	10139	10147	10168	10169	10181	9750	10087	10089	10133	10214	10215	10218	10220
739	1337	7058	4353	4958	2102	4034
1501	7393	5374	457	1418	4335	3353	7447	2849	4401	5041	1742	2196	7975
1754	6757	8647	9116	9336	7907	9409	9437	9484	9477	9707	10076	10151
68	7906	971	9311
2136	2788	4502	8394	7907	9395	9396	4611	9309	9374	9391	9392	9393	9399	9407	9398	9481	9310	9394	9454	1262	9455	3807	9477	9029	10155
3581	8029	7479	9855
2169	294	3277	2224	4438	4936
1333	4552	5220	4037	4935	6135
4116	1645	1390	5319	5831	8196	318	3451	3285
1112	9389	5084	5085	5086	5087	6188	9174	9175	9535	9538	9539	5957	10138	10166	10132	10135	10092	10144	10169	10145	10168	10136	10140	10142	8822	10131	10167	10148	10149	10172	10075	10155	10214	10088
2025	6464	3815	4253	4052
304	1397	1126	1756	3718	1027
1600	3017	156	1600	7174
2718	6304	6624	6892	2050	4378
79	554	900	901	1808
3306	98	2600	3490	5959	4885	6226	6322	6323	1668	1641	2406
1203	6150	9305	9309	9137	8184	10137
2430	9076	5297	3395	5746	6291
1428	1137	3574	3087
1642	453	2945	6179	98	4039	8397
928	8547	7970	9484	2278	9253
2683	2573	6127	6294	768	2404	6343
296	5674	1514	10041	10083	10196	10021	2854	10092	10135	10168	10169	10108	10074	10200	10243	10216	10206	10173	10085	10089	10087	10088	10084	10218	4020	10246	10295	10296	9950	9876	9977	10110	9970	10100
2663	9891	10112	10301	10330	10333	10029	10257	10347	9886	10211	10219	10273	10295	10326	10327	10355	1201	10230	10315	10296	10300	9884	10060	10068	10309	10360	10367	10001	9766	10193	10271	10299	10302	10343	10359	10272	10316	10353	10361	10373
1324	843	6081	6464
3719	4392	5707	2971
987	3895	6228	8643	8646	9402
2791	3953	4424
4089	5677	2459	6171
294	5844	1481	9397	9406
3438	8545	9399	7913	9053	8251	8083	9390	9484	9505	10168	10131	8255	7724	10237
4112	4134	4699	5028	8403	8176	8650	9590	9029	9437	10231	9847	10038
1292	2731	2743	9017	9346	824	2768	3004
3936	8403	8029	8737	8027	5675	8083	9437	9463
454	585	9273	931	6100	7533	3352	6430
2046	10051	3232	3913	546	2884	9836	4303	5001	9135	1658	2691	4105	4202	7404	795	7225	4113	4231	5040	8365	9244	9964	3107	9203	10028	885	6806	7232	8477	9278
2555	457	889	2942	5591	7090	5494
543	2438	1600	133	5263	4542
835	8716	8972
2	2393	4360	9074	9459	676	6429
1866	9068	3538	7793
1635	8426	2387	6593
2011	9035	9241	9311	9309	7912	9053	9307	5551	9409	9404	9464	9373	9387	9029	9174	9175	6388	9841	9442	9418	8183	9860	10108	10146	8721	10104	10147	10169	10075	10155	10262
837	2199	4556	5800	7090	7108	7383
539	170	5450	8029	3807
152	911	717	4188	4646	2565	3431	100
3732	4613	1855	763	157
503	9399	9477	9174	9390
3763	9929	10133
3080	7793	7614	5390	7081	4904	3653	8210
1607	5458	6537	6801	8018	9113
3228	2278	8083	2502	9389	9536	9330	9733	10105	10046	10136	10139	9750
344	1599	8486	1541	5639	1014
2960	1313	1436	3999	985	1311	2752	2475
902	7713	2102	7714
3658	4944	879	4555	5694	7433
65	577	5632	684	2507	8357	2294	5445	2040	9546	9893	5390	8918	3377	8086
644	10041	10196	10263	10321	10323	10336	10241	10337	10301	10303	10270	10295	10347	10348	10355	9867	10029	10114	10351	10296	10350	10209	10352	10272	10342	9884	10193	10271	10310	10365	10068	9766	10001	10309	9743	10219	10367	10373	10374
3938	2343	4113	4218	5202	7466	9026	1842	2308	2937	4799	5001	5074	5352	5839	6359	6433	7043	2813	3570	4037	4284	5544	6285	6356
4373	8441	6200	1892	58	6303
2628	5470	8027	3795	7993	9314	9444
2247	8640	8542	5984	5805
191	9512	9660	9486	2000
3623	6083	8194	4879	9137	9139	1209	9126	8392	8394	8992	8391	2786	2788	2787	3487	9424	9315	9393	9395	9404	9477	9482	3266	9537	6188	9174	5739	9841	9542	6430	3179	9995	293	9971	10200	10202	2971	10087	7615
2648	4744	1223	4141	7742	7854	9925
1377	7969	6360	912
514	1695	3655	2607	915	1766	2979	3109	5910
3574	8549	9314	9393
4412	4720	4700	8029	8640	5310	2484	10	9125	3970
2235	4145	4146	5470	5575	7970	9311	10129
1348	8643	8545	8027	9399	9241	9629	10237
3229	6584	7413	6769	8065	9681
2517	2849	4528	6228	7488	2175	5550	8250	9170	1474	3150
4076	7147	2723	4165	5133	6464	6583	7845	3949	5262
2202	7912	9399	7913	9401	7911	9477	8252	9479	3808	9315	9405	9411	1262	9456	5262	9292	9313	9397	1641	8082	9484	9029	9373	9175	9174	9855	10107	10032	10037	10145	10132	10135	10143	10147	10136	10144	10191	10133
2303	6228	7545	1786	7980	7873	8176	8647	8650	2785	9126	3798	9411	5674	9030	10128	2907
1301	9654	9884	10070	10159	10253	10067	10109	10298	10312	10060
3952	2286	4245	7605
2898	842	1579	1181	5263	2129	5862
3148	183	748	6367	6477	8719
4417	5087	6188	9174	9175	9535	9538	9539	10143	10144	10141	10142	8181	8184	10132	10129	10134	10137	10169	2854	10147	10136	10140	10135	9719	10131	10220	10191	10214
365	4252	3585	3078	407
1251	1252	5660	3805
4207	1298	5520	8029	3798	9311	9463	10134
389	5450	6226	6083	9109
780	1533	2595	2974
2415	4464	8667	9208	9054
2567	7959	4526	5917
1869	821	5592	5832	5133	3251	7244	1170	2122	2697	7570	846
2606	7908	8547	8554	9590	9719	9721	9954
4309	7906	6877	971
4205	4243	4699	5263	5961	8175
3532	4767	8107	8027	9314	9276	10231
392	981	8865	731	6891	8814
4273	1060	2736
2079	1995	119	226	207
2703	5152	977	7330	7463	3570	6621
4419	327	5844	479	8363	4549	1416	7230	5520	8640	2844	8432	8254	1895	4509	9302	9178
3769	8029	8641	8646	2784	8835	7993	2278	9388	9310	9389	9444	9174	9485	9429	9855
2293	1710	1830	1951	2117	3768	3095	7104	6944
4235	511	2387	3302	6862	610	5307	5711	6294	6528
33	1514	4451	7025	7363
4157	2885	7466	8476	7593	9005
3408	196	142	147	2860	3579	6226	4204	4880
203	3050	4766	3717	5424
1289	2030	2091	5790	6267	8466	9211
3701	4146	3349	3796	3808	8895	9550	9429	9174	9175	5140
2181	5449	547	2978	3050	3200
3039	2629	5180	8096	3401	9326
321	7970	7913	9549	10131	10151	10167
234	2467	2514	2517	2843
3786	2830	4243	4011	3807	9029	9292	9315	9873	6719
4060	4577	4757	4850	2033
3909	406	1406	4347	5698
2244	8545	8553	8554	8546	8547	7136	2786	4611	9391	9309	9374	9185	9399	9313	9316	9395	9314	9315	8392	9393	9626	9631	9634	10151	10150	10233
3071	2731	7919	8821	9245	9274	8997	7378	7448	7556
3824	5470	6116	4464	2974	1545	5075	6064	6255	6070	6257	6249
2774	7488	8403	8027	9029
3382	5470	7234	8637	8029	8027	9124	9314	7913	3807	9053	9313	9292	9111	9315	9485	9505	9174	10155	10252
2792	4599	7634	6039
36	9225	8401	8001
599	2438	2476	2448	3904	4155	4354	4157	4145	4146	4722	4243	4723	5475	5132	6762	4896	5325	7453	7411	8403	8640	9139	9137	9116	9118	8917	9436	9437	3477	9175	7643	8901	8860	9542	8315	9929	8183	10167	10089
3257	6665	2971	6646	6783
2951	5774	420	2959	8835	8829	7909	9287	9444	9479	9305	9810	9176
1537	3773	4294	133	352	772	2067	2774	3214	4482	4702	5551	5977	6031	6178	6808	7285	8043	8688	8891	8491	9085	165	189	1311	1390	5637	7393	9594	3621	3652	4271	6989	7566	2813	7550
633	4679	5220	8016	8928
1975	10156	9907	9991	9996	10055	10056	10058	10059	10196	10283	9999	9820	10335
2003	2332	6097	5720	3754	7724	8737	2154	5225	398	4192	4375	5175	7790	3119	10092
3054	4225	6370	4613	2184	5261	5543	189	188	4069
1636	4566	7426	7823	6261	7535
2884	4388	6760	6765
814	5360	4051	4322	7376
2085	2136	2481	3382	3923	1398
2325	174	181
725	6059	7444	7974	8760
4321	768	2610	5944	6970	7745	8991	1985	3387
2761	1600	4962	9480	1599	9505	9436	9175	9174	8879	3578	10151	10150
44	5660	7912	8250	1262	9394	9626	9636
441	5263	6757	9446	9314
2524	6083	2788	8833
1802	568	1432	3795	4952	193	3433	4535	6750	9294	1461	3387
102	4057	7468	8599	8276	1899
4229	3342	458	2031	256	3257	3876	3881
188	6811	8347	4113	7406
1879	4767	3940	6464	6276	9484
1168	3775	962	193
3298	3086	6266	7039	2523	3150	4190	7547	7955	7382	2341	4369	5918	5929	5246	9160	9506	1728	4370	7713	8109	8211
101	7749	2738	7002	5950	4935	6159	8345	8346	97	4266	7889
1389	944	6067	7033	7981
2334	567	5695	2392
3590	458	4619	3785	4655	702
687	1349	1390	5979	6186
1485	7828	7963	6923	2750	216	2561
153	9200	9329	8472	7976	8096
4128	6758	7234	4553	8650	8648	9184	9190	774	9307	9389	9626	8901	9571	9188	8183	10075	10202	10200	10016
2728	692	2523	2728
1108	7333	8063	8648	8649	8393	8835	8833	971	7909	9485	9484	8601	7868	8103	10175
394	3249	994	5743	8607
367	9190	9304	7909	9949	9989	9990
1795	6111	6582	6228	6758	9137
4224	8192	118	1490	177	1302	4239	239
2066	5263	9630	9692
1119	3741	2529	5715	7333	6957	3546	5184	5956	4411	8403	8029	8835	6341	9137	9139	9185	5085	5180	1450	1488	5805	7308	2855	10142	8721	10133	10220	10237	10260	9179
3950	880	1055	2515	4566	5905
2075	6564	2188	2849	6272
588	5338	5446	5492	7033	5735	6072	8035
2078	4483	2736	4015	2679	3812	786	255	2243	4953	9311	9391	5397	8029	7757	4065
3900	6582	7142	7910	8063	7314	8029
4371	4576	6226	2884	6582	5399	4011	1761	9636	5140	7690	2854	2266	10167
3103	7017	3826	3678	1053
2411	4699	5707	108	3438	8644	8637	3262	8648	8027	8833	8392	971	7913	5229	9389	4540	9590	1641	8083	7789	9410	9711	8876	9549	241	9542	9733	10138	10137	8255	10232
2190	6228	9311	9539	9571
3729	3923	5866	8644	1626	7912	9253	9387	4011	9549	9709	6714	8573	10142
1243	2448	2476	2481	2565	3640	4354
4031	7125	7593	7602	9027	293	3480	363	1230	3150	3245	6098	2591	2610
2479	8650	9200	6057	9873	9735
824	6702	3759	146	5068
1487	6464	2081	4447	1244	6473	6889	5075	2761	6462	7920	5458
1521	3319	9053	3807	9480	9436
4411	535	2411	6342
3353	3529	8453	6285	172	6911
3061	2100	7665	9512	9660	9672
2120	2830	4134	2328	3519	6192	25	7253	8175	7266	26	2596	7479	5229	774
825	2565	1600	3319	3718	3741	3640	3641	3999	4023	4245	4243	6464	7453	6758	2788	5675	2278	3808	9292	9315	9458	9446	4540	7717	9873	10075	10149
1464	9393	9395	9398	9397	9029
2985	5588	7369	3717	2749	8175	5179	2666	8029	8496	3511	5229	6491	6695	9189	8178	5473	3695	4174	9175	2298	4419	9841	2997	1268	5356	6804	10083	10105	8721	4021	10205	10324
3661	7175	7960	8694	9252	9254
1236	4845	6010	5131
3748	6228	8647	8027	8002	7479	9312	9396	3796	9313	1262	3807	9397	9404	9482	9316	9388	9314	9315	9394	9480	9537	9484	9626	9389	5086	9629
3192	3888	104	475	4541	2741	352	4436	6812	3923	45	5458	157	436	533	2813	2224	2326	7967	8395	8934	9027	9030	9032	4704	8751
757	7529	9235	2121	3782	3796	2359
4296	2813	3070	537	9833	2673
3490	627	1274	872	4752
718	971	3805	9305	9306	7909	9053	9276	9446	9402	5262	3796	3798	9314	3807	9561	9484	9029	9174	10032
1623	3904	5263	5866	7873	8107	9178
1546	9485	9483	3078	2171	2325	1392	5439	5440	6674	966	6669	7610	6667	10175	8891	176	731	10077	6580	10200
3921	750	2277	5776
2727	914	1761	1861	2123	2553
2401	472	9192	1773	2203	2666	4694	7759	4579
469	3033	27	25	465
3808	977	4835	459	564
4193	9463	9464	9484	7559	8275	7560	2855	10221	10038
2781	4126	4284	570	2081
483	2335	2876	3184	6487	332	568
3927	149	5694	675
1077	2571	238	7333	6083	8403	2788	4502	2785	2787	8391	8392	9393	4611	9303	9308	9312	2840	9305	9306	9309	9407	3221	6388
1037	839	7936
1705	994	2049	2048
1654	8176	8029	9200	9388	9029	6388	9634	9719	10148	10202	10191
2366	8554	8545	8917	8668	9630
2121	8176	4579	8614	8647	7970	8151	8393	8460	8835	9034	8833	9137	971	9126	9241	9481	9590	2828	8418	9292	9444	9627	3970	9411	9535	9538	9539	9709	9330	5674	9733	9934	9995	4520	10092	10231	10234	2907	10217	10218	10086
13	519	5719	5761	6781	8459
3531	5932	3102	3666	3478	4566	3285	8663
526	1463	4252	3939
3796	249	2131	6983
3503	3781	1306	6111	4116	7715	7239	5140	9549	9188	5343
2484	9253	9485	9537	9484	9410	9029	9373	9387	9389	5087	6188	217	9810	9855	3682	9302	2311	8181	10136	10134	10135	8184	10132	10137	10139	10141	10142	10143	10144	9939
3189	2438	2830	3319	2947	4168	3999	4146	4699	4767	5960	5774	9276	9053	3805	9477	9480	9313	9550	9505	9711	10151	10252	10150
3240	268	6048	4754
156	1387	2389	6903	2072	3537	5001	5132	6212	1564	1294
1388	5470	6757	8403	9253
2842	1600	8642	8554	9480
2396	3319	4157	4145	5774	6227	1432	7906	9549	9330	9745	9842	9178	9939	8721
774	2175	329	6464	6672	6682	7216	7217	7930	8594	4108	8291	5175	9700	434	2302	6189	7213	8659	7920	5896	2420	2578	4193	5731	8082	6953	3154	4521	4493	9762	5034	6122	1900	8625	2584
2978	8641	8646	4502
2759	5296	6111	8176	8175	971	9404	9053	9304	2284
2126	3457	8027	9336	9402	9390	7789
420	8548	8646	8549	8027	9479	9436	9292	9313	9315	9394	4540	5085	9429	10142	10151	10234	10038
3210	5263	6227	8497	8003
3194	354	1527	2301	6147	2730	5135	6612	4743	7316	7730	3707
4184	103	917	4409
733	2739	6500	2122	3439	4006
3377	9537	9536	9029	9373	9387	9389	5087	9535	9538	9709	9934	10021	8181	8182	10091	10129	10134	10141	10142	10143	10144	4125	10136	10139	10147	10169	9939	10132	8183	10145	10146	8184	10137	10140
2013	935	2660	6237
126	9314	9053	9436	9505
3328	5870	843	9200	7239	9399	2785	8917	1203	7789	9634	9867	9869	9870	9847	9909	10061	10222	9977	9999	10110	10370	9820	10011
950	4965	822	4907	5346
3681	3624	3404	1650
1792	4686	8535	8906	2580
2918	8029	8641	8646	9139	9374	971	9185	7993	3795	9292	9405	9453	9547	5085	5086	9176	8181
4077	8010	9597
361	1853	9484
865	861	1218	1233	2122	2471	2547	3004	4373
305	123	1550	394	4784
3504	6597	6598	6599	7703
3584	8151	9456	9436	9505	10147	10152
443	3997	2468	4157	4077	5450	5962
3095	7980	5622	8028	8505	9719
1351	7222	859	872	1770	8239	6244	7383	8443	9000
1668	6111	7906	7908	7488	6758	8637	8640	8003	8835	8842	8834	9125	9190	9124	9336	9388	8083	8252	9253	9485	9590	7790	2109	5984	9745	10046	10172	10102	10202
625	7239	5016	376	5014
3082	9192	6925	9656	6218	7820	364	5668	6148	6160	7071	7507	8168
1945	5960	8175	6582
1076	7892	1165	4529	983
24	6469	2859	3277	2030	386	6546
2883	5263	5962	6758	8175	2784	8833	2278	9111	9590	9175	9296	5805
1596	763	4124	5464
2778	2007	6227	8107
3694	10146	10112	9847	10156	10238	10268	10269	10164	10073	10074	10214	10215	10235	7088	9954	10064	10349	10354
717	6635	2215	3390	3648
1478	1440	3953	7051	8652	9569
1739	1269	2408	5962	6228	7142	7333	7545	6254	234	6374	6375	7908	8650	8362	2788	8917	8251	9841	6250	7186	7199	6264	9855	9929	6261	10172
3278	9622	4507	4831	5831	5902	4284
3693	2030	3245	6366	6810
3320	5004	5991	4907	5599
139	8004	7479	4611	3808	9453	9405	9454	9437	9436	9175	6057	10141	10136	10167	10137	10138	10129	10135	10142	10236	10181	9719
1807	1146	5072	412	861	1107	1154	1191	3614	1205	3564	7653
2123	2838	4132	5332	603	986	9138	9302	1933	8599	10010	10157	9221	9971	8777
3427	5169	5824	431
1379	3057	6059	8982	9005
3741	3451	4936	8856
2492	8265	5005	1310	4956	2302
1434	8856	1471	544
1444	1845	3462	3709	8351
4084	5297	3796	8642	9292	9313	9397
1841	2281	3719	3718	1328	4245	4354	2233	4242	2468	4720	5475	5715	7142	8403	8029	8027	5915	8849	9123	2072	9405	9453	9537	5084	5086	9174	9175	6188	10107
4100	412	1061	3537	1072
527	9184	9407	9733	10173
2349	464	2043	8199	8789	4483	2041
1127	3780	1045	221	2520	260
3100	6725	8547	8304	3796	10155
2100	5783	7849	8742	8029	8151	9192	8083	9436	10145	10170
2487	7980	8643	8645	8638	8644	8646	5675	7679	9407	9388	9309	9453	9456	3808	8082	9389	8912	9634	10220	10221	10156	10216	10217	10243	10087
3516	36	785	4235	6234	9026
2064	3148	7103	880	6548
661	612	2937	7901	4462
612	2373	7583	7784
1889	1600	156	2201	4836	6586	1674	3511	206	3646	3803	487	4556	7203	8366	8367	490	5341	8584	5222	5880	6462	6464	7042	9463
1624	7406	8554	8546	8647	2788	8252	9388	9396	2828	9389	9394	6388	9535	9221	10092	10130	10133
4265	7589	4225	3086	4120	2988
492	2281	4767	6958	2565	4035	5406	6088	6719	10041
4028	4146	8548	8639	6228	9437	9175	10136	9987	10220	10298	10006
4369	5442	4912	511	9526
421	5707	2784	2278	7993	9253	9590	2828	5085	9330	5674	10142	10139	10236	10006
4199	3997	4244	4699	5297	5961	5962	5774	6762
177	3235	1481	2646	6375	3313	5783	1672	1775	2528	443	393	1735	4467	6712	5444	9010	2754	9439	653	4917	577	5781	8907	2527	3454	4846	5697
2171	8001	3150	3555	7522
3213	1120	2673	4971	6464
1277	4720	5104	7980	7873	7488	8650	2102	8029	2278	2785	2787	8391	9405	9453	9393	9395	9398	9444	9111	9436	9174	9631	9799	9330	4125	9971	10131
4189	4927	3846
2827	295	6464
3357	6979	8675	1932	4193	9388	9479	1515	2828	157	171	9410	9175	7790	9197	8035	9629	9630	6388	9535	9538	9539	9854	9542	9177	9939	9178	8255	9971	10231	10165	10084	10218	10232	10243	6541	3150	10260	10205
2042	226	480	3886	3053
569	3382	4722	4482	2484	7906	7908	8648	8647	8394	2788	7909	2786	4502	2863	9854	8772	9542	7714
3	9234	983	7358	6774
3594	2721	4693	7046	429	801	1674	5003	6374	498	7293	4992	9869
1928	1113	412	5388	5485	2122
1833	8893	8235	8821	7466	9246
2097	4145	4146	4720	5961	7906	8644	8554	8650	9309	9398	9396	9537	9029	9389	9536	9174	9175	7672	2970	10139	10169	10143	10181
4315	1164	1568	1624	1070	4632
770	7908	8175	7912	7911	3795
2353	8167	6822	5133
1437	1765	2964	11	294	6566	2297	5190	6420	3938	274	5357	3400	8045	2281	4400	2829	2604	7295	3490	6077	234	3980
4002	3640	3641	4245	1769	4157	2061	3776
1513	1827	3696	4303	4618
2782	2395	4512
1965	4988	5248	8244	4033
2853	1772	2722	1324	4051	5370	6684	6692	1838	1681	4902	5179	6682	7200	8286	9117	6320	1200	8919	5083	4212	9304
313	471	3457	4157	8637	2784	8029	7239	4540	9389
4327	8641	1161	8833	9139	2787	9456	9590	9444	9636	9711
3066	4141	5164	994	5897	250	765	3724	3943	5090	7673
2743	6884	7047	7279	9743
708	4464	6242	151	5097	6464	4975	4983	4969	5887	6010
1312	7873	8643	8835	8251	9393	5262	9395	9313	9437	5085	5086	8181	8183	8184	10129	10132	10134	10136	10137	10141	10142	10143	10144	8182	10010	10092	10149
4402	6464	6957	9190	4539
3572	6762	8496	8027	2278
1640	3359	5382	5388	9694	1073	74
3934	226	8873
3558	8175	9053	3807	9484	2502	9330	10091	10172	10232	751
1539	6083	7906	8107	8403	9184	9185
1378	2433	3767	9588	1524	3974	8250
2433	3734	4037	4478	5396	5950	7404	8444	352	3764	7785	8690	2481	4513	6817
2835	1446	2057	6890	9009	7654	7802	5842	9695
1631	10221	10149	8691	9954	9948	9991	9996	10052	10054	10059
4041	1458	2986
3445	7538	802	6943
267	8403	8554	8646	8546	2786	9374	9286	9309	9311	9292	9314	9456	9477	9405	9453	8254	9454	3796	3798	7057	7078	9029	7789	9868	9869	9870
879	9848	8641	8644	971
2854	9772	9761	9762	9821	5895	7024	7181	10072
164	9048	8242	3530	3089	5205	7957	8401	5746	7188	6075	8763	543	8854	9678	3353	8173	9669	7092	2582	940	1602	8051	8836	8931	7637	9560	9877	90	9771	9778
1633	2125	6228	5330	7679	9116	2785	5299	8876	9855	1150	9418	9929	9869	6714	10138	9827	10002	9847	10084	9992
2137	7371	9184	9288	9241	9483	9485	7790	9630	5140	8657	9941	8182	10107	9178	10187	10243
3472	8546	8547	8553	8645	8646
3618	7230	3142	8547	8649	8640	7137	3795	9399	9292	4906	386	5063	233
2420	1201	1407	2296	3997	4446
1543	5913	8823	3788	9841
2684	2295	1042	543
2386	4711	7321	6175
1013	613	5257	4113
2689	6202	7218	7219	4274	5220	5463
285	354	250	9527
3597	1545	3016	1683	1895	37
269	458	7272	434	5012	952
1632	1324	2360	3168	13
1992	955	1370	2503	3141	6145	6425	6884	7310	1324	2620	7355	486
1365	3682	3953	4368	4369	5092	5129	6590	3445	6593	774	5733	6493	2765	8320	1991	8224	9065	4202	4693	6350	6455	7714	8990	3583	6537	8710
1599	2912	820	417	420	1834	2190	7544	2289	6733	498	3023
3464	1155	5822	868
2647	4638	1980	9873	7672
1274	7060	7488	8029	8548	8650	7661	9399	9308	9404	9397	9437	9483	9398	9436	9175	9302	9629	10140	10145	10146	9721	10037
85	2186	1681	8936	25
2929	7545	9292	4539
737	6328	9481	9482	9479	9711	10170
4398	4776	4831	7344	7631	8751	7553	7454	8251	8321	3285	3294	3494	5655	8639	8643	9320	1346	1985	4936	7216	7556	7910	7976	9108	9113	7217	8250	10212	10258	10321	9756	10323	2175	9743	10356	9693
796	171	2072	3756	2530	6226	7142	1512	6392	8647	4888	6891	7693	9200	8989	8249	8256
1227	971	7909	7911	7912	7913	3798	3807	9481	8253	5551	8254	9517	9477	9436	9437	9029	9174	9175	9631	2109	9934	10145	10075
2006	1481	9783	1776	2360	6135
2106	5893	6926	8088
316	3277	7639	7976	8174
3453	5262	9316	8082	8253	9709	9868	9633	9505	10150	1353	10149
1344	5971	7021	6465	6957	3511
962	6540	7980	571	3593	7910	1751	8027	9707	9629	9630	830	10252
2955	4040	1600	7849	2784	1895	3328	3515	5472	5568	6462	9392	9394	9330
2885	1976	1977	8625	2212	4540	4654	4673	7846
2941	2476	4155	6111	6758	8176	9286	9287	9292	9315
2658	146	2370	3675	6244	7924	2585	7309	6724	5031	8285	179
266	1020	3675	2736	4756	1524	6360	5424	1514	1885
4166	6260	4068	6252	7671	9070	406	6256	6979
777	4565	1363	243	958	3344	3802	1325	8027	9138	9184	7375	1907	3970	9175	5140	9178	9722	10061	10259	10268	10269	10317	9161
3321	8403	9396	9313	9547	9538	9539	10083
2141	915	4191	556
1235	3741	2195	6522
468	7065	244	3594	6538	6850	9192	9375	5792
3848	8029	8641	8644	9336	8418	9436	9175	9847	10252
1283	9392	7912	3796	9053	9396	9292	9313	9477	3807	9314	9316	8252	9315	9436	9390	5085	5086	9174	9175	10147	10129	10163	10132	10141	10142
1144	140	2221	2262	2813	4442	8104	9116
4065	7230	9123	9453	9537
1923	8548	8737	8027	6745	9707
723	8352	3285	5775	6932	6933	4310	6935	6948	9697	9759	1054	1113	5093	5877	6771	6828	6910	8048	8694	9085	9513	9893	4424	4998	9500	3680	9793
1134	900	3641	4245	4077	4242	4244	4243	4698	6111	6762	1786	8027	8835	8549	9307	9411	3808	3796	9305	9308	8901	10139	10166	4125	10234
983	2265	2682	3336	4303	4971	79	3653	3335	5688	5792	2212
2319	5722	5864
3209	4506	8679	4388	4354	7981	4552	6455	2966	3348	4037	4471	5835	270	2076	5866
2758	1430	4526	4972	6397	6907
434	3360	3378	406	9163
1471	3736	992	1666	3608	3585	6733	2849	7956	9279
955	1126	7980	8029	8151	8834
2093	7230	8063	7970	9185	6584	4611	3970	5087
1055	7371	9456	8975
656	176	2424	4087
703	6968	6124	4782	3494	7496	579	4594	224	471	4268	5010	8656
3153	297	197	4698	5660	8393	7679
2755	3374	6060	3462	796	1618	1703	2392	2813	3449	3669	4404	4509	5423	5714	6136	6204	6575	7925	8284
868	1014	1385	3622
2890	5905	5206	80	3521	6700	1500	257	4889	226
1516	2004	4619	9629	8338	5140
2408	3166	3670	4156	4009	3497	9114	7642
3565	4767	6312	9138	8292	9185	3795	9409	9411	5920	9410	1341	8876	8901	9854	6755	1998	1220	10077	6783	3142	10006
1156	1049	2704	3003	4844	3360	2383	59	6758	5239	7347	8403	8650	7970	8589	8662	9200	9137	5673	9391	9316	9292	9537	8266	7717	9538	9069	9745	8019	9735	10130	8721
1089	2844	3074	5496	9424	2847
324	8737	8647	8393	8460	8392	2785	3805	8391
3756	7043	1081	853	1288
1694	1429	6287	1855	796	7782
3003	2063	3062	1669
3432	2476	3638	4354	4720	4722
81	3997	7230	8403	9483	3808	7789
1024	8650	8548	8027	8643	8647	3798	9479	3796	9481	9484	9373	9387	9536	9029	9389	9174	8668	10129	79	10214	10086	10236	10084
2277	8835	9392	9053	9110	9111	9316	9480	9436	9627	5783
565	8027	7970	9137	9336	9175	9842	10076	10091
2002	4145	4146	6111	7910	8176	8639	8642	8643	8650	8647	9200	2786	2787	4611	9309	9454	9305	9306	9407	1262	6720
1054	1947	3139	3395	3682	742	5287	1674
531	4536	4908	492	3204
1031	5411	5263	10220	10221
1925	4291	4141	5260	5091	7278	7705	5873	9101	7967	7212	7216
1398	6226	7234	8063	8029	9393	4611	7907	9395	9402	9517	8253	9396	9590	9029	9437	9436	5084	9174	9810	9842	10220	4125	10155	6720	10075	9719
1929	1398	3999	4698
1534	6237	3096	5908	5183	233	610
2389	7230	8403	8638	8643	7349	8393	8460	9200	2045	2828	9629	10085	9179
3839	5844	5880	8641	8646	9035	9388	4539	10105
2332	7125	48	1963	9012	4507	6504
3819	310	311	391	3398	2716	2491	7230	6635	7906	8648	8649	8647	8027	8638	9456	9405	9410	9437	9453	9188	603
2784	3039	1371	5212	6474
3933	2164	5168	1366	4509	6633	6001	9142	8538	5548	3698	2461
119	3900	5374	6299	5950	4954	3864	6492	2964	9184	5521	10202
1934	7583	7784	6500	5574	9876	10204
2447	749	8208	1653	9494
4300	5404	2829	4006	1646	956
632	4724	5914	177	4944	4397	2180	8087
4013	7566	8992	7508	9619	4178	4393	6509	3195	267
4470	6172	5055	168
722	7213	7216	7218
1882	2425	853
2072	7873	2278	5675
3855	2501	1379	3659	3660	8216
3338	8641	8638	8027	8647	8646	9137	7993	8835	9456	8250	9387	9437	7679	9480	9373	9711	8912	9810	9542	9709	9733	9735	10216	10089
954	8029	8027	7970	2784	8249	9399	7993	9137	9626	9636	9411	9711	8315	9873	9442	9934	10216
4188	2522	7693	8134	7624	8137
3702	7399	925	3102	3121	9644	3995	9715	1484
3120	9402	9313
1027	2476	2481	4145	4723	5314	5294	6757	9187	6417	9405
4126	7142	8151	8249	3808	8256	9464
3967	1080	2881	3620	2473
4066	4699	4700	4432	4431	4570	55	3772	3346	4886	7906	8403	8641	7605	8027	8614	9035	9200	3805	7993	1262	9482	7790	9314	9389	8687	9634	9330	9635	10170	10092
2412	6763	7060	3805	9313	9505	8418	4540
3409	1473	4647	1709	2372	6884	7078
4280	7910	8638	8842	7679	9310	9536	9188	10170	10252	10142	9750	10085	10136
2077	6409	434	6820	988	8312	6344
2823	1218	2101	6898
966	5693	5001	5027
3580	7682	8870	9658	3683
3713	762	5106	4406
1028	8176	8640	8645	8546	9190	7239	971	7907	9306	9309	9401	9292	9310	8391	9505	9029	8901	1383	9418	10138	10141	10170	10202	10102	10252
4201	2448	250	3721	6531	4538	7060	8641	8646	9137	9444	9389	5086	3970	7789	5085	9174	6188	5084	9175	5087	9692	9535	9538	9539	6388	9176	9784	1364	8181	10132	10092	10136	10075	10135	10139	10169
1924	8639	8642	8835	9137	1262	3805	9311
3340	7908	7420	5326	4805	8989	522	7134
3391	4058	3999	3231	6012	3941	3048	4414	9719
3250	1249	1554	6598	2024
842	6459	888	5457	6741	7935	9868	1324	1703	2265	7515	7542	9724	9707	6775	133	9903	9633	6676	4026	4438	8240	9869	9870	6884	7078	10200	4509
4090	9314	3807	8253
1220	3719	3640	4244	4245	873	7545	1786	8251	9303
3075	850	1123	1485
3864	1570	3720	6758	8503	3970	8876	5674	10166	10200
2168	2221	4572
289	1893	4647	6139	1665	8025	5011	6562	7956	38	7623
3123	2496	3573	5545	8720	9042	4607	5940	6098	6881
3413	2336	4141	5124	5252	5352	6575	7617	7631	8476	9026	8447	7216	9274	1096	2236	6603	7218	9481	7842
3167	5972	7294	2095	6244	6738	3743
144	6958	6464	7453	6758	9123	9842	9827	10046	9221
2399	3781	4767	2918	6763	3796	3798	3805	3808	9464	9483	9253	9175	9590	9411
4400	3050	8938	9159	9834
4293	44	1483	2898	4355	492	4396	5705	5318	2961	3965	115	4016	952	40	399	5541	6087	3958	77	9298	5246	9488	8264	4883
1458	6959	8003	9029	9175
4407	3954	6569	3504	6097
2950	8403	9288	9392	9401	7993	9436	9485	9174	9873	9860	8182
590	915	1476	8068	174
832	681	1881	4555	5333	6921	6789	1842	6881	1801	4892	5192	7012	7091	8077	3670	7514	5188	7971	5891	7664	6189	458	4586	3979	7104	1483	4313	5957
1839	1381	3959	5133
3766	3999	4058	4723	156	6959	8650	8027	2785	3808	7907	9307	3795	3798	9436	9437	7790	3970	4544	2109	9873	9176	6714	8324	10037	1324	9958
4056	59	5262	7314	3226
3688	5328	3169	1728
1216	5660	6111	8640	8641	9409	9396
2723	3296	8264	6500	7507	4509
4216	3622	7946	140
1030	9253	9485	9537	9410	9463	9464	9484	9029	9389	9373	9387	9536	9174	9175	9629	9535	9633	9330	9810	9855	9302	8181	8184	10075	10091	10137	10144	10145	10168
3999	2625	3407	3558	3295	4212	5470	3385	5844	44	5660	6694	6687	5305	6582	59	5312	6728	8640	8645	4011	5039	525	9315	2274	4703	3970	9284	9630	6057	9855	8319	9735	10106	10081	8654	10104	10161	10084	10079	9179
3853	7545	8029	8833	3805	9253	9538	9535	9539	9735	9630
4399	2783	7463	3086	1842
1261	2233	4723	8639	9388	8256	9175	7509	9542	2682	8214	9418	3395	7515	8562	8691
3367	626	3925	5200	3148	7280	9083	4971
1745	8703	2717
2392	1895	3970	3848	2566	5193	5607	8021	573	1960
2903	8460	7479	9200	8391	8392	8394	2785	2788	4502	8251	9304	9307	9308	9305	9454	8418	8887	2828	5085	9389	9535	9538	9539	5087	6188	5084	9630	9174	9810	9842	9629	10002	10166	10046	10092	4520	10119	10139	10038	10232	10234	10128	10218
409	2830	5263	6758	7545	6083	7970	3795	3970	9302	9633
4421	4785	1340	5663	5906	6680	7507	15
364	2131	7545	8648	8649	2784	9536	4539	5084	10134	10145
3109	4241	9029	6388	9176	8901	8912	9188	10147
2306	6771	205	9458	6862
414	6983	8556	4435	9315	2306	774
418	762	4967	5263
1204	2937	56	8403	240	9459	61	2813
3683	2830	2481	3319	4722	9190	8256
3784	2438	2481	1600	2947	4157	4146	4698	4699	6959	9185	9480	9436	10142
1716	2306	2305	4075	4895	4468	4545	8620	3664
870	6762	6763	8195	8029	8649	8496	8917	9483	9175	10102
407	6097	6582	6762	8647	8004	9286	9125	9124	9409	7790	9636	9631	7509	8912	9929	9735
886	6227	7970	8833	9455	9456	9444	9630	9810
3334	7508	7898
158	8393	8460	774	2785	9292	9456	9629	9630	9535	9302	10002	10163
2673	2673	2820	3611
3718	112	1108	2563	3620
2068	4502	7909	7912	10170
2695	3718	4700	8554	9390	10234
1455	6958	7142	7908	8639	8642	8151	8833	9444	7679	9288	9483	9708	8183	10046
980	234	9535	9784	5750	9632	10142	10147	10139	8181	8182	10144	10169	10143	10135	10137	10140	10136	10141	9987	9988	10129	9939	10152	10172	10075	9827	10085	10089
2572	4712	1148	1202	3560	2399	3405
342	5693	7224	7174	7612	7613	8393	4910
3211	5843	7425	8649	7913	3796	9479
3385	3457	1398	8029	8545	8027	9390
2919	2144	1568	8944	2127	5390	9491	9498	2118	1208	423	3007	6972	2128	176	9235
3730	7175	2869	3621	9476
2806	9336	9396	8628	10083	10187
3474	6800	471
1429	4151	1641	1333
3434	3999	4354	4723	4698	4767	6757	7488	8546	8027	8647	9184	3807	9029	9174	10083	10170
114	7425	9482	9561	9389
4240	4634	641	1145
3020	2218	2468	6463	1916	4611	2786	8391	9436	2787	9310
401	2309	3119	350	349	8644	8648	8649	8642	8639	8549	8835	8833	7912	9407	8251	9411	9485	9374	9308	9401	5262	9314	9454	2828	1262	9477	9484	9463	9464	9537	9387	6057	97	10124	10132	10181	10141	10222	10220	10221	10217	5793
77	17	150	508	6067	8501	8667	8865	7233	6317	6510	3217	7665	7839	4926
3907	4722	4767	5475	5774	6228	6083	8403	3796	9485	9188	10010	8255
2734	1348	1459	6978	6884	2392	9784	9869	9870	9745	9810	6353	9630	9635	7813	7111	199	8721	10092	10139	3147	10136	10137	10169	10198	10144	10243	544	10280	10087	10267	10214	10215	10191	10233	9797	10266	10089	10265
4252	3634	844	3670	5520	8482
1831	7033	6072	7194	9194
3394	1345	1522	157	553	2072
1695	6360	6884	7078	8691	10156	9980	9989
745	7142	2233	5660	8029	9034	3808
2155	2718	8020	4739	9785	9863	10099	1732	6322
2894	6237	8553	8549	8548	8029	9399	9456	5425	3872	9607	8545	6739	10169	10221	10133	10237	10168	9955	10233	10171
3008	2830	6083	9336	9590	9188	5984
2968	5660	5880	6582	6226	6762	8403	8650	9456	3798	9453	9313	9394	9176	9929	10172
1125	6294	6742	3538
715	876	4543	8805	5353	353
3145	2331	900	1398	3641	3851	4242	5475
1843	3638	4699	6958	3129	159	9160
2779	4723	5961	5866	8833	7909	226	8256	9485	1262	7790	8912	9854	9542	10142	8183	10091	10190
2055	6784	3076	6334	5541	8321	6001	16	9252	9758	2241	2478	5149	7670	1739	10043	2909
3177	251	2662	2937	1365
3816	1768	5356	5042	4199	4095	6072	7811	8155	7069	4870	10098	4659	8378
495	2804	224	6018	1410
4424	3516	6413	7844	8827	6521	6581	7796	8734	8735	9515
2394	6486	941	4133	5505	5682	1395	9065	5152	5836	1916	1669	2720	3369	5710
3787	5669	5022	4497
1359	3360	1842	1648	434	4020
1927	442	6464	5076	9402	9029	9389	7057	7069	8657	8691
4307	8553	8547	8834	9137	9139	9314	9479
2176	157	4961	6176	8642	8639	8004	9200	9481
2233	5188	3802	5550	3903	7976	9027	7542	7870	7543	8476
984	9801	10295
535	257	1855	5522
1621	5051	57	7383	157	7687	1374	2199	2729	3663	8541	1435	2306	188	218	2235	547	9783	9817
2682	132	7721	7976	9356
574	4932	2449	750	3168	5514
568	1304	5898	6752	7984	8384	272	6472
3451	7131	7184	9181	9343	9319	768
2776	2438	3999	1645	4241	6763	7980	7906	8643	8647	7970	659	971	7435	2854	10102
3330	4928	857	1365	3526	1897	8879
1141	3457	4241	3294	4244	4723	6526
985	7679	9185	3795	9410	9549
3747	9336	9177	6714	8184	10146	9178	9827	10202	2907	10205	11
3521	5880	7234	8549
1687	9313	9292	9394	9310	2828
1518	2949	776	184	7910	7488	8835	7911	9455	9454	9456	9483	9175	6057	9634	10091
2475	399	3244	5202	8680	9611	2261	7171	8190	9157	3150	7959	6418	199
2330	225	3301	3743
3790	673	86	4420	7350	84
2750	7849	10212	10321	10336	10323	10342	10348
2786	7060	2220	2449	6083	8650	8553	8027	8638	4359	8647	7924	8833	9253	9336	9630	10172	9947	10130
4427	2459	2971	6702	9293	1381	2122	4618	8193	9009	9085	9696
3659	8220	6325	3698	9027	3149
2503	5091	5944	3579	4141	5886	7473	6136	6228	6805
73	6228	9200	2072	9253	9799
2398	1939	579	784	2223	3150	3229	5337
2406	579	9444	9456	9424
3300	1681	7911
1247	3614	4615	6239	2113	4010	1108	2085	1094	8796	1162	1197	1215	1403	7032	9661	838	2453	827	5408	5593	7193	8723	9172	4620	835	1044	1168	1211
1769	6111	6959	8029	8027	1039	9389	5087	10236
61	7234	9389	7789	9175	9542	5140	8912
881	1874	6228	6083	7420	7906	8029	8027	8649	2208	9190	9137	9395	9393	9398	9312	10128
2599	8028	343	1685
1091	4982	7600	610	7424	3368	1508	8896	7015	3251	8302	4304	5528	7550	5877
456	6227	7060	8194	8027	9276	7230	9480
2805	5640	7014	9094	5940	2565	2354	313	2297	8922	6560	998	8220	5956	2321
650	6204	6648	7055	352	2966	7874	2570	6208	1877	259	6302	6365	770	2928	3402	4300	5225	7601	9101
1759	574	3613	5688	1864	3674	365	782	5200
2775	1674	5124	343	5177
761	3867	748	1845	3281
3749	4193	5132	5342
3216	1253	1260	4146	4767	1671	4881	5016	6083	7906	4554	8917	9292	9312
963	8549	9313	9396	9505	8255
3182	1133	6566	8549	1523	4531
239	7678	8859	8872
521	5660	5297	6226	7371	6228	8638	8643	10107	9934	10134
2861	816	2760	5105	2372	4698	622	1474	5992	2574	294	8104	7959
4164	8854	7745	8042	8173	8800	9021	9732	3281	3303	9018
586	195	2154	4225	7890
1135	1183	864	1138
4408	3923	1398	4134	4699	4767	5844	5866	7407	8176	8027	8549	9393	5086	9707	9178
1526	3382	1398	3999	5411	5959	6312	6227	6464	6758
2676	3824	8640	2807	36	8772	8865	4292
3514	8027	9111	9453	8917	9410	9424	9627	9784	9827	2907
1991	8610	7375	8844	6674	9867	3784	9837	9836	10029	10234	9955	5122
4360	418	1530	301	1166	3961	6995	4354	55	7840	4143	19
667	295	5741	1901	8873
564	2040	4292	3985	7493	1448
2870	774	7421	4359	9436	9393	9314	9437	9626	10046	10150
3856	6464	7453	7421
4079	4682	5962	6227
1541	7239	9126	8251	9109	9481	9418	9542
3023	5214	4011	8638	8737	8644	8393	8835	8834	971	7913	7993	9137	2787	8250	2785	9309	9480	9505	9373	9483	9484	5085	2109	7717	9176	9810	10151	10232
1302	7553	670
3208	2054	3982	5608
3263	788	3469	3508	4193	8288	892	5184	4436	5225	9500	479	1642	584	3526	236	6621	851	317
2877	304	8155	902	6248	7811	8149
2331	398	927	4793	8551	9257	2218
1997	2666	5124	294	579	1231	3060	4108	4885	5605	6705	7568	7830	8677	8855	9159	9795	1871	3002	5159
2500	2804	778	9413	100
3652	5450	6226	119	6584	2311	6083	3468	8484	1641	8083	9287
3352	645	790	3490	4290	4391	5357
2979	6226	7370	5870	6758	7421	8650	9034	9288	9398	2828	9627	9626	9442	2854	2855	5805	10261
1960	3620	5870	6136
3186	406	10002	10134
3795	1898	1776	4494	595	959	3952	3248	417	767	4093	674	3335	313	777	5252	330	5424	4133
1456	915	1872	3425	3424	4280	4884	2045	7532	2175
2583	1182	2562	4699	4700	8637
3261	2086	2503	4317
3650	10328	10329	10114	9471	9867	10330	10333	10029	10314	10355	10060	10367
3269	7425	3968	4713	1365	6083	7873	1649	750	7970	7479	2088	2829	9411	9929	9842	10175
4186	412	453	1702	5894	6226	2502	2538	3482
58	1600	3446	4700	5844
1174	1208	2334	3477
960	8094	8551	5731	7242
4367	2937	2704	9172	8968	7829
3223	226	2971	5294	6464	3460	2744	5018	1638	5866	3015	9500
1724	6767	774	7768
2147	9726	1686	5234	6204	6213	6518	6708	7211	7561	7855
2751	8638	8644	8833	2278	7993	9404	9485	9549	9854	9929	9735	2849	3374	5143	7353	8320	8876	10138	10167	9221	10172
150	2438	2448	2830	2565	1688	3923	4723	4698	2224	7906	8638	8642	7625	7675	5130	7578	8835	4437
4043	726	406	2960	3236
2431	1681	2204	4649	2755	4532	6464	7251	3701
3498	8639	8642	8548	8645	8646	9241
2614	8497	9409	8315	9632
1066	2503	4874	178	1913	3977	6924
4125	59	948	3437	4040	5297	6582	6958
2201	5475	7425	9124
911	3579	870	6464	2053	3673	4579	6319	7857	7861	9101	7493	6204	7054	7856
2270	4758	3319	3382	3997	4077	4720	8029	8027
2226	1946	2283	7426	3682
112	291	750	1345
499	159	1350	6406	2002
3168	2442	1595	6082	818	482	750
3657	2755	2567	475	2405	1881	7377	2654	2813	3202	8038	4385	6863	9805
2455	7278	7444	7974	8076	9224
1523	7402	472	6359
2697	4427	8240	4017	5974	6961	525	2286	5602	7522	8183	696	2160	2244	3788	6228	8346	477	6645	7464
2661	8650	9034	9123	9116	2786	7909	9286	8254	8252	9389	8876	8901	9630	9842	10215
749	7488	9395	9394	104	1528	9301	3976	9652	4998
2163	2932	9200	9287	3807	8083	9394	2828	9627
4269	4636	7355	8312	1381
2153	2307	4266	2459
2442	4145	4567	6083	8647	8460	8393	8835	9124	9110	9307	2828	9404	9453	3749	381	9410	9455	3079	9437	7321	1295	4526	7790	9630	9542	9571	9418	10140	10142
3591	7132	1364	8954	6393	8174	9356	5635
3347	8392	9374	4284	2787	4502	7907	8391	9306	9547	9627	8668
3671	2952	3081	4666	6480	585	7091	2944
2199	9481	9253	9436	9437	9175	9330
2675	7812	168	7969
888	1389	125	6459	321	273
2520	6392	5320
1708	7333	8638	8643	7913	8249	9336	9483	9444
1527	7142	8547	8639	7970	9190	9189	9456	9479	9373	9631	10216
3979	1600	6762	7370	9389
4179	47	3864	5450	5475	5774	8548	8647	2278	8082	8833	6226	8253	9590	8643	9692	9799	9542	9873	9855	10175	10106	2907
1771	3640	5843	5450	8965	4205
2142	620	8023	9234	6421	7383	8168
2810	8642	8646	2784	8003	8460	9124	2786	2787	7993	4502	2788	8394	2785	9314	9477	2828	7790	9389	9711	6057	5140	9330	9941	9735	10129	10151	7724	9406	10171	10235	10252	10215	10220	10221	10218	10217	10236	10214
3908	5800	1432	2281	3433	6041	996	4322	2031	7482	8661
3414	7610	55	1228	4609
4185	2438	2481	2787	3808	2788	2828	4502	8391	8392	8394	4611	5087	9539	9629	10166	10167
3388	2468	5475	6227	7060	8176	7425	8644	8643	8648	80	2786	8151	8834	8249	9306	971	9483	9590	9175	9539	9571	9873	5674	7672	10166	10175	8184	10170	9934
2318	4470	4883	7959	8014	8078	9101	4087	9157	9225	2206	6108	6836	6880	7960	9059	7383	8965	5402
1505	432	5678	4033	3648	2094	3210	7257	352	6446	1958	6171	3701	4994	2922	8650	7411	7549	7550	7699	8318	2216	4509	7286	8180	8467	568	1812	3490	5191	915	7451
3960	8647	9200	7913	9124	2788	8394	2785	971	9304	9305	9307	9308	7993
1590	971	1228	2116	2723	7160	6021	6750
3342	383	842	5780
1637	2817	1952	1660	2339	1324	7075
1707	4181	7584	8731	9883	4180	5944	6059	7593	8282	8991	9321	9998	2825	3150	3353	5257
2436	1600	3781	115
354	4698	4767	5411	5844	6758	7142	6479	8640
666	434	3487	1144	3385
1145	9310	9313	8889	432	6804	8921	7515	6388	7125	7178	8830	8916	9249	9356	4727	5901	3589	7444	8604	8801	9631	3352	7602	9018	4029	7306	8952	9278	4926	7583	8786	8997	9500	426	9630	8807	10135	10134	10148
2514	3465	8690	98	5271	4143	1999	4890
3470	2235	3225	6443	6536	6633	8292	7881	2332	6024
2832	2438	3319	2947	3923	4134	4146	4699	5844	9053	9276	9480	9505
594	5152	6322	2682	3627
1836	1028	3718	3640	4145	4319	6600	7150	7970	9137	9437	9411
2638	855	4300	6253	6255	6257	6259	7086	7185	8675	8035
1218	2402	8940	7207	9342
3350	3319	685	3948	330	570
876	1398	4157	4077	4723	4698	4354	5843	4538	7488	8650	8151	9402	8256	6388	9542	9296	9177	3724	10046	10138
1087	1481	2539	2547	3795	3868	48	3858	6982	1649	7264
4174	5411	599	5356	8002	9187	9424	9636	5152	10139	9827
3335	7941	8096	8524	9027	3708	6471
2981	9053	9314	10138	10151	10163
2145	1999	5654	5859	6249
4323	235	8649	2784	971	9411	2785	5262	9444	9175	5085	9538	9535	9176	8181	10132	10234
1166	4641	6710	6849	7420	6758	8496	8554	8638	4983	9034	9437	9123	9286	9314	9463	9631
2472	8811	6498	6016	9198	6669
113	6384	6383	1086	7312
2543	2785	9314	9395	9315	9482	9389	5084	5086	6188	9175	6388	7717	9535	9538	9539	9302	9941	10147	10092	10135	9971	8255	10085	10088	10149	10148	10238	10215	10220	10006	10214	10218	10133	10217
1515	8562	8652
4284	1365	1783	2784	5262	9464	1233	9429	3260	8370	3022	4671
3881	1340	7910	2278	7907	8391	9590	9176	7672	9632	10140	309	5020
94	279	3127	83	218	3263	6721
4171	535	1676	5103	1294	8351	420	8060
4222	5463	5716	7044
2438	3436	1767	5654	5607	7545	8638	8643	8549	9126	4774	9842	10145
4162	2669	3000	4575	5354	8248	5352	822	1733
2844	1894	8454	844	1796	2504	5345	7601
18	2179	5932	7023	7522	8018	9490	2220
713	2610	7350	6620	4534
2921	1996	1265	5048	2659	9120	1530	2150	2813	4172	4402	463	1124	3208	4376	7146
2678	4245	4155	6228
2717	7912	8391	9174	7789	7509	8901	4895	10077	10076	10137	10187	10136	10142	10168	8181	10143
4347	311	3884	194	4698	1950	1050	1424	4767	277	2605	5263	3925	7234	8639	8640	7349	7479	9405	9456	10175	10151	8183
261	2423	1600	878	2468	5660	1415	5536	567	7545	7782	8027	774	9437	6083	9854	5672
4014	9137	9481	10032	10141
2189	6203	7383	9308	971	8256	4539	8657	9841	9745	10075	10166	10163	10175	7724	7232	10260
3834	2332	9185	8249	9029	4315	9634
3842	2297	7513	1766	3400	2984
1679	779	476	7613	816	7646	9609	8310
4397	675	3645	5827	8842	9515	9603
3562	289	809	2841	6028
3468	2026	6365
1659	9126	10105	10134	5457	10169	10102	10172	9827	10173	10075	2849	4387	10085	10088
3635	110	6761	1448	1964
1262	927	1851	8972	1612
3633	2316	7970	9374	9480	9505	9436	10152	10151	10233	9949	10038
3660	845	4617	112	1402	2122
438	5263	5450	5707	7234	6582
76	3463	1715	1717	2741	6180	3871	5607	1529	3697	3748	5922	5899	5901	5312	798	7523	5889	7853	8176
147	9873	9330	10232
2020	5087	9174	6188	6057	6388	9535	9538	9539	9542	9810	9302	9632	9869	10139	10135	9827	10145	10146	8181	8182	9750	9939	10129	10140	10168	10132	10134	10143	10169	5805	8184	8324	10136	10137	10141	10142	10075	10131	10190	10218	10238	10214
2403	3719	3718	3640	4245	4242	8027	9120	9189	9391	9392	7993	9411	9292	9310	9313
1764	4611	9409	9395	5229	9393	9373	9387	9389	6388	9539	9538	9535	9841	9810	9855	9735	4521	9995	10139	10140	10134	8182	9750	10129	10132	10135	10136	10137	10141	10142	10143	10144	10145	10168	10169	10232	10214	10215
2094	9067	7773	2400	4554	8140
2849	5324	6637	70	5687	175	763	3013	4123	8162	2392	7463
1370	2110	3066	4243	4698	5475	10105
4406	2730	4613	7931	4732
274	7333	7910	9312	9310	9029	10032	10129	10146	10141	10132	10135	10167	10172
1269	8403	8643	8638	9485	9174	9941	9733	4525	10221
376	5019	6433	8720	1943	5890	7538	7319	5091	6146	8368	6835	7251	1842	3555	3761
1332	1438	1878	969	6083	6312	2427	134	2462	9571	9630	9098	9842	10053	9033	10107	10138	10175
914	1080	2237	1185	1649
2549	796	1846	2064	2313	2727	7658	2393	3481	5533	5534	5535
3107	3670	5221	5555	6117
1785	7993	9407	3807	9314	9399	9053	9276	9292	9315	9374
2891	3157	7906	8029	8637	8644	8545	2974	1210	953	1117	4502	7909	827	863	1188
480	7370	8650	8546	8547	8648	8548	9399	774	9374	3796	5551	9397	1262	8252	8254	9314	9373	9387	9302	10131	10233	10237	10133	10191
792	4556	9032	9409	3807	9561	9548	5440	6674	6884	8844	9868	8657	10029	10041	9876	10157	10156	9797	10089
1776	4151	4152	4755	5296	7375	2792	4149	476	6841	3035	6637	6222	5588
965	7921	1400	9140	399	7023	9026
981	8545	8835	8460	9477	9398	2785	9316	9313	9394	9505	8394
4318	2806	10288	10177	10225	10251	10257	10339	10340	10295	10315	9884	10003	10226	10327	10372	10367	10001	10114	10302	9766	10300	10310	10361
1595	5169	5170	2437
1669	3904	3319	4077	6959	8175	8176	9175	10128	9955
585	2025	1649	3371	6618	8867	6337	1902	3006	4983	9759	9906	2908
935	4146	2311	6680	1525
711	4208	1448	352	2265	2813	1851	5473	5139	5195	2102	4381	4435	4895	5133	104	188	779	1708	2072	2459	2971	2999	3565	4354	4521	6758	420	1385	5400	3538	9032
1911	6758	2932	5263	8252	7911	7912	7913	9251	9313	9394	9125	9166	6428
3901	7003	2580	2737
784	9117	2601	118	2165	8696	13
3090	5040	8410	420	7028	6630	5446	9167	2477
630	2042	1818
2477	2110	3066	4698	4700	174	10184
3348	5475	5715	8029
930	2872	26	2399	4916	2081
396	1264	490	341	2468	4291	5296	6226	6228	7479	9784	9707
1009	1216	6542	1110	1176	1207	3366	5820	6776	6950	7761	8301	8767
105	3159	9182	2675	79	9318	5547
4467	7370	7060	8107	8647	8002	9535	9538
2164	9980	9989	9949	9990	9992	9991	9996	10052	10054	10055	10056	10057	10058
228	5880	4772	176	4542	8737	3166	9125	8251	5830	6057
2744	2778	5167	6968	2392	2322	5238	8135	3114	5139	6866	4748	5052	2154	3409	7216	7217	7353	8563	2856	6246	6697	8286	5714	2428	4195	5138	5635	6173	7925	5129	5135	790	2000	2030	3670	6469	936	6804
3888	6177	6187	6356	7687	8176
3495	6228	8212	8833	9253	9188	8315
176	6464	188	1305	2199	2813	3851
579	1398	3999	4723	3918	6226	8063	7661	9125	9287
2803	133	3447	5497	8174
3262	3954	5175	346	398	8403	1895	1817	8776	226	7239	9288	9029	8901	9854	9176	2336	8579	10145	10129	10200
3207	7908	4011	8027	8835	2278	9137	9184	9479	9481	9405	9409	9453	10107	8182	8181	10075	10037	10222	10369	9972
50	5450	1786	6083	8650	2278	9405
3731	2030	6313	2081
3513	1148	1379
1698	3748	3749	388	5173	4328	4185	5130	6319	21	1441	1530	4688	79	2459	5151	7183	9076	4103	9254	9957
1407	185	2901	7956	2682	3572	2590
