880	8143	8753	7005	6498	9387	669	8717	9274	8929	9182	9896	8506	10830	10905	11637	12057	12243	12187	12558	12357	10943	10939	11533	11688	2785	12634	12915	10109	8183	10753	13158	13094	12894	13740	13054	13487	13789	10051	13614	13835	13988
191	12219	4307	7784	10484	10678
2154	2217	12150	6070	8745	1314
692	1055	5879	5201	6342	6181	3580	8738	10164	11863	4159	7518
3310	636	11210	8991	12311	12119	13664	13209
3827	3350	3414	3958	3966	4319	2665	3340
3743	9497	9329	7517	9267	10193	11377	7147
1943	2238	1308	96	3322	2660	1814	5920	5723	784	5005	8010
758	1500	2319	1953	2046	2686	991	6788	9273	9251	7970	8659	13403	6052	6416	9014	11686	13367	13401
475	8302	7884	11685	13147	13018	12680	13682	8382
4354	6645	10541	10692	10987	8984
4014	2626	4765	4452	233	6352	1294	6667	9165	10066	8506	9573	1550	6681	9205	9189	11112	10812	7144	9778	12742	12973	11306	12920	13022	7089	13438	13119	13835
99	2650	3572	3250	2058	3932	5026	7491	7984	8425	5024	8833	9251	8808	8735	9391	7808	9232	10607	1587	10939	12632	5576
3883	4042	5368	5432	7407	9726	5431
2266	6601	7393	7015	2427	8826	3652	4505	6489	7625	8939	7972	9772	837	1044	7147	6681	7668	7279	8672	9764	516	9598	8913	12826	13448	12462	12682	3111	7584	8475	13310	5826
3733	4094	3922	4034
3755	3702	2018	3695	2886	11776	10037
2717	4879	13433	13382	13789
3544	8153	11462	11731	4776
115	1667	212	1486	1781	3810	3840	4592	3350	5838	6370	6426	2361	6866	5253	6831	6535	7807	4946	4259	8315	8163	6660	7279	10811	8884	9386	12203	13707
77	9571	3517	4159	5187
3981	6371	1308	312	5797	7336	6292	11608
678	5096	3571	4732
2876	7090	6053	8071	6548	7999	6081	7150	5362	9005	9109	7515	6484	8609	9055	9391	9551	8247	9267	9498	9890	7931	10193	7620	8184	8424	10800	12055	11443	7663	11208	11445	10811	4574	11925	11219	10797
4055	3581	5918	7997	8239	8611	10368
2144	9070	5826	7806	4262	5095	620	6522	13408	2239	4521	4611	5207	6233	9110	10951	13395	4307	11438
380	13932	11609	12620	13504	13562	13925	14005	11174	11688	13250	13860	5043	13611	9764	10767	11222	12759	13646	13438	13797	9797	11524	13167	13224	11286	9660	12014	14089	14153	364	11233	12152	12183	12240	6413	10229
2018	11736	10800	12435	2185	12682	8775	12311	7827	13310	1597	9493	12431	7274	6227	10658	5513	3270	3061	11748	13828	5487	13314	12247
3260	6783	7684	10533	11789	12082	11665	7883
1881	5175	4672	7311	6920	6310	8133	8593	7703	7145	2222	10427	8961	9930	11288	8219	7146	9832	10193	10811	10829	12361	5005
2959	416	3758	1383	1061	8313	908	8012	8219	8208	8988	7859	9063	9232	9014	6560	9731	8977	10830	2332	10382	11217	11398	11624	11988	5815	13198	13323	13519	13531	11362	13789	13303	12235	10784	11603	13301
3409	7301	2255	3589	5235	5585	1800	41	3344	3177	5129	7186	5201	8671	3886	8868	7285	8934	2904	10010	9806	10011	5826	1270	10153	10480	13862	13863	12680	11490
560	3366	3331	9111	632
4093	1686	3166	7834	3909	9937
2719	10193	11117	11377	11535	10830	7137	11119	10807	11618	7663	12493	12456	13178	12426
2988	7861	4917	7972	8736
816	1800	6107	9058
2368	7306	7615	10186	10811	10047	11985	12147	11984	12146	12521	11881	11565	13289	13804	13975
1575	155	2655	4509	6094	6650	479	4601	4473	6318	6337	8503	8576	4913	11316	10155	11119	11815	3564	9550	11345	12981	13835	13260
2549	1270	4548	5075	6554	8439	10658	11523
3492	13008	2249	10480	4307	13581	5843	12370	13609	12256	13280	11857	14073
1880	6173	6436	1544	7790	2056	5537	5201	9640	9052	5786	9621
2661	5082	4210	7712	7781	7430	6847	10183	10193	11397	11462	7147	9546	11290	11636	13731	9271	13287	13304	14148
1652	5272	2953	6397	9052	8937	2560	4566	6669	2186
2094	917	2562	5155	8810	3047	2202	1101	3478	6863	11528
2684	8786	9168	10015
4408	5445	5361	6578	7022	8534	9264	9541	10958	10193	11211	10372	11635	7663	7954	11897	11902	12844	12981	11983	13336	12175	13608	10784	12401	9886	12645
1302	2665	3030	4134	2791	2904	7707	9725	9823	10096	10726	10858	12006	12568	12769	3658	5887	8413
3064	7491	8240	6964	1539	6708	8793	5815	7860	8616	8791	9666	8866	4091	10498	9798	5826	4944	10705	11738	10943	10812	12694	12618	13231	8513	13489	13515	7884	6070	13822	13557	58	6051	11433	13313	12750
3284	1769	4325	8436	9407	11375	11423
45	8672	3228	7081	3231	2792	5152	1060	5000	5897	4307	6331	3733	8917	6052	12433	1894	5490	6070	10273	9833	585	13158	3565	1014	11201	7440	6998	10789	3124	7536	4601	3953	6334
3192	1313	4991	8431	5815	2947	10438	3183	1592	5829
3123	2809	6002	8022	8657	11666	9501	5075
677	7393	4611	4987	5234	7277	9682	3402	245	10486	1684	5746	1539	4113	10411	7959	1194	1211	4275	9689	10047	9383	11643	11648	6767	7517	10541
882	1211	3307	4782	4648	2470	2915	8731	8317	8955
455	458	4639	3886	6882	462	7249	575	5046	9809	10916	4670	10640	375
3251	3480	7430	9642	11397	13661
1508	3204	4244	3552	5835	6340	5823	5825	7145	7147	8793	9430	10427	5377	11832	12492	12176	5005	11053	12853	12919	12842	12821	12370	13433
1923	10239	4502	11282	10812	11618	11184	11433	8627	11600	10808	10811	2000	9524	12571	12972	12370	13195	12175	12366
2342	3307	3765	5854	4998	5564	6633	4111	8188	8610	6559	8262	8690	9064	9759	11112	5201	11715	12823	11537	12179	12331	13358	13129	13508	13065
3039	9418	5249	6332	7077
796	416	6501	8372	86	7303	7335	4474	11779	12218	5815
712	9347	9220	3944	9071	9393	9821	10183	10191	9742	10193	10527	10806	10820	11133	2000	10943	11986	12812	10650	11053	12685	8183	11889	12016	12830	13208	10997	9841	12031	6262	12908	13708
3127	12172	11881	11896	10685	11894	11895	11898	11899	11900	12175	12086	13533	8556	13780	13279	13291	13292	13280	13281	13282	13293	13411	13416	13632	13302
2382	13202	3749	4583	7875	9710
3334	9294	10359	11292	11370
1402	5355	5564	7492	7406	7571	8987	11462	12056	10671	10800	11595	7663	9972	11888	12566	12826	13842	13684
4040	5654	7172	7516	9283	9164	9924	10829	9205
1334	1212	328	8533	416	1211	148	707	5826	3933	9999	1208	399	19
2690	2640	1367	2106	3416	3427	1561	294	3170	4120	662	5496	4568	3419	5269	8773	8762	9229	9271	10047	9848	2287	3326
4238	719	399	636	1561	7517	10553	10576	11917	6343	13950	10975	13691
2283	1568	2707	3575	4252
2104	10841	4280	5220
2157	376	2529	4490	6983	2454	1164	2383	5720	6673
439	463	1281	591	982	4782	4661	3805	7791	7894	10432	8918	590	8907	8096	10500	11806	1198	3640	10112	10210	1220	1800	3344	245	10807	11630	5185	7630	11137	5150	7040	13566	6008
967	667	766	3735	3491	2878	5200	8611	9232	9142	11594	9386	11625	2119
2847	600	2473	7967	8539
509	7554	7637	6689	6026	1308
2958	79	1167	2673	2683	5018	5125	5126	5666	5906	5765	5654	5840	9208	3903
4319	5552	3047	5730
3984	2929	5785	613	5876	4237	9689	10800	11880	7284	11625	11624
1107	10348	12682	11764	12064	12500
532	8391	11624	10093	13142	2925	13698	11324
2075	4351	4768	5480	1283
3217	5268	3572	5306	2025
4097	2136	5739	7147	2292	2953	3224	1708	4020	6218	7463	7589	7144	8948	9326	7145	8560	9488	10811	11183	11552	12381	11717	11926	3758	7865	10062	10354	12331	11058	5705	12933	13568	6932	13729	11983	13313	13528
4248	2893	379	1217	3638	815	1515	4140	3503	798	3210	1293	2183	8250	2609	7828	9089	6443	3558	6505	10829	10193	11526	8961	4573	7137	11462	10239	11537	10808	8807	12507	11213	10122	13077
2592	2298	4918	5680	6237	6535	6648	9314	11548
508	2474	3405	3222	5701
2839	1707	5529	6601	2255	7517	162	9516	11350	11607	11462	11376	7095	7663	181	11881	13094	11792
2465	8423	7733	12017
3358	6736	10658	10812	4633
2996	12972	13012	13142	5377	13129	13150	11936	12889	13436	13439	13209	13707	13292
1050	3244	6570	6702	522
2871	8219	4803	4651	6503	9880	10806	10812	6757	6368	10963	4946	10239	10527	4205	4259	9821	7137	11264	11488	12056	11656	11876	11479	11919	12088	3145	8432	2000	13094	11267	11635	12175	8663	12548	12954	13481	6094	2689	14115	11552	13961	13803
2736	5223	3373	7263	10971	11223	6772	1730	10958	6235	13674
789	6088	1670	6673	689	6362	6052	11308	10929
2861	1475	1200	1868	6350
2126	6212	5307	3066	3183	11112	5005	12228	13533	13590
1965	4637	5614
1822	1438	5564	7285	7184	7091	10958
1659	11375	11425	12146	13975	13720	14072	14124	14141
2306	9573	10920	11017	10830	3168	10943	6985	10193	11462	10558	9254	10845	10217	11120	11415	7146	10512	10923	12037	11839	11917	6139	12697	9682	11053	13001	13062	2263	13046	4651	12792	13191	6317	12370	4923	13315	9664	4367	10817	10947	14010	13881
4099	4037	6055	7450	8362	13531
919	52	1165	2840	3016	5787	9995	6123
1663	1050	2239	2625	4112	4477	734	1024	1431	1583
1646	4476	7285	5	7808	8055	9949	8096	11537	7910
1409	1894	12965	2670	3388	11685	13147
945	8946	11112	840	11445	522	2375	7706
1743	11430	11699	11866	12194	13709	30	138	302	748	1332	1451	2176	2332	2668	3421	4009	4936	6125	6638	6949	7435	8396	8624	8700	8891	9120	9695	10790	11625	13809	12006	12938	13476	8762	13729	8721	3168	4549	6835	8838	9115	12820	13395
2642	1935	4469	6098	12749	9202	9525
17	12964	11685	13147
2470	2801	3887	1192	4697	9103	1531	3163	6401	1878	8088	6810	8687	9839	9077
3718	3111	6942	9425	13133	13697	13796	5160
3133	698	922	399	411	3390	8961	11376	11331	4098	9540	11972	12981	1894	2791	4182	8705	6070	13454	11805
3616	2434	2701	5580	6637	10619	10651	10618	13019	12826
635	11876	10903	11832	12311	11818	6093	10943	11817	12493	12567	12199	12606	12566	11053	12447	13009	13191	13345	13198	13097	13319	12370	13155	13516	6070	13582	12717	13701	13731	4913	13820	13814	13313	14000	14031	11917	12473	13174	14101	13988	10780
3922	2515	5005	7324	8721	11557	3652	5236	13310	1076	4419
4308	5913	4965	6065	10610	3527	7469
4394	10032	10411	4182	6532
3512	160	203	164	6631	549	6214	6559	12054	10800	11537	8817
3307	4436	11202	585	6899	511
2038	5740	5838	4940	4998	6337	6845	7191	5201	6782	6405	5592	7195	7684	8531	7144	7675	8370	7285	8369	8131	9158	10183	8334	10193	10958	10943	11547	11553	10664	8638	12361	12826	1270	13170	12768
1522	1024	4146	2195
1540	5128	8881	9232	8907	9659	10812	10949	12954
3896	370	320	6045	8372	9274	9789	11193	10616	12682	5826	7220	8855	11225	11616
1476	6333	10929	11030	12672
167	8445	12777	12874
3488	6377	9161	2761	554	2332
750	6856	1046	11791	522
1504	7797	3580	6416	5518	9865
2597	10943	12145	11892	11053	12971	10752	5377	13023	13529	11619	13281	13282	13805	13661	13287	13756	13872	13950
4439	383	9303	8666	4796	12127	6458	7910	2201	6139	6983	10794	11983	13273	12215	2616	12419	5825	8190
3970	4113	11653	3244	12271	10372	6559
2161	3337	6817	8154	11112	12311	10823	12514
3221	1157	6970	3751
398	3174	5693	8025	8721	4103	11091	11261	1592
3384	4438	4142	4998	5361	7385	10943
337	3882	3983	5004	5054	11013	12410	1822	5730	5826
3018	9949	12847	12677	13849	2925
437	2288	5188	8053	6057	5329	5120	11376	13323	2698	12162	13465	13419	6070	1777	5809	9227	9358	13334	13303	13304
2448	7403	7306	8519	7627	10810	11317	11577	10812	9080	12357	11219	12426	12604	12648	12972	12836	13295
4411	4103	6120	8284	9373
2010	3173	4317	5202
2798	8275	9930	10876	13664
3418	5578	13014	10816	13456	8624	13953	13329	13807	12769	13808	6343	14114	13868	13523
3539	2427	10768	3906	843	7797
2595	1205	1366	1927	5124	5947	6512	9650	11881
3442	8487	7558	9824	11620	3137
2558	8773	4798	6560	3718	9232	8792	10497	10580	11442	8809	437	11397	4307	10412	11594	11224	12311	12344	9920	10943	11888	7865	10606	13237	10480	9974	13631	1435	10525	11314	12878	13807	13523	12774	6435	13383	13808	13809
1203	935	896	3235	997	3496	4103	3104	3331	6696	6664	6053	8717	9209	8816	10811	9762	11379	11413
19	2673	2808	2708	2705	2770	2397	2707	2921	2924	2692	3095	7090	5930	6022	6079	8967	9251	9699	10958	10244	10830	11288	11334	12558	12361	12366	12923	2000	12557	12560	13810
3880	3686	3572	4496	4700	4316	5812	6332	6751	6693	6052	6986	8071	7154	1175	8870	5707	8325	10894	11379	11420	11425	11422	11121	11881	9524	10290	11901	12521	11634	13476	13245	10785	13975	13283
1664	2684	2975	3345	3869	7379	7675
2497	1326	1024	8067	1679	5218
2569	1302	3955	6695	8672
1273	7485	1747	8917	2249
3578	3317	4559	6855	5253	6736	4111	6614	7693	1350	8177	8877	8971	3111	4272	6342	6117	8725	5578	12041	13393	4006	12149
2942	2314	4220	1190	5855	5721	7062	5345	7230	3830	8313	2473	7943	6079	9215	8219	8368	10064	11598	10939	10484	9704	6681
294	1011	640	1333	1062	823	1334	1624	2093	1632	4173	3210	4808	6427	3995	6650	1101	6597	7752	7806	6104	8663	8717	10326	10650	11209	11526	9607	12112	12668
3295	7022	7986	8133	9027	9123	10188	9734	10511	10829	11925	12889	13233	14064
688	5152	6697	2993	7847	6089
783	1815	7234	9628	11374	6048
241	3455	410	669	9944	54	3310	9400	5899	4767	303	672	8496	5530
648	1800	8578	3419	9074	6041
3040	702	1098	227	2198	2553	1588	4100	1323	4839	4845	5838	5362	5405	9381	7681	9557	9930	9947	10808	10943	12022	7827
2630	227	458	1042	5684	2992	3396	671	7958	13032
711	7032	1686	6559	9184	5815	1350	2138	9948	3344	1438	5201	7049	4566	588
492	2787	5564	7946	6026	9203	10182	11919	2912	11524
2017	2689	4595	6305	7877	8097	10720	10907	6052	7905	8917	11064	11538	11782	13142
1400	922	1376	1073	2964	5029	4962	4761	5679	3453	3277	5272	4306	2029	8846	11647	6508	11886	1683	6027	6089	9174	6784	5612	11617	12827	11315	5301	5826	11171	11983	13367	13058	966	4238	8482	11105
442	15	2666	1323	1401	2201	4538	634	10263	7441	8623
563	3878	4871	9014
3887	3208	6221	875	5676	5733	6339	6596	6793	10278	10016	1906	6970	11019	11636	11033	11812	6027	12765
3772	2922	4131	7487
3698	7160	2073	7260	13066
2344	852	9288	11261	11983	12682
1294	985	672	1408	2102	3754	2836	4076	2013	4316	9600	5301	5733	8885	10377
430	548	815	3325	6078	8351	8269	8725	8185	9307	10306	10251	8770	10314	10443	11838	10512	12844	12889	12934	13422	13486	13841
3004	1492	5926	9411	938	9053	9541	10958	10193	8864	10651	10184	7992	13334	13303
1382	1032	11261	3276	7517
1401	6354	8497	7333	9210	1799	10830	4913	10423	12694	12179	11881	13062	9689	10047	11097	10346	13419	13293
1101	4208	5109	6791	437	6123
1232	1802	3572	4648	901	4150	5083	5763	4813	5124	6388	7440	9209	5746	6039	9072	9027	8552	8917	7984	6855	9930	5005	2000	6929	10333	10943	12751	12972
185	3119	9525	4871	5692
564	6973	9166	9810
3204	4452	332	3294	7805	4207	324	10050	11315
1371	3572	3148	3654	3767	5679	5118	7285	6181	8991	10811	11183	12038	13110	12175	12771	10752	12638	13336	13639	13481	13077	11707	13577
3557	535	795	835	3113	236	1822	2524	5095	6167	6821	6997	8028	8052	9353	1800	6940	7653
551	5785	7032	8279	9367	9502	6728	9437	5005	13209	10943
1892	5787	6514	9930
3577	4803	5150	13190	3000
1690	2947	13682	13781	13791	13869	13874	8214
1441	5708	6518	12769
3007	969	1995	5662	2176
3923	8913	10611	3061	5983	6943	7599	8240	10653	10917	8063	10880	5407	10354	8684	8685	2249	4981	8815
1459	9789	13183	12890	1308	12680
561	3581	5636	6212	6337	6602	8039	10113	9623	11133	10812	10755
3627	5199	512	3429	5220	6474	6673	585	569	8400	11141	8917	3027	5724	7029	10086	3758	8782	9316
864	289	5276	5642	6218	12528	12687	10555	13467
1413	5826	6009	7323	7560	8382	8942	9277	9585	10984	11367	11596	11983	12006
1635	1530	4475	2371	2801	126	846	4918	6681	1697	1439	7181	3759	6936	2437	7128	3940	4131	5597	637	1978	5151	7629	10318	594	3154	1670	3992	4182	9010	1308	3391	1099	1255	924	2871	8209	1991
3760	3360	3768	9689	4900
3434	2170	5782	1894	4284	5355	6331	6343	6410	7137	7677	5096	7515	9055	9783	9773	9890	10523	10329	7145	11032	11208	11637	12381	12770	12771	13195	10658	13571	13310	13705
645	399	1646	2300	1686	2830	367	6339	982	7234	6259	17	4544	5579	6039	181	8422	8800	9703	10493	10933	1711	8911	7235	12568	4755	398	13984
2792	636	3918	4637	5802	8067	10648	12449	13167	13733	12371
3364	6498	6997	8028	9326	10146	10183	7684	7860	6728	5453	10382	11097	11282	11377	11418	9930	11635	11568	7921	7439	7663	12147	11715	11261	11537	12272	12674	12571	8638	10257	11983	13149	11960	12161	12977	12235
1576	6072	7068
741	8381	9005	8938	9071	9330	9331	884	9557	9393	9903	10158	9740	10366	8766	10830	6745	10751	9135	10808	11224	12057	10943	12357	11925	12557	12560	1491	13120	12941	13464	13574	13819	10816	13872
429	366	6430	10624	9493	289	1679	2449	5630	6274	6496	8523	9023	9629	10327	10818	11315	11494	12682
3034	6108	1167	4261
1342	2730	11291	8991	10671	13232	12955	13590
1906	2779	11480	13074
674	699	8849	13664	13282	13830
3336	2201	5359	6794	6908	7676	7384	8053	9067	7753	10412	10238	11118	10811	11416	3886	10876	12357	10496	12179	12758	13246	13434	13813
231	5666	5139	11289
2251	395	397	402	150	1928	8808	13418
788	2549	10047	11709	13849	11261	11792
834	5602	3941	4170	5820	4462	5403	6485	7569	6695	7306	7986	8578	8425	7440	8131	9217	8866	9143	9392	9391	4474	7997	7292	10214	9267	5648	11690	10193	11462	7144	11380	10777	10939	10553	12399	9437	7827	12730	13129	13347	10816	14049
514	3359	10593	10780	3111	163	10525	269	9371	11878
1869	2129	5702	8520	10604	11027	12272	11035	11064	7784	11126	12949	11401	13167	13202	10871
2294	873	251	844	1478	465	824	986	1989	416	1811	7638	5819	7435	9246
207	5202	3697	6344	9765
4329	1978	2463	2921	399	1176	2908	3370	1513	2240	908	5898	5096	2263	8290	8051	10309	10527	9647	7137	11526	3394	11007	13025	9885	10658	2592	13804	12637	11983	9501	12471
3246	999	3908	3539	3811	7714	8154	7150	9074	8948	8866	3563	8792	9955	1988	10812	11264	11208	11219	10943
3879	10250	7984	11984	11985	12146	12755	13012	12086	12647	13631
4264	3264	1894	6576	10859	10536	8745	4103
3183	6374	224	5108	7022	7492	7144	9284	6311	9736	11046	11047	10830	2219	6048
1410	4763	6367	7516	8140	8612	8506	9165	3572	9205	10423	11779	12218	11543	12264	12318	12636	12850	13120	14166
1209	1730	8407	8377	4784	1751	10085
3477	8961	7609	9019	7771	9511	1114	11783	11156	4582	9743	5152	13270	11999
2794	4710	10061	11349
4131	938	7561	8056	11521
2210	3177	4257	8658	5131
3666	2245	5391	1822	10182
658	11545	2273	9025	7020	8382	6554	1270	12632	11053	12864	8596	9526	12513	12682	13819	10700
9	227	1720	2201	2270	2451	3128	4952	2784	7111	3717	1451	8112	5452	1954	3605	357	6084	4767	8018	5199	710	387	6019	6125	7898	3055	4117	9716	2230	9007	168	776	3177	3111	5357	880	30	1158	1892	3629	8113	7264
3235	7473	4557	6858	8671	6399	8866	8957	4405	8134	11389	11197	11782	8963	11540	5471	5005	12465	12843	12148	12438	2000	12370	11351	4541	13588	13334	13284	13408	12792
1029	11208	11421	11634	11635	9607
4421	6566	10941	8671	8989
518	795	7682	2263	9251	9378	10182	9267	7140	9546	12052	11791	7663	11881	10512	11857
3282	1128	916	468	4725	10943	13411
1188	1076	4578	4633	5529	1860	6425	6056	5861	6409	7378	7190	7492	7542	7945	9569	10212	10705	11722	10558	10943	11894	12571
4395	9689	12904	13839	13864
1587	2812	6382	7269	9042	9585	10087	6919	8922	9141	4098	1756	2313	6121	8391	13020	2473	5597	10233	10658
2185	6788	4234	10430
3080	112	484	3240	5182	6068	6391	5062	8472
3060	2341	3048	3388	5659	6732	6733	1608	2572
2481	3480	4118	4580	12714	10987
4171	6374	7921	9420	5573	10012	10047	11097	9542	5449	12643	8949	11776	13859	12289
1340	12816	9465	10584	13367	13438	13493	13077	13292	13280	13411	13282	13287	13976	12868	13984	9689	10047	13296	11101
2069	3296	5815	12682
1665	3364	5096	5437	8827	483	3987	3990	499	895	1190	2581	3548	3992	350	4918	6852	3412	8274	584	2031	7625	1670	3777	6013	6814	10047	10233	4131	6808	7186	3181	9399	672	1076	2239	4609	5730	6681	8694	8907	9887
1807	1270	1828	5597	7246	7349	7428	9016	11028	8073	4152	6554	10067	10159
3686	2201	9202	11347	11664	8197	8560	9280	11052	6236	13142
1524	429	97	739	5122	6548	1907	3466	7517	10830	8961	10193	11461	1556	10153	12694	13001	5933	6058	7152	13261	10484
544	9465	7894	12268
119	922	793	4834	3687	4075	4121	3474	5101	7151	8616	8933	8317	7270	10112	9563	10511	8096	7663	11783
272	661	6912	4303	7292	9021
2172	938	7034
4060	3197	2892	7910
592	13290	9789	11462	12239	7603
284	5152	6375	7827	9809	10485	10570	141	1686	1807	1889	2077	2136	2201	2250	3135	3169	4045	4337	4574	4770	6051	7269	7805	7875	8267	9069	9819	10330	2603	5073	6998	7893	8073	10890	519	1944	2723	6580	9714	5718	11036	12451
22	6712	401	4231	4829	6965	5463	8597	399	3414	4572	8483	7593	9887	10412	5394	10541	9511	8624	472	7443	12657	8678
394	1959	3134	479	1816	2741	4111	9787	11050	9501	10405	7604	245	1645	2253	2962	6702	7292	7991	10737	11954	10507	7919	6666	12958	10807	11983
1492	10078	2979	8838	5788	6595	9290
131	540	2937	6341	7734	7822	8576	9251	8885	9282	9763	9647	7137	10667	12172	2000	11874
2571	862	1872	908	3754	5268	4886	4103	5691	6237	7302	6104	8143	8718	6022	6673	9032	8232	10958	10333	9930	11988	6974	8949	4222	5289	11333	13494
2903	11211	3949	7663
3615	6803	9501
447	3451	14017	13935	12276	13965	13807	12338	13875	13948	13953	13982	13523	13159	13760	13305	13808	12138	13949	14112	9905	11045	13240	7442	13874	13035	14097	14136	14157	8595	12929	13558	14073	14076
921	5308	9867	8406	1783	3165	9226	2119
655	3516	6342	5942
1352	347	1683	10411	383	2263	6144	7673
1976	2124	4551	7997	9164	7663	12035	12668	13666	13282	13975	14163	13728
2596	539	187	5748
1475	2588	2890	1755	2323	3284	3148	4438	4142	4496	3927	4633	5124	5826	5827	7147	8425	8134	5027	8426	11240	11588	8807	7991	10512	5005
1739	5666	6425	6323	6486	10308	5183	10830	8372	8963	11827	7146	11417	8556
1815	12505	252
2856	5774	6411	7497	7371	7490	8053	7253	9090	8723	9783	9850	10212	10245	11112	10573	11316	12357	12426	11877	11053	12697	10581
2426	106	129	132	3124	4630	6198	6275	7632	10583	4941	2220	8560	8917	8382
4260	771	5529	6372	8010	7943	6728	10943	12034	12035	12746	12850	6188	7089	12826	12937	13679
3998	12206	12494	10275
2373	154	2280	8127	741	4586	7440
2867	13523	13586	5353	5354	7305	14135	13760	13765	7682	11137	13808	12920	13481	13719	13605	6662	13490	13810	9848	13331	13851	12975	13835	13395	13686	12765	13138	13807	14126	13882	13988
1667	8004	11484	2473	7995	3155	9450
2695	2988	2045	2623	3304	3204	3599	3284	3654	3425	3781	4144	3765	3543	4509	4883	3581	4940	6544	6565	7776	8195	6079	7910	9004	8664	9089	8870	9410	9381	9274	10806	7136	10423	10751	4796	11331	2000	11888	13358	11083	12547
358	566	6342	5592	7172	3452	5024	8826	9521	10607	9680	10573	10528	11537	6559	12155	13025	7083	13590	13541	13684	12396	12395	8229	10785	12394	14080	14030	2669	13868	13807	14114	13808	11687	13559	11524	12217
3955	9477	12164	8050
3224	5201	1253	1024	2260	7261	9054	5665
1871	8470	7984	10811	9267	10193	11423	11376	11418	11634	11635	12172	12446	11881	12035
4418	8945	11121	12145	12052	10686	12521	12683	13080	13419	13291	13282	13837	13296
369	3761	4712	7065	1894	35
371	4327	10047	3700	5276	2280
2913	1650	7786	9100	6207
3166	116	451	712	872	3990	4218	6094	8230	10951	11783
94	1360	6155	6755
1217	10812	10830	9930	10809	11133	8961	11413	5471	11379	11208	10811	11986	12037	2000	12527	11053	12447	12802	13191	13047	11137	13608	13098	13578	13661	10815	13607	12645	14124
2742	10755	10943	11042	11622	11937	12374	12445	10038	12771	13149	13191	12631	11083	13571	13422	13804	13282	11433	13305	13306	13975	12751	14084	14086	14044	14113	14018
1958	2804	5020	5451	5122	6427	5027	8323	7571	7886	9774	10183	9699	9541	10705	8864	11871	11936	9098	5611	13336	13098	13105	13666
2738	9761	8631	9992	8592	8737	4405	9805	11891
205	2730	10704	11671	11862	11690	11133	7144	11413	7147	11839	11379	385	12172	11894	11896	11225	11688	12351	12456	12175	5377	13545	13080	8556	13404	13405
176	81	4633	7690	4784	5121	6803
3753	7067	2797	7350	7675	9746	5748	7860	8406
3272	3944	481	11433	4677	9669	12176	12022	10755	12573	12812	8133	1333	5419	941	8073	6849	2263	12112	1682	3379	10491	12560	12821	12275	13358	13149	10816	13394	13170	13609	13199	13079	13488	13589	13526	12793
1370	3523	3686	4730	5666
3802	5782	5903	5129	7371	7879	8418	8097	9232	9524	11783	12390	12633	12752	10943	11053	12945	6863	12986	13118	9550	13024	13178	13323	12370	13438	13536	13415	13486	13524	13528	13720	13954	13759	11917	14158	14154
805	4144	1075	3406	3706	10800	5411
30	8882	6406	4091	10193	10958	9546	10411	4887	10659
2533	384	1855	2960	4008	8284
1219	3426	3961	2946	1284	2757	2525	4060	3912	3674	5972	7062	8436	9919	10810	11526	11461	5377
1563	617	955	3891	4807	4714	11940	6371	6573	11625
3226	8129	1725	12897
3451	1270	6304	11314	12477	7784	11304	11643	11651
982	196	762	3111	5064	2753	2904	4769	6827	2129	4054	5607	4718	6711	7584	1156	7399	5624	9296	6951	9172	7721	1245	9233	245	12503	10205	12018	10963	11653	10749	8821	10037	12039	6823	10987
4353	7741	3300	5220	186	4193	4811	9853	303	10872	1185	4038
3000	1239	3409	5988	5421	6339	3669
956	384	2412	3503	4058	4547	4639	5159	6758	6759	6855	6032	11191	2966	4253	5276	5939	8984	13130	13142	3944
3767	574	2020	5124	6505	8611	7342	9510	5459	9027	9526	9734	5623	8768	10412	10810	10527	10958	9948	12176	12674	12179	7910	13544	13580	13609
3085	3652	2119	1382	3106	11228	6210	9345	10193	9404	11513	12287	11759	11683	10890	1325	8664	10639	11396
2843	532	3240	3276	2524	208	10955
965	6069	84	5815	12621	10948	12120
2639	5466	8403	8961	6388	6500	10116	2332	10990	12260
283	6174	8406	9510	2263	8560	6785	8709	9526	3905	162	1190	10829	9972	11526	10808	7146	12097	11227	12179	12447	13544	13793	13966	12235	13881	6070
293	7734	7416	9647	12682	13008
4211	3350	7928	5814	9686	3706	11462	11643	753	1730	11624
994	2280	10658	12486	12145	13101	5966	7132	13133	11108	11012	13232	13578	11933	13670	13577	13947
4125	3875	4396	6712	7062	5826	6927	6140	6681	4470	6860	84	2239	7465	5432	6817	7828	8339	8665
940	3085	3810	5429	6334	6833	7912	8870	10705	10811	11462	10943	12838	11983	13664	13557
4302	5129	5039	6126	6337	8883	9274	7272	4474	11526	11196	9207	9416	12236	13093	13149	13433
444	7640	5033	7870	2
661	11949	10231	10414	6801
1305	4508	10047	11415	11262	8649	10929	9686	11092
3603	5480	8664	10427	10081	8752	9385	10830	11289	10943	10514	10213	7850	6967
3021	7415	9821	10443	9095	12187	12674	11902	12973	12175	12456	12934	11983	12955
4004	1478	505	1660	133	1311	2174	2975	3144	3572	3666	4644
1301	7436	12724	4696	13682	14171	14183	6936	4560
4080	2451	1503	934	2539	5566	6342	4159	11459	8917	7804	10299	12159	5095	10658	8923	11233
521	2676	1944	5200	6752	8381	11425	11423	11377
181	639	1271	8833	10128	11917	12527	13528
3863	6681	6235	7784	8973	9742	2963	4007	5819	6413	7805	9240	10603	11587	11507	12931	2503	5120	7711	9443	8204	12820	8407	8883	11991	13383
4065	7735	8735	8718
3380	274	1917	2663	3969	1828	6362	10484
854	2083	1588	4008	852	6058	3957	8340	8722
3677	5360	6806	10183	10497	8770	11343	9930	11553
1528	3674	6401
144	4496	4512	4771	5200	5130	6337	5234	6476	6806	6451	6780	6820	8051	7226	5139	6493	9274	9158	10308	11071	10828	11403	9616	10758	437	4913	5377	12022	12243	10943	12507	7215	11053	11074	12907	13336	13673
1688	4592	6425	5377
841	10528	11598	7144	7146	11414	11415	11417	11418	11425	9416	10943	13020	11881	13206	13515	13405
887	2067	4784	6894	7916
1530	3238	7204	8055	7956	7745	8748	84	289
2478	3236	6451	8425	7416	7911	5507	9650	7984	11430	11183	437	11711	12172	11134	11351	9501	6851	11881	12990	3061	12775	12895	13279	10784	12396	14080
3609	10590	13310	5730
1167	8578	9107	2310	8769	8985	8609	10250	10114	7686	10306	10427	6849	10494	10695	8235	7145	10581	10193	1800	11860	10903	11264	12393	10188	9920	12389	12802	12974	13231	12990	13473	12933	13336	13789	13574	13730	13170	13435	6822	12474	14101
3916	1332	307	1729	2729	3543	2814	5445	5821	4622	8294	7253	9165	7062	7150	11897	12641	12086	84	13514
1408	3169	7309	8453	8454	9014	8452	8333	8771	3511	8671	7683	1331	9946	7185	7700	8296	5492
2513	5580	5929	6632	8424	8266	8519	7272	9600	9643	11378	12037	11533	12835	12836	12803	12919	12885	13191	1495	13666	13850	13820	13908
3388	6053	8833	9328	7135	10191	11462	12311	11783	13080	10785	14031
1390	4139	4208	3613	3846	4040	4418	4509	5125	4998	5139	7847	8219	12194	8708	7931	8325	10423	4796	12311	12782	12932	13110	13481	13289
4402	7561	7890	7755	7947	7416	7986	8143	7272	10183	6974	9659	5826	13516
1654	3783	5619	6512	7452	7451
2228	10654	5912	9546	11462	2272
180	10055	8382	198	1835	4262	7838	10062	6803
538	2024	2325	2092	4020	1322	2825	9280	11151	1800	3213	1783	6317	8721	10562	11915	12045	13041	6022	10205	13562
3687	1270	5225
3156	6099	9073	4040	6071	6328	11854	162
91	3342	5136	5386	9564	2806	4016	8513	10418	3044	3122
3005	10035	3452
461	2904	3705	6331	6362	9599	10497	7057	8747	9427	6048	9384	6413	8917	10428	10658	1274	4941	4407	5377	13367	13395
1005	3631	3999	2969	226	9338	3537	2753	503	5095	10928	11996	2077
1159	5496	5551	5789	6744	4633
1534	4918	3153	7402	8937
2108	6872	3608	6943	6961	7047	2370	3451	3979	4131	5152	5338	6399	6717	6947	1819	3017	4703	12269	11504	12512	11585	9536	10916
170	3862	3916	6708	7253	8868	5535	9274	10250	10304	7866	10351	10943	751	13514
1970	5051	8381	12934	9145	3344	1492	9403
2023	8138	653	10218	4621	6604	2135	82	734	2239	2989	4526	7181	11030	5549	3489	6052	5325	8917	5218	9046	9974
806	3863	2405	6333	6421	7300	5432	3705	9428	8848	10420	10830	10351	10758	11133	12366	12923	6863	12770	12771	13789	12637	13313	14046
4123	1754	2673	2492	3076	3174	2891	1670	2496	760	3959	4648	1609	2553	3011	4107	3009	5258	4098	6764	2343	245	9294
134	3378	208	4024	5664	6793	4998	6929	4212	44	6353	6271	7151	5265	6544	5399	9781	3049	12507	11635	11786	13418	13492	13085	13645
2718	1597	6144	6547	8075	9689	10047	1034	9640	11099	4166	4631	4695	8731
279	6743	5276	4457	8429
1339	1285	7979	12194	1765	13167	246
4387	8270	9077	9325	9328	9600	7675	9462	3177	6286	9526	7827	44	2689	10830	8970	11497	10918	10943	11421	2000	6937	12399	2263	11622	11635	11881	11634	12537	12634	13323	13492	13532	13707
2079	1443	563	1243	1091	1019	2019	833	1830	2238	1951	2565	5421
1041	3898	8568	8583
1548	2201	2392	2906	3055	4784	4823	5095	5424	5895	6810	6855	8731	9714	10436	852	1592	2238	2280	2765	6173	6477	7581	30	1906	2380	3523	3778	4205	5064	6024	6413	6673	6939	8482	2653	4849
2367	1019	1131	3623	1955	3493	3879	4113	1610	3374	4721	3474	3475	4405	6593	6909	7604	7030	2723	4151	4154	8502	11268	2338	3381	9069	7070	5819	9059	5152
944	1978	1465	1779	2470	6212	6751	7145	6726	7464	8580	4557	8743	6059	9428	8938	9652	3466	11124	11462	10951	5377	11548	5005	12022	10800	11415	11418	12527	12038	7215	13110	6863	12990	5705	8556	13080	13363	13673	10785
1912	2702	200	702	3139	4314	2173	84	227	10764	1649	5280	10518	8029	5228	2378	9887	10217	8031	632	6965
3317	10450	4323
3379	1894	1733	2929	2317	223	357	5898	3889	9055
200	2916	773	3023	5815	1101	10160	12113
4056	1855	3295	4279	154	427	3712
2665	5391	9054	9502	10146	8731	9511	10817	13804	13129
875	1762	1173	3810	4360	6230	5483	7754	7144	8768	10186	11005	11316	11774	11317	10580	7146	10811	7827	5005	12175	12934	12778	13465	13416
3920	1243	1132	2510	2468	3480	6280	2263	8934	7827	7513	5603	9689
1072	10120	13143	12933	5095	8685	3201	11137	9848	12813	13789	13256	8529	12530	12669	8261	13046	142	8525	8714	12650	13453	12582	9697	13447	13338	10512	9226	5119	5301	11233	12934	8834	13423	11698	11254	9871	13870	13933
2076	6135	7891	6514	7602	10811
1010	2130	5826
2425	6482	10828	12146	12755
3769	7453	8115	10607	11112
402	6159	938
1417	5114	5401	5975	6485	10800
3324	9511	9897	12184	12677
1605	7147	8961	11208	10652	12008	10811	10885	10943	12684	9920	12826
3037	6963	3984	11849	12044
2128	10939	5005	11925	12814	12772	13033	12038	12944	13315	13354	14004	14006
1149	2794	4940	4515	6238	4469	5871	5543	40	12194	7285	6484	9233	9412	9734	9569	7023	11815	11526	722	8770	11184	11547	10812	10828	11553	12353	12361	12602	12445	12175	12864	13031	12785	13465	13680	13336	13479	13614	13329	12997	13577	14104	13972
4341	1467	4691	4897	7505	6427	6055	8306	6069	7809	4913	9054	9430	9941	9189	9852	11588	7137	10230	11274	9098	10943	12492	10788	12649	11053	12951	13537
3730	8858	8175	12149	13438
1015	4281	4134	12524	12592
3097	5661	6327	2137	9231	856	11315	9471	1800	7827	12397	8984
1978	3375	648	3001	3630	4831	2039	326	1495	493	2038	6471	7231	3492	8025	532	1871	3240	4804	2995	802	6466	5276	376	8721	4141	4407	8783	4045	2220	8834	10296	2928	7992	541	4171	5095	8907	6699	10720	8923	2263	11475
1246	11297	11310	2321	11092
3632	11419	7146	11208	11375	11376	11413	11415	11423	11919	5005	11198	11635	11881	12567	11877	10587	12175	13001	13056	13231	13002	13314	13503	13705	13582	13626	12920	12868	13534	14007	12793	14030	14115	14133	14154
1890	4739	5689	5150	4087
4239	4725	10354	11983	9887	13339	12752	11512
140	549	4120	3304	1346
1630	376	487	5130	6212	8363	6878	9462	3103	5377	12826	13544	13847	13026
1995	4767	6000	8177	5220	6576
1143	5399	5129	6370	10167
365	873	1566	475	1433	2703	3518	3572	4674	3433	3865	2857	5294	1878	6280	4364	7538	6906	7671	6543	3003	3111	5883	7992
3297	11053	12770	10246	12771	13456	10480	13473	8380	13544	13048	13492	13789	11294	14023	14030	8296	7305	14118	13956	14116
2437	4717	248	1286	6855	3887	8219	8280	9156	6882	8221	748	8731	6681	4270	11854	653	12179
2363	10411	6211
897	209	329	612	410	1253	2188	5579	6058	7618	9397	9036	9264	10193	11892	12357	12754	12808
4247	648	2529	4312
3696	1506	8212	3829
2338	3785	4241	4009	4592	4339	3951	4372	4635	4940	5820	5368	6339	4634	7140	7675	8051	6512	8593	7240	9211	4282	9258	4090	7984	9672	11046	5377	10780	6900	9647	9669	10808	11839	12022	12574	12618	11053	10202	13019	13171	13567	13054
1927	26	5362	7249	8611	7416	7807	9736	10830	11291	2361	8983	9678	6628	5377	7147	7146	12022	11783	11333	13001	13110	7152	10480	10816	13080	13079	13292	13150	13187	13528
2269	7023	6486	11985	13231	10463
3977	4885	6475	7287	7517	10777
798	3891	3370	6218	12411
2698	2926	5635	7589	8672	7265
2756	4208	3783	2923	10800	8864	12521	13533	13302	13309	13976	13950
4397	440	1021	11261	8236
3808	2867	6048	7877
2097	3860	4197	4672	5992	6594	7063	7140	4359	8735	7572	7911	8767	7144	1449	10239	10812	10283	4557	12344	10939	10943	12179	13707
4288	1529	4299	5551	10953
1230	2390	3783	5323	6488	6161	6809	6980	8154	734	7936	9244	9337	10494	10127	11264	10810	6443	8238	8725	10949	8052	12970	13537
3095	8473	8471	6700	8870	8834	6560	9643	9821	8779	10187	4070	6022	10001	54	10806	10868	11217	9732	9930	11719	10950	481	4609	10047	11634	12521	10527	11881	11374	12639	12651	12112	12866	11017	8553	12826	13350	13038	12670	13578	10815
3497	1504	2390	3671	5460	6332	6486	7249	6708	8721	8743	8654	9197	9652	9714	9822	9579	10166	10239	11112	10163	11637	7146	11838	12187	12357	13025	7089	12954	12804
2646	9225	10283	11537	10122	10237	5522	11331	12318	2000	8974	4353	10975	3854	6426	9804	6907	11267	5705	13439	8695	4597	10736	12894	12612	11040	12305	13838	13990	13946	13252	2181	9101	10777
4440	4628	6983	1097
53	6606	13858	14171	14183
2234	7377	111	3855	3886	5963	9531	10035	130	484
1536	88	3776	6184	8772	11787	12448	6293	6616	6874
2259	6352	2977	532	7416	4882	11992	5451	8096	11996
3502	11625	10411	10947	9538	6681
811	499	7285	7806	1490	5152	7807
2412	7971	7340	8870	9392	7984	8134	10511	9315	3394	9512
2211	4545	10395	3612
3182	5155	852	5005	5520	835	1579	2370	2137
2485	3615	3796	3249	3690	1493	4625	4896	5202	5645	1506	3179
132	13067	7804	3419	7534	10590	2625	3947	11261	964	8096	5995
586	1350	3906	4131	7269	10051	8411
1572	3878	6542	5480	8629	5947	8224	6169	7723
229	7340	8868	9281	10669	13494
2337	13096	734	9949	7357	3670	10051
4139	3711	3589	5189	9073
4306	1163	2197	8209	8331	8717	9281	10515	9569	10671	7517	11112	11859	8961	9930	7663	12138	7175	13002	13237	10480	10816	12937	13690	6180	14017	13807	13523	13760	14071	7442	13851	11917	14092	14076
2136	12542	11361	11926	12751	6227	12837	6048	12387	8937	13438	12680	13481	13482	13279	13299	13445	13453	13783	12396	13903	14030
2135	1800	1854	6456	10722	6060	6188	3920	7878	12004	3047	1340	2915	3010	9972	4009	1894	7440	12431	1212	2800
524	643	1984	688	1120	2949	1686	4123	808	2867	4259	1235	6695	6963	9209	6331	8735	1542	10863	2338	4324	12410
2986	1729	10193	8963	2683	7663
4218	583	5590	1392	12056	11880	9714	4182	488	5152	10206	10658	8834	12416	6413	8768	4641	11604	2220	1820	9848
803	605	3476	3927	4850	5852	5598	5405	4469	6367	5430	6963	10388	7140
827	10484	10441	10592	9247	4292	13426	11697	5826	11524	7693	7571	4009	13354	11177	10395	129	13224
2845	978	3800	2620	4284	3932	703	7172	8051	9134
3135	2052	8718	9397	9264	11112	7292	11416	9609	9267	10800	11634	10943	11718	13231	1491	13529	13731	13334	13908
1482	2105	2728	4040	5615	7248	7807	8614	10307	11112	10829	3065	9232	10808
1987	1599	1173	1074	7022	7776	6483	7998	3255	8585	2872	10499	5785	7091	10193	11118	8795	2319
3722	6787	12770	746	6420
3936	6816	8825	7306	10552	12311	12807
3697	3108	9590	7180	8504
1888	12352	5431	7350	10018	167	2992
2872	4589	2809	5652	8844	6897	4492
4181	11553	12835	12179	13246	12934	13310	13805	13760	13741	10500	13158
2510	7393	4948	7146	11881	11635	10720	1190	11540	8096
4194	627	1076	1142	5132	84	7931	5377	12176	122	10512	10777	10943	11881	12683	12755	13149	5005	4521	1086	13589
1498	1092	2041	2802	2590
2379	4484	5942	6568	9259	7730	7875	8536	10082	10354	10419	11104	11489	2524	3532	8266	8553	9382	10051	11105	12619	12672
1359	3202	4315	7400	7303	8606	2049	1031	3852	537	4131	4624	7874	5119
1609	2054	1819	3493	4475	3419	5635	9218	9519
1570	9630	6450	10914	5826	5979	9453	7474
3126	7872	7624	7349	1583	5912	8446	13183	55	6044	9581	6953	2753	7473
2949	6806	6335	85
853	37	159	731	2434	2600	190	2239	7920	9501
2601	769	1366	3095	3469
4447	5788	6398	1368	9298	4364	5152	7024	9996	11115	9853	4944	6092	9316	9464	10331	11983	111	10497	11581	5116	8745	12512	7910	9101
4420	2109	183	2941	4258	2061	1866	3840	4845	4444	3344	4851	5523	9647	10659	11276	2152	7209	12329	12713
2413	1510	1667	5812	6707	8109	8966	1211	4573	9075	9658	8340	10226	10287	7750	10723	11406	437	12428	13025	4194	13761	13374
3667	5096	6726	7012	7680	8131	8898	9671	9699	10522	10958	11462	9437	10211	11553	2000	8249	9680	12357	12527	12973	12370	13191	11635	11983	13097	13486	12788
4444	8870	9284	11984	12167	12446	12387	12889	13276	13573	13199
136	12616	4341	3388	8417
1553	9054	10193	4089
821	4443	9122	1308	1796
1589	8227	9912	11058	13231
2725	13369	9114	8721	10816	13647	7387	13664	13000	13694	13406	5930	5814	13973	13760	13523	6438	9792
275	6046	3868	287	6026	2239
1405	8557	8614	8665	9428	10183	10270	10808	10423	10683	5826	10193	10705	7663	11376	11417	11783	12972	12370	5005	12826	13302	13173	13416	13309	11067	13950	14101
3262	579	3737	5827	7484	5129	7733
4460	2127	6572	2558	9493	6909	5719	9944
617	3026	4399	1345	3969	5991	3096	9615	7663	11774	10949	11635	10512	9098	11634	47	11159	2000	10943	11151
3542	10780	10800	12092	10664	11375	11419	12053	5005	10777	12591	12649	10587	11053	12038	966	1751	10702	13099	11400	13543	12826	13419	13515	13199	13731	13646	13303	12920	13577	13819	13528	13737	13947	11561	14029
4141	463	1501	7285	8055	8096	12682	7905
1761	652	316	4386	6060	6206	2316	8838	6167	11853	1318	4941	6052	9009	9501
4330	161	460	570	704	7380	7621	7702	9215	9021	9860	7984	10381	10424	10792	984	10963	11443	11527	11715	11053	13008	13586	13487
4201	8954	6816	7827	13002	13080
1184	7943	8285	9411	10146	10650	10193	11208	13519	12786	13574	13464	13416	9169	12401
3624	3796	3615	7226	7882	6235	5432	7347	4087	8331	10685	12366	13353	13740	13170
1145	10270	12648	11874	12973	13323	13547	13589
516	7860	8616	7912	10306	6048	11032	11983	3412	6123	5826	6143	8175	6170
1354	3174	3051	3250	3533	4344	938	5547	1879	4467	6081	8488	5471	7473	1338	8043	7290	6458	9949	10333	10695	11209	10050	5568	6536	5377	11011	12088	12432	12311	11902	12204	12348	12678	12885	13020	8189	9432	11074	13129	13316	13531	13094
4469	6327	8935	6208	9009	9944	10047	10958	7910
1955	1116	3938	4714	6786	7065	3627	4562	8387
1577	6762	8290	10330	10189	9803	10309	9327	9930	11288	11224	11537	11219	9832	6471	11267	13231	13038	13553	10541
1614	6373	752	1050
248	1300	4163	3795	1860	5564	7191	7306	8270	9060	8847	9021	9325	5454	9331	10652	11418	11783	13031	13908
3745	3341	4430	10311	9313	2616	8298	10392	9357	9407	7991	11351	11134	12665	10783	11641
1877	2050	4307	6681	5785
3493	5592	6789	6791	7300	6601	7465	437	11109	9764	12175
3931	1119	1348	584	490	635	2415	3495	7006	9099	6515	6554	7991	8412	8426	11276	12002	12446	11761	435	3117	4011	5030	5067	8745
2890	4037	7827	9526	12272	11619
4054	2816	3547	4199	4512	5019	4284	6212	6594	7287	8133	7901	6498	9392	10650	11568	2925	11710
1343	6054	7734	8882	10110	10830	11580	11217	7137	11860	11573	11602	12566	12875	12794	13664	13673	13819
1461	3978	4940	4998	5123	5821	4231	6614	8505	8826	6397	4287	10810	3394	7146	11604	10424	12650	10525	12853	11927	12244	5095	12891	13577	13814	14105
3997	1366	2451	867	4862	3398	7108	10870
2461	11180	6535	6815	1308	1978	2824	12070	12424	12898	10010	11319
2140	5497	7369	4415
1797	11404	9930	10659	5730	6941	12747	9494	12112	12668	11261	13661	13571	10463	12745
2389	8010	7859	8362	8505	5028	4911	10114	9939	10190	10806	10810	10559	11071	5826	11005	11443	11591	11537	10901	10553	11053	1491	13198	12990	13532	13533	13608	13717	304	13820	13971	14133	11054
1781	7008	7305	8244	8296
1	1777	8139	2472	6681
3188	9633	917	10692
2453	6967	5687	4811	5095	13351
4467	4422	6000	5709	6611	5891	5988	3192	5954	938	5391	5033	8306	7306	8578	8204	7047	8397	9108	8868	9244	9159	9822	10113	9699	10808	11344	12142	3602	11670	12589	12543	13012	7285	11413	12974	3857	12822	10867
3349	1731	1927	1583	4397	9459
3330	1330	1819	2280	2300	4345	6553	7170	7492	423	245	1349	2412	1688	7440	9354	4244	5150	5237	5542	6386	6934	5815	7987	10861	2824	4469	910	272	8838	10034	11769	3197	6301	10354	11233	12686	4138	6363	10658
3782	1104	5602	7492	8034	9032	9036	11423	5815	7675
111	9189	3750	5152	9218	3453	2904	6615	7496	6891	11630
632	8418	1515	1934
2400	1518	1828	54	2315	4076	2453	1781	3967	1612	2625	990	1493	4250	5153	1686	5840	6518	6850	3290	2907	5251	3855	9152	8545	8222	10454	6830	9821	11227	2989	11057	12864	12682	12991
310	1251	429	1611	4009	392	6057	5865	7219	538	7628	10156	11690	10548	10943	13110	12505	12274	13751	5331	1730	12468	13208	4113
2626	11459	6674	8444	9640	12249	557	5201
33	4934	8567	6040	12530	1977
2796	5969	1289	1426	6575	7519	1290	4625	5892	4119	7246	7517	11611
2688	1768	875	1593	2166	2495	4181	6264
290	7044	8063	7680	6872	6582	10830	7873	9265
671	2812	3111	4113	6535
3813	6212	6421	8279	7285	10190	10650	11212	11462	10553	9143
407	5597	2201	8	4789	6529	1588	2166	7141	7311	5611	7320	8593	6715	7602	7807	9078	10192	9903	9735	10499	11545	11618	6900	12038	7089	11936	12981	12370	13789	8393
667	5420	7362	8731	10541
1279	9533	11586	5461	856	10291	1644	5814	6393	6664	11632	2473	4307
1295	607	1517	5152	3987	88	3974	4601	895	2932	3124	3867	376	106	172	3639
4007	2010	5018	4244	4672	6254	5881	5826	7144	8382	8808	7984	10193	11413	11219	11986	12527	10658	12431	4824	8530	10712	7910
432	966	613	3177
503	1712	3183	1343	6708	7463	8505	5211	11634	13419	10816
2153	4512	11854	10745	7817	8637
3300	7875	437	6333	10604
594	1344	5533	8643
1827	175	2518	7638	8210	9064	9195	9510	8763	5872	9699	8768	10191	10830	8382	10665	11527	10188	12357	11783	10812	10943	12426	12438	5318	12557	13178
4169	3053	1894	2316	6803	6318	489	1203	1350	1363	7050	7052	7185	10924	3412	4573	6018	8312	8380	8406	8832	10002	376	925	1003	1060	1212	1916	2201	2522	2644	3124	3472	4056	5184	5462	5773	8339
3809	8887	3035	11513	9025
3752	4438	4691	4812	4539	1860	7503	5269	4916	7406	6835	7515	8562	4602	10113	9094	9095	11209	10391	12571	12724	13152	12778
2515	5590	2907	7909	10654	12859	11983
2624	2029	3321	5883
3855	875	11607	11791	9169
584	7774	7901	7153	10166	10830
3361	199	9501	11780	11253
4230	2895	2097	3961	6212	6672	5405	7618	7703	8135	11292	11881	13157	12896	10816	13282	13279	13789	13291
4382	3367	1144	6415	8349	7799	5735
3678	747	2334	2904	3892	5825	6458	8310	8676	8721	8897	9194	9887	10975	11783
2643	1214	4775	2249	6695	1750
3996	6048	8435	2591	10700	2760	11373	1952	6416	11003	9262	199	1592
3857	1592	5815	12241
4345	1842	12106	5516	10693	11983	8123	11630	7757	5095	7020	12499
611	3487	3673	4044	10442	240	2201	3078	7864	10707	6012	9622	1878	10179	393	5121	6874	9442	9544	11819	12512
1016	1615	4040	4986	5679	5397	7779	10650	4305	9955	3466	6728
3306	1206	5545	5459	6041	6670	7144	9209	8764	9251	10333	10686	10685
3554	6815	9781	8963	11462	10949	13097	9689	12826	13529	13419	13683	13805
637	2673	2816	3250	4982	5021	4430	6593	1212	9368
894	311	334	1751	6443	5942	10083
1980	6339	7142	7137	4998	7909	7473	7912	9300	4940	7389	9912	9030	9474	9883	7770	11074	7146	10777	11272	10949	10812	10830	10884	11589	12357	10257	11937	6661	12885	13336	13063	13173	12920	13624
633	10509	10520	11330	10403
1857	8216	1308	2473	2617	4799	5442	5407	11355	10712	10971	13037
3390	2029	1115	2926	3099	508	4651	855	2797	6681	10455	2233	5668
1824	9152	2595	7290	6307	2749	3445	10546	5723	9856	1869	1272	5377	10555	3838	399	2000	8965	12204	10943	11362	6638	11389	12782	12916	6823	12731	12822	13335	13732	13094	10534	13418	9848	12414	13589	6094
4182	8071	9281	7517	10188	11984	11817	12446	12389	13480	13508
1024	5028	6055	6991	7910	8339	7161	5445	9510	8369	5834	8770	9095	10193	9546	10943	8961	7147	11212	4583	11889	13080	12817	13805
1297	3679	1593	2331
4268	13077	10640	5987	13115	8975	5640	8808	11805	13549	10051	12383	5826	13876	13872	14022	13260	13429	13873	14051	12622	14070	13971	14119	7548	12940	14052	14116	13297	585	13941	12825	12226	11892
4155	4952	6855	2072	5201
773	6219	4520	1645	9264
2914	7436	13668	3739	8562	13554	12949	13334	11653	12568	10649	10869	12143	14107
2361	5096	8672	9506	9722	9192	5119	4337	4007	3031	6514	1109	7268	5826	11803	13484	4505	10836
319	5602	5972	8331	8042	10059	10943
4025	1190	3088	9152	9264	11444	8864	437
3393	4217	5882	9390	1353	10694
1259	836	12979	9288	10706	8210	11118	8934
3848	7986	2223	7144	9077	10810	5834	10558	10812	10659	5377
2232	3076	2429	1492	4540	648	3499	9373	7001	7910	4209	5824	6556	587	3634	9280	5096	6471	10297
3688	5839	4376	8671	4205	8391	13055	12771	9810
4258	2239	6385	7306	5556	6866	6368
1329	6671	11433	12683	12755
1503	9215	6048	2502	107	12682	5826	12550
3084	6855	7359	7984	10812	8936	9537	9616	7521	8795	11881	2000
1500	7108	7996	10290	5885	5726
1593	5273	2162	10323	5412	4808	9689	10047	11101	11462	12591
151	9164	5806	10830	11786	12724	12485	13008	8175	6512	12462	13731	13492	13510
265	1800	1950	10047	5513
4177	1605	1767	174	2177	2631	7747	29
2015	1303	1860	3373	8275	6732	5523	7642	5664	7566	8934	9658	9265	9949	9874	11112	11722	8558	9161	12111	12203	6914	11565	13293	13453	13300	13910
1127	4390	1800	3344	4145	7106	7502	776	5283	8838	11277	11204	1481	10682	8725	869
962	1937	1133	1804	2857	601	1218	1195	624	2756	4495	4760	5294	3510	4412	5498	5641	5890	6963	169	3923	7391	10808	5152	6541	12345	12512	4032	10480	12396
647	3480	469	4226
1378	1214	5440	5435	4160	8838	10658	11014	1894
3621	3185	1539	2925	3414	3519	2873	3426	7526	5579	6367	4729	5877	9848	8884	9871
2631	12027	11624	5322	13455
682	784	5266	8198	2473
1314	781	3819	4036
4431	1889	11146	7083	5815	11627	11673
3413	1046	1854	7891	11831	10433
2214	8998	8091	11888	7827	6661	915	12941	12655	13707	4944	13411	1800	8763	2850
4300	9338	9250
3494	7269	5552	6144	1751	4537	4631	7114	8604	8998	9640	10716
3347	12357	11208	11413	8790	174	1335	1875	2644	2893	3500	5978	6549	6758	10777	10812	2723	12558	12556	6863	12557	13158	12962	12547	13171	695	11612	11236	13487	1730	10408	2424	7113	8838	13311	13892
1113	2123	4672	4939	5430	6600	9029	9497	8560	9783	10674	13231
1719	383	5722	505	2196	2447	2386	1321	3051	3961	3806	3763	4719	4860	3686	4998	6507	4078	10806	8728	9930	11774
3259	966	1200	1463	5481	6643	5116
2982	6204	2028	4238	9501	10354	11630	1	2549	3584	5883	8692	9629	10072	11983	12048	12693	4004	5826	8721	6416	7875	7954	8371
374	9177	2488	8177	10203
774	12777	8731	10205	1422	4449	613	5764	10658	11512
1626	11424	11984	11635	11881	11894	11895	11896	11897	11900	11053	12086	12175	8556	13404	13405	12788	13301
1637	8097	9208	1297	9042	9460	8977	11744	13310	13251
352	2530	2017	8731	672
3250	5826	9304	11315	8731	9976	10006	7920	9296
2620	2110	1540	737	1409	2867	2534	2838	1862	3245	4648	3235	2198	5043	4649	2254	5436	5898	5448	3983	5214	6909	6954	8681	10047	9427
731	5314	4726	8167	9712	3127
1676	6280	5092	8411	8665	9912	7517	7663	7144	11634	4589	8658	11881	2000	5377	13170	13649	6070	13707	13744	13620	11756
3889	3582	4759	4681	10655
3173	812	9599	6406	10446	7711	11193	11605
548	6908	8152	8235	11572
2253	5954	5480	1420	1812	5152	10890	4561	5762	3525	464	7440	8845	772	1237	8406	2473	2865	11762
2179	12970	6907	6662	13737	13619	14056
3044	1460	7515	9763	11183	11634	12145
2629	6681	5815
3185	1757	18	2422	1173	5260	6310	6114
1045	13738	13809	10480	6180	12256	13958	13964	13943	13963	13837	13088	13329	13953	2564	14071	14087	10970	11705	14065	13549	14161	13951
3892	484	648	891	943	1069	487	597	1003	1118	1487	1571	105	190	389	486	661	670	929	1201	1254	1462	1710	1464	1461	1500	2673	3043	3188	3345	3378	4879	2011	5561	6349	5825	1860	7138	11545	11717
814	3843	2690	8080	1922	2286	8055	9501	5150	5575	6210	6894
32	12102	5689	11162	3650
768	2107	2906	4134	3341	5201	4710	5610	3419	4422	3452	5708	4929	5994	2809	8681	5030	5733	10035	6814	9365	12149
3513	5831	2879	5554	4183	4962	2687	895	4952	7662	4328	4826	1549	3031	8935	7589	3536	5146
4207	160	2859	6814	8285	8811	4510	6056	10193	11112	5947	7517	10499	10810	10811	10943	2000	1730	6169	11917	8626	12434
2875	866	4111	8597	8992	1822	3221	1978	11079	12059	10554	13621	2077	4611	6233	6522	6636	7803	8678	11592	12526	4193	9468	2099	2226	3854	5705	474	9599	10830
3736	4026	420	8935	9290	9571	4373
3154	12205	13009	12236	13191	2433	13231	13343	12937	13276	4352	13795	14041	14091	12645
1009	12708	2549	12621
2721	4127	9501	11713	5720
4028	3305	3250	1031	5264	6803	4880	6816	9019	10650	10193	11917	13283
3320	843	1730	1756	2376	7740
3565	5564	8717	2340	5769	7827	7517	9930	11757	6056	12803	13080	5729	6822	13445	13453	13796
4219	8350	8315	1776	4629	6984	5095	2201	6935	10131	8068	9710	12279	12339	10061	10367	12882
662	2746	3008	3622	5412	8323	8580	7416	9107	9027	6560	9005	9857	9296
2013	4803	5504	6271	6495	2083	3227	5129
4083	122	1397	1399	2336	432	407	466	672	278	3932	1190	614	259	337	6876	3524	6803	1583	1730	3718	1061	5650	6266	5649	6331	5095	6123	9187	8382	1645	4182	6983	11144
2498	1686	11632	7202	12091
589	5028	6505	6726	8295	8722	8576	9658	10573	10580	10793	11249	11713	12713	9917	10082	5576	12513	14119
61	7663	11211	8988	11219	11854
3619	2745	5722	3882	3983	8663
196	10245	10249	11391	2000	13614	12394	14022	14063
1940	966	5759	6810	1676
3794	5722	330
431	13156	4405
3830	1201	2708	2736	1794	1819	2771	2166	3281	3754	4104	4708	1683	5096	11288	9501	10943	3478	10083
2101	4301	2249	4182	5133	4784	275	9187
477	9187	9536	10320	12780
2879	1932	7263	4721	5095	6893
2159	5222	6561	6427	6434	6987	6986	7306	8262	8411	7359	8290	8866	6503	9282	10111	9699	9937	9028	10059	9742	9327	10155	8792	11217	10705	11417	12357	9670	10305	9588	10307	11224	12558	12366	12380	10753	12488	6662	13478	13674	12925
2925	6395	7945	4742	5982	9224	9257	9258	9497	5666	9586	11635	11947	10234	87	11881	7654	13336	13532	13503	555
3717	2732	2028	4962	9719	13891	968	6048
3245	7355	10012	7923	11710	4182	9226	10658	11661	11663	7711
3279	648	2484	2090	6408	1184	1878	4453	6503	2497	7448	5136	7012	8290	6470	3109	6196	8671	9447	4874	3562	9903	10829	10379	10884	184	4656	9930	510	3219	9135	8983	10186	10237	10431	7147	6364	6983	9670	10553
1981	3652	5912	10859	8377
3789	6054	9264	10705	8963	722	12733	13210
3374	6518	6911	8397	6505	12752	12473
3414	10926	10409	9218	12010
4277	1504	1342	3401	3877	4198	6333	6518	5812	8058	9368	9055	9040	9821	9939	8334	5826	10527	9930
4213	6392	4552	1747	10741	3536	6803
4339	3376	11605	8008	11076
2888	2525	8616	2051	6534	6943	6942	12075
857	429	932	1488	3652	9455	8398
3207	1661	1457	1458	6512	8791	10527	10811	13571
641	5040	6342	5006	6425	983	7492	9075	9201	10425	10963	11443	4841	12117	12357	2000	5005
2632	2673	1006	3345	2156	4004	4009	6752	5613	6507	7749	5086	7342	7516	8280	8856	9165	11443	8658
2199	2000	12527	11903	10626	12556	12602	1101	1929	6863	12370	11634	13142	13011	13122	12907	12177	13531	13029	9567	13567	13487	13374	13701	13551	1844	10233	10946	11079	12512	13353	13674	13528	14000	13950	13914	7123	11469	14093	14045	4427
116	2569	3362	5975	7596	9154	13532
743	3293	458	753	7806	8716	9072	10552	12351	13042
959	544	540	614	615	708	945	10314	10830	630	11422	11413	10524	10541	13453
1485	8175	6458	4946	12052	9689	1725	7181	2753
3933	2339	1775	139	818	1846	4000	3148	3210	3618	4640	5069	8301	9672	7415	9826	4572	8339	4808	1004
1736	1849	2220	5746	4173	1509	6368	10830	7140	9929	11190	10943	11711	11594	11726	1308	9934	6092	10572	10553	10692	12752	7782	887	7711	12512	711	9212	12970	5276	12969	13533	12702	8556	13411	12983	13673	12682	10080	10419	2797	9554
1317	774	11462	12234	3137	11523
3708	2800	7285	9054	9267	9542	829
3169	1046	9032	9930	10674	11711
2659	4205	7417	11878	4103	8079	8790	6123	8665	8745	1212	12108	3219	3880	4376	7440	12406	2812	11459	8894
601	5572	5879	5671	7340	7153	8811	10705	6937	12571
4163	5152	6184	8219	9274	10105	5589	7864	12722	9911
2714	345	4168	5408	2911
3210	4196	5019	6425	7306	10412	10365	10193	10186	11123	2925	12357	12571	12485
2036	8774	10896	2925	4488
2262	12923	6863	11345	6907	2460	5149	11569	2689	13422	6662	13486	13173	13730	13445	13453	12925
498	3210	8014	4033	10906	7467	9786	132	3608	4714	4808	6832	6919	7255	7553	11269	2220	4949
3821	7673	10573	978	1194	4056	9526	10673	1191	6681	10729	7544	7909	10672	11696	10193	10260	10163	11046	10528	11376	11986	11379	10239	5377	7144	12599	12601	12931	12387	12826	13151	13347	13353	13581	12617	13609	12976	13789	13620	13820	13446	2473
233	11601	8445
2567	4878	10680	11728	5259
3200	1772	1793	1445	2435	3095	3469	3821	4772	5114	6056	6232	6507	7137	6233	7226	6140	7807	7408	7568	5432	8302	12194	8219	10223	10466	6352	10811	11711	7663	10903	13495	13847	13987	13947	12736
446	3753	4021	10198	4767
324	7714	7943	9604	7678	11535	11442
2277	460	5865	7137	11774	11983	10541	13661	13445
1121	1622	487	598	479	2398	2038	132	1081	908	1110	1056	2673	2683	2300	2988	1539	2731	935	3131	3305	1981	3250	3687	3713	3781	4196	3378	4717	5035	4771	5128	5130	5127	4998	5871	8247	8441	8331	4913	8135	9078
1468	1730	5514	9246	10427	5635	8763	10030	10987
2016	3177	5001	9384
3674	6181	7774	11212	11208	11423
454	2470	7675	7269	11430	11539	8815	9188	9042	6091	11907	11709
217	6985	6835	7763	8671	9030	9773	7984	10287	8134	10829	7517	1449	10832	11282	9930	11580	11565	11871	12111	12648	12782	12945	12746	12986	13095	12203	13080	13448
3009	98	1053	5265	4812	5598	5172	5362	6451	7774	7491	7385	6230	10527	8096	10806	11112	10304	9711	10812	11710	9999	12357	13438	12894	13267
917	13760	12216	6048	13807	11868	11095	13523	12246	7813	13986	11304	14129
3741	5783	1293	5293	3263	11843	6705
1837	6127	12176	12199	13438	13170	13199	13411	3779	13908
31	10193	10811	11210	7147	11398	12163	5005	2119	12357	9368	2753	12864	12802	13097	13115	13245	5883	13398	13719	13422	13607	13589
4086	5290	6233	8140	8613	9334	9892	10497
3919	11894	11895	11896	11897	11900	12175	12086	12389	12775	11225	8556	13411
3645	1729	4590	6421	6413	9326	5655	9368	7711	7062	7828	9573
2784	9399	9689	10047	11100	11463
148	1584	10043	4008	8284	8984
1782	916	59	1565	1371	1746	10186	11290
4023	8966	2846	4340	8721	13203
4240	3195	7088	2780
1469	2708	2045	4421	9728	4983	4717	971	5590	635	2320	5849	4004	4364	295	6048	3111	5900	7826	5150	7489	8290	9060	9701	10667	8475	11783	8672	8414	12001	5826	11858	10784	10785
2566	3111	9181	9967	9199	13928	868
935	10009	2355
2854	12936	12965	9379	12959	1978
244	2511	2839	8808	8349	10543	11671	10012	6478	9501	9714	11520	12682	8488	8859	12620
1054	2282	5706	3894	8177	6812	1446	11630	11512
2881	3544	5438	9067	9328	9326	9763	9180	6915	9189	9798	11209	10668	10659	9207	12204	12649	12835	11239	13439
4380	181	3413	84	5389	6421	4172	6055	7997	2223	8109	10127	11112	10421	12830	13353
1695	6725	6447	6151	5276	456	5887	4946	10181	2382	2041	5032	5677	6414	6824	6983	8431	5878	9295	1344	2367	3257	5883	852	4160	433	1751	4569	10987	8857	13015	8983	13943	1512	14023	4006	12792	12725	11561
1808	9307	9232	9189	10695	9647	8368	10283	11656	10194	11984	11042	12445	12971	12370	13433	13672	13508	13150	12149	13122
3942	2708	3210	5421	6075	5430	3452	4422	7138	7141	8222	6726	8882	7146	8870	9410	9428	6700	12803	11635	11881	12699	13227
936	473	3889	6695	6630	6486	6908	11183
3422	6663	7287	7684	5675	8671	5095	9062	8898	9526	10111	8791	9431	10251	10307	10527	12052	6937	10800	11331	12823	11936	12426	12203	11981	12406	12933	13282	13279	13784	13785	13284	13975	13285	13881
1444	7239	8086	5951
2636	2029	4951	4019	11159	3748	3751	3786	8861	11261	8965
1552	2239	7733	1809	9388	6039	8680	2473	10327	13342	12170
4464	168	9686	9169	6680
3655	4962	10301	6806	4250	2568	803	11088	7736	8685	2410	6587	9226	5394	361	3452	5815	11077	11766	8721	4539	8000	10511	10945	11374	10830	11430
3537	8195	5086	5204	9541	10811	10812	11112	9747	7875	8435	9647	11380	8794	10193	11283	12447	13535	13210	7073	10785
1794	2644	3717	3750	5214	2809	8683	8723	8736	10037	11261
3585	60	409	688	135	163	410	1440	1407	1370	1441	1079	1702	211	7840	1308	1971	2014	51
4142	4590	4845	4762	6350	6011	5851	7172	7776	5211	8388	9330	7984	9594	10607	10402	11406	11224	11594	10812	11282	11622	11578	12493	12752	12814	12945	6863	12990	13323	12370	13664
2252	3520	7276	4528	5826	8040	6339	9515	9651	9819	9689	7393	11315	5819	10511	9439	13719	10525	7584	8965	6453
1936	606	2722	5361	6512	11119	11774	13443
902	8941	3423	6295	4222	9461	9530	3742	8552	4820
495	6543	4562	4970	274	5781	13090	8097	1219
138	5824	7300	7675	7473	7681	383	9445	9211	9428	10705	8991	10558	10553	7077	5005	10512	2000	10943
1380	4526	1268	8671	9428	9699	10156	9526	8917	10412	10614	8834	9735	6810	11726	12350	11716	11634	11881	2689	104	12669	12179	11420	11423	8183	5578	13416	11285	1747	12622	13445	13661
1543	4167	5257	12820	10930	1782	8891	9176	2818	2141	1418	2229	10715	2192	6052	8917	1856	1100	12682	5247	5826	13218	3622	11952	4787	3506	13852	14028	1024	8176	3838	6172	10407
4089	5471	1044	8024	8025
2447	290	2220	8169	9780	8125	4033	6123	6803	8745
3067	6486	9409	10189	10811	11065	12088
1509	1150	2045	3372	1693	2485	2833
643	1796	5023	6784	8039
471	6254	7340	11377	11423
4022	3994	4962	1970	888	2694	3892	4608	4802	755	3036	4633	5138	4569	5201	5515	8262	3749	8219	9821	3903	7889	11526	10155	7488	8794	5834	11446	12172	2000	12594	5190	7803	8288	9279	13188	13198	7884	11301	13018	12983	4009	13459
1568	8881	7984	9772	11211	7144	7146	13231
640	4773	11783	12820	12582
4425	13000	13470	8556	7202	13738	13809	14135	13077	13730	12256	10815	13935	14017	10259	13513	11857	12683	13807	13760	14087	12003	7774	7442	14089	13549	13808	5677	14076	14161	14144	14083	14156	14053	14140	13875	13948	13982
2746	509	994	1989	4393	5699	7991	9913	6067	6681
3939	3748	9484	1190	6048	7751	8113	8725	9804
1816	84	1166
2950	2437	7922	8991
1785	7984	11375	11376	11378	11414	11417	11418	11420	11423	8627	4796	5487	7146	8961	9730	9732	11217	12057	12302	10001	11433	12669	11053	11927	12932	12560	13093	13149	13092	12638	5531	13746	11067	14006	13313	14029
2711	162	250	833	1167	1478	1625	1595	2705	8468	1530	2312	4202	4411	4862	8745	966	3133	3672	4006
1832	4749	2304	5609	6831
2416	9089	5220	12849	4882	11927
3601	2921	7172	6847	10912
2936	6585	4423	430	5984	6552	9687	5152	5708
2671	3767	5355	6341	5417	6147	6601	7881	7144	7292	9274	9510	9541	6058	9267	10650	7145	10609	10652	11462	12838	2000	13338	5540	7076	12637	13850	4913	9511	13950	6070	13828	14101
3706	5202	6721	5403	2263	6486	7776	7473	7831	5320	10420	10811	9984	10705	9659	11405	10812	11545	10541	9930	11936	11715	3950	3111	13658	12920	12399	7827	1512
4274	2563	3872	4108	4745	6993	7513
3914	7675	9090	7807	8295	3713	6567	5722	3076	8429	8131	13905	6929	9028	8917	7451	1449	10494	10829	11112	11389	11580	11860	8175	11183	9416	10808	10943	12605	12772	7827	9682	12841	12920	2000	11617	13164	13198	13260	13261	13516	9844	13836
2825	795	4947	5067	1894	3833	4780	1492	4709	13	5392	6114	1711	9296	10644	12372	2503
1845	7166	1694	5815	3395
3522	9076	8773	10193	10958	9546	10705	12838	5158	12683
3656	3936	983	6233	6332
286	10981	8631	10354	3414
2169	874	1300	6223	5910	163	4798	9291	1323	9645	5826	8672	6665	3580	13658	12592
3818	1588	1683	5993	8336	6342	8721	1894	12300	8382	13037	4008	10225
2585	1745	1433	4672	5476	6336	6833	8881	2000
3928	3253	5119	2673	8021	6094	7799	12120	3412	4628	4794	906	2815	3130	4501	5057	7276	13225
4082	11261	12792	9837	12886
1625	4569	5826	7883	8253	10549
3308	1730	11261
3129	12070	8731	9054	9089	6071	12031	5226
1497	7733	5332	4209	8860	9280	10775
4253	11210	9659	11417	11418	7146	12302	10949	12357	11533	12649	11688	12631	11861	12910	12112	12370	12731	10753	13231	10786	13621	13315	13094	13494	13717	12794	13422	13582	11622	13528	13737	13686	12626	14001	13107	13623	13871	13807	13093	14055
686	6507	9029	2907	8762	7384	9884	10830	11377	11526	10333	12684	12990	11854	13571	13173	13453
4039	4681	5815	7441	11567
2619	2075	3258	5826	5792	8238	9363	12000	399	12850
4390	3177	3418	6065	7063	10864	965
146	13874	10688	14175	14058
1053	613	9063	5095	8175	10929
2089	5999	5430	152	8290	9412	8831	13789
1207	2787	3148	3810	4573	3284	7256	6930	8013	12507
327	34	158	715	2179	2995	5453
3051	2053	1630	3279	10987	5826
1472	10047	10313	12861	2263
3255	8441	10830	9084	12571
4038	1823	2529	2866	2786	3810	4467	4717	4633	6212	6529	5418	6380	7300	8295	8032	6632	9060	9069	8221	9032	8374	10811	10309	5826	6400	10939	12674	8866	11614	13571
1077	2931	2655	4788	2118	3306	1046	6528	3442	1803	4753	2104	9147	7984	10829	10466	11625	4583	12330	1839	8556
2769	9054	3993	5687	9714	753
2503	8787	7428	8577	8916
2694	10552	7984	10808	9513	11288	7663	9594	10905	12022	12353	11937	13614	13850
443	1422	3345	6380	6671	7999	7638	7828
1650	5879	4469	6318	5026	6980	7881	8578	8471	8609	8722	7859	8744	8947	9328	9822	9391	10305	5240	10187	9541	10830	6900	9930	10800	11871	10803	9689	12211	11345	12826	13503	13529	13841	10816	13304	7114	13988	6342
3576	7463	7809	8010	8988	9108	7911	6756	10306	10528	10830	11573	9524	12318	11903	10512	11053	11881	11635	11585	11400	9920	13324
4361	10688	14175	13874	13858
388	894	9049
4429	1819	4560	2943	6524	6044	2255	3759	10895	12330	5152
2635	4131	1975	2249	3175	5334	8560	10083
189	9010	11933	11288	1809	7269	8834	10658
1962	4753	2545	2549	1308	3005	6627	9694
1722	8843	1906	4732	9909
4090	4313	9026	5834	10329	9659	10812	10421	7144	7146	12311	11171	10811	5005	11042	12088	2000	11917	10943	5377	9832	12751	12726	11464	11053	12112	12370	12244	13023	11412	12513	13569	11515	13474	13435	13673	5597	7503	5095	13837	12920	7026	2139	8808
4414	699	814	3802	4938	3829	5030	5832	484	8612	8950	10528	10506	10811	10037	10188	11838	8284	11653	12332	10825	10442	12080	13553	11537	12396	13950	12152
2821	205	1243	3448	2694	5018	2925	3272	4725	6475	6405	7142	6632	7807	3462	2626	8905	8269	8763	4474	9431	9327	8734	10810	437	12052	12059	11894	9927	6091	12645	12092	13740	6070	915
1567	6215	7304	7313
130	779	673	992	1320	1710	794	1098	2528	2655	2628	2687	3095	3161	2124	5852	5918	8435	8727	6403
3427	4349	5596	5896	4633
3625	9979	672	3758	5819
441	903	5672	7062	3373	3135	7997	5112	7621	7710	7827	8678	10573	2473	5152	7136	6453	11578	11206	9135	11122	12133	10047	11418	9903	11888	12112	13323	9396	13310	13338	13673	13445	13234	13756	13947	11857	13959	5357
3635	1419	9689	9340
225	2787	2936	2762
3695	1678	4698	9491	8349	13533	3495	12469	13166	13975	13300	3412
288	981	11078	7875	7278
75	1854	7274	12897
367	10810	13489	10816	13009	9930	13267	13528	13549
1755	1772	903	1244	795	1323	1583	3440	1611	6598
100	1913	11026	11027	9763	7091	11767	3720
3594	9689	11097	10541	10047	10999	11261	7991	11585	4159	12682
1841	2644	6352	6540	6694	7388	8870	10552	11133	13589	13820
92	3250	4198	4741	4735	4284	5040	5856	5866	4982	5139	6673	6540	6986	7752	6310	7678	8131	8791	5128	9472	8910	9032	7686	10830	11282	9659	9207	10686	12058	12814	11917	12730	5611	13129	13577	8808
1422	3456	3367	3414	575	3232	5814	2997	5463	6109	3015	3825	6342	4441	6563	6855	4231	5201	245	2220	5597	9599	9735	11030	11307	10726	115
4175	6139	10779	10047	2778
3547	11926	12351	12086	12634	12955	11137	13478	13737
266	658	5366	5659	5705	8090	9128	7319	6369
2993	2526	4451	4258	6729	5	6663	6882	9220
2911	10303	4316	9930	2042	4238
1123	5752	6200	10363
668	4637	5864	5362	13837	5412
3587	3635	8153	5815	5597
1803	4834	5020	4055	6751	7596	6559	8027	9325	9569	7984	11827	10560	11444	11875	12176	10949	12199	6512	13080	13199	13822	13589
795	1998	2908	2950	3157	1144	6741	2373	4570
3352	5030	6322	10300	11542	2509
28	2883	11578	188	3404	8676	11983	5895	8131	8658	11233	4767	6334	8779	5578	7905
2782	1652	2089	1432	5441	8473	9161
3899	8204	8907	9918	10527	10811	10528	12034	12035	12934	13178	13545	13610	7198
1175	420	7827	6027	1233	6211	1323	66	1206
2529	2261	1880	10958
1304	396	883	2172	2673	4024	5088	6096	9059	3719
4198	6035	5827	5578	12751	11243
1264	10401	10037	10205	11261
2539	9722	6575	8705	12430	11273	3958
1908	13282	13976	13528	13975	13644	13300	12645	11383	13285	13296	14053	14133	13298	13297
4179	6486	10193	12751	9919	13022
2670	1912	7535	6517	11324	4179
2019	1245	7013	6803	6987	721	3848	4108	4354	4547	5222	6554	9022	10541	1365	8481	3419	13531	13796	11867	5468	9103	11127	4307	13310	13460	11744
2141	3370	4450	3721	856	3439	6983	10485	9476	7768	9031
3081	9815	7478	9425	8670	2473	10979
4145	756	2390	1482	3794	4752	1702	352	2625	4952	7695	6803	11924	7581	11162	4573	6123	13142	13190	7803	11773	9975	13247	13840	14008	13737	10929	13490
1119	8382	10811	11196	3184	1190
888	3943	4071	11643	5003	9500	2625	7957	10126
3605	4939	5737	6845	8966	6442	12571	9416	12826	13571	13453	13445
309	6816	10047	11462	11133	11902	8263
2191	2902	8239	8717	8744
2323	10188	3031	12567	12844	13836	13873
1085	3221	7269	10417	7437	4182
2063	1923	8777	5699	6289
1222	1072	1368	4932	6331	852	5095	7526	3111
3087	729	488	10541	13418	13571
4148	1414	3532	2277	4851	5067	4157	6458	11867	11389	11720	12716	12819
3415	3866	4589	6114	1107	4936	11835	6554
1762	1922	9226	10769	5687
3112	7542	2260	472	8476	11376	11420	11418	11380	11415	11984	12053	11881	13533	11055	13796	13737
1455	5812	5947	5066	6425	4683	2284	6504	7137	5204	8718	6726	9604	8885	10115	9431	10811	10671	10812	11545	12357	12426	9207	11058	5377	12920	12981	12934	11983	5705	13524	13536	11857
2124	4652	5602	12520	399	5720	12464	12530
1602	1709	5377	6978	7584	3893	8175
2024	8794	11418	12399	11881	11634	11635	7827	12916	167	11420	11417	7784	2095	198	3532	13224	13280	13289	3529
3160	5544	795	6896	8425	9064	9526	9652	9315	11183	11537	12782	12668	9212	10753	13325	13664	13606	13837	7861	13883	13950
2853	4676	2373	8282	2427	5489	5815	416
12	632	6413	10124	4999
3134	384	585	1997	4236	5121	6759	7742	9764
1450	1182	7145	7412	10183	10806	11842	11331	13479	13749	13719
1337	3397	4925	4642	3453	8958	1871	153	8721	6098	8560	12371
1648	4333	4405	8631	2848	6011	7610	858	5276	7020	8122
4273	6431	2003	5150	4651	7500	3066	5826	7610	7609	139	690	2194	9215	204	6332	4131	5058	3195	6950	9319	5792	3036	5830	8745	9272	9720	8356	11214	5659	8552	2785	4469	10028	11872	6623	10199	3145	12193	5741	559	5612	13369	4209	4241
4188	2911	5120	10312	13593	10870
1001	1180	445	3127	4781	5290	4391	6332	6708	7062	6789	7023	6310	8115	6757	10496	11715	12836	12844	12990	13343	13438	13325	13762	13173
0	6098	12272	11030	13066	4720
2347	9837	12690	9145	11304	12682
3108	1799	5089	6033	10520	4808
3407	5095	7827	9810	10839	10986	13100	13367	7791
2035	3043	3144	6863	6649	7539	6625	5154	6263	3344	1194	4932	6238	10712	9719
2984	10196	11035	10825
842	12375	12650	13101	11165	12600	12611	12885	6089	7305	9873	7008	13198	11300	3742	13631	10712	13659	13947	7198
4265	938	6394	8366	8385
1162	2239	5442	3886	361
2085	2261	2416	4772	4539	6911	6784	6904	5826	6104	7683	8372	5653	8763	9579	8231	10505	11391	9267	10193	11044	11133	11774	4734
4156	1431	6351	6331	7946	6512
3801	1814	7861	6142	8284
2345	13156	13115	13207	13863	13958	13943	13963	10816	13966	13953	13329	14019	2564	13876	13868	14112
3590	4350	3604	4470	4465	6821
2137	7341	7306	7463	7866	10810	10527	6048	13418	2925	11105	10784	10785	13756
4	12682	11711	2473	10943	12148	12445	10981	8242	12438	11053	4289	11750	12974	13417	13586	13431	13302	13309	1751	13411	303	5005	9701	13990	9227
108	473	2187	5763	5584	5671	6135	6147	5643	6788	6622	7786	8141	8173	9126	6062	8363	10114	10189	10806	8836	9647	10811	11774	11540	11771	5430	5432	9659	11042	10949	12705	12748	12990	10815	13555
2882	1250	1543	2390	6421	2904	11572	9437
1549	2249	1456	2424	2351	2480	2795	2848	3043	648	1159	3171	3305	2425	2734	1515	3092	4037	4074	4061	4573	5579	4940	5856	6458	6504	7492	7140	7162	6514	9215	10549	11716	9414	12814	13022	13198
3702	2925	3126	6413	10807	11671	12787
2616	376	532
351	6566	2644	6437	4491
2604	385	3133	3112	10475
2587	2880	1739	7711	8672	9745	10497
799	11841	4913	13018	13703	11308	8382	9249	13017	2925	10658	6006	8822	8860	8949	2039	6275	7533	7992	13310	2524	10233	10852
4214	5427	7306	3574	2965	9408	8881	10810	8936	8963	10193	11715	12035	12973	13666	13761
1033	395	340	3077	6038	6562	7565	7942	7945	9497	9407	8917	3905	9623	7544	10212	4915	11416	11679	11722	10143	10193	11545	12567	11919
26	7274	2913	44
3803	6948	6222
1479	2598	4728	8073	7306	7136
664	5029	6861	2904	8055	6047	12562
3032	5355	3951	7409	4342	7295	10193	10652	10939	10777	13002
3626	7905	9074	7160	9357	9887
2483	2283	1535	5825	5034	671	11595	9678	2499	13100
4424	12149	303	1493	3103	3626	4553	6695	10367	10606	12884	6481	8839	10514	11617	12759
1964	6838	8667	1554	1751	4098	4256	6673	7257	10821	1794	5095	8917	10281	6052
392	3937	1889	5597	7876	9226
260	1154	3158	2211	2773	2673	4598	3240	5096	5721	6546	494	3634	3458	4096	7656	7582	6616	2598	8140	3205	7869	2823	4801	6530	5213	6123	7028	8970	11475	8907	10036	2785	5149	8253	8783	584
1901	7525	2644	5527	132	376
1166	7407	5645	6079	8411	6498	9109	8866	9763	10189	10923	12981	12934	13178	13310
3739	9487	13114	13198	13014	8556	13240	11137	5472	12459	13911	6435	9792	13406	14017	13760	13992	10785	13807	14023	13644	14089	13988	13825	14067	13285	13296	13881	13472	14116	14076	13876	10780
230	7883	8874	1506	6890	6948	7675	8028
3748	2542	8362	9152	8762	9903	9947	11841	7092	9524	12357	11986	5005	12429	12380	1474	12826	13207	13433	13898	14041
173	2040	3886	492	4182	8697
2407	318	575	160	447	455	1171
2562	1755	285	2689
828	7455	6053	5884	9821
1018	874	1010	297	1182	471	2261	2867	4834	5393	5610	4924	4	5	4327	6503	7946	8397	8578	9211	8230	11112	3752	12098	13761
1270	9328	9949	10920
1059	1252	642	470	10369	3111	5883	11983
2047	10047	9963	10628	11270	1800	4878
977	4042	5940	5999	6053	6079	8143	8368	8552
4066	8397	6421	2730	8557	10412	10939
3518	3130	3984	5826	6804	8671	9609	248
1170	966	7200	2911	5815	3406	11185
4127	1944	2553	2912	4582	5152	5214	8094	8106	8699	9009	9010	9672	10452	11144	11454	7486	5095	6404	9548	4407	6465	8316	11878	3286	3340	4275	5730	9034	1822
390	1188	1525	4040	4299
2388	6867	1344	2642	3421
4161	6348	10227
307	8367	11162	10940
1034	6467	3340	4291	6998
778	2860	5026	11376	13302	13282	13785
3103	2618	5372	8874
4437	10559	10289	11071	7145	3807	8295	9036	10650	11591	10755	11378	10390	12492	10943	12088	3011	12651	13178	12955
2354	2204	7568	8766	8830	7883
3054	2201	3555	2625	2105	6717	4836	4457	8657	8205	9089
2352	4968	3731	45	3995	4004	4254	7213	8003	7067	8558	9251	7257	7091	10497	9424	11984	10274	5005	9082	12010	12039	12354	4008	10978	11351	12362	13178	13245	13437	13514	12080
1507	1949	7306	2041	1875	839	10978	12465	12667	13102	6886	9704	5612	6131	132	7132	12777	12592	11557	13310
1823	1979	5437
15	11794	12466	10773	7497
4051	90	2394	5765	6518	6784	6410	7455	7774	7384	6512	9028	10552	6757	10938	8976	9943	10379	11863	9930	10771	11657	11634	11635	12382	3078	11053	13008	9212	13019	12175	12933	10085	13804	13661	10173	7186	11983	13829
2229	3278	3801	2466	4817	3090	4982	4378	2978	1678	3504	4326	494	5721	5600	4796	5902	6983	3754	7891	6817	10812	12649	10109	6070	1686	1855	8990	12948	8678	13392	4677	10233	13950	13922	14119
530	6001	5231	7384	2598	9274	9406	9412	10305	421	4194	4162	9689	10047	11375	11376	614	4193	9949	1308	7109	11634	11635	11984	11919	11881	2900	6576	6681	11227	1190	8745	12179	11423	12955	13419	13465	4182	6070	12983	13284	6142
3639	1377	1852	908	3095	3204	674	3148	3306	4196	1914	6351	5680	7147	5782	10829	7000	11331	437	11590	6289
3049	7491	8034	8556	12645
1445	6850	7676	8562	10811	9095	11133	11462	12605	11053
2384	2459	2201	3206	5477	8917	9434	11035	11262	8444	852	1683	1833	2451	2767	3804	4011	6148	6393	6525	6681	7827	7883	8832	8834	9925	3078	7261	12081	13165
483	2412	5597	3124	6125
1298	4073	458	1557	2867	1022	3465	5453	6123	145	7154	6298	8882	9057	9671	10183	10829	8770	9036	10047	11377	11380	11859	7663	12187	13533
3203	1894	7915	8315	8362	5240	9095	10127	11380	11211
1604	11125	12466	13747	1730
4454	1588	9733	4317	3670	4555	8888	461	9855	528	3758	36	411	555	924	7268	9887	9275	9277	10917	248	776	1357	13203	2473	2802	8721	6691	11802	5276	6233	9471	11067	1319	6012	7603	9101	13706
258	3514	2686	3686	6254	7337	8372	8671	9526
2550	3759	2473	6636	9972	2767	5421	6111	1626	545	8731	6221	11030	9886	12877	8337	13877	13862	10816	13953	13329	1262	11605	14161	14164	11630	14111
1435	12001	11030	12156	13310	13906	3111	4811	6297	12411	13038	1124	8721	6369
808	7610	2523	1238	2524	6072
3146	7901	12567	12823	3253	12970	12995	13338	13368	12586	13005	12775	12739	13432	12423	12878	8965	13257	13241	11072	11852	12459	10027	13496	12206	13629	8430	12497	4235	13965	13331	13992	6438	13447	14124	14137	14128	14127	12795	14160	9992
4351	21	1306	1212	1146	1586	4800	3941	7182	4301	795	7050	2640	4363	10226	6642	8715	7719	8893	11721	3031	10821	1319	2000	5321	11294	9007	12568	12682
212	1206	417	122	1730	1841	2390	1531	4135	6349	5679	1183	1819	5336	6964	7177	3604	4086	8722	9364	8741	7663	12147	11421	11635	8382	5013	5825	12990	13741
4110	2506	5866	9090	7393	7135	11988	11786
4324	5680	1670	1935	5152	6673	7344	4798	1028	8737	2201	8917
1647	1659	2078	4069
1616	1350	1682	3458	6002
744	4819	8549	8552
1681	468	1215	383	1730	1771	2179	10499	8766	9883	11183	11189	11903
166	3899	6781	10021	2904	12470	12984	1839	2867	8209	13922	9045
1309	99	1166	432	635	936	74	3018	1276	2904	5580	5999	5362	6630	7300	6644	5397	7491	7720	8370	9258	9699	10466	9659	11926	11888	11688	10199	12040	5524	12954	13486	899	13645
876	1680	4005	4418	4863	6780	5827	7621	9071	8290	9430	8882	10829	10580	10528	10239	10193	11771	11289	11690	9693	11195	11715	12527	10808	12685	13531
2103	980	1751	3111	8671	5826	10354
4315	214	3451	3938	5748	6890	7851	8586	9466	11624	3462
348	5394	6367	6421	7683	6572	2201	6688	9955	11380	11291	11461	9267	11376	11634	11635	13533	12434	13819	13837
610	4952	10047	11125	3973	8043	4637	5698
579	3572	3812	3846	3735	4546	2201	2249	513	795	2189	4740	4430	4238	5555	4539	5564	6168	5918	7062	6601	6498	7755	9060	8866	11569	10695	11903	12176	10812	12199	8189	12175	12990	13545	13415	13573	13609
1312	11129	8961	10659	11987	12132	11241	12507	12388	12981	12758
3650	13874	10688	14171	14173	14183
1051	5628	11160	5597	5394
4140	2310	7280	8678	8671	6560	9526	9488	10673	10309	10304	7147	11545	12676	12350	12527	2000	13158	13260	12826
926	6692	6614	7517	8830
1993	5377	12822	13411	13416	12501
2377	3472	3446	3447	3414	4042	5212	5401	5356	5119	6238	6337	29	2776	6542	2079	4282	6696	6780	5026	3012	6632	7881	7947	7621	8671	9069	9734	6708	9852	3065	10705	11783	12591	5815	5377
550	11035	4332	10481	11088
575	2370	2743	3369	3728	4063	4260	4532	5095
791	8788	3607	7616
2520	888	384	4410	4772	6057	7589	8350	10584	3523	8805	5276
1103	4111	6675	1097	8113	5815	7282	5152	6759	9374	6681	10051	3229	9810	2220	7910	9714	841	13143	13646	9240	10658
3611	11418	11379	11380	11415	10830	10193	11423	11657	4452	11634	11635	11881	11711	12148	5005	10685	12752	12683	11417	11420	12086	12896	13516	776	13515	917	10615	3554	13631	13284	12400	13976
1661	5826	9972	11315	10658
4281	795	10812	732
4033	6337	6340	7306	7561	6486	11380	9759	11118	11416
1268	2146	4196	43	6361	9307	5508	4949	13300
1117	432	4784	376	9420	8406	9692
271	7760	545	4743	10318	10091	9876	10076	10134	9942	10058
1125	5863	6711	12285
3079	8671	2473	9054	5065	7732	4766	232	11947	4784	12286
4064	2838	1468	1642	2084	2365	111	3311	6181	1175	10556	8748	3239	5678	10769	6048	11630	86	695	8406	12069
3700	3036	2787	2831	3111	1120	3727	2565	4024	3667	4414	2925	5766	7049	4583	5101	7991	10176	9501
2773	731	1513	5590	6695
1383	1501	8007	6055	8195	8356	7807	9186	8235	9327	10388	10811	10398	12203	6458	11247
500	8755	882	5826	12671
3900	1041	1494	3235	3965	5459	5940	5301	6505	6271	6486	6054	8610	7228	10167	9584	9659	7353	11600	7663
3669	922	1894	3743	5563	8633	9197	4717	8908	10370	6823	4495	4777	13897	7017
3856	125	1406	8967
1809	426	913	3051	2346
3208	5664	5661	12144	12302	9230	7129	13548	9810
2647	10665	9280	12314	8838	9789	9669	10777	9584	12172	12752	12446	1738	2524	5819	7806	399	2644	3276	7489	8406	12190	12920	12856	11345	12138	12007	13316	12802	11351	8175	12059	6227	13415	13587	11146	11177	13737	13528	976	13872	8147	11105
68	1680	6341	8222	7891	8280	8721	10811	11774	9972
696	70	68	5466	1690	4981	10955
70	7982	7567	3987
3026	3654	1465	2939	3653
951	4672	8658	11462	7776
406	1511	5912	8835	6658
3286	3348	9941	792	7766	10287	10029	710	4946	11679	3951	11535	10658	11090	437	11568	10325	7147	7146	10903	10943	12605	12751	7638	8292	12782	11309	13164	7774	13315	13422	10815	13478	13578	13411	13416	13947
4031	2764	1325	2960	9103
2393	7320	7618	4253	8418	5432	6671	7484	8691	7681	7280	8836	7674	9050	9526	10111	9941	10306	7774	10522	10669	8850	10673	11005	11112	4944	11821	11261	8965	11975	11871	10812	11817	11532	4112	13511	13553	10605	13522	13740	8345	12934
709	344	369	817	1861	2733	2199	4102	4329	3419	5029	2320	29	5834	3328	4115	53	5032	5683	6971	5946	9881	5826	10354	11627	10502	5666	9880	11783	11896	12088	10040	11192	1750	5043	11048	11061	13142	13188
2356	2263	496	4950	12827	4004	12792	821	6305	8999	11643	13723	8913	12764
4231	1730	1841	5736	82	375	6592	11249	11625	12092	12234	9689	5609	9054
3912	12599	11600	12605	12726	12438	12864	13049	12638	13438	13245	13607	13267	10785	1614	14085
2523	3529	7945	7177	6218	4324	3466	11722	12973	933
545	1129	89	5943	5122	5124	4472	4469	6052	83	5563	5701	7615	8988	8219	9783	10199	6494	13227	12547
2816	8277	8343	7783	8954	10540	11629	12542	12081	12218
528	315	4448	10774	11630
2025	5096	6681	554	11225
1792	10232	198	4182	7017	9887	1978
2197	10693	10833	12912
870	6500	6820	7143	7684	6985	9151	8947	9328	9331	8185	9146	9521	9751	10424	9413	10963	11565	11239	11984	11717	10812	12413	11670	11688	12456	12650	12931	13231	12716	13129	13639	13315	13514	9501	13528	13577
4193	9697	2271	7375	6713	10746	798	4553	4229	12902	11567	6909	10969	8714	13008	6863	2000	12771	13194	5705	12370	13271	1402	8018	7693	11505	13309	13704	13707	13785	13303	13976	8565	12751	14093	14073	14113	11485
605	260	547	218	763	5154	6492	7160	1024	12302	13467	557	10892
4002	298	2461	2681	3545
10	1448	1462	1874	1670	2257	4144	5679	6565	5786	8451	8735	8866	10806	10811	9189	6153	8445
4465	12824	13485	13432	13329	13000	13113	13621	10816	13014	13456	13470	13738	13809	13765	13463	13888	1308	6304	7121	9792	10960	610	9080	13282	12453	2564	12987	13048	14186	13383	14161	14164	13549	13941	14088	14185	14187	13538	14166
3466	12031	12010	9804	10372	12304	8870	13559	13775	2318	6274
567	2786	3282	3961	985	4672	4780	5942	5470	5485	5028	6695	9152	7100	10337	9291	7984	9857	12447
1905	2697	4937	4633	3738
4409	384	471	1173	1841	4321	4009	6688	5402	380	1800	6052
1073	3977	1219	5815	8529
801	1894	5773	4633	6101	2753	6046	6452	10259
2439	4760	4764	5679	3187	6561	7596	7492	6503	6360	8966	7292	11526	11462	10047	8864	10987	11349	7663	12521
3489	10599	7299	5084	7819
3472	5039	5826	6505	6514	7934	8727	9109	6484	7809	8381	10192	9462	10958	11462	11984	12167	9386	12814	11183	12826
3532	4284	6729	6964	7911	11183	12054	12453	12051	12645	12977
3448	10372	12149	5167
1466	229	823	1380	1680	3249	9783	10552	10830	6728	12471	11243	10943	11053	7089	12941	3145	7910	10497	13392	13524
3526	7853	2885	10719	2870	5727	11329	11077
3553	1730	1583	5201	8836	9783	9894	10329	10560	10811	11375	9764	11083	13293	13780
1968	3131	3250	5813	7547	5862	13434
2386	12677	12628	6690
403	6640	6681	10463	11625	5815
4417	11417	12175	13731	13282	13291	13661	13292	13804	13293	13299	13571	13280	13632	13805	13510	13620	12637	11030
896	8219	8614	7144	2222	9027	9783	9947	9734	9417	10810	8792	9772	11284	7137	11552	10758	10901	9524	10949	11553	11888	11881	12762	12761	11247	2963	13231	11413	13093	13419	13531	12934	13717	12734	13966	14086
2158	1116	1911	795	2059	2111	3188	2278	2975	3449	4058	3951	4244	7306	9029	8239	9060	8744	9331	9332	7248	7340	10497	10806	10884	11678	12318
780	7579	7702	181
794	5180	8337	11051
1083	8025	7409	12682	4033	126	9723
87	230	190	3710	3639	4608	4998	7516	4918	10923
3709	670	4853	7545	2642	4111	7030	3892	3742	1958	8410	7988	1602	7784	10129	5472	2220
3438	10497	10806	9683	10958	11117	5201	11545	11627	437	11462	51	11567	11624	9568	10658	12826	12810	13369	9227	13405	2477	8874	13419	13616	4970	13276	6070	13740	13588	4182	10197	12751
3992	8534	8881	8866	9324	9445	10830	11118	8368	10652	11289	9207	11594	11926
702	10216	6329	13950	14132
38	1106	5578	9972
1104	7975	10511	5927	8666	5826	12682	2000	10372	1331	1455	4182	6924	10354	13688
460	6799	7828	4353	7806	7728	7533	8731	7992	9072	10253	10337	10310	6663	10443	10580	10075	7102	10063	11025	5574	9688	7120	11065	9214	11739	12520	12382	9744	8678	11688	13184	13185	13188	10702	7013	12534	12452	10354
784	4430	5789	9450	10843	11072	1725	8912	11760	10761	12621
590	10362	409	2182	3624	3747	8838	11261	4416	11983
3954	5687	3140	4608	7207	7008	3541
2921	8040	5578	7041	9187	11455	1718	7827	13143	6052
4293	1688	303	241
4299	363	225	428	985	1499	1307	1089	3127	3508	3514	4345	5019	5431	938	6308	5421	9378	9268	6810	9154	10825	7663	4898	10205	12372
4068	66	3800	3389	1914	4510	4674	6212	5419	5551	7504	6866	7997	183	9040	8664	8006	10808	7136	10920	11074	7145	4517	10169	9847	6900	12314	10758	12088	12036	10553	11818	11309	12837	12668	10752	12370	13481	6942
504	6909	11232	1228	2276	2459	11315	10411
703	6272	6681	4131	4238	5152	5259	8246	12520	3530	9640	6070	8637	10805	13109	13699	13709
1148	4302	4469	6335	6548	6806	7145	7491	7774	7144	9002	6603	8762	5028	5840	11875
765	9686	10830	8961	10193	10659	10651	11902	11894	12826
24	2412	5044	1819
147	633	163	10879	132	13149
2270	562	2208	1140	1792	1561	624	1781	1987	1203	3304	3250	3426	3704	4082	4529	4827	4832	5431	6696	7144	7285	8836	8856	9074	8185	7136	10830	10958	11005	11443	10777
2741	11749	10441	8598
1432	1472	1346	1558	3089	5540	5001	5045	5814	7949	6026	12748
297	5386	11693	5819	12757	10080	13752	13310
1094	7031	7421	7981	8713	11669	858
3321	8221	4602	472	9894	9672	9857	10806	10497	10748	6390	11738	11207	2473	2843	11818	12022	12176	12492	10943	11053	12038	5611	12802	12970	13448	9887	13620	2769	13673	14007	11060	13016	11067	13577	14000	13244	13971	11549	7900
1032	7772	9980	7603	9908	3701	9390	8858	3679	7692	9837
83	5828	11794	13004	1305	11266	11261
1172	8999	7912	5693	8392	7267	877	6218
1205	8961	11375	11208	11376	11378	11379	11380	11415	11417	12053
6	302	5691	9571	8639	8389	5815	13674
2328	4040	5427	4284	6594	6330	6820	7226	7684	8342	8881	8774	10111	9094	11406	10812	12008	10949	10512
4134	2182	1993	2874	2821	7172	7828	7911	8290	10270	8233	11184	11985	12127	12471	11224	10943	11053	12387	11983	13019	13480
838	5490	6230	4786	4207	7371	6739	9251	11112	12668
2260	5597	11471	4045	6545	10807	10811	11754	1492
1583	958	8804	10138	12783	8379
1885	1390	5447	6755	7306	4785	4843	5733	3529	1750	5018	4836	881	5152	8728	9763	4007	7472	10140	9331	6757	10571	11774	11526	12311	4530	7656	4767	2986	12594	11030	10497	2626	5288	10888	12128	4116	8745	13448	12734	13119	13416
1486	7746	2855	759	7314	9267	10193	437	10800
577	1498	2055	2903	3225	5916	5130	6093	6041	6421	1174	5766	7378	8534	8010	8161	8768	7285	10183	10073	10365	10650	5170	10193	10958	2925	8716	11112	11535	7137	3103
748	3873	10082	8917	2527
3598	5815	9306	9043	9169	1024	3944	7661	9247	7869
2537	10193	12311	2000	8961	10943	12399	9211	11622	12849	12366	13046	2433	12236	10321	13093	12370	13639	12207	12734	13173	13731	10320	13054	11433	12394	11066
2739	6401	5589	8745	12770	12680
1611	9003	10047	8908	9689	1985	11524	2904
3201	2113	4122	4638	163	162	5031	9089	10189	8792	9019	8961	12179
2564	6818	989	5699	7589	7905	8097	9308	10300
4335	6858	9154	11774	12868	13528
537	1506	8560	10880	8736
277	314	2473	5119	8329	11153	12545	1822
4147	5759	8238	4969	11732
2263	453	2000	4654	10592	383	852	2616
4003	4653	5490	5564	5315	8204	6680	8762	9159	9244	9502	4911	8813	10330	10245	9659	11863	13954
418	258	592	3964	1850	4174	3807	3863	2658	4691	5200	335	4633	5125	8279	9233	10330	8744	9794	10792	10829
855	43	3250	3403	5234	6339	84	6054	8209	8664	8219	8762	9327	7517	11189	9930	7663	11183	11473	7984	12357	12747	13276	13966	13283	13830
1998	2446	9920	8762	13106
2814	1584	4008	4066
3719	4574	3111	6044
1052	613	226	5051	10082	10272	8731	9395	3766	3779	4270	6437
3449	1253	1701	2117	8344	7629	82	2306
3584	1707	5204	8372	9880	11377	11378	7663	11881	11947
2855	2390	2901	994	4068	4037	8003	4901	10407	536	9972	1200	3583	9954	226	8917	554	8552	4477	1962	11689	10476	813	1323	9493	10994	12682	11174
1310	1312	3042	3537	256	5149	6577	9175	9373	10519	9065
631	2989	3419	7684
1771	833	3090	3708	12906
2804	4932	11463	7282	11152
4313	2724	7456	7564	7450	6055	8372	8578	8856	1894	6571	6718	9325	10439	1554	9943	10704	11244	10664	12393	10274	1970	6535	8731	10541	12649	10788	1730	10014	12352	12618	12844	12866	13038	13350
1290	1704	2184	3196	5815	2567	3652	2788	4767	4784	4918
735	1790	522	1537	5560
433	5246	5938	6892	9797	9704	938	10889	4858
445	10065	10472	6251	7098	4589	10632	2925	11104	11006	12115	12070	10112
4126	2692	2988	3420	7147	7822	6628	10810	10811	9778	11207	5005	12668
1883	219	5180	6626	2739	2740	6539	7238	3749	12011	11653	11840	11946	2665	6139	7867
597	2390	4850	5431	6059	6562	6048	7248	6421	865	9107	9134	6486	8870	9211	8229	9821	10166	1988	8991	9189	10811	10812	11112	11133	9080	12823	13237	12990	12981	12937	12256	13898	10784	10785	12400
2622	6501	6631	9334	9328	9333	9072	7516	10791
679	152	1290	1885	6231	6576	6690	7537	7805	8058	224	839	1740
2883	5459	9326	8792	10239	9659	12823	13547	10780
3533	11080	11731	13658	13843
3608	964	7827	11643	4299	2499
1697	4725	6181	5024	7734	7379	7547	9055	9666	9874	9550
3369	8290	9368	9407	8870	10497	10812	11738	8936	11416	11053	13580
4311	1307	2315	7860	11580	10541	10511	12031	10194
2236	6803	1860	6081	7145	6052	7311	7711	8769	9109	6486	8173	7710	8985	7544	9274	8233	10306	8229	9918	11118	11119	11842	5211	10260	12649	12088	11937	12361	9074	12986	13178	9567	13422	13524	12804
2551	8376	9188	13179
1949	4965	9365	2137	4131	1894	3790	7440	8552
2679	2873	4845	6349	6427	7226	7715	8109	8339	8519	8938	10829	9732	11288	12080	9135	11832	12676	10553	12350	12640	11927	12803	13158	13077	6180	10306
1483	7925	1707	5308	6267	84	1393	3887	5826	6674	6936	7827	7924	8097	2358	6513
2771	3498	6036	2101	6908	8826	9055	10806	11112	7517	9930	5005	9568	12974	13281	13282	12637	13975	13285
1879	5579	6351	6920	6559	6245	10499	11112	10143	12837	12889	13492	12462	12937
2987	852	2838	2862	3148	3810	4914	5125	5368	4238	5453	7137	6493	8131	8910	9510	10182	5834	11783	12397	7827	12816	12920	12710	11791
2557	3782	95	1066	2829	2539	5855	5680	7107	5523	2745
4108	2904	2767	8285	3491	9671
2737	1751	5043	5276	8083
2489	6635	9542	10958	9404	13228
299	1378	1596	3405	1505	3104	4533	4322	3810	2834	7491	7971	6751	8019	11211	7823	1328	12962	13531	13516
298	10672	9930	10193	10082	11400
4279	444	262	776	1280	1087	1169	1479	1480	2452	2826	1066	79	1282	1815	3764	3201	3170	8610	10669	12022	5377	4119	6661	9920	13533	13210	13416	7592
1240	240	11351
1456	2878	3460	4486	5030	3553	7297	3111	4793	6788	9534
2011	10321	11545	10705	10391	12676	11897	7663	10600	12311	12889	13232	13531	6070	13199	13944
2600	2945	7715	7226	7892	7682	9281	7680	8010	7407	6726	9027	10268	8966	10803	11406	10295	7137	11975	12172	11903	10810	11896	10600	10939	12514	5005	13433	13574	13705	13293	13299	13783	13295	13674	13975
2061	6648	8725	9288	4918	8878	3585	9238	3589	7973	9937	2044	11113	12002	11744	13796
1386	165	1697	9930
3484	2220	11130	9835	2753	9338	13237	10816	13014	13456	13240	13660	13862	13863	6453	13564	13999	12941	8762
4109	11097	6702	11634	7922	11635	11881	10923	6430	12302	12361	2000	5005	12746	962	6027	3058	6172	12512	12781	2858	12503	12794	13171	13629	11967	13080	13639	11748	5883	13796	13511	12759	13790	13605	13646	2442	13604	1389	13966	13446	8913
4261	9578	5834	437	11919	12807	13118	13097	13608
859	3197	7818	8537
72	8709	7984	10424	7145	9267	10782	10193	10901	8556	13819	13908	13576
4445	4672	5545	6059	6540	6622	6651	4648	7090	7945	7340	5511	8143	8744	7279	10212	11389	7517	9930	11291	11288	10812	7663	11876	11242	10334	10755	11817	12381	12752	13019	13233	12889	13717	12896	13446	13659	12804	12867
4282	2682	3046	3189	3250	3687	4269	4313	4512	4637	6594	7145	8593	7678	7620	8943	9379	9702	6780	10705	10803	10811	11388	11423	10812	4602	9416	10943	12357	12934	13046	12826	13153	13740	13416	13819	13990	13625
867	3220	9671	8533	10193
3548	2473	9953	11234
3634	8415	8284
2286	2537	6056	4634	5	8614	8720	4182
4151	1616	4767	6681	11030	12255	12440	6123
2633	1541	3520	7729	7333	8987	9154	9334	7353	10581	9282	10810	10811	9131	8614	9258	11104	11483	12493	2064	11888	12199	11927	13231	13323	6696	13153	3946
1285	8863	9564	10507	10962	11660	9365	11003
227	6212	6696	6411	6622	2914	10504	10943	4970	9875	13099	13308	9271	14086
387	609	1592	7064	8406	9694	2083	2269	3187	4058	5717	5748	6491	9684
543	3827	4672	5579	4168	3359	6985	7998	7999	5738	8448	3699	7464	9772	9822	437	9524	10949
3066	4878	2605	1549	7492
1848	36	2290	4958	1426	2784	9745	3799	7019	1549	6558	4625	9661	745	6679	1359	1895	3353	4767	6568	8168	4152	5716	5265	5607	6925	8338	10484	12718	7660	12478	7269	2473	10255	6447
2704	3111	3236	6875	9398	11494	11107	10105
3287	1931	7924	10541	10400	12512
481	13874	13781	14058	14171
1802	1800	13674	6167	1312	1422	6846	10383	11983	12572
368	4638	3810	5639	5129	7713	8170	7683	7285	8576	8744	10190	8229	7517	10498	9840	9930	11473	11715	12203	6907
3839	1031	5812	1736	9928	10193	9546	11289	11189	12674
2672	7154	10182	10193	8961	10943
2841	5815	2915	8788	10482	10958	8584	4095	13068	11842	9266	8191	13213	9813	6123	8746
3731	4574	772	9296	1449	10289	84
826	9686	8671	9962
3727	12208	4666	13211	13888	13896	9870	13886	3072	5214	8256	9009	11216	11854	11904	12686	13407	13786	9602	12339	14111	13675	8838	9280	13310	13562	11251	13721	2725	14127	10658	4051	9429	9951	10771	14087	10511	10875	12805	13438
4369	3044	2409	5015	5746	6319	6680	2625
3346	3119	13512
141	1229	1459	1730	5114	2867	9609
572	2240	2779	8533	7675	9211	1952	9210	9880	8541	10193	11208
2343	60	383	5129	5361	6673	6602	7137	1800	8720	8279	8870	2881	10812
2315	7306	7828	7144	7936	8560	9821	8233	10811	10812	11757	12037	13683	13842	6180
129	5838	5852	7154	9778
2578	5244	4554	9663
2433	7981	7974	7883	9689	11585	9294
1190	2501	10264	7093	10260	10812	437	11271	10553	6988	10429	10890	1308	13323	13532	7665	13209	13813	13819	11550
3975	4082	5975	6212	4634	6339	8253	7492	8208	6824	10222	10552	10523	10650	7137	10651	5005	10811	10943	12574	11537	9682	12631	12889	13233	13567	13544	13309	13785	13966
1613	874	468	622	236	395	1206	1888	737	2929	4240	4241	4836	3004	6046	5867	7409	7997	6726	8429	9727	11376	11892	12604	12755	2433
3453	9524	6331	10600	12199	12493	12972	12352	11881	13358	12175	9562	10067	11615	1508	5005	5705	5377	12585	8556	12617	13080	13173	10816	13761	13589	13737	13814	13644	13807	14030	13174	13808	12390	13750	11687
2434	6673	6413	7837	8721	9887	10470	11940	2412	4040	4825	5121	5152	8571	9285	10634	2486	5948	6549	11374	10094	1215	8406	9867	12703	5326	10568	13816	275	1211	5818	6304
2195	6748	12825	6936	8284
2221	2779	4834
600	5684	7990	8672	72	11750	12448	11709
2073	13781	13791	13869	8214	13789	13682
1349	681	878	2164	4932
2095	3671	5865	6044	9151	7146	10811
2472	7114	11939	10800
3602	5836	5523	8882	437	13080	13261
1847	2680	1833	3090	4197	3552	3765	3767	3810	4775	4781	5128	6930	8045	9193	9036	10811	10314	11272	11296	11183	12507	5028	12190	376	12384	12895	13819
3725	424	2686	224	4129	4040	1392	6674	7172	8227	10499	7137	6332	13382	727	7815	10951	12740
2170	6114	6681	3373	9112	11534	10816
995	6161	1308	3372	9438	10792	4753	8672	8708
163	10706	6168	10929
2801	821	1592	3071	5071	857	4053	12654	1028
1666	5096	6971	10697
961	162	406
1320	6559	9821	5119
289	277	3139	4527	289	1740	7050	7054	7582	5084	1978	9887	2499
2968	4100	3781	4391	4691	4740	4572	3951	4772	3840	5856	5359	2873	4725	5974	6548	5861	5763	8557	9392	4635	5999	7062	9521	6847	9327	10193	11292	11208	12850	12972	13020
1061	2947	4317	7240
1539	8717	9409	8134	12571	13231	12175	13080
1218	12849	10509	10678	10766	10964	12227
1868	1300	1479	1762	2936	471
2057	1723	11783	3886	13152
197	2300	2301	2456	2458	2363	2682	3599	3961	4239	7585	3307	8519	8882	4395	3466	10329	11071	9307	811	3394	10806	12079	11445	12357	12471	10143	12179	9212	12934	12557
1566	1195	1725	5998	9997	2201
659	2390	2673	3469	3250	5125	5512	4725	5600	5114	6081	6458	5200	1860	9067	9074	6985	9180	9233	11722	8163	9153	10943	12318	12640	13545
2250	3041	7703	8870	9652	8230	11058	10784
238	3412	1224	2600	1076	2865
2325	1792	3921	5099	1367
818	4014	4582	10084	10731	10987	12012	12876	8168	10687	6272	10890
3676	4104	6695	8584	7357	7638	7937	11644	11769	12799	13606	1455	2334
587	1125	1908	2510	8830	3932	8795
2131	1095	746	4122	1956	4441	5775
1195	4562	6181	6840	6872	10954	2550
2584	1592	84	2050	5679
4364	1918	2642	6238	5812	9284	7448	8262	9233	12674	12513	13227	13382	12396
4113	8816	10811	437	11722	9550	13382	13433
3219	5815	9281	375	2904
3734	6889	7506	11960	5276
730	1667	691	4284	6803	6769	383	10943
2743	399	1175	2925	9042	10037	11750	13072
909	3611	3373	10372	9395	7935	8195	12197	77	4566	4808	6231	11389
714	10497	7517	10541
1810	5572	5852	9334	8838	9797
2934	293	6245
4314	5086	7343	6711	9123	10412	7984	7822	5005
4124	97	3095	3793	2713	5902	6793	852	7090	3782	7774	8306	8323	8294	6406	9380	8381	8902	9948	11289	11210	11569	11975	7663	12357	10600	12492	12365	12179	12380	11053	12384	10202	10510
937	5799	4435	7049	9378	5912	2263	3196
1418	6512	9407	2398	9857	10828	9616	11487	9972	12866	13537
2924	1700	3469	6370	8109	11635	11881	11058	11937	12826	13560
3050	11065	11688	13394	13516	13514	14119
2114	5473	2261	5111	852	767	9299	5095	7984	1894
3993	4298	5102	1270	6428	3247	2040	9930	5377	6179	7893	8113	8582	9496	11566	10943	11690	7827	13198
4320	399	1239	1492	1894	1843	843	181	7146	7148	8885	149	11774	11842	8556	13592	10827	7473	13247	13892
790	411	555	633	938	3177	4583	6101	6333	6802	7812	7991	8547
2299	11605	11990	12259	9420	10138
510	4733	1832	5941	11594	10047
1126	542	1201	775	2667	3707	3129	5126
3078	1390	3941	5261	3432	8925
2770	5483	4076	6053	3656	8362	6756	8831	6854	10368	5223	10763	10988	10064	11133	5511	10777	12814	2391	4310	5005	12556	12668	12203	13608
715	5578	8052	7566	7736	8774	3652	7762	10088	10971
3985	8169	7851	11692	10149
2421	2159	2500	5038	5186	6803	8040	10791	10193	10748	7140	10670	10674	10852	8535	9659	5005	5377	13122
2285	10654	1894	8552
25	7883	6937	10659	10811	11340	11104	9607	11888	12751	10257	7910	1535	2503	4281	11262	8081	13024	11889	13164	13299	13305	13545	12655	13309	13304	13422	13673	2263	3410	5650	6266	11067	13976	13244	8175	12339	13828	13511	13881	11917
3815	5887	2110	3251	596	198	4162	2332	13098	556	13386
2455	7249	462	3240	1686	8918	4188	4008	5826	366
2702	4616	6658	6
2217	5475	6615	6724	8044
2978	1905	5666	6390	6844	7599	9903	10314	9537	10686	12697
4427	4470	3805	5052	13370	251	5005	5577	6575	10171
120	6453	8391	2263	5562
993	6553	7306	4032	7177	8535	9109	8870	9821	10191	11133	10659	11224	11715	12176	12492	10811	11196	12057	12199	10235	12352	12837	12387	13336	13480	13492	13482	11433
1244	5862	6056	7137	7143	4172	9067	9152	8826	5769	9180	6134	10830	11827	4324	11207	11415	11418	12816	7089	9920	13207	13119	13209	12637	13976	12473	12645	14094
2504	13971	13351	13856	14128	13298	13297	7693	13472	14067	14126	7462	12938	13955	8060	13941	14184	13845
751	6076	6961	6996	9640	8731	8931
620	4429	5700	4182	4299	4011	6903	6587	11456	12049	12155
3441	5785	7285	9054
3691	1212	830	2771	2301	2261	3669	4574	4633	5037	2079	6622	5482	8585	55	9185	8663	1027	9593	10810	9584	8835	11774	10705	11526	9778	12088	11980	12190	7865	13008	6863	13227
3514	8833	8816	9659	11594
2034	2390	1662	3671	2867	4391
4328	10963	11624	8685	10982	4299	11084
143	2423	9235	10511	6036
2667	3117	9357	6129	8381	4303	3439	3855	5971	6515	8666	7730	10511	11932	2342	5726	3419	9689	10047	11097
1341	1753	2802	2220	4493	7875	10205	12061	2505	4134	4371	4506	5807
2026	7129	9888	11467	13367	5794	5364	6801	8146	10987
4386	9001	1804	2119	10987	6098
259	472	1019	1661	7923
673	9580	10987	12720	9425	13133
2517	8731	594	2925	3747	10300	11630	12102	8513	9052	1720	7806	585	8751
1028	8142	8496	8557	8665	9064	9414	9736	10806	10421	7285	10939	11903	11901	12649	12652	13152	13068	12955	13478	9506	14016
1615	1974	3250	3575	1530	3066	4052	7172	8614	8836	9107	10251	8134	11595	11717	10824	10480	6180	12256	12400	13528	10784
2247	5666	6212	9134	9232	10811
2115	5180	8358	6627	4657	10750
4053	9606	10810	10811	6400	10830	9930	8961	11375	11376	11114	2000	11896	12836	11053	12942	13198	13317	13499	13661	13805	13521	11793	13737	13446
2547	1894	3179	4279	1308
898	6358	1687	2338	2527	5622	2138	8859	7292	8112	3929	3174	1350	13183	5254	3030	10595	4466	4685	3677
2607	1097	1270	1985	3315	4544	4684	4778	6332	6554	6810	10497	11261	1308	4636	7633	11983	4457	7269	11740
1550	11672	8978	12298	12169
2545	44	1730	6509	3793	1811	2586	5916	9025	8382	11526	10659	6642	12981	12410
314	395	3354	1192	5459	5125	5126	5869	5686	1988	7517	12055	7663	7145	7147	10949	9607	10512	11874	6661	11983	12990	12981	14001
807	13781	13789	14058	13858	14183
3248	11415	11424	12581	2925	11817	9524	12361	9750	12446	12648	12649	11984	10808	12367	13071	12509	12755	11053	12137	12911	13388	2000	13316	7827	13323	13543	10051	10816	13343	7424	12660	12674	13292	8983	13295	13659	12645	12907	13528	13737	12751	12752
625	9732	6067	10665	11817	11818	2000	9524	10812	10943	12366	12367	13178	9400	13164	13492	13627	13494	13206	12555	13536	13396	13521	12830	13990	4974	14046	13623	7653	5741	2889	12319	13184	9985	12157	5962	12896	13892	2550	5768	7220	7896	10354
1578	13313	882	13932	7716	7631	13331	13807	14009	13224	13876	14160	13764	13931	14075	13808	6953	12664	13153	14114	14153	13523	14140	5119	14057	12542
1677	6640	7788	10012	10654	720
3150	9968	10498	1024
1858	1961	6339	2901	7409	7806	6834	5433	10333	9659	1491
350	3469	3704	4004	4863	5597	5529	4741	6729	5599	7505	7456	7685	8342	9072	8141	8239	9196	4602	8943	10806	11816	11443	11881	12754	11053	11415	13227	6932	13535	13836	11067
3791	12760	4308	7566	533	1350
2732	6211	6441	6672	11029	9520
90	4576	9345	9638	2144	6098	557	1756	2882	11015	3280	10929	1219	4439	11357	13652	9689	10800	9814	13269	10246
2822	2681	199	4382	7229	1398	392	11411	11628	5826
706	7683	5826
4343	5479	5825	8331	6202	10351	7416	11983	403
1393	7806	7843	7972	8681	9822	7854	6299	8240	7931	10646	4234	9228	10334	4386	11039	9804	11578	2830	11423	11983	9482	10296	13746
465	11006	3991	7993	10282
3949	6028	1031	1492	1686
1196	1308	2620	5152	11471
1866	8406	8378	9378
2487	12727	13509	12717
1022	8406	9761	7415	10624	4167
1603	804	265	270
1027	2416	1211	4092	5511
4456	5943	5738	6342	7144	5269	8053	8613	7155	8813	5826	7140	7146	11817	2000	13531	13547	8016	13245	13209	13673	13837	1641	1686	5252	1756	8763
1828	5096	7628	9378	6824	8391	5815	10716
2805	1699	1750	1600	4767
708	2231	4108	8002	5826	5211
427	589	1517	489	3638	3384	892	2015	1499	1118	146	1495	2582	2171
2125	9234	10111	7991	12771
421	4375	6485	1579	3394	10421	9207	10015	10042
3223	2466	4730	3965	1657	3412	7626	4034	4852
1282	9687	7883	12964	13773
3281	1477	7492	6715	7347	1116	5352	5847	8870	6804	9182	10650	10958	9036	10652	11212	12650
4326	4466	9240	6048	8406	9425
3003	3331	3510	3506	8359	10116
2133	3250	5025	6487	6056	8342	8270	8727	9224	9606	10811	10812	8442	7663	11376	10949	11251	12199	12493	12331	12937	5005	13433	13551	13486	13819	13267
2568	2352	1827	7905
37	2644	4574	5826	11453	4008	9789	10500
3072	3692	7821	3580	3649	1916	2314	3347	3572	165	10446
3214	1046	8825	8793	8866	8219	8938	10830	10705	12035	12705	12920	13464	10543	13819	13837
4428	10338	10726	1966	9804	12099	337	1305	10999	11066	12996
3187	281	276	101	1103	579	1287	795	1976	5581	6167
501	13662	10987	12792
2980	3259	5664	5784	5557	5319
650	5815	3672	8937	10584
2132	2949	2773	1052	1024	5274	3864	2450	6094	2239	2083	5214	5461	4116	4786	4520	3657	6219	5471	7613	7687	4918	1451	491	6617	4182	9148	532	9022	3503	5819	6546	8743	585	776	146	2644	11331	7094	11737	4659	2333	13350	13107
721	4144	4059	3951	4302	6331	6600	603	5511	1190	3103
2432	6104	2625	6103	8870	4803	8871	8627	41
3240	5415	9423	803	11629	4008	7234	9987	5826	7020	11836	11983
2896	889	147	532	541	1247	550	1441	2255	2188	1056	527	973	4067	4130	4607	3703	1597	6193	9869	6227	5226	1822	8553	1588	8303
3858	5890	7249	1308	4578	8777	9994	11983	7370	9144	9404	10977	12186	2104	4430
1780	2105	2914	1096	3111	6619	9269	9689	11791	6702	8436	11125	2203
2579	3866	1894	2900	1839	8552
156	1906	3442	4554
2174	4767	376	2700	3344	5098	8727	10083	4079	947	1425	3184	4940	5032	5041	5042	6593	11177	1587	4131	6592	7402	8008	11436	5524	6048	776	3121	5720	327	10719	11016	132	10301	10693	12415
239	1663	5233	9010
4008	1464	2722	3095	6729	8366	5653	8719	5824	8233	8816	10497	3794	11743	11635
2146	4114	2466	3492	6356	1903	7663	1683	4899	5548	3439	376	941	502	6020
4048	2625	1289	3823	2248	4574
3153	1611	4633	4803	435	10435	437	9546
1511	3845	4278	283	9892	8764	11331	11917	13198	12938	11549
4381	1105	1179	2506	3613	4767	8834	5198
2272	817	1747	2263	8721
985	323	518	878	649	770	920	1667	1792	1463	1429	1365	602	662	1307	2725	3449	3254	5081	7330	7363	7308	2383	9659	11783	12203	13020	12934	13206	13789	13872	13585	13734
3595	11181	12742	10289	9046	10160	13102
596	9087	8944	9211	8362	5024	7155	9185	10113	7984	9821	10188	7499	9210	8892	6849	7948	9856	10045	10123	361	12495	9503	10885	10943	8838	11817	12726	12447	12731	12794	13315	12585	13516	11748	13950
2815	5360	9027	7798	7452	9734	9282	8773	10421	11783	13622	13590	13819	13267	10780
523	13053	2359	9660	9149	8356
3877	1428	1880	4651	6672	4620
1293	8834	4814	7269	8452	9342	12440	7071	10658	12777	2473	10441	11409	2156	10766	6413	8917	10000	26
2392	5883	7631	13041	10839
3589	5815	1270
2836	2218	3350	5545	6070	9857	12397	12973	13152	13246	12759	13412	13659	13329	13953	14019	13981	14085	12474	13868
2500	4083	5459	6766	1387	6401	9471	12550	13367
3165	1509	6681	7662	8175	11101	13429	240	13213	7292	9377	252	9695	5809	1686	11632	5815	9501	10411	4193	7921	9469	10987	11011	11983	1421	5687	852	853	924	8838
740	5658	11426	10441	9064	5119
2213	4352	10204	5201	12006	13127
3817	199	458	11298	355	1971	2049
3682	826	1871	5137	5348	7903	5095	6983	5756	350	803	895	1231	3522	6510	4006	1819	5152	303	5201	6681	4811	3068	689	4008	1185	1190	1439	7799	5154	2067	540	8907	9292	1156	2255	2050	249	12309	2263
1982	651	5687
3541	12870	9501	11735	13502
1788	2012	2880	6255	2911
2807	262	678	795	1794	5412	4460	3628	3974	3859	7669	8038	7529	7639	5569	1999	6413	7543	7269	5826	8796	9554	10919	7908	12491	6332	12106	8589
2297	5021	5368	6001	11618	4103	7269	11594	12111	12112	13237
152	3769	4767	5617	5276	7740
4463	772	3816	1289	8285	11181	7440	11760	11775	12095
627	4244	2111	6123	3226	5394	4934	10300	9320	4388	7864	6680	2473	12430
1734	8179	9195	10541	2822	5691	6260	12297	4248
1805	11738	10920	7147	9714	11595	11331	3414	9838	12751	12814	7827	12618	12882	5377	11053	9212	13191	13194	13093	13533	13582	13731	12256	13589	11433	6180	13751	13810	13670	13577	14101
984	1020	13874	8404	8509
729	7528	7894	7784
1322	7489	5276	6554	6143	5814	1308	2070	1492	5948	10387	13718	5220	9404
4049	5975	6409	6633	8519	5123	6927	7195	9428	6726	7145
209	1730	321	579	3517	2535	6342	7147	6964
815	9562	7910	1049
1642	1285	5495	5501	6588	727	4753	84	6123	4843	6806	9132	11661	4767	7898	5815	12760	4913	5597
3159	8100	9805	5928	6381	6680	10138
304	1259	548	799	2060	3469	3617
1744	11310	7508	9992
4237	9240	9400	10484	12255	3662	11453	10634	10966
804	2058	2975	8617	9287	12751	12815
453	10671	10810	11211	11618	2000	11240	5005	10943	11670	12486	13142	12086	12716	12885	13122	12981	13043	12702	13704	13527	13509	12920	13541	13990
1350	1163	1080	1571	2708	3471	2987	4128	4266	4405	2793	3678	6695	2849	103	7445	6132	9251	5097	8541	8484	9179	8444	10812	10949	10385	10152	7526	12527	13008	13110	13717	13625	10784
4105	3536	9629	11507	9853	11303
3042	4502	10982	11336	3682	10874	2491
3701	160	1048	4479	5666	495	4320	5827	6986	8219
2070	10455	11609	7985	9689	10016
1210	10967	11592	4009	8382	13376	4583	10658	13602	557	5826	8721
339	7617	9226	12912	12949
1080	2698	6403	5603	5785	8356	7682	8219	8328	8763	9392	5794	6458	9726	10193	9541	10958	11537	12204	13149
3689	6316	5491	3307	6800	7280	7613	6353	205	8113	4388	8972	5846	6074	6538	780	6407	10068	10134	10364	6305	10658	7984	6011	9335	2201	6984	11954	10929	2616	10101	6702	5845	12070	13567
242	2528	3419	7172	6847	8961	9891	9267
837	8391	9240	10442
2087	1177	1009	2390	143	1894	5720	5428	5359	6212	5404	5108	5827	6052	6001	7806	8039	8034	8133	8987	2596	10646	11058	13175	11083	10876
1606	454	1001	1090	878	2023	7611
2909	397	1076	581	3980	946	385	6021	7952	594	4739	8391	2263	8382	9789	13310
1066	3986	8716	7693	8347	8834	2911	4432	6681	8257	3010	7538	8040	9166	8252	9674	10016	10531	423	1109	5095	11830
556	11098	5167	6347	10047	4582	9867	10084	11586	7200
3898	2585	5794	5316	5826
1784	6985	7514	7954	7384	7809	7559	10306	9205	10580	11112	10001	8976	8368	9778	10512	10788	10943	13610
88	7417	3421	10630
3685	9314	7537	12152	587	5471	11727	8921	10747	10975	11927
3270	4772	8849	9218	10971
2593	4767	1546	8040	7836
4135	11784	2769	3112	3421	4103
578	731	11027	7465	7144	9643	9658	6087	8915	9642	5814	6182	1542	12486
2417	13105	13386	13232	13155	8337	13416	12262	10816	12788	2753	11549
2187	5785	6722	7812	7945	7425	7319	7694	9232	8938	11974	12933	13731	13666	13850	10541
1916	4184	892	2853	3109	9191	11181	8566	8757	5024	8222	8451	9434	11541
262	5355	6833	6709	8418	11212	12808	11083
3038	1207	721	5912	3452	2131
2889	5346	4730	2079	6780	7023	7226	5432	8533	6765	9734	9881	2268	10829	9094	11184	11398	10665	11414	5815	10808	10811	11774	10188	11984	11895	10943	11042	12302	13012	2925	12974	13438
4252	3473	1670	3505	7979	4103	7149	4784	3906
1946	4979	6394	9109	11840
2538	5555	6059	6540	6505	6514	11119	11288	12380	13529
372	4681	6125	11701	1160	1393
2178	7146	8210	9064	9282	10497	10807	10811	8363	11919	12351
1975	9771	11687	13523	13808	6435	6453	13992	12003	14112	7442	14087	12682	14097	13159	14089	13956	12246	14076	14149	7462	13403	14159	13941	14042	14126	14160	12226	12744	4426	4941	10930	14140	14184
137	4912	4872	7306	8937	6559	10035	9501	10972	9944	10301	10431	9887	8972	5720	10354	5826	8327	8762	8917
1158	2690	251	5294	5446	5040	1624	5557	4788	3032	6426	3864	5365	6570	7022	5659	7906	8611	7602	3191	6498	2717	9368	8207	6778	8232	10239	10806	11112	5834	11569	10949	5094	9419	12797	12643	12891	9504	13947	13505	14122
2878	11153	9689	6928	3412	1308	4131	12757
2745	1236	358	1484	227	279	4199	3812	4578	3951	6141	7378	7287	6999	5785	7572	7806	6484	5815	11112	7087	10199	11391	11545	11817	13514	12895	13588
2602	11202	2925	11731
2254	1970	3373	4550	8406	11953
494	2925	8395	8854	5697	10994
1174	6384	338	1682	2385	2747	8073	8406	8460
3824	1986	9364	12095	1683
4069	7638	7948	10100	8420	10527	10811	11862	11243	7984	11667	11183	11786	13009	13046	13207
3854	654	5444	8574	6245
317	11703	12741	3510
2795	154	1347	1814	6188	2473
60	10509	5815	7876	7883	11521
903	2201	2256	2345	3003	3007	3061	3111	3434	3521	4433	9966
3292	1414	2618	4646	4244	5356	5126	5135	6104	7473	8058	8614	8938	9409	9903	10412	10360	10808	5733	10830	11343	10807	12148	11818	9524	12698	12588	13030	13232	11712	5005	12830	13347	13353	13210	13976	8808
3797	7610	5595	4493	4651	5743	8747	10808	6614	6303
1088	7679	5710	13175	1221	10784
3580	5679	9222	9819	9859	8338	5826	10411	8838	3073	7030	3240	4821
861	420	4731	6708	7809	7306	9652	6756	9462	7253	8233	9267	8627	11917	12086	9920	13325	13701	12637	12920
4220	12964	13773	12450	12927
1545	4011	9844	5826	8915	3903	9189	5054	10463	10659	10230	7827	11464
863	5943	11657	11841	11387	12163	9607	12111	12972	12112	12920	13008	11634	12370	12830	13080	14040	1686
3951	5619	1839	1751
1922	776	3130	1683	1099	4252	924
2258	4457	3148	245	8382	9676	10638	11838	12528	12687	10261	8763	8774	12630
802	10654	10865	11151
3131	5812	5668	229	2498	7224
904	5264	7112	10674	11818	12145	12684	11881	4970	12775	13415
1935	3910	5269	4845	5356	5755	5122	5853	6338	6684	5417	6929	7847	7197	8411	6103	8883	9055	9158	10365	10808	11473	10665	9089	11418	11413	10812	12381	11464	9568	12941	13527	14163
4442	319	650	967
939	938	4382	12010	12075
213	5205	13071	5815	7817
505	3311	3995	1929	2098	5276	7701	2201	2268	4182
4009	7200	4235	4582	5832	11927
3784	2417	2937	3193	661	3430	5427	3099	7753	7542	8717	7144	9658	10497	5377	11552	7393	5005	10943	9972	11888	12856	7791	13043	11433	5743
3399	5879	186	10806
1876	5685	962	8456	1865	8216	10147	3893	4303	798	9971	1329	9944	9077	11763	11663	2007	9187	245	1620	3705	5712	5883	6172	354	2229	2226	926	5915	2800	6681	5178	7433	9114	10464	12030	9303	12767	13013
4092	11030	4143	8314	6609
2810	11595	12154	10943	9972	7827	12932	13224	1296
1945	1903	2164	1257	2211	2964	3729	5291	4998	5867	6413	6594	6820	2340	7866	9750	9778	11243	9594	10943	8661	12567	8480	12509	12387	11861	12821	12275	12976	13810
1493	548	992	1413	774
1893	1704	1838	10372
1115	548	647	1209	395	1143	458	2400	2705	2538	3187	1905	4200	5411
3179	729	1181	2146	2991	4590	4765	6055	8808	9379	8847	9406	10187	9541	6559	10810	8134	12361	12331	13479
3837	9208	8870	10226	11761	9930	7489	12601	12632	12916	13421	13448
3861	3317	4364	5076	8875
182	12453	12111	12705	12022	12972	12112	12110	13110	13045	13118	13002	12744	12826	13462	13744	13422	13023	13487	13789	13673	13661	13805	14026
2787	6544	6792	9601	803
3891	2301	2337	2541	3307	3779	3077	3735	5433	6331	8140	8610	7285	8743	9380	10497	8792	11032	11604	12357
3230	245	10830	2555	9134	10199	7137	7147	5023	7227	8795	6307	4004	7290	10808	10496	10955	12981	6535	6661	1491	10480	10500	5705	13260	4407	13377	13953	12867	12152	14051	13383	14164	14015
2699	4614	1439	2925
4379	507	2583	1505	2577	3191	3760	284	1567	1724	3550	3647	3657	3692	2447	3111	4161	2610
2859	1467	532	638	250	2632	480	585	2825	4360	5123	1261	106	5589	8907	2200	7522	8938	11774	8829	5510	12250	6907	12954	13433	13438	125	1905
1852	4978	5864	5391	13260	12937	13282	13975
1751	2136	9384	6571	9826	3705	10108	10077	3165	3663	6443	7584	8382	10557
4176	1188	2263	4009	3512	5659	12503	5826	7020	840	9853	13657
3408	6025	4918	4040	4134	4225	5798	4388	8636	6559	12609	8726
3011	4767	1200	3139	436	4573	7469	10851	10658
3312	7172	8163	7144	7285	8328	9391	10810	7136	11112	11209	11537	13118
93	1590	2260	2363
3486	5693	6285	8672	9689	10047	10367	11643
4435	2239	5917	6058	5658	7146	8884	5240	10334	5377	12179	13077
2177	9430	9006	9773	10360	10287	10812	5431	10638	10559	11738	11690	9644	10811	11818	4598	10943	11925	11828	12618	11053	12931	13008	12866	9432	12962	13315	13434	13374	13199	13582	13589	11433	13396	13756	13755
3227	282	383	1851	2398	2909	2693	5460	5755	4248	4918	8363	6444	5084	6709	6575	7798	9146	1175	10307	11379	2442	10367	8210	10943
1020	7344	9804	11235	9242
3355	2517	1291	2349	2466	410	3771	470	6559
3732	7612	7920	10541	10800	12149	5826
27	450	930	55	11261	8633	8736	10205	852	10377	11351	12009	12149	4004	7396	4952	5001	6681	7894	7969	8177	9520	8406	1730	3038	10138	13658	6315	10800	11811	10658	13192	11196	3117
3550	5385	7469	4405	6453	2689	8158	8192	8690	9420	938	10321	7237	8907
502	2122	853	2359	1809	5422	875	2989	3982	6231	11177	7827
2735	8655	10228	13905
2885	4710	5226	9849	9932
925	365	12065	4276	4638	11747	6139	12379	12569	6410	12595	12596	4504	12597	3873	13014	13146	12583	12443	13015	5825	6702	12801	13456	940	6490	12878	8965	12459	6435	9792	13310	13860	13449	13888	9446	12338	12294	13329	13874
3816	416	4192	7281	2119	7699	3078	1492	2427	4187	11878	2042	10681	7111	9133	9606	11617	10987	3176	11351	11319	12502	7557	13853	3197	7432	13414	10982	10424	11128	10929
214	7828	11881	13547	13063	13683	13737	12473
1668	6703	7615	3399	12603	13010	12826	13529	13302	13785
2202	11635	10800	12051	11881	12147	9972	12751	11417
425	1763	1930	3095	4479	4060	4672	1860	7148	7139	7831	7807	9480	9541	8991	11588
1411	5356	6212	13209	6265	13679
4363	5040	5394	6686	5826	7141	6503	8195	7806	7682	10830	6134	437	13323	10105	13842	14022	13954	13654	12788	14101	14150
105	347	10936
340	2371	4902	6976	8438	8838	13452
2763	7415	5849	9393	10158	10264	8738	10920	11406	9840	9940	12602	12803	6618
1234	10385	4289	12115	12444	9693
3937	5276	1481	7192	6236	2617	6681	10603	10289	12762	3344	351	787	924	1698	4973	11955
2476	2896	1978	1822	11844	4329	11162	12682	10739	10225	10514
644	14175	13774	13781	14058	13874
4375	7875	48	180	1308	1526	1725	1751	2370	5284	6342	6936	7433	10020	10829
900	8010	11419	11635	11413	11417
1643	3256	3148	6245	7586	1024	3097	6825	4219	4517	7319	8195	5231	9767	9910	4473	10956	9911	3262	8625	8216	2239	5457	6866
1651	2301	6127	7675	7615	9281	9328	10806	10829	10421
542	5114	10806	7703	12311	13417	13524
4200	5556	6123	8406	9689
396	3171	3523	3332	3961	4100	3783	4081	4889	4939	5036	5355	5956	3339	5564	6079	8019	8557	8339	8722	10958	9881	11602	12056	11783	12092	12353	9682	13009	12826
4359	5562	9013	9810
4389	153	1894	2929	9953	2567	4746	6058	8655	10679	13103
3908	9351	9656	9686	10625	9352	9559
192	7620	8870	10810	11284	11598	8627	11414	9972	12937	13580	13482
1801	5422	1350	8473	8493	8494	7051	7160	7916	852	5066	9897	2338	6535	9042	8406	8317	8961	9930	8402	734	12	9989	3079	9530	6300
318	7154	9671	9699	10552	10187	11112	8235	9189	10808	10829
149	4163	4319	5952	5789
2623	2990	2762	7160	5722	4143
2321	11281	6153	2753	6225	11561	13318
345	4633	6035	6036	8007	8833	9154	10885	10943	12694	11053	13231	13321	13543	13533	13515	13819	13820	13837	13737	13883	12473	12788	14064
732	11630	10747	10975	5815	11233
1096	11932	12086	12189	12716	13764	13768	13854
3467	6824	9197	9521	11379	13231
3690	472	2766	5947	6331	12443	13520	13355
3874	10800	11880	8187	3651
3882	8380	6097	264	268	2239
2582	795	714	4208	5940	8627	11252	12768	13975	8913
4331	2708	645	6569	6782
2203	6372	10100	9307	10830
831	5118	6562	7379	7947	2079	8435	8576	7023	9078	6487	8881	6788	10251	9267	11133	11552	10904	10788	12685	11053	12086	13097
2929	782	2688	6306	7133	5438	3466
2897	1717	2869	12412	2506	6052
434	1583	2735	3276	7338
4419	1044	1490	5200	5445	183	913	4977	5202	5990	181	2244	8000	1191	6175	5942	5892	9781	303	6333	5825	10828	9972	10742	12069	12070	10830	6413	11726	11983	11710
2785	2138	4339	4345	5281	5038	4978	6529	6845	8479	8945	9671	9781	6793	7197	9919	9930	11289	11841	10943	12037	11239	13789	13921
3952	1858	484	4653	5579	5446	4762	5779	7099	7516	8172	8227	9165	9473	10251	9205	12752	11717	13178	2114	13744	13908
3726	1978	1459	22	1583	4240	3832	369	2644	3183	5815	6706	6776	5152	1295	2473	3369	3864	4080	71	3968	11849	4038	7159	671	5761	10658	13457
1164	2810	6168	7997	8719
417	1755	852	3793	5999	7300	4906	8735	8269	10810	10830	11197	10812	11634	5005	10939	9670	11177	12802
2960	4768	5578	2944	7813	8114	265	269	7860	6559	8335	10985
4030	1946	3724	10764	5052	9899
2311	2753	6683	508	3177	3457	7274
1591	4076	4315	7502	8753	10658	917
211	6855	11577	7901	9778	7663	13310	4734
142	10678	10679	10814
1687	2484	6408	8856	7682	7606	8938	8400	7525	9903	6339	9749	10829	10199	11217	9732	11578	10808	7146	5005	1175	10812	10943	12705	5377	7992	10109	10202	1491	13717	6070	13482	13199	13679	12637	13820	12804	11067	13051	11192	13914	7198
1278	12358	10929	12302	13657
1925	2515	6390	10728	5150	10084	190	4510	7278	9878	6636	6943	2791	4307	3183	8552	9071	7992
2793	9272	9296	8079	10720
4459	6997	7083	11261	7410	6796	1821	3451
759	12637	13760	8175	13737	14076	10893	14157	14045	14126	14030	14089	13941	14081	14185	14184
3353	1855	5543	4690	4342	4437	4882	4943	2690	6281	2531	217	6029	229	5227	2606	3067	7526	4134	9937	1233	2800	1702	8520	7269	5152	4487	6297	8222	9430	7791	5394	1379	2361	4551	132	4664	10925	3344	9850	6176	7992
476	3137	4552	3392	1639	2209	1894	8553	2344
2583	2390	4274	5355	4615	7146	7147	7882	7596	8372	9251	10167	7137
291	32	9355	10441	9852
3069	4139	5346	6412	7455	8071	9330	10239	10435	11403	11415	7146	10600	11634	11881	11895	11900	12204	11418	11898	12366	12367
1974	10707	12964	13102	13344	13773
4059	1915	3909	6130	9011	4111	1799	6082	7584	4233	5058	7985	3590	9166	2201	4382	2925	4001	12368	11781	13310	6413	44	6453	1350	11512	8308	8382	10011	7837	10827	11967	6812	10010	13013
1031	3454	3812	6238	7573
1147	5862	4725	5821	9497	9949	10193	9036	10685	12685
1542	11261	11561	5090	10205	12009	12091	5725
1419	8391	10778	10798	267
1237	9074	2186	2904	3724	3832	4677	5402	5576	8121	9302	10226	112	585	4663	4008	8343	130	133	8154	8406	2220	3240	10241	7009	11092	1057	1351	6793	8658	5096	8137	6984
1276	2426	5666	5947	8209	9642	7769
2459	512	6073	3631	9130	11050	9700
2224	3951	5862	6674	2079	7071	7023	6486	7379	6310	8058	8293	7675	8305	8882	8362	8866	9102	9211	9210	7984	10427	10305	8334	8235	10806	8991	9778	11479	10943	8638	12649	12038	13031	13666	13282
1692	9978	5826	10064	7146	10800	11925	12591	9682	12746	122	2000	13666	13291
1093	5487	7146	11380	11418	11417	12053	11635	12097	11881	10202	12559	12507	10685	12148	7356	11053	11227	12732	2963	12557	13010	11333	12175	12744	12934	13476	13515	13023	13392	13631	13731	13749	13302	13282	13632	13279	13412	12920	13396	13307	14004	13990
4226	2974	1756	1894	6555	3111	1190	1315	2387	2557	2592	3059	4307	5155	8966	9119	11681
2615	5306	3475	6744	11491
3947	2510	2384	5143	7470	8340	199	6983	11844	12518	3750	4648	10082	5102	67	253
3991	7306	8441	7150	9328	10239	10528	10527	9267	11133	10484	10548	12674	12768	12934	13456	12937	13153	10816	13719
3520	6039	7767	11086	6770	2319
4117	1712	2779	1344	6855	8838
3600	1212	3477	8391	581	1186
1750	1935	2204	7351	5780
4112	3373	2763	5782	6330	7971	8773	8916	613	3903	10059	8738	10806	8770	10671	8963	10912	11419	11289	9546	11212	11594	11339	1830	11624	9972	11635	11881	12683	12755	12112	13419	13531	10246	13981
3545	5292	11261	11983	551	6528	4182
2967	4907	2657	4422	6409	5900	6335
3285	2898	1075	3971	5422
652	283	1440	3337	548	4223	2805	4386
397	4227	4382	3083
1406	3410	4749	8992	7816	7482
4012	9939	10193	10650	4707	4913	12357	12694	2263	10757	10480	10816	13438	11965	5578	6180	12256	13526
2657	2210	2390	7901	7806	8716	9409	1870	5578	13780
3840	11569	11417	12176	10877	5005	13533	13064	7292	13102	13338	13517	12637	13526
1108	7985	9409	9783	7147	7089	5815
303	3136	3354	5584	2284	2310	7675	8988	9126	9333	6756	10308	9903	11017	7146	9764	12589	12857	10109	2925
4084	3817	5565	3729	4078	5025	5721	5026	7195	7378	7146	7998	8247	5160	9195	7448	6707	7948	8115	9209	4911	9075	6834	7172	7491	8654	10380	2596	10423	9084	1449	11604	10638	10905	6661	7827	12802	13245	13392	13478	13282
1102	2257	3607	4004
3400	2771	10035	5744	2700	6022	8673	9627	9818	10520	10956
2887	12364	12751	11894	12366	12726	11613	11017	11053	12944	12931	13310	9550	12631	12175	13198	12016	13098	12585	13740	12983	13522	13746	13526	13589	6662	11067	13674	12920	13820	13990	14072	13814	13881	13879	4011	13988	12823	5897	11917	14044	14154
3504	44	801	2286	7717
2370	12850	11881	181	12389	13279	13287	8556	13622	13607	13284
3566	10274	11413	11838	12560	10480	11183	13664	13463	13069	13113	10816	13911	13999	11804	13331	13523	13760	14111	7442	13159	13808	14097	13825	11549	6303
3461	2798	2556	1290	2175	2856	3224	5986	6926	3169	7086	7231	7315	2631	10634	7310	9265	2817	2960	3662	4384	3381	8705	9622	2102	9689	3084	776	946	1481	2696	13388	11386	11646	11868
2001	6251	2201	12006	12281	9949	6218
4303	115	996	4238	4488	7664	6855
697	132	4286	7395	9373	7394	10298	2899	9944	10317	2661	2900	1822	8484	9083
3304	1245	966	3002	7488	1594	8153	13095	10816
3075	5802	8689	10825	1748	8096	8996	8880
1267	10658	9729	2271	2904	7669	10069	12338	4008	4914	9853	10943	11002
4136	2769	2925	3483	11141	556	6123	10178	10658
3093	2201	3580	152	1190
3579	5002	9558	7167	2937	7083
1178	6983	8147	11262	11891	11934	12128	12131	4952	6266
1467	5819	3111	4598
2931	240	12215
2938	3903	10830	11112
862	9294	9535	10047	895	7266	5206	5227	5527	7869	9622
1457	644	10258	4004	9246	13556	2925	3536	11750	9115
3391	2911	5019	7549	10937	9930	1364	10825	11706	7269	12194	13673	13776	1024
4076	8731	10051	10541	11261
49	10829	11079	10327	5197	13570	4645	11748	9582	6270	7159	4215	2473	12277	13857	12540	8120	8201
1849	5195	5974	181	7931	7342	9930
1183	947	948	1166	2108	3525	9694	10354	13312
2045	342	4608	2503	3173	4826	4104	8433
2709	3670	10800	11380	5005
3164	9296	508	3998	8850	9042	11983
1756	11253	5150	6535	6829	7501	7994	9602	12512
409	2831	10806	12057	12812	10977
845	8917	10929	2473
3994	4180	3413	2255	3170	4635	3234	2070	4850	8717	3333	8610	1583	1873	2934	5095	5667	6087	8510	5926	11391	2954	7586	11887	7663	10949	12838	9437	12747	12850	12918	11413	13485
2663	13781	13789	14058	13858	14171	8404
1779	7972	834	9178	11465	11470
274	7774	6079	7729	8560	10938	10651	10755	11783	8638
2406	2971	3744	6486	7306	6601	9154	8560	9578	8230	8231	10224	11282	11375	11376	11423	8991	11133	12547	12933	13717
770	878	2301	3469	3189	3329	3477	2235	5565	4271	4455	4766	3810	5083	5115	5906	5782	4998	5765	2025	6780	7139	7302	7685	7997	8718	8131	9392	10420	10894	11580	12357	11919	10943	12601	12602	11654
133	3157	648	11922	3050	13696	13309	694
401	3708	7839	201	360
3932	5473	7117	6626	6775
749	5826	9377	10264	8448	10830	1254	10955	10894	10448	532	11667	11863	3922	10438	9868	7487	9741	9887	2644	6749	12382	1081	10510	13134	12779	13138	12955	13470	12976	7113	8983	13746	14008	5487	12751	892	10086
3326	92	6681	481	3230	4828	5121	5225	5751	6473	6549	6759	7806	11310	2734	3485	6758
1938	6930	9768	6338	6444	8751
2599	227	5674	2220	5117	9911
4157	7917	12368	11168	6401	8283
3902	534	1478	3400
1773	12026	2982	13184
2975	410	505	5584	5346	5868	8280	3111	9937	10806	11112	5095	8614	10808	10143	11888	3855	9801	12747	12910	13195	8731	13453	11857	14001
76	346	545	5722	4446	8449
4233	4260	9982	450	8361	2549	7985
1913	10714	10497	12374	10658	12180	5152	6617	7060	7298	9456	12752	13087	9887	13190	389	2516	4967	11280
82	4182	3444	12056	5095	2947	6092	7576	8565
3715	2301	2260	2458	2682	2655	2002	1686	3131	3454	5135	5127	6544	8007	7153	7892	7144	9232	5429	6914
325	2467	271	3333	6216	9501	9599	9949	11173
3028	3051	4879	3278	4863	5824	7141	7306	12194	10920	10828	11183
1766	50	2353	3853	5572	3707	4522	2421	9129	5550	4242	10368
3288	3569	7983	7408	7448	8101	11289	12826	13529
3555	2925	8834	8933	12490	11462
3114	1828	765	1905	3853	6370	6681	6847	6578	9363	9109	6498	7272	10182	10334	7228	9541	10650	9032	11112	8938	10193	11289	7663	11420	11265	11117	13002	13495
3465	1336	8964	9661
1105	2203	5342	3741	4842	6145	6219	8098	8668	9522	10397	10525	10585	10718	10998	579	6113	6179	4524	7718	10586	4011	8678	9766	10316	3591
14	2363	2673	2682	2816	3305	2727	3645	4827	4269	4400	4839	5827	5446	5430	8096	7754	7222	8906	7359	9393	10158	10309	8051	10268	8768	7820	9930	11376	11378	10110	10812	12751
1726	3139	3183	6104	7565	6600	7393	4457	7941	7285	8646	9345	10830	4347	10705	11150	11418	9848	9689	8556	13282
370	1569	3100	1973	8717	9076	8988	8162	8831	10829	11017	11423	4738	12160	11390	12713	11881	12816	10702	6036	13019
2401	2971	8907	8933	11067	1	2263	3758	4617	6562	6681	8025	61	3967	4734	4736	12455	350	3344	12417	13768	3137	11165
3633	444	1411	1880	2463	3795	2239	27	2206	2513	6373	546	2168	3419	7278	4182	5829	9642	8984	12601	13547	5578	163	10816	12793	13549
3989	8690	9930	11572	11208	11376	11418	11417	11634	11424	7146
344	2693	7921	10116
3046	3405	4817	4835	5704	5839	6331	5791	9085	10536	4954	4471
3710	4961	1991	5410	3937	8540	6554
2811	2051	5578
2287	1750	6961	8907	11310	11628	5442	5826
1730	11874	13531
4317	8501	5771	11177	4631
3850	1300	3413	13310	13917
1239	10943	12649	7215	3778	8287	11879	12203	13031	12086	12389	13224	13486	5826	1422	13119	2955	1469	11756	12302	1580	4684	7498	9082	10518	13886	13990	13541	10039	13829	12646	13872	13708
1035	6048	7993	8561	2473	8513	4314	5801	1364	7454	1061	7868	8005	5597	6621
2912	8	6140	7712	7161	7491	7341	8258	2699	6726	9109	6594	7342	9600	9821	9699	10573	9647	8837	11380	11860	10431	11419	9524	12088	10943	12357	13515	12717	13731	13719	13659	13820	10929	13861	13819	13446	13737	13976	13988
3047	4076	2347	4593	4418	4496	4772	6380	7090	7306	6486	7249	5904	8210	7341	8363	8362	6334	6593	6707	7984	10290	9217	10001	10664	11722	12357	10402	10547	7215	11688	12931	12974	13276	13515	13282	13514	13631	13521	13604	13475	8808	11983
3323	7254	2100	3987	4631	5894	7517
2256	2263	7326	5922
1887	1097	1750	13310	10994
3754	1886	2052	3441
2760	4238	226	4030	5579	6534	4191	5720	84	2745	3098	10872
1075	255	3967	2246	4103	10881
1644	1006	3385	4719	5720	6784	7219	1293	7516	9030	10199	11073	11526	11774	10512	12527	12111	12751	7215	12850	12986	5377	2925	13321	13336	8721	10485	10071	13560	13454	13837	14004	14068	10785	12401	13051	13313	13737	13990	12474	14051	12823
2969	6578	5632	6949	8406	11029
629	1670	2466	2925	6527	3292	3027	11336	8210	3356
4222	9218	10123	10330
2037	5152	7692	4131	3348	3349	3468	2247	3944	6579	296	648	108	1673	3766	10947	10536	11738	13409	8798
4255	6886	10835
602	6072	11854	9169
2506	11987	12446	12674	11898	11899	12381	5377	7215	13008	12370	10702	12308	13015	12954	12955	13000	13113	14135	10816	13456	13509	13508	13621	13729	13746	13625	12637	13807	13346	13523	13760	13953	14019	12793	13329	14089	13808	14115	13956
2492	319	1002	1098	1083	982	1246	1496	1213	1792	2533	4110	6500	4918	1719	6681	8671	5622	139	10553	2925	11624	5276	7653	4711	4584	11938	3871	8503	3677	11996	10829	4849	1064	11066
1477	385	852	2769	5220	6272	6681	8163	1756	5815	9501	4595	9246	7292	1730	7863	2473	11067	6123	13088	4209	7057	12820
4019	4746	144	1308	5815	4238	5921	6855	9501	11630	11983	5632	6979
449	6343	966	11548	11236	6340	7017	7123	12629	137
3193	7340	8231	11671	10800	12055	2205	10512	12844	12836	7089	12937
2271	333	782	714	1050	3552	4815	5446	3850	2751	6784	4143	7340	9652	11598	7733	11634	10943	12807	13762	13990	2473
2462	1730	4590	5580	6501	7306	9107	9196	8228	10704	10528	8794	10830	13142
4415	3722	7283	3629
4294	4813	5125	5126	4998	6370	5097	6487	7300	8071	8578	8342	7892	7144	8717	9107	6443	9748	7810	8134	8768	10810	8770	11112	9798	9930	9526	9537	7663	11871	11243
4041	6286	7428	2545	2777	7346
103	9906	5152	7816	7902	8865	10645	10658
541	5201	8154	9497	7415	8831	9195	8851	9267	9651	11208	8638	13080	12553	12826	13537	11565	1800
2138	8376	12127	10987	11351	12371
218	2925	3111	1308	6681	10807	523	5764	2982	13102	3951	7849	13658	10808	6447	13101
2625	1893	1261	1392	3350	5009	9032	3620	4250	8725	10440	10333	11545	8880	954	2099	3837	5735	9950	10160	10577	11875	11184	3111	11242	12483	12111	12954	13448	13494	11630	13450	13749	13190	12637
2014	11462	1741	7663	2223	10812	11714	11986	10512	10548	10943	4431	7450	11053	12594	12931	12112	12907	12826	12912	9662	13142	13445	10784	14046	14020
178	2941	1332	1227
2293	10251	11172	12745	7240	8175	10497	12149
3787	7928	10910	11783
1122	6943	9163	9769	6448	6342
2880	5377	12954	13336	13567	13479	13292	13805	13293	13804	13291	13571	13632
1124	4672	5813	6482	6672	8578	11871	7089	13438	13282	13898
236	5152	9867
3110	3139	11611	3758	1800	472
1835	1655	2744	3951	4878	5639	4457	5232	7774	8428	7200	6936
240	1623	3527	10528	8581	8917	5826
3291	7040	5152
2348	9892	10806	8936	11112	10188	11634	13191
3744	9095	12241	2925	3789	11027
3010	3049	852	6076	5206	7811	132
4470	6218	1270	1647	1718	1821	6210
2151	1680	2321	3728	8731	416
663	3572	3609	4897	5812	5715	7142	9087	9168	9274	8938	9671	7306	5746	11292	10193	10651	10666	11293	12058	7146	11902	12132	12176	11710	9212	11333	13421	12983	9567	13679
3735	2390	3085	2529	3509	3520	3735	4643	6230	5620	5051	6461	7062	6980	7306	7098	9853	11595
59	5666	948	3820	3919	4767	5480	2975	4987	874	5824	7147	6336	7889	7998	8441	8671	8773	9890	8938	9095
764	10451	10825	11351	12010	12028
2196	5027	7137	1416	7195	7459	7786	8195	6079	8143	10100	7984	10183	10360	10573	9883	10497	10868	10064	8368	11859	10665	12008	11985	11413	12446	9682	6661	12086	9432	12244	13029	13544	13574	12920	13488	13208
1091	4286	3214	5444	1454	5388	6781	5901	11570	5030
1618	5862	7146	8698	7999	9689	10047	11881	11634	11635	11413	12175	13245	13434	13419	13744	13673	13282	13783
1640	3101	12355	12765	12644	12660	11004
1348	767	525	2308	1818	7172	7144	8722	9185	9330	1	10650	11598	11212	11462	5377	12132	10920	11309	11937	12668	11712	13336	12617	6180
2915	1008	1814	2636	3557	3563	11551	3603	6699	13531
3865	7333	8943	9250	8441	8519	9571	4911	3421	5347	9772	9036	10193	7451	11123	10379	11578	10424	10800	5912	9699	9959	1800	7677	12380	5611	12236	11569	13302	13479	12863	13309	10321	13976	13065	12788
1634	4767	10061	9953	11474	9501
2335	6061	11176	11144	11141
23	3692	2525	5593	5722	9813	11575	11881	5469	12920
2759	1050	1914	3278	4672	5579	5291	5854	6212	7712	6503	7450	10183
3944	2811	2682	3305	3046	4269	4040	4598	4827	5114	5405	7455	7233	9107	9783	7497	8612	10810	11112
2305	6559	11104	4637	240	6460	6803	13104
3368	1088	4919	6725	8296	2104	9972	10947
346	4847	5276	7997	1797	7144	5095	6622	7440	6675	6887	8505	8006	8811	8836	9557	9159	9050	10517	10808	10829	1542	953	3344	8627	10365	8862	11580	12302	11817	10587	13001	6661	13019	12370	13547	13789	6070	13670
3053	240	8075	11140	3991	4004	8168	1325
2231	9290	4284	9345	6681	10024	13231	11983
4173	3187	6136	2201	4076	9884	10806	8867	11112	10260	3103	437	10659	5798	5005	11058	3775
3141	1289	2635	3278	4452	5018	635	2929	5031	5345	3094	5737	3023	4802	7090	4007	9827	10333	11237	6070
3118	6933	5884	8717	9410	9726	9267
4160	1860	6788	4802	7099	7901	7448	9029	9658	9659	8825	9920	11622	10943	12351	12384	13514	13847
3070	3538	3990	11701
2308	8671	8175	48	2736	5195	8490	10047	1308	11223	1978
4334	1242	1534	4004	4413	10284	6150	11511	2473	6376	7691	12215	3079	5024	1391	2544	7589	6712
3607	3312	6595	7283	2690	3419
3435	2338	3014	3984
519	4784	4005	8296
4356	322	156	1444	2236	2295	170	1144	5029	8864	2328	4952	5284	4098	120	2925	5289	5968	8381	9501	9853	9854	11630	4136	8844	12619	12315	13018	2904
2319	4514	4502	10384	1118	1269
1047	5107	6809	6532	6644	7558	4751	11175	13166	13190
1590	9613	4471	10860	11560	13310
3672	2060	8889	9077	9191	4358	8769	12006	9871	13658	5690	10929	11994
895	8279	9291	10497
3644	1854	2783	7827	12399	7986	5722	9973
2255	2738	6236	5785
2261	11630	12181	240	6048	12682
2965	2332	5325	1299	12530
3654	4329	7329	7748	9157	9352	9626	84	2524	248	8157	11269
4284	916	1646	2708	253	3414	4671	2886	3111	5125	5196	6011	894	7806	9071	6866	9736	2998	5976	8134	8749	10646	9847	6937	11479	11080	10553	12179	2214
4042	3958	6373	7067	3543	5196	3814	6428	9886	4985	399	5155	6286
3331	3927	4843	4929	8012	6816	11444	12311
1562	11206	9416	12148	12507	11309	12972	13100	12992	12993	13071	12853	12443	11983	9432	1690	8892	2410	13002	10631	13569	9920	12370	13438	13862	13863	13877	13479	13048	13422	7910	9841	14017	13807	13760	13577	13976	13523	13549	12725	2564	13528	13737	14071
2767	8938	9077	9329	9334	7306	10113	8230	10791	10811	11133	11947	9524	10188	10949	11902	10512	10685	11818	12148	12446	11058	12754	12837	12456	12990	13178	12016	13245	13416	13673	13475
3378	3204	3807	4531	5401	4869	5918	6072	8899	8770	8963	11212	7671	11339	13010	13293	13987	13975
281	1741	2753	6943	3893	281	4857	6803	8031	8872
1551	207	8447	4844	8035	1308	2515	3792	5004	10658	8373	9251
3967	3475	7638	8721	12149	9643	8965
1592	858	4204	1197	6040
4400	8734	2263	11439	12233	6098
670	4475	5653	9345	9652	9287	9770	10183	10650	10943	11947	11657	11007	11635	13419	13291
1867	7337	9699	10308	10806	10607	7135	11497	11212	10193	11571	2000	8183	13246	13122	13276	12920	13975	13307
2290	3724	2381	6514	9325	9078	9421	10115	10186	10307	8229	10309	10806	10607	8766	8764	8765	10812	10943	10667	4985	11423	11420	12521	11634	11635	12649	12685	11417	11881	10150	12388	13358	4515	13532	9689	13609	13281	13289	11857	12645
1116	7306	10650	10958	11112	11119	11379	11099	11462	9340
3790	4946	4131	240	12689	13385	13658	8672	5826	10737
1433	8809	9179	6118	12124	5814
1438	3421	7417	1828	2473
220	5646	6696	5785	6058	6233
1274	7675	8281	10830	12934
1547	84	3874	1819	3606	458	8957	6272	3346	2334
675	1144	5815	6111	8266	8823	11770
2494	1190	9345	11462	11524
13	2494	508	7292	1538	5831
2288	1607	3469	5579	5126	5884	9089	10810	10638	10812	11980	13008	13492	13683	13780	14017	13876	14089	14090	11705	11561
1037	5986	12433	2809	7969
1356	9019	10909	10698	6175	10541
3479	10665	7147	11414	7146	11379	10949	11376	11418	11415	11417	11984	12051	9524	10188	12053	12147	11818	11535	10512	10939	8406	9832	11634	11635	11881	12835
2183	1644	4860	8315	11389	7663	11418	11634	11537
3031	6026	9949	8731	9640	9689	3706	4241	537	10047	11350
4410	852	8671	8729
63	2618	4489	4111	1120	5748	6059	6356	1721	4989	5202	8732	6076	9541	6224	11537	9511
2899	2137	3388	3816	4627	5659	12306	13361	7040
832	1225	2629	2678	4258	6012
3406	1390	6312	11392	11569	482	895	1592	1822	2041	2220	7370	1506	1839	3567	4000	4843	6382	6681
2031	2485	2058	3403	5572	5425	5728	6985	7807	8133	10810	8991	12453	13118	13002	13019
2611	305	2032	1900	2006	2061	384	331	898	3066	3878	1872	3710	5019	2888	6482	5947	6055	7306	1756	7910	10634	10199	11548	9764
2589	11513	7898	8140	8308	9471	10098	2129	4008	8539	8676	9326	5096	12084	5120
3342	4070	8171	6094	7921	9612
2209	4861	1031	6168	6241	6712	9706	4566	10416	4134	12378	5816	8788	10319	7021	1963	8984	2256	6139	6614	12938	3668	102	3946
3030	54	5815	7589
3651	6986	7172	10270	10239	5871	11133	11249	10788	12972	12973	12822	13209
3371	1978	8784	8406	5815	8272	3478	7370	8721	10467	11812	2925	6681
482	11833	10051	1331	2605	3168	8721	4808
2147	10999	8421	9420	5220	10398
2466	4034	1166	5152	7594	5084	6399	1789	4106	585	648	5600	1044	3317	7827	6226	555	3302	6027	4155	9545	3103
2948	10484	11299	7269	2630	806	4959	7249	8721	11476	2293
193	1133	1819	3699	8746	6681	12546
1428	6703	9265	3535	6841	9696	8922	9813	10599
4416	1613	6236	8311	3512
736	1434	707	7713	11416
4404	1007	1204	1657	1673	2261	1819	3879	2201	2933	4131	3289
4183	4195	10520	8132	8907
416	3325	5560	372	8690	10044	11071	8090
767	9558	245
1864	9334	11988	6797
4210	1137	177	7662	5626	10170	375	9930	10912	10421	5377	7146	41	11415	12594	13164	13571
203	2261	4772	3236	774	1535	3724	4347	1509	3130
2683	4315	3570	7711	7860	7963
760	1043	5394	6331	4238
656	368	2305	4103	4890	6488	10372
3058	6212	6238	10186	8234	10239	10753	11983	13231
1056	6079	9088	9429	9537	10705	12933	13232	13664
321	4041	5917	4725	6631	2312	6816	7177	8279	9244	11112	11332	11774	11264	7285	11595	11983	10777	11710	13842	6070	13966
970	796	2692	12896	12955	13227	4986
1179	321	84	3412	1097	8931	8671	9014	8677
2866	963	370	3686	4181	5109	5975	6212	4040	6991	7162	2925	5204	6104	9445	7341	5377	11323	11774	10553
338	10194	9501	3485	10051
3649	2708	6357	9887	1308	7440
356	7881	4093	9072	9021
746	8627	12645	13541	13830
3116	1145	346	3878	308	4103	1836	10193	11947	9546	7663	12145	11894	11634	11881	12456	11415	12275	12889	12826	13209	13280	13281	13153	13731	13282	13667	13784
3516	8731	9058	2260	2885	4563	8289	9454	9689	10405	11073	11081	11111	11153
1851	5292	11724
533	4811	2412	3417	1627	9789	11220	4380
1988	7984	9881	8235	9267	9094	10193	11380	8963	11117	10811	11897	12588	12698	11983	12645
1360	9029	8235	11413
3640	13575	13333	13373	14166
4289	4499	2925	3130	7425	8008	4182	4946	8663	8328	5276	10204	8134	7292	9189	11261	10811	10665	11630	12311	2719	9207	11838	11711	8031	10354	2858	12346	3181	2220	11086	5887	10109	5688	13392	13674	6022	7693	13300	13441	14046	482	6873
3517	484	1069	478	1016	1269	485	943	2146	597	5120	10156	9267	9949	11119	8963	11537	12811	11247	8983	9511	5761	13294	2049
188	163	5704	11983	13674	13735	13889
2710	9577	44	7259	5201
4471	124	5201	6144	63	6333	11459	5412	12002	8595	4281	4307	10209	12546	940
1261	8424	10549	11112	437	722	12676	8261	2000
1191	2762	5412	3316	10712	1476	4493
3017	1065	8774	408
320	2807	3250	5114	5040	5812	6238	7107	6318	8557
3622	3399	9227	6689
2508	3420	410	852	3310	3663	4784	8911	12503
48	4064	4985	13874	10688	14175	13791	14171	14183	13858
1526	1680	3204	1959	4529	4573	3927	4637	4859	6140	7997	7999	8247	7306	7342	7942	7983	8522	8007	9334	9600	10808	10511	5377	10943	10963	9682	12758
3475	917	11097	12922	3668	3099	1270
18	1350	6970	10615	6052	7190	10240
881	5666	8575	10127	10830	11433	8689	12676	6661	13062	11634	11881	11635	12970	13531	13281	13293	13903
3852	3766	2479	8514
64	3204	4574	6126	6426	5211	7816	8585	7806	9612	10226	11128
2748	11524	6308	7285	7355
849	10979	7292	1670	6092	10236
3233	7728	8434	2398	7800	3019	6070	8241	7860	11473	10354	6681	4693
3148	4294	6133	11315	2687	1308
1070	3459	3423	5414	9930	11378	10800	11743	12684	13227
1709	8285	8932	10829	9327	9930	12175	12826
883	6512	8154	7909	7936	10830	8770	10193	11264	6728	9778	10665	10903	12574	12486	2473	12668	1308	13519	13245	12983	13479	13731	9360	12637	10233
4286	183	1307	1599	4806	5394	2473	4985	3068	6695	3694	7144	4962	3832	4791	4331	5815	6458	7092	11189	5576	5578	10448	8716	12194	8410	7663	13001	13043
4228	2593	3093	4374	4769
2543	10777	8866	10115	10512	8638	11635	13443	13042	13475	12637	13051	13737
3101	7799	9341	613	9009
4244	11104	10691	3181	10943	4369	10037
1963	5220	8320	2977
1437	5815	6435	8744	9858	11630	11969	9188	9571	1044	11261	5220
316	6098	12066	11884
1999	7844	9852	9298	11566	11300	11872
2054	11881	10685	12837	12086	12388	13569	13813	13208	13281	13282	13291	13293	13411	13510	13571	13632	13661	13804	13805	12401	13975	13872	14122	13285	13296
4441	3275	5947	5579	7071	7300	7675	4050	7249	7147	7526	5211	8833	9282	5827	10402	10110	10811	10187	6041	7504	11376	10812	10876	11208	2811	12172	4771	11573	11332	12086	12668	12934	12941	12645	13541
3586	2686	7404	9382	4474	3062	7547	10515	437	8961	11553	4167	1122	4366	5377	10145	8721	12826	13336
886	702	7105	7337	7806	5814	8339	10810	9014	1894	10425	10705	10949
1558	6476	4469	6181	6433	7107	7300	6104	9367	9579	10427	8924	9251	6072	10650	11462	11211	10777	10810	10939	11380	11526	11545	11818	11926	13417	13673	13819	13756	13837	13975
219	7249	1116	1880	5416
448	1100	3637	462	627	5326	4090	1800	9689	3438	7722	2925	557
3215	3727	12315	12009	11351
2927	3111	5887	10199
3653	7660	13874	14175
354	2065	4041	4124	5399	5401	4772	6458	6350	1328	7177	6603	6715	7761	12146	11634	11635	11881	8504
3867	1520	1881	2639	11436	3382	6488	9195
7	65	8547
1106	7517	10829	9995	10812	11738	10808	10339	7144	7146	10239	10528	9511	11717	11714	8864	12167	5028	8195	12649	7215	12651	12771	12203	12853	12770	7089	9917	12638	13343	12955	13325	13609	13527	13661	13805	11983	12804	14046	13972	12982	14163	14049
328	8818	10877	12251	11808	10952	238	399	8271
2776	155	151	64	972	4240	4391	5555	6594	7137	7153	9072	9903	9267	10806	10652	11462	11947	12357	12951	13008	3775	12370	9887	6191	4808	13848	14116
2660	11947	9653	6547	5578	10061	11585
487	679	1500	9077	9798	10665	12426	7300	11715	12160	12119	12566	12932	12990	13581	13473	13276	13704	13730	11857	12868	14124	12646	14125	13771	14054
2033	2336	7971	1506	4757	6855	9541	10650	11119	11416	7663	12055
2423	3282	2374	4603	2221	5709	3268	5648	9302	8430	7893
2650	475	1378	1790	413	3426	4250	2692	4025	3373	6793	6505	6604	9152	2925	10156	722	11389	2000	12297	11266	12977
2726	7294	458	6882	8651	7285	7807	8671	7566	6592	6543	7326	661	4009	11767	6681	8690	8444	7604	4405	851	4103	1725
3976	5344	4648	6682	6327	4572	9191	11094	8428	9602	9279	9427	4569	6636	11671	8659	12608	6086	7511	12644	8356	13143
3345	968	8382	9014	10830	1988	7135	7517	9726	11211	437	9935	7663	12578	13260	13493	13571	13673
1586	904	4200	5827	7912	6769	8991	6125	9972	11940
1368	1150	5835	12889	12637	13814	13981
3921	5621	2239	9501	104	4011	8283
2918	728	733	223	1734	988	1432	3238	5234	6351	121	8195	6769	9087	10553	5377	13632	13176	13293
3314	10047	10138	12711	7534	10590	86
1263	12275	13456	10480	12366	13320	12370	13647	13690	13736	9567	13621	8965	12878	13564	13738	13240	11171	13847	9213	13331	6435	13760	13992	13807	11983	13948	13982	13875	13187	14071	13950	12774	11561	13956	14111	7442
3206	3568	5081	6239	5362	6712	1903	6055	7207	9069	9326	9551	11535	9233	10811	11445	94	10424	12199	11053	12668	13345	13367	13780	10785
562	10307	12627	13731
3357	7798	5001	7883	12639	3006	13416	12637	13284
840	599	2196	3452	6655	8406	11029	5815
683	8222	8763	9600	9430	9783	10357	2730	8830	9573	10329	11389	11745	10755	12413	10811	12599	12604	12380	13142	7152	13519	13453	12925	13187
4184	295	2094	2473
3800	339	6866	2370
2553	1338	12470	12320	3027	7784	11187	11997
527	6356	9891	12527	13394
1333	11482	9424	10603	12661	8671	10354	11041	12153	13044
2902	8266	7515	9578	8915	9650	10667	11718
609	210	20	1703	2326	3003	3328	6128
3456	912	4782	6046	4307	6855	6026	6072	4008
1596	669	3137	2201	6681	7705
3376	5946	9930	11462	11854
1573	9689	10047	11150	9813	3336
2105	12493	11711	11042	10943	12446	5005	12762	11053	13011	12389	5377	12388	13046	13157	13191	12934	13639	13599	12896	13354	13510	13475	13847	13947	14032	14091
451	5172	6729	11112	10193
2479	6503	10811	11265	9080
2535	2705	3862	4127	4614	1805	4372	6332	6333	2079	6594	6784	2285	5177	7881	7408	5211	8097	8987	8753	10113	10250	10379	5442	6937	9524	10903	9920	11817	9764	12803	12842	12826	12089	12411	12633	10816	6070	13795	4051	13673	13990
3062	8834	4767	8620	10707
2826	11419	11423	4651	8747	11604	11984	12382	11898	12111	11688	12651	11053	252	2963	6091	7017	12920	12389	13175	13194	7475	11890	12370	13321	13077	13717	11159	13562	13689	13847	13886	11707	10945	13969	13754	13267	13737
1560	7509	10473	8996	5733
2300	4444	5654	6333	6650	5177	7807	7881	7882	7679	8470	10810	10962	9840	11444	325	12445	12175
3220	7194	12792	7208	12010	9218	6627
559	13558	335	9501
3228	6451	7145	6427	7463	7492	8313	7059	8470	8131	9208	5027	10892	5431	7342	8991	11224	12752	12179	13008	12560	11936	13043	13171	13347	13353	13309	13740	13279	13280	13281	13282	13307	14115	13881
51	1777	2472	6327	350	867	3739	4582	5597	5947	7370	8222	9520	10827
517	651	10372	11826	10478	3066
1038	8041	4879	776	9199	4307	8097	6472	13413
4132	1564	1668	1024	3777	8780	10489	10290	10769	6825	2275	10737	5684	12899	9357	12409	3468	5369	10385	7730	245	2911	10240	5826
295	7517	2911	4767	9930	5815	7518
1658	6069	8019	7572	8856	9195	9541	11413	13042	8391	3069	10986	3602
776	2769	4573	1549	3994	5150	5591	7214	5815	981	6576	6802
400	10193	11634	11635	12397	7827	10587	12920	9550	13323	6040	10816	13789	5005	13719	13668	786	788	9755	8382	14101
3832	5093	7827	11177	12622	6139	3344	12039
4336	3572	4740	7463	5826	10059
4120	2473	10233	9674	10658	4034	7292	7948	10656
3247	2142	2906	8430
2612	9054	9542	8343	9340	10017
964	298	4539	6237	5736	6559	7473	8227	9874	10672	7137
278	5940	5866	6212	6695	6079	9107	2000	12850
1684	2726	9188
1099	3520	9172	9390	9645
695	1983	5165	6788	8097	10061	5016	8619	8658	9371	12419	544	672	5095	9810	12583
2419	6601	5945	4631	1730	3530	5785	12674	13012
4229	4699	5272	4025	8155	1350	8271	9804	9714	11308	825	1212	2948	6443
4018	4457	12682
573	9219	2070	5815	10490	4307	10542
2060	1850	10764	11649
4348	11624	10659	11196	11208	7663	9311	9832	10824	12456	11635	11413	12842	12175	12775	12955	13532	12462	13599	13589	13820	13282	13625	13908	12925	13305	13454	13737	13921	13971	12645	11549
1092	1181	1652	4633	399	9437	5331
201	210	10528	7982	8196	12934
3313	9409	11947	11415	11417	11634	11635	11881
1817	8676	11032	6681	1505
3953	4198	795	7172	7408	8743	10943	11074	9920	13293
1612	5175	5852	6672	7703	8290	8279	9930	7137	11535	12603	12606	12889
1134	10420	6245	10758	10806	11634	11881
2501	4985	1190	5819
829	164	515	78	907	3318	10830	11604	537
4403	193	662	905	1327	1251	998	1150	1628	10943	11900	3453	7489	7036	11315	4985	5794	5005	12920	12981	12175	6925	4753	13158	13515	13516	13533
3421	9267	7353	10064	11598	11813	10193	7147	11637	11208	12651	11053	13545	13537	13487	13576	13966
512	1539	11872	357	8120	10862	4327	9487	4573
305	5374	5011
3592	5005	6493	6855	2812	8124	9369	8175	4103	7114	6415
215	568	895	1438	6717
2691	5852	5128	7191	6486	7572	6929	11272	10939
957	6324	11384	6923	7242	7704
124	985	1292	861	1317	1327	1466	2138	1914	5114	5720	5038	5126	5666	6788	7710	5653	8773	6976	8231	10376	10309	10695	10683	11118	9647	10388	11545	11713	11042	10600	12243	12649	12844
3995	2034	1078	2069	2980	4139	4196	4199	4060	4040	5976	6421	6788	6985	5731	8593	2222	8938	9652	9903	10806	10528	10580	10943	7146	11419	12357	9416	10923	11888	12823	11053	11881	14030
4010	9123	10156	11881	11413
3823	7818	11497	9089	5394
4106	13874	14175	14183
3094	1588	5305	6026
326	7231	11005	3492	489	1254	2039	5363	8482	11807	2038	6666	7058	10037	381	850	4473	8434	6337	8565	9009	4589	5800	76	7005	8262	13395	13796	2553	11322	11397	11230
2495	6803	9038	8731	11596	5815	9281	6810
1130	4246	8299	10488	9314	9302	10160	2619	2549
2467	5788	6681	3412	6293	10099	11471
3721	3803	4597	4509	4040	4338	820	4717	4926	5779	6729	6562	5926	6081	7997	6514	7680	7279	9067	8929	9431	6843	9896	10402	10812	11761	11296	4090	5377	11717	11198	11240	9098	10939	10943	5005	11053	12951	6863	13302	13334	13810	13674
95	8608	9620	7875	10643
1044	2220	1455	4592	11005
4044	13305	13287	13956	13807
3176	4672	5613	5866	6056	7473	6372	7333	9038	8791	9782	9264	11099	10958	11377	7572	7663	12446	12990
2614	153	10193	10958	11413	11984	8964
4077	4243	5225	6994	9010
992	5815	7883	5722	7269	10484
4119	9107	9109	10806	10812	8961	11208	11211	11423	12599	12605	11828	13622	13666	13836	13740	13589
150	2937	5774	6844	6103	8816	9874	10541	9751
2004	6272	9825
4015	174	1033	1135	1134	735	1352	1333	1081	1495	1404	176	1405	1450	1374	1456	27	2457	1905	2703	8034	11065	9693	1670	2009	4880	7146	4941	6681	5005	12986	12934	12981	12826	13684	13416	12751	13807	14132	13808
2563	505	2220	5981	2687	9613	10658	2904	9940	11753	304	10226	10675	2672	9226	10302	7181	6505	3705	12105	482	9867	9606	11878	1093	10950	11079	10960	12292	11907	1978	11254	13338	13473	7875	11546	13066	9597	1190	9427	12934	12998	6070
3661	9	10061	6776	11651	10837	11998
3663	2448	3383	3858	4616	2469	3666	4560	4208	5781	5870	6405	3453	10470	8671	6002	9803	10035	9357	10484	9571	6146	8641	9995	10012	9501	12777	13310	12372	8702	6446	14004	11825	12126	13646	11617	10262
3225	1506	8050	8838	8000
2123	407	5686	10830	9959	8958	7663
1747	3766	4993	4674	4869	4633	5460	7146	7565	8884	7384	9773	9844	7984	7931	10963	12605	12697	12370	13080	13374
3876	11479	12172	12723	10685	11464	3780	12375	9481	12107	12794	13299	8309	13348	13794	6702	9936	13988	10780
1787	68	2315	4123	2215	5869	7306	6876	8418	2566	2644	375	6352	7807	8506	10810	7135	10650	11377	11118	10665	11184	11417	11097	7663	11832	6626
50	3766	4635	5355	7912	9060	6498	9087	8538	9852	9930	11657	12694	11708	10788	12747	12826	12370	13571	11868	7910	13829
4088	7068	4711	7905	9661	11374	6058	9654
2310	13684	12891	13416	5578	13953	14080	10658
557	12816	8761	13412	13571
3275	198	10071
96	2897	2936	3204	1388
29	7197	10365	7984	10497	11254	3111	7584	9189	9557	9579	7145	9267	6849	9367	8709	7144	7146	11376	11420	11423	9670	10188	12053	10949	10943	12397	10939	11053	12853	13008	12557	2000	13129	13149	5705	12370	12244	12617	13109	13983
2964	795	1150	1770	2111	1546	4409	2238	3111	1738	7584	6044	7766	9785	9887	10947	4985	6139	12623	4131	9170	9867	10490	1308	7720	13613	11371	13132	13224
366	171	1827	2529	1102	1116	1376	3095	6254	4790	5587	6637	9092	5901	7866	10810	7820	11189	11133	11874	13178
52	13600	1352	3363	4076
1120	1570	3786	4676
3886	671	3123	4012	4069	2473	8913
3724	4672	5212	9368	8411	13744
280	6333	5432	4807	9596	10182	7615	9019	11377	11289	11462	9689	6937	11120	10800	12605	12603	11417	11415
452	8253	8284	14009	6702
1860	1260	1693	3611	429	6876	5291	8945	5065	11859
2916	3700	6547	8298	8774
1620	2280	12569	12596	12595	12657	12124	12597	12587	12801	2802	12834	12975	13014	12805	6688	13146	10148	13128	12372	12921	13320	12829	13000	13240	13257	12083	12575	3041	12503
1942	9160	4129	8760	734	5980
990	2781	4135	7206	5235	7491	7408	991	6983	7806	4941	7315	7007	9107	9109	9337	3979	7024	5942	10191	5892	10806	11291	8991	12669	5394	13577	12215
2184	3744	544	5226	7712	1178	776	7779	7982	9368	10829	11462	8934	7663	12120	13191	11239	6070
1048	6929	7678	8726
1131	5659	3868	6052	162	4537	1592
3561	2904	9461	10654	2753
1897	2524	3947	8092	8052	10603	11934	8982	7905	7990	10658	12791	8676	6669	13407	13231	13310	7727
3356	3840	686	4299	5029	4035	7798	5694	11518	11786	12438	13012	13031	6863	10190	13508	13737
2809	5401	5666	10705
1776	5760	1368	2507	9392	9365	1726	1894	12402	4767	4248	10480	5722	84	8705	5578
593	192	2404	4717	6011	6343	7303	8690	5724	8744	8949	9211	8987	10530	11746	5815	9527	10812
2414	150	452	400	409	896	1877	3236	5114	6350	7744	5337	8013	7525	7411
3905	12321	9511	7534
3029	42	776	4946	516	3656	6575	3946	6905	4111	9025	9297	9298	6452	734	6326	7864	7269	9064	7020	1233	10012	9944	12081	4442
1286	1905	2443	3740	6559	1350	5900	9241	4103	301	3706	6515	8736	11868
2628	432	1452	3469	3068	3964	31	4604	5655	6482	7145	7503	6069	7144	8505	10427	10894	1988	9883	9798	2000	7675	9267	10365	11137
42	11150	11462	9689	6048	10542	7851	10643	11939	8633	11395	8731
2264	12606	11634	11881	11874	12685	9951	10480	13237	10816	13261	13000	13622	13470	13912	10363	13911	13496	13291	12256	13293	13509	6180	12736	12294	13300	14163
1621	6139	2201	6983	5573	2607	10498	5201	6586	6245	3451	4011	6233
4085	9428	2079	9885	10361	10189	10573	9730	9669	10943	11786	7827	11927	12388	9550	12347	12365	13438	13639	6070	12891	11433	12582	13876	13872	13879	14141
835	6256	9374	9602	11070	2029
2703	4258	6591	10290	1967	5759
820	410	1897	1043	2447	4208	3116	4430	6054	6252	9658	7276	10226	5834	9327	7517	10723	9930	13110	4970	12962	13149	12955	11430	13478	13819	9662	13990
522	12826	13369	13080	13156	13579	13708	13805	13661	13510	13804	6453	13564	12395	12400	9992	12774	13984	12381	14097	14074
691	3117	11532	11533	10038	5005	11688	12445	12428	12932	6661	9550	10996	11333	13358	10978	13002	13233	13448	13580	13590	13777	13119	13582	13740	13524	13411
3940	1509	6453	9640	3886	1742	2977	9689	11462	5815	11682	11880	6438	4471
3792	4271	6575	4111	8175	9978
186	3051	1208	3614	7860	10658	966	5815	6152	6552
1718	672	10205
1783	2639	1409	2654	2955	3246	3582	235	5258	3111	4610	6641	6642	7378	8306	6973	6067	6823	316	5967	975	8859	4720
3814	697	832	852	1139	4372	6712	8177	7144	7572	6674	8735	7460	7984	8290	10166	9772	9764	10812
2863	6963	8441	8664	9812	10512
851	5530	190	1889	3832	5815
1260	1151	1347	11686
4296	710	4784	1748	5826	9944	2239	11315	6083
1484	4182	11778	13893	8191	8788
1453	10374	554	5080	9035	10047	11417	555	556	13467	902	6681
1546	5737	587	5459	6401	1254	11600	4428	3482	4830	5225	4131	3503	12803	1068	484	13332	532	10296	1003	3044	13367	2186	897	5412	12129
1716	9241	9636	8136	4963	6537	8254	7699	6243
2716	9143	9408	9462	8831	10111	10830	7517	8764	10239	9615	11415	5005	12086	12112	12934	8596	2000	12854	13246	13489	13325	13276	13439	13173	13524	13587	10306	13313	12867	12474
2999	3425	3744	4266	3863	4765	5186	4940	6381	6633	7195	2310	5800	9606	7341	7686	7931	9513	10527	9189	9666	10811	10812	2000	12752	10943	11042	12674	12566	11053	12865	10752	13175	12244	13120	13589	12920	13150	13659	12474	14124
4052	8175	8292	7984	3019	8644	6338	7638	8140	11546	5095
3091	9896	10357	9001	7571	10829	11743	11380	10943	13302	12637
54	3644	5654	5667	7230	6634	6790	2085	7008	8293	8557	7333	6672	7548	7809	7285	6766	7355	10190	5871	8738	10938	3103	11711	9080	12357	11561	11718	8807	12426	7479	12793	12751	12752	12430	14096
330	2300	2301	2115	2390	2337	530	2363	2975	2289	2627	2737	3736	3779	4637	4635	5932	7148	7222	7153	8239	5935	7144	6505	10498	10321	7137	10755	10558	2000	9920	10943	5377	13120
1420	754	2174	1120	6094	9849	13478	672	12414	10510
2722	425	1366	3951	5115	5779	4998	6212	6510	7062	757	8611	5573	7910	8946	6359	8233	10828	11367	13195	13224	7113	13950
2111	2134	6297	7181
2919	2809	10541	3111	8671	9689	10800	10047	11101	1323
707	5815	1730
3432	2541	3250	4005	4009	2975	6238	5128	5601	5315	6081	3924	6103	6529
2078	1099	1341	3368	1293	3784	2369	2743	246	1765	3309	2998	84	4681	4132	6119	254	2859	3102	337	5350	6126	1172	6672	4425	4043	6057	7675	2097	4971	2769	2829
3930	7984	8841	5377	12160
1109	6127	797	6368	2255	3712	10277	3419	10809	1725	1751
3973	1845	4238	4343	6159	7757
336	6126	3958	2436	4004	248	312	776	2372	3933	4976	5110	5748	8381	11809	4975	3388	3945
478	424	506	460	5037	5868	7341	3851	9151	10811	10512	11334
2930	1090	764	690	3341	4097	1813	5122	4360	5735	5300	3451	8557	8859	7846	7720	10497	10064	11815	12311	12823	12649	9114	7827	12977
723	1196	5759	132	202
2119	2067	2263	7447	8483	4571
168	4296	2686	2102	4759	2207	3581	5835	5852	6673	6986	5269	9392	9208	9391	9781	5139	9032	9940	11178	7136	10153	10829	11871	11783	10547	10512	12438	10850	13421	13317	13495
1303	4931	4845	5774	8479	11415	11881	2000
1737	7133	13167	13013	13665	1735
972	4418	5658	6548	6561	7022	7847	8339	6866	8848	9408	10250	9521	9844
3496	2527	8671	8705	10012	10541	9338	11315	10663
1049	3412	4040	10541	10012
2303	5666	5135	5323	5551	7306	8154	7985	9108	10100	10305	8232	10938	11526	10283	10670	11537	12163	12889	5748	7396	7574	10785	1708	7486
4254	5130	5127	5975	7062	4042	6780	7148	5935	7172	6836	7144	9102	8073	3562	10552	10829	10646	9847	9732	9840	10132	9839	10808	10812	2000	10819	12527	12752	7827	12342	5005	13030	12384	10202	13175	6907	13221	13579	13474	12920	13966
1903	9037	1430	9290	7285	1350	3421	9172	7603	4952	2249	12448
4224	4647	2280	2070	2748	6791	10087	10090	1362	3652	1107	10160
4063	6889	8633	7603	8605
3425	12357	5377	10943	12559	12446	11464	12509	11053	11861	13001	12388	12389	6863	11345	4899	11333	13321	13023	13323	13574	5705	13245	11137	13054	11433	13209	13490	13614	13551	13842	13353	13820	13835	13851	14101
1144	303	4995	6268	7449	9961	10514	10761	11261	11374	11521
4235	2809	3451	4516	9714	10035	10040	10037	11627	11749
3485	4616	4615	2935	3580	2644	3951	5422	6062	1819	5028	5276	7289	1730
2786	7683	7998	7285	8720	8170	9883	9890	8991
3964	9665	1023	13312	8215
235	7708	8406	4134	9226
922	277	467	1707	5755	6390	7172	8949	8052	9672	9248	9676	10431	2000
1952	2460	1753	2823	2153
1331	4574	4834	4826	5812	5139	6036	6079	8071	7340	7779	6963	7602	9064	8519	9055	9414	9912	10304	7517	10056	6728	10517	11553	11783	7146	5005	13231	13531	13571	12920
3618	3892	5546	8448	2475	8281	6504	9526	10188	5934	8232	9915	8917	6711	7986	10512	11617	12621	11710	12751	5005	11983	13715	13716	194	13409	1574	12977	12770	13362	7366	13922	13946	12394
1215	4512	4811	9523	4919	3736	4237
1830	2864	3855
436	10012	2470	5578
613	7786	9926	12194	6681	5001
2452	10809	13015	3543	12982
525	399	5854	5757	4902	8204	9159	9244	4474	10806	11380	11637	11635	11634	12399	12684	13063	13547
549	10184	11261	181	13310	10929
582	384	7982	8792	9798	10434	10812	10665	13813	13898	12867
3232	2722	5025	5264	6126	2223	5434
2518	8671	7078	7477	10886
1705	3022	8721	1297	11641
3500	2562	6277	7589	1289	1304	1894	30
1255	3278	5135	5125	5599	4998	5926	6709	7090	7712	7945	4306	3669	9051	9682	13120	13315
2613	6026	1592	5912	1822	9977	8989	5814	7030	10183	1052	1679	982	8963	453	8722	514	2646	9451	805	5815	4463	4767	10817	7056	11595	4007	109	12526	5095	1308
3446	1723	206	5941	8222	7936	8290	8870	9164	9526
569	1050	124	886	4244	4269	5234	5840	4468	5186	6696	2947	7776	7146	71	7910	9392	9414	6378	11039	11316	10812	5193	10756	9972	5472	13717	6070	12977
1192	4884	6987	7497	11122	6053	11416	5005	10943	11053	11634	11881	13707
1826	5748	8633	3271	8106	5206
892	2382	1323	2592	6695	5720
1089	9054	9689	11462	11948	13191
2527	3908	4775	5356	6601	7514	10811	10830	7147	11552	9972	11888	12971	13439
1332	1823	3250	2315	3654	3869	1634	4241	2418	3806	3545	4643	6544	4940	4200	8131	9072	10334	11332	10811	6421	11776	9386	8219	10812	11227	12889	12716	13684
1006	7599	10193	11875	11983
2378	10239	7909	13183	11103	10193	10665	11093	7147	11637	11573	7146	9524	10651	11423	10652	11375	11380	12053	9789	11817	11818	12051	11881	12145	12147	12148	12486	12204	12367	11053	12634	11239	1324	13740	13488	10477	9511	10051	7910
2970	7276	7069	4490	7972	4477	2969	6583	4689	11462	12149	154	9365	10367	6812	399	6218	8896	10047
3680	10555	6261
4114	2894	3952	2307	5666	5564
761	10808	2644	4047
3277	8870	8774	9250	10186	10114	9579	10522	6849	10958	9267	8824	8961	10943	11398	11290	8963	11580	12314	11841	12838	12179	12816	13492	13210	11578
3136	5024	7015	4407	3745	4932	8866	9274	8577	9699	8269	8585	10187	9658	8388	8664	7984	9064	10829	11017	10638	7137	11983	11129	5377	9764	12022	12413	10939	5576	2925	13194	9323	13418	10500	9984	13450	9155	13346	12630	14019	10306	12867
893	8732	9686	8731
55	1583	5757	9392	9772
3636	2390	4208	1901	4940	10806	13310	13537	13336	12794
3359	9175	11537	6913	6151	12544	7285
65	4307	1894	6571	10324	10800
742	343	5095	5220	5706	5825
911	11002	4103	9247	3947	12131	13310
4197	2489	9209	3428	10183	8770	11560	8638	10943	6788	13453
3462	2310	9894	8230	5935	8411	9327	10829	10808	6458	437	3344	5729	9872	11739	11240	11936	12393	2000	12088	8189	9432	10752	2662	13129	66	9714	13310	12638	8288	8926	9117	10541	13336	13315	13325	13516	13586	13571	6942	9843	8474	13521	13224
3714	6193	3058	6599	7030	8470	7144	8769	5577	4985	859	1906	4111	8157	10190	8671	8672	6620	5214	8234	5826	11821	4490	10217	10811	10023	8544	8328	11169	11817	7215	9490	6498	13198	5095	12537	11137	13675	13018	13033	13438
1870	8321	3412	5156	10787	12564
2207	8696	5005	5377	5882	12369	718	10623	12508	9606	11501	13072	10498	11697	9555
2404	11635	12527	12566	12713	11881	11053	12086	12175	10752	12388	12389	13175	12889	13080	8556	13282	13411	13416	13632	13990	13297	13294	13283	13285
915	11341	7884	4767	5942
175	7252	3248	10318	10411	7623
2411	2201	5896	10830	7827
4050	414	5129	573	6681
4287	3378	5738	5974	6323	7300	5397	7340	8436	7177	6963	9763	7385	8279	6079	9874	9417	10426	11282	10830	11488	12117	10333	11717	11745	11296	11839	11926	11925	12606	7215	11053	12802	13231	13421	13317	13499	13707	13756
1924	323	1143	1667	8627
2220	9633	1099	4040	840	1525	3130	3216	10289	5034	1819	3682	4488	7386	6413	9010	1800	7114	776	11611	11791	851	5224	600	8838
1490	1686	8000	9184	2437	5748	6681	7179	11134	11351	11933
1588	3383	2201	5788	5900
106	13781	13791	12946	13789	13874	8214	9810	13869
1655	8399	8721	10085
2171	4249	1750	7744	1264	8935	9270	11002	1751	9689	3758
1258	8702	10605	11430	12326	13511	13657	4471
2728	524	1076	4769
1464	8903	10239	11239	798	10943	11129	10179	7146	10939	7652	2000	10797	10949	12357	11917	11445	11817	12088	11053	12782	11688	6863	12557	13122	13056	11346	13717	13392	13578	13173	1935	11165	7711	12637	10306	12804	13576	13756	13990	13541	14030
1902	5645	4952	6071	8917	7032	3164
419	5424	11731	13241	13736	13660	13807	12899	13282	13912	5058	13911	13523	9265	11605	11852	9266	12276	13958	13964	13963	13965	13999	2473	13284	11521	13760	13875	13948	13851	13982	12975	13306	13159	12294	9227	11687	12725	2515	12339	14083	14160	5824	14081
34	1924	4634	9269	11643
1327	852	1679	2099	2766	4407	4521	4987	5152	6416	6887	8678	5760	8790	11368	4723
1098	185	2240	2622	3516	5555	1860
1296	8907	6844	4523	9386	8428
3628	1372	5708	6831	7200	6343
3531	5220	6823	10826	10499
3354	13257	10816	5578
3924	6559	11374	9504
4327	6855	11315	11418	12145
2053	1008	1278	1509	6423	7171	9014	7381	5248	9596	9689
1914	10346	693	10292	10929	11585	5714	10047	11262	9871	11349
4027	11132	8633	9686	10247
1235	2812	4952	9357	11630	10987
3301	7341	7997	6834	7449	8689	8698	7151	8290	8578	8808	8826	8870	9217	9413	9408	9201	8862	9892	7984	9318	10522	9594	11813	10424	11975	10812	12573	12558	12705	11053	11227	13001	10202	12244	13158	13002	13120	12370	13325	13582	13769	13850	11857
3847	2705	4227	2715	4711	1031	5220	8347	8436	12075
540	1715	7294	1028	5338
379	9972	9667	13312
3834	3711	5788	7538	4331	4314
3503	740	3914	3519	5323	6036	5773	9412	8506	13149	13532
3869	7618	2702	9850	5785	9490	4492	11184	399	8339	12672
1653	2685	4878	6780	7320	6579	7915	7407	9429	8831	9727	9881	10193	11378	12973	11857
1628	415	4792	5601	10193	10811	10686
3835	1815	1221	2758	2736	6803	7740	3111	7584	399	9853	11952	11643	10047	5095	365	826	853	3782	5681	8353	10069
1328	5867	6052	8372	7150	8808	9109	8698	10958	9930	11288	9584	12111	12426
3704	3507	9726	10830	11119	11292	11423	13717
2005	3523	3572	4863	5291	5128	6694	6406
1201	1534	490	2390	2399	2541	2692	2618	3275	3965	3808	3345	4183	4040	5853	5869	5643	326	3334	6617	7685	7807	7806	9154	8351	4533	9324	7200	8975	8131	10811	10646	11378	8290	12357	5611	13279
2666	6313	4502	5300	7064	2217	6944	7216
2088	7954	7445	1637
3751	600	935	306	1492	1839	162	3226	2740	5598	6413	5028	7416	5434	8328	4009	9251	8943	9258	10056	10829	9659	10193	11124	10466	8638	10600	12453	13031
4036	3419	7632	11527	1322	10939	4047	7316	6468	12640	11937	2561	7094	7228	12770	12175	6907	13315	12244	13260	13950	13990
154	4082	4779	5636	5666	5125	5126	4998	1860	6485	7190	6850	7154	7806	520	3771	9089	8967	10100	10646	10361	10812	6069	11710	10811	12086	12652	12588	12698	12923	9537	12647	13547	13315	13224	13291	13299	13605	13783
2068	9019	10958	8961	6839	9055	9392	13533
4199	64	4672	6212	5932	3924	4282	6506	5186	7195	6323	7492	7388	7618	7998	5204	8045	8774	10480	6046	8495	11571	9972
3783	2715	5679	9528	9501	10019
216	2363	2684	5866	6050	9284	10527	10673	8765	10903	13673
1063	7306	7409	8471	10427	10830	8792	8770	8881	5005	7827
2233	7428	1918	4648	5912	3532	9383
2521	4029	6372	10047	12433	4768	12912	11254	13709
3372	2390	5853	6350	6425	7062	6788	6845	7191	7226	7715	2238	8836	10117	10595	10270	11391	11109	11875	5377	12366	7493	13099	13194	13516	11641	13606	9357	13675	13079	13604	12400
2941	2337	7675	9774	8770	10193	10650
3684	2750	3171	3045	5721	1065	5551	2195	8612	8372	8825	1597	8716	8774	9201	9716	8663	11239	7285	6351	11479	5394	5005	6937	11881	11334	9920	10587	11053	12557	12826	13325	13503	13717	13453
2525	10381	10892	5431	10169	10828	10193	11377	9243	10863	8961	11535	2360	11743	11717	11208	11240	7146	4667	9832	10830	11198	9211	10943	772	12632	5318	13142	12275	12826	12850	12593	13382	13173	11179	13150	11066	11067	14080
3143	1603	1465	1730	228	20	782	1211	2121	439	929	2716	2297	477	2093	1964	1416	2774	2190	669	2267	2876	3531	4196	4815	4816	4963	5083	1536	5369	3197	5368	6343	6504	7340	6459	4509	6670	6191	7567	437
4061	8527	7020	7200	9657
2509	2255	2675	1730	4208
2112	1737	3360	2663	12059
3142	6114	3419	3236	9990	4058	6089	8496	9776	8999	10069
3128	4672	5121	7191	6381	5926	7427	7370	10811	11379	9267	11881	5377	12574	12559	12850	12112	8183	10137
1811	3170	411	3988
2605	8573	8785	5096	2460	4464	4194	8892	10626	10359
1561	5355	5127	6352	10552	13464
1502	3688	7305	10051	10101
2895	1080	2577	7062	6427	7450	5908	8698	6964	10806	10782	10351	11553	12179
1703	4904	7860	8721	9439
2603	7971	9267	11112	12148
2940	2456	2655	3671	7062	7971	8612	7913	5418	8868	9410	8143	8382	11403	11553	1212	9437	11537	12187	11723	8638	11074
4262	1794	2451	3370
56	11781	11881	12981	11635	13158	12941	10816	12863	492	13289	9544	11032	13835	12683	13966
1375	852	7828	545	8721
4391	588	852	2242	5247	7860	8040	8053	8997	10378	5748
2333	1036	6069	10806	11391	12357	10943	12875	6863	13276	13435	13153
3606	11199	11313	6525	10145	10497	4799	5773	6573	8552	8682	3111	1894	6574	8838	5567	4063	3031	8318	1323	2897	45	46	91	1819	2300	8860	5960	9125	3358	12149	3758	9887	13469	8843
206	7534	10957	11261
2291	2694	3187	5412	354	1965	3111	7584	12740	5295	1308	13212	5578	6453	10816	13035	6692	9145	8965	13564	14112	13807	13851	13760	14062	6435	12929
3341	94	679	1249	3021	4966	5337	3782	7879	5800	6543	5742	9408	282	10558	11183	7827	10694	10877	6124	7577	4913	7089	9923	6069
1012	4011	472	1690	12010	266	9511	10377
2216	432	4177	6803	7984	11177
1763	1974	1166	1635	2644	2835	4384	4672	4274	3374	4577	2463	7473	1725	1800	3344	5324	7539	2370	2243	9108	10958	9804	11462	9571	641	9695	4011	4364	4631	9640	13518	5467	366	4009
3266	3459	3089
438	42	852	3645	3793	3736	4672	7671	9267	9307	10183	9095	8961
1992	9296	9071	9501
1288	9190	8382	3360	6340	11180	7420	6802	8672	11315	852	10497	2977	4427	12171	9548	10766	557
2765	2414	2614	5439	8048
2399	2724	5666	9076	9642	10705	7517	9930	11635	11585	11413	11634	13416	13737
2496	12600	9664	2387	11296	5472	8329	6447	10776	11559	11692	12001	8665	4491	5826	6070	13380	2540	10568	2436
2066	1180	4774	6041	5909	6506	10411	7875	11289	11537
3196	6908	8665	8988	8235	10791	11389	11133	7285	11871	11936	12390	12844
1961	4941	8917	11385	7410	1262	7039	7984	10737	3696	7910	8391
440	2473	1046	4998	3406	8285	8808	9659	10811	8795	11757	10943	11656	10777	12567	11917	8271	12175	13198	11712	12933	4219	12462	13622	10543	13701	10784	13921
1895	7786	5819	9183	9100
458	13368	13198	10480	13564	12680	13647	13048	13493	12860	6435	13807	13331	12774	14111	13882	13808
4116	4349	5411	7699	458	1027	1076	4845
657	1345	6122	11477	5720	7692	12430	5152
3124	6094	8926	10974	10105	12197	6444	9779
4081	4354	8541	10372	3111	2165	5067
2422	2201	6142	2576	303	1608	8799	3782	4746	1730
3692	7879	8661	2222	5396	10830	11406	10037	10578	11532	12857	13122	12080
331	1300	1054	6973	6274
2469	2210	7128	6211
1480	7984	11643	339	3111	6702	7292	8552	9469	9689	10047	11651	84	10976	7588	10462	8062	10870	5825
98	2851	3561	387	3368	4197	3043	6476	6336	8034	9108	4182	4194	9196	9197	8762	4946	10166	2730	10812	11197	8991	12058	12313	11817	2000	9524	11917	12086	13206	12977	13521	13688	12396	13541
1366	2249	9930	13283	13286	13294
4186	5677	8077	8340	947	2473	3481	4597	4999	6108	7070	8679	9010	9375	9907	10512	10760	10780	11261	11761	11928	198	2755	3183	5887	7055	7102
74	5343	8823	432	448
2594	10347	4941	6672
2904	656	1667	1874	3304	5561	5917	10811	11637	2000	5629	10849	7140	10817	1978	12757
472	9930	11289	10651
1000	6341	6167	5826	9893	10558
1156	3537	8495	3466	10379	10451	13150	13354	13367	12370	13717	10709	2484	2904	13153	13820
1685	4515	4076	6332	5826	2284	7407	7983	9185	8249	10182	9541	5096	10958	10829	9526	11537	12147	11117	11635	5479	5972	10909	12747	12875	12842	2433	13325	13535
4340	2681	334	1925	6410	11366	10952	9069	13621	12680	2332	6139	7507	8721	10349	11165	11814	10394	12465	2099	9784	13669
3560	4769	7506	7905	239
747	3049	8391	9195	12771	5990	7827	938
3168	4194	4555	7518	3580
576	4850	10943	11571	10391	4101	3301	9526	10051	146	1081	6617	4716	11405	6629	10109	11334	11183	12399	12381	10564	2963	12920	5230	12647	11333	13194	8738	12282	13589	13607	10175	13526	13674	10638	13846	13528	13446
2920	9196	9405	9431	9060	10250	10527	10695	11112	10671	10143	10659	11671	11985	11537	11871	11114	11604	9511	11487	12111	12086	12367	13547	12953	13350	12734	13588	12736	13873
1777	8766	10806	5826	9778	11569	10829	10949	9670	11424	6372	12492	2000	9798	8830	325	10943	11634	12357	12036	12814	12554	12727	11053	9432	12236	13231	13097	13149	5705	12744	13315	13586	13260	12637	13756	10727	13872
4159	7758	9361	843	9711	6004
1700	676	1130	1152	6693	7287	6628	9232	12606	12772	13056	9920	13684
1499	5	11913	10520	10654	12141	7910
2656	3172	2675	5587	6448	1411	7898	10367	7799	10658	11686	12339	12743
797	4275	5152	5720	8283	10017	895	7486	9595	9911	13166	1226	1271	9457	11008	4660	6998	12969	326	12288
468	5983	1295	9858	12376
2819	737	1903	2490	3393	3793	376	677	2254	3827	6022	7806	7892	9108	8723	11526	10811	11919	11983	5826	10812	10981	12251	13251	13521	2753	6766	10682	4974
3419	2866	5786	7991	5632	7983	7954
3025	2939	4855	6673	7807	8716	12954	11308	13374	13744
4269	7778	2753	3226	3502	8796	10367
473	1448	1894	2321	4197	2133	3388	4143	4142	3910	5774	5852	5572	8275	7440	8727	2880	7860	6737	8691	9109	9107	7808	9462	10439	6400	12344	11622
4165	5445	6728
1376	12149	1588	1670	3291	3988
1307	9524	10943	12591	12633	7827	12758	13231	12547	13479
2590	2315	2030
639	3418	5186	3987	2914	2920
866	3792	231	4301	3947	5226	4544	8671	557	1509	4918	9695
2372	3842	4097	4908	3886	85	8406	11791	3044
1875	7827	4952	10584	10654	13253	6576	9520	12632
2617	6005	5186	9232	7663	13582
1141	606	298	367	578	2055	2119	983	5128	5129	6650	6519	9232	10811
1793	6674	6011	5669	6317	5412	6902	11770	4654	4981	10535	8328	2672	4730	2800	3408	7984	12687	4987	6428	7188	8859	9923	9949	9541	13223
2723	2330	5218	7891	6333
2540	3974	5803	8930	4843	8853	7884	8857	2252	9393	9707	11850
3234	1621	1746	346	4749	7078	3705	895	5895	4769	9598	5373	9404
2542	791	2512	8238	2809
1160	582	234	4196	10806
4312	1533	5826	5225	132	8994	735	157	6623
1291	7114	5226	6317	6416	7269	7292	11767	11643
174	8285	8562	9325	10829	9094	10811	10142	11532	11881	12668	13024	3775	12826	13029
689	2801	2840	5562	7786	8208	9405	6140	10193	11208	9894	11397	8372	13532	13762	13783	13282	12683	13307
62	6980	7168	4695	499	7929	5001
1308	238	9509	5152	2048	3333	6528	11625	13910
4187	6349	6232	7300	7230	8295	8833	8131	9060	9196	8006	9821	10111	7984	10810	11497	10160	10143	10918	10939	10949	10652	9764	11881	12399	11926	7144	10512	11415	11417	11634	12035	12636	12835	13110	12370	13198	13411	12736	13305	14029	13491
1363	10705	10808	7092	7093	9267	7137	11129	11211	10193	11462	12056	12052	12092	10652	8961	11290	11422	11424	12243	10943	10824	12747	13030	10510	12826	13323	13421	13080	13531	13260	12891	13280	13279	13293	13299	13835	13819	13577	13829	13286
4453	438	942	6544	8441	8534	9332
2122	2753	9714	9810	10054	6072
3962	5754	11203	7030
3662	956	1005	1370	2711	6343	6338	8944	2222	7885	11415	12889	12955	10320	13416	6774	13242	13282	1804	11788	6278	13916	5376	8525	13287	7937	9457	13380	12967	13531	5977	6052	6082	12185
2827	4387	7045	7131	10654
2618	2526	2363	2692	4672	5430	7137	7599	7735	12194	7909	8328	9159	9250	8560	5834	6426	10522	10806	7136	10437	11876	10918	11398	11053
3426	2115	6593	7139	6458	7146	4134	9892	11388	8443	12204
3483	6212	6341	6593	4282	7190	7302	4730	7459	7530	6601	7403	8306	8870	8578	10113	9628	7810	9307	10188	10830	8627	10943	12674	10834	4008	9377	12835	12853	3775	12647	12990	13688	10111
1185	7621	399	4007	6079	3604	5815	4008	9810	11630
800	7662	13115	8117	7526	9311	13046	10816	12990	8337	632	12017	12215	11351	13352	13876	12480	12226	13941	11684	13549	14111
2106	3098	4367	5048	6667	7432	10301	2562	7817
2731	5122	4282	7320	6503	9391	9919	10811	11112	10667	13022	13152
694	5602	5186	6602	7663	11418	12674	13545	13098
4243	6091	13658	10890
822	1354	7368	7905
1292	7965	10658	10869	11028	11928	11969	13157	531	1800	5949	2128	487	3577	5374	8374
2905	1727	1631	1366	2356	2351	2390	4672	5125	6135	6458	3924	8609
251	6681	8035	10301	11923
2901	7984	9413	10223	10423	11774	7147	7137	11404	11406	11488	10192	5005	12399	10939	11741	12601	7827	1683	12485	8208	12981	13547	12044	13224	11315	13762	5412	2499	7655	14133
1505	5785	7119	9450	6574	10047	5734
1426	1788	10908	3613	5594	10411	7512
2244	9036	11416	9267	11376	11842	10047	11121	10659	8864	11208	11420	7663	11212	11375	12175	13097	13705	13291	13299	11186
685	1773	1432	4860	4200	7148	7685	7491	7807	7057	9089	9912	10811	4262	12016
1527	45	1667	7997	8372	10829	5872	7808	7137	10810	8808
2443	9944	10238	10918	5154	8692	9243	10267	7160	9620	11239	825	5826	5911	6795	10811	3751	7475	11818	11926	7073	9810	10929	10959	456	2503	5488	5887	6894	10179	10205	10712	11053	12805	8672	13096	11630	13388	4566
2963	7769	9030	9699	9265	10829	8770	10580	10650	10193	9267	11117	8961	11047	11540	7147	10665	11413	11423	10808	11854	10800	11634	12053	11817	11881	11464	5318	11053	12778	12934	13350	13421	13568	6408	11524	12443	13578
980	5611	5977	7193	11936	12770	13231	8391	13199	13302	11805	13313	12925	13528	13975	13644	14101	13856	14154
4128	8534	7515	8938	10830	11916	11333	13336	12934
3864	7384	8262	13537	5226
3397	6250	9837	12300	5304	11737	12156
1959	3421	3512	4089	4403	4504	5815	9246	9399	9990
1399	1569	1657	502	893	1678	1455	5904	6232	6695	5788	7145	1708	2423	173	8172	5008	9109	7923	5707	9716	7197	9874	10811	11251	10955	11838	524
1355	1316	4008	6070	11538	12482	13165	13016
1391	2532	1817	3087	4105	3701	3991	6748	7019	6903
2733	8803	10276	624	5815	10738	12466	7711
1985	4485	6627	7237	7985
1724	2602	2884	3314	3632	7319	7489	812	7222	8406	11315	966	2064	8706
969	11783	11331	12351	11267	13118	13129	12934	13545	13173	13614	13921
938	9283	8331	9267	10515	11863	8864	11122	11418	7147	6421	12037	12236	13120
1084	4112	4148	5691	7950	1592
1256	3532	5579	13060	13103	13229
3105	5785	6332	8141	2673	8671	6498	9060	9326	7492	9930	11832	11987	6079	12187	10939	12838	10755	12698	12351	12844	11877	12864	12370	5377	13093	9567	12830	13789	13354	13804	13453	10816	12934	12823
4062	334	931	4490	5597	11389	4250
3104	9267	10193	11112	11423	12145	11379
1128	9318	7991	10799	13121	12991	7292	9921	5267	8888	1839	6458	9362	12137	6187	853	12231	776
3253	4767	9952	10215
3036	1361	127	2352	2961	2546	2535	2351	3479	7634	5010	8660
3841	11600	11413	4156	10788	11881	11635	11634	12175	11420	13008	12086	12383	10109	10786	13316	12370	13599	13094	13631	13281	13292	12765	13346	13589	14014	13819	14041	12920	13820	13282	13454	13947	13872	13954	13946	13755	14124	13585
11	1037	1038	5884	13731
1474	765	3419	1191	4162	10180
237	2148	1640	1969	10949	13198	12802	5005	13404
2360	2261	4834	4939	5355	5679	5821	8613	8905	8866	9472	8966	848	7269	11250	10803	11580	10069	2381	4309	9972	12944	12826	13336	13599
1997	10234	3565	1308	4019	4655	9400
2362	5558	6780	6927	7137	7753	5494	7997	3373	8109	7144	2223	8665	4753	9430	9783	8938	9772	10580	5826	3893	437	11553	2000	10512	10939	12111	8678	12618	12972	7827	12866	13191	12771	5705	13172
355	707	3412	4985	4008	769	2163	1686	4784	8326	1350	1512	1822	11625	581	5814	6676	1676	6956	2201	10976
323	4288	6249	335	5699
636	1582	1730	6273	3054
1972	1539	3607
3294	6607	8720	9584	8936	11122	11289	11947	7663	11881	12683	13345
1957	8025	8239	1732	2635	5270	3072	3906	5739	8721	1972
2519	7276	7426	6711	11473	2820	290	822	2477	2732	10063	1308	3419	6044	9887	10682	11630	785	3705	12039	13579	2430
1954	1103	373	854	2426	6601	12820	7733
3893	9854	10004	5678	8052	11854	3589	13007	4718	9914
2835	263	2781	7786	6555	1492
315	11624	4714	6554	7351	7438	9288	9400	4755
2522	1514	2795	2967	5785	2284	7341	6165	8406	9601	12370	13731
4406	3932	6979	7134	8473	9581	9590	5148	12006	8705	2220
1859	7731	8872	9365	500	6580	8261	9103	10665	10912	10929
4111	429	6753	12222
4384	9439	689	7334	3750
3828	1658	10811	12986	8726	5152
3911	315	6373	7392	5641
2121	10806	10755	12022	5377	12618
3614	429	298	754	1473	923	347	1619	4834	5666	6342	3037	10650	10193	11197	7387	8721	11289	7663	5005	5377	10725	13323	13405	13412	13422	13836	13293	13299	13620	11756	6024	1800	6070	13144
4149	1302	181	734	1563
4250	4200	2359	4008	9613	5887	7211	852	1453	4307	5069	6044	783	2914	6340
604	477	734	2239	11112
2829	3338	2220	5095	8552	9949	10511	5578
1057	399	4203	11018
2387	12210	12424	7757
2364	11627	6044	12100
347	3734	3869	6433	7140	8219	7144	8505	7677	9414	9891	9413	10270	10829	7181	7984	7145	11888	11053	12175
135	2939	2530	1920	3494	3182	3362	4767	9294
891	6898	8633	9625	2263	8406
4129	7802	4494	7581	8374	8585	8690
3728	8815	7269	8626	9506
456	4196	5114	5943	6338	6673	5551	8735	8382	7943	8883	5666	9890	10270	10808	11526	10829	10193	12055	10800	10287	13122
2222	4386	9501	11027	585	5524	10103	10887	1492	10296	603	5826	3276	7250	895	1308	9042	10770
3897	4015	4717	7030	278	4329	4941
287	7022	7934	9126	10250	10191	10527	10810	13599
1137	435	1344	3421	3930	4417	5912	8712	10205	5044	10591	11983
3631	6276	7061	9269	1344	4381	4997	8207	9265	5748	9694	5635	5648	11906	11942
2040	3370	7492	8425	8090
57	3987	1308	9954	10431	4182	11641	8406
2818	2351	4768	3589	5276	5478	5499	2757
457	10322	2904	10047	3446	2501	8496	13703	84	7274
2477	6135	7320	9054	13453
3468	10047	11462	11651	12692
165	11565	11860	12297	12377	5811	12161
4216	5111	4414	6044	2907	4103	10047	7912
3063	4221	9420	5411	11104
4118	1868	5177	11363	11215	11151	77	12059	8406	9280
3530	5902	3278	6552	5119	1800	3406	7153	6979	3974	2559	4856	3639	5341	8121	5264	1871	5137	6227	6983	2687	4183	5437	4377	113	3758	2644	4805	2183	9829	376	532	327	6652	491	10955	6525	526	6035	13468
3423	1730	5815	4575	1879	8031
4011	10497	7269	10658	1527
1669	4005	5580	5124	6844	7913	8058	8613	10193	11338	8961	11678	7663	9524	13110	12856	11413	13224	13624	11433	13279	12920	8808
4297	2786	3783	4594	4644	5036	6238	5763	7300	6601	6048	8429	9329	9330	9069	9233	9462	7451	8161	10426	11133	11462	11290	11208	8924	10808	12844	12447	12875	12634	13707	13614	10785
1315	4284	1522	6878	10830	10239	10527	10511	2062
381	11099	116	5069	4407	10131	2553	4520	9427	727	2074	3759	5304	5814	8239	9635	8714	6803	953	4158	9993	2412	8917	8676	5152	5263	12327	2611	3344	9949	11030	11627	11807	11829	12329	7784	4008	6810	8304	10641	12224	12101	13609
3972	1350	10726	11159	11641	11653	13003	2885
1725	3891	246	9848	4493	5553	8112	10658	3200	12159
950	5785	3146	4054	1730	5723	6639	9269	6076	8731	11609	4405	11791	12056	6331	11671	11003
3001	2299	6864	11348	5718
2246	11644	2048	5960	11351
4272	7539	8917	2308	10429	11617	5201	10018	3536	11720	9115	2220	6681	4158	11269	483	1883	4182
273	5916	5403	1527	9054	3946	10958	9930	10650	10652	11208
2349	779	8726	223	2979	13025
873	4076	4585	6543	6575	6723	8406	9571	8646	8671	9688	10193	10410	11315	14	938	12238	3183	11465	163	9712	5826	8672	6580	2608	5720	6329	10233	12287	2061	6022
4087	1290	5815	10266
1489	4672	5126	12685	12934
3041	8907	9264	8770	8961	10193
574	3111	5826	8348	3120	3652	6586	7193	9103	10780	8895
2753	2261	4469	2580	8883
3581	5403	6409	7162	7378	8141	8306	7934	8580	8096	8727	8723	8768	8870	8947	8948	9331	9333	10111	7984	9026	9196	10695	7828	9748	11112	10704	11133	11537	8355	8807	10274	11670	12823	13717	13515	13392	13729	13707	13607	13720	13737	11917	12788
243	6372	2223	9055	6203	8936	10193	8627	12772	2000
2900	970	6370	7340	7228	8362	10309	10806
3572	6034	938	7285	8009	10607	10704
710	191	5736	6335	6806	7684	7248	7881	6601	9759	9666	7922	11618	12055	11379	11415	11417	11423	7146	11058	13438	12830
2320	7385	8034	13353
1078	4182	12411
2324	2673	3403	2864	6458	8055	8742	9382	1909	5815	6210	8380	8385	2021	7440	8318	1126	3894	4517	5146	8578	2523	4880	5152	6048	7991	8147	5572	976	3033	5686	6913	5007	3946	10559	8672	10410	6011	10963
195	5019	5655	6181	6593	3052	8351	7463	10829	10193	11881	8864	11419	11423	3466	6937	11578	8189	11634	12782	12716	13325	11857	13976
2194	7024	11560	2663	11430	819	33	4068	2528	2477	6714	367	2843	9689	10800	4621	6458	580	13453	555	3072	939	1942	10476	628	5009	12953	13679	5827	6422	8547	6803	8889	11275	2549	12949	13896
2687	9347	10869	2549	3900	5826	8391	11182	11318	11460	11597	12411	12593	251	10160	12414	8382	11041
3620	1660	2401	2008	929	1686	1730	2348	3599	1492	3393	4472	3472	7388	7828	8010	7007	2029	7240	6253	9502	10949	10395	9851	2316	12971	13316	5335	11854	13510	13541	14030	13988	11549
1396	2975	2980	3645	5951	8306	8342	7789	7406	8156	6079	2925	11532
2828	8938	10830	9527	9267	10193	10812	11208	7144	7146	2000	13231	12955
2654	7827	7651	9357	10458
3617	5636	6230	7144	8767	7681	9578	9201	5824	5317	3278	11005	11288	11553	12814	364	13020	13177	13503	13708	13589	9426
2838	7495	3097	8716	10830	6728	10646	12054	12055	12052	6937	10943	11783	4767	11531	12683	12069	12130	12643	12970	12822	12611	12826	13367	8957	13281	13293	13309	13287	13975
4321	8225	8914	12209
1025	852	1308	1922	9404	11183
1087	968	3870	6105	8473	5850	6525	1725	1801	2427	3344	5095	6742	6979	4567	9010	5217	2071	4579	919	6076	6448	8278	2459	5556	9289	9672	6447
1582	300	878	12135	11881
2282	12928	12707	8381	12850	13741	14022	2473
2685	1076	941	7858	5090	10650	11572	8991	2166	11573	12357	9524
3431	12221	8763	11141	11940	13447	2263
1775	8074	1820	2473
860	6422	3186	5289	3451
3243	780	1482	3502	3128	1507	9048	2768	9103	2803	11639	11151	501	2631	4473	12926	13338	5084	6314	8721	8832	10465	11206	12441	12765	7269	9492	6070	11552	8253	8678
2204	10987	1076	1847
2762	4769	5815	9855	5826
2155	2812	7189	9816	12523
1556	11049	1894	12047	1683	11781	8721	12062	1349
3458	6845	7157	2459	6058
581	6093	6190	5473	8549	10047	10545	11258	11709	13102
2755	6704	10968	4103	5815
2894	2249	2804	2736	3009	4572	773	5823	6336	7491	437	3156	11828	2411
1977	734	3373	1906	5277
385	1568	2707	5457	6806	7568
971	2735	10184	9403
529	751	3572	2867	2712	4009	5836	5053	7891	6053	6936	7776	10497	10515	7300	11738	7146	8058	8966	10110	11129	5377	10943	11670	10059	12361	9568	10439	13717	12860	13607	10816	13051	12868	13876	7198	5897	14035	13955
3120	1463	3521	5333	6374	5739	6696	6221	6632	8131	6493	8774	11417	10812	8991	10777	10949	13363
263	6138	6885	8006	8831	10111	9191	8671	8672	8709	9821	9489	9273	10191	6997	9193	8229	3	2596	5962	7030	5826	10958	10863	11379	11590	11291	10037	11947	9764	10943	10949	7827	7865	11053	12038	12112	6863	12990	11137	13245
2458	1437	1451	3061	4115	7528	3120	858	955	1270	2493	3099	5676
1300	5012	7525	744	6130	9042	7737	12009
1225	4910	8055	5220	7068	8216	7812	8727	10008	4985	4847
2799	6939	1705	5571
4032	842	1206	5125	6833	367	5825	6738	181	3466	437	11110	7029	8253	8497	11783
484	2363	3250	6057	6711	6504	6693	7140	6752	7240	7678	8593	8866	9367	9414	7984	8709	5027	10812	10811	11473	8936	7663	6937	10949
1891	5123	13664	13684	12977	5005
2966	3666	4208	4741	5720	5119	5690	5360	5757	5558	6747	6052	6421	2497	7515	8281	9891	6560	10683	11527	9736	7663	9098	10553	12919	13046	5611	2433	13551	10626	13469	13921	9887
2327	7725	5733	5095	8923
4249	9107	8762	7940	9332	9949	10193	11119	11338	11537	11888	5377	13149	13227	13612
1896	5058	10484	4119	4306	4932	6673	11630	7528	11261	3000	2343	2473	8838	11176	8751	11374	13511
1111	2246	4104	528	5785
3351	8603	12125	11500
3252	1099	6058	8721	12302	12503	2239	4008	252	2865
3826	1681	3192	3250	1914	4061	2892	4771	5956	3758	6486	7302	6432	4940	8774	8905	9674	9001	9030	10811	6728	11184	11839	5086	12606	12603	12589	11053	12885	12275	13329	13314	13545
901	9699	9884	10305	10391	11818	8778	11053	11786	12530	13118	11889	12830	13347	13450	13534
4215	12070	3072	5443	6435	6681	7761	8624	8886	11845	1783	3809	13395	1800	11771	12543	13667	9403	13473	13664	13282	11878	13646	9302	13334	13303	12069	7026	8999	13851	11464	5214	13326	14010	14016	13341	11026	11624	13565	13093	14067
1253	6728	10190	10958	10651	11208	10511	12732	12875	12826
3481	8678	6614	429
3469	5077	6543	11
2240	2311	3671	4100	5490	5917	6421	6005	7146	7137	7409	6817	8195	7144	7675	9283	8334	8735	10549	10943	11462	11916	11634	12187	13198	13908
3328	6671	8884	9947	9770	10204	10812	11738	11461	12694	11053	12175	12308	13043	10816	12645	13206	10647	13719	11561	13555	14083	14088	14125
4436	7490	9326	11862
3779	6821	9331	9328	11871	11783
4323	7779	8719	3698	11589	10943	6573	9113	10512	12983	13988
4266	3724	9901	11834	7851	8887	10991	8861	5748
3571	599	997	1320	2813	2354	4320
4225	3386	8605	867	13662	13384	10761
1770	2503	3526	4098	8199
2274	2904	3422	9641
3019	1894	3141	2263
4466	174	10173	11927	4882
1199	280	540	646	736	1056	8513	9862
3267	11042	9972	11786	12352	12805	12787	6863	12668	13146	12856	12657	13390	12854	12275	12203	13343	10816	13568	12370	13789	14017	12920	13674	13966	13313	14000	3414	13549	9887	13984	12474	13950	14076	13982	12226	11684	12846	14187
3428	10372	5302	7357	6317	7883	9340	9501
2357	12086	11420	11417	6661	12447	12388	12389	12990	2483	12830	13245	1894	13405	4017	13272	6956	13588	10730	10732	9973	13541	12473
2832	7340	8428	8429
4438	761	1045	4076	7145	7147	6421	10190	10305	10115	8944	11133	11118	12179	12837	12972	12971	12557	10581	13369	13599	13639	13588	13446
3846	7446	9520	46	5220
2162	8591	11001	8510
3447	6303	7004	8007	6489	7997	8721	9197	9822	4989	9903	6728	10806	10808	10715	11123	8991	12051	11936	12574	8638	13157	12933	13282	13305	13947	13975
2977	4104	2812	9054	7370	9689	9439
3507	6594	8907	9123	9328	9783	7984	8429	3466	10580	11540	4721	10314	11925	12951	13022	13246	11379	13080	13783	13293	13756
2976	5669	10230	2549	5070
1569	9331	9334	9328	10497	7866	11710	52	431	13845
1557	10947	282	3544	6948	6961	7047	9073	9625	9981	10859
2979	1212	1485	5479	6482	7675	7998	8247	6498	7473	8883	7999	10306	10812	11569	9437	8671	6192	10943	12311	11817	11874	11881	13545	13516	13515	13626	13606	13898	12804
3443	7409	8368	12937	13453	12736
946	4022	12321
1649	8068	9404	7876
2109	106	532	3240	3660	2932	4808	9685	11983	5152
960	3583	4678
3024	11455	9439	12124	10780	12888	11453	13463	11852	13912	13331	13807
1872	662	5956	5337	4306	3974	7807	8534	8557	10250	10811	10705	11211	11219
414	7758	12619	2753	12311	121	12492	9209	7317	12680
3184	5355	6507	9542	11125	6937
1607	5818	6160	13768
526	2033	2457	659	2440
252	843	938	3680	7987	8406	7584	6648	7127	12411
4180	5195	9770	10238	10800	11631	7663	9524
3806	13158	13015	7910	615	12518	1577	13807	13833	13760	13523	2707	9012	7442	7198	4352	14156
308	5066	6622	6791	6001	8411	9077	10497	8830	7145	7146	11899	12713	12865	12974
1110	2708	3260	3419	5379	4201	11482
3597	4760	7658
2200	1301	9081	7517	11799
2957	6788	169	543	10273
1447	1891	1256	1549	5663	3111	4294	4878
890	550	3066	4633	10811	431	557	8788	162
2648	8933	10082	12131	9930
3299	5583	2239	6673	6943	8741
2241	4997	5815	6048	8487	9431	11206	12533	1583	2536
899	12449	11165	411	4160	11905	11546	9248	12443	8678	12061	11671	11319	8441	13338	13237	12612	12048	5024	8259	8854	5578	8721	5079	11322	13027	12975	11372	13696	13866	14111	11848	14161	13383	14164	13637	11503	14169	14088	14186	14187
2403	8661	7809	8718	11378	8864	11290	10600
2331	698	62	227	9645	9226	12849	8658
2482	3250	3469	4529	4883	4200	2873	5115	4771	5290	5904	5779	4674	6433	6674	6141	6633	7144	6104	9069	8735	3903	10830	10193	10365	10812	11208	10809	11565	11274	11239	10939	11445	11986	11975	12752	12902
1597	7797	9516	1337	8338	7556
4073	2445	4391	4845	6485	7151	7806	5871	9778	12204	7663	12567	12175	2925
2120	2189	393	3188	315	1905	1116	2797	3951	5580	5602	6212	5840	6112	7589	8753	323	5819	10810	4774	3466	4573	11112	8398	11391	8289	10905	10903	10943	10949	11888	11167	8464
3929	1829	2890	2786	3596	4730	6380	5418	6729	6372	7319	7905	10812
1040	2422	2875	4627	4672	5430	7503	7409	7678	5722	9146	11331	8638
2237	10031	240	852	1506	6856	6890
2468	1778	8113	1308	8583	8954	7292	11856	12159	12568	6553	11141	11976	12512	5883	3933	10555	12622	5826	6525	7165
1193	4931	5853	4998	6212	6518	6911	2284
3750	6987	5084	881	1362
1269	9546	13080	13731	13293
733	312	1751	3674	5095	7364	1387	7832	6681	7650	6683	5216	5773	6573	11177	8340	4182
3035	160	7064	5095	8759	3029
3925	27	395	165	3572	3347	1916	2314
824	5830	4811	8053	4734	11402	12059	9991
3780	6212	5026	7172	7915	7547	9143	7517	10434	11211	11212	10943	8961	8627	11415	11414	11418	11634	11894	11420	12148	11881	11423
705	399	9804	12827	13190
3398	5337	9022	792	1896	9312	6586	6855	5775	826	6098	12939	2926	7119
3337	367	2058	555	3177	1097	6681	232	774	1698	1758	4843	2865
634	4644	4889	4940	6011	6212	5130	4634	5825	6367	7192	6318	5027	7914	8977	11377	11901	9102	10812	10943	12603	12352	11415	11881	13295	13284	13305
3289	4572	243	5242	6123	6857	10482
1698	5119	5251	9450	1339	6951	8563	9382	2157	10542	11462	7990	938
254	1088	3407	3919	4407	5234
4236	4606	7269	7274	3708	11616	6681	2220	2263	5826	9909	5739	8023
923	6334	9164	9075	5343	9524	5377	12302	13235	9791	13336	13170	13701	12920
2083	75	4748	5477	6386	2263
1228	5349	8533	4380	9069	6307	9561	2158	6220	7806	8614	3111	8406	7584	11771
375	1344	4881	5152	6553	8540	3740
2634	3025	5826	12280
3482	1648	1565	729	2005	3250	2177	784	3220	4140	2404	4060	5906	5932	6486	9197	3907	10193	10812
3137	5679	6337	9274	10193	9267	9546	10755	11293	12594	13664	13209
2708	3431	384	5152	6553	132	4677
3556	6352	5827	8411	9165	11224
2486	2438	3467	6729	7984	12811	12747	12808
1021	1300	1479	2504	3077	3810	6079	7416	9055	9329	9331	7306	6757	2975	11896	11897	8596
1701	3760	12	4498	5127	6334	9368
2653	10251	5748	7432	7829	8177	3975	8919	8106
184	3810	3932	1258	5633	1905	5201	11369	8401	9403	11960	1535
3574	8614	8204	8769	6603	9159	8985	10806	9659	10695	10188	7146	11242	12527	10903	12163	12357	12916	12705	11053	12370	12447	8596	10753	11267	12488	13813
2346	383	2925
1517	852	931	1652	3652	3855	4569
3008	5666	7459	7946	9821	10811
4251	3282	1031	6458	6352	7172	11211	11984	12446	12046	11053
2067	8901	6435	10947	4457
623	5666	6486	9541	11375	12587
2341	5524	6617	11172
1365	3968	7174	6362	8017
3966	8279	1076	9569	4893
3068	5265	5956	7670	7831	9759	9881	10806	13080	13231	4259	13261	13731
4162	2611	1557	2736	2198	5826	6516	1027	3448	3459	4519	1243	2934	9301	3470	7595	458	1585	11066
1157	2467	6079	1730
3015	8322	8391	8901
3491	3530	11073	11081	7892	3532	6413	8788	8917	9241	9983
1767	5202	10480	7827	9011	12706	13855
3417	3721	4573	4939	5393	5564	6054	4774	1647	2260	2261	6817	7371	8281	8664	1094	4713	7250	10806	10811	10518	5005	9647	10943	12432	5377	1894	8705	7027	13581	13664	476
981	9884	11344	12172	10811
1395	10810	11565	10943	13063
2817	53	6601	7615	8575	9088	8763	8491	8494	9287	9158	9050	9417	10808	10829	9036	11254	11250	10830	10807	11433	9512	10780	12357	13001	12944	12694	13157	9920	13482	13589	13620	14000	13985	14081
118	6069	7729	7467	10512
3088	1026	2637	1683	1602	2983
1749	9896	9627	11359	6091	7733	9253	13741
333	9060	8505	7499	8768	7912	10366	10748	10812	9051	11487	11282	6063	9135	11483	10904	12649	12652	12366	12972	11927	60	11320	13157	12990	13080	5005	13639	4744	13155	12977	13740	12637	13975	13282	13796	13845
651	7491	7144	11984	11987	10188	11986	12446	11919
3511	26	198	267	1539	2001	3111	3746	4654	5152	5154	7720	9125	9810	1426	6167	13050	2099	9366	9848	12662	12682	12854	13028
3315	8147	10566	10658	10947	330
1831	731	874	2571	2705	4706
46	13805	13291	13392	13299	13510	13282	13661	13302	13632	12867	13737	13903	13954	14056	11561	13750	14154	13285	13296	13297	13298	5406	14055	14165	13621	13283	13845	13389
89	3434	9271	4582	11458	10061	1800	9194	10372
2464	10008	10532	8054
885	11180	6579	8284
4337	5128	5856	5123	5269	6053	7150	8369	8706	8339	7357	9203	6103	8774	8249	10114	10186	10189	8235	8708	11112	11389	9616	6900	8917	11032	2596	7997	10496	10965	11925	12857	13231	5611	13191	11889	13508	13526	13822	8762
737	8219	9874	10811	11902	12111	12112	2868
4152	399	5849	6488
825	679	4633	5774	6058	6519	7809	7808	9108	10665	11871	10830	12850	12668	12941
554	2623	4867	7735	7403	6382	7943	5381	9414	9903	10498	10499	7517	11032	9930	11875	12148	12022	5005	10943	12456	12758	13002	13717	13023	13450	13620	13589
1017	9267	10638	10295	10651	10652	11212	11902	12650	11881	12086	13009	13142	12389	13419	13077	9449	13657	12161	13737	14080
4070	8963	3111	1725	1381	8103	1539	4182	11077	11592	5095	12720	12847
1800	10829	10830	11416	10943	11404	5377	10808	10949	11817	12022	12053	10788	12705	11053	13198	13235	5705	11137	13363	13411	13737	14101
1266	9077	9244	9274	9502	9894	9881	9417	10270	10330	10806	9094	10329	10830	11580	10755	11925	10943	12821	13175	13002	13047	13120	12434	13740	13589	11707	13872
2316	2379	2656	4006	13273	1310	3421	3546	4569	6554	8406	3512	3724	9150	10051	12472	1308
2673	849	3267	5301
2296	116	954	5197	2199	7141	3115	5394	7032	6680	3255	5947	8987	10810	10812	8134	9919	7517	1190	11284	9659	10811	11413	11553	11657	852	10512	12088	12037	10943	2473	4676	5005	5377	12316	12974	13191	13149	4923	13795	13740	1555	13828
1353	229	1025	423	2427	4574	3207	7089	9501
3424	8219	9164	8134	12896
2052	3393	6048	11630
3198	2812	8918
1856	1956	2510	4702	3966	5422	8907	10811	10812	10705	10665
4365	5827	8578	11774	12080	11479	10205	9887	11871	10748	11537
1385	9164	7923	8774	9600	9124	9331	9030	6579	9078	10527	10365	9680	10810	11074	11282	10541	10666	10812	7285	10949	11240	11936	12676	12382	12361	11053	12931	12974	12647	2925	12016	13367	13315	13325	13515	13474	13479	13604	12868	12752	13181	13491
1129	9267	11526	8961	11212	10193	10665	10667	11339	11935	11413	11416	11208	11380	11418	11415	11417	12676	12357	11894	11420	11423	11635	11634	13316	13319	13080	13804	13987	13947
2336	131	2479	3183	5084	6510	7002	899	1296	8731	9501	9511	12416	10449	7394	7857	8618	1748	5225	7081	7574	9944	10354	11000	12206	12941	13630	3044	3124	4882	4943	5095	7470	7711	10658	13639	10987
812	6276	551	1310	3137
2580	3364	3237	4962	5056	2259	1836	1841	3523	2671	8717	9077	10705	11377	10704	11376	7663
976	9247	11636	4373
546	3576	4008	11126	8838	9354	10745	11854
1187	1576	4023	3473	3847	4059	3343	5829	7146	7023	7107	1889	6985	8315	9644	9821	9267	9642	10829	6021	11573	12752	13110	13421	8052	11315	12717	13478	13482	12680	6890	12216	13822
2802	5693	7655	8382	4004	5826	8671	1076	9804	10797	11983	3693	3574	7598	11720	3945	12687	10568
1991	3887	5564	11678	11569	2523	9855	10939	12344	12752	12838	9929	11050	13146	13134	13388	4193	13310	13316	13329	12084	13237	10816	12937	13639	6942	13571	13277	6702	12671	11041	6325	13162	13881	14053
3239	3783	8665	9526	9794	10224	10777	11053
2954	5001	7980	5624	9132	9653	297	6215	7605	8762	6199
1030	12380	11227	12370	12649	13009	13195	13175	12244	12934	13701	13173	13804	6662	9887	14072	13750	11917
2956	5605	9269	9378	4514	4582	8665	838	6996	2926	11180	6362
614	3581	5545	5128	5974	7931	6594	6715	9930	11375	11376	11419	11679	7603
1381	5346	5365	2911	6181	5827	7984	5211	7710	9604	8795
1564	6712	7101	7146	7144	6514	8172	8948	9126	9331	8219	8229	8770	10211	11292	10193	9267	7147	8961	11888	12724	12179	12865	11635	13347	13353
1843	1500	795	2200	6237	4307	7191	3437	2973	8557	8870	9334	6756	5539	10527	3932
4398	2150	2203	3344	9218	2137	5248	7082	9171	8175	6554
2086	3439	2577	2773	3946	8055	943	831	7396
4358	8270	8717	6498	10806	8961	11376	11120	11569	11881	12755	4770
3907	4076	4144	5035	5852	6181	6544	7749	7712	7774	7333	9074	9406	4911	10222	10029	10494	10155	11545	11565	9659	10811	12146	12147	12521	11881	12648	13062	12203	13350	12937	7855	9887	13541	13122
2502	8177	6681	3412	6831
2926	5392	8717	10811	7517	11442	9930	9105	13531	13245	13783	13300	13975	14133
3319	395	114	1181	613	5276
464	4208	758	2524
3264	951	734	2988	1122	1141	1905	2024	1826	3373	3592	2398	4515	5126	5782	2138	10189	10166	10191	8235	10527	10810	9930	11119	10388	11288	11690	11622
966	3509	4392	3203
3888	6872	7803	7104	10658	12764
1046	19	2850	8406	10592
2680	5399	4813	5866	6780	7997	8356	9734	10427	12674
1911	6630	6574	1894	6510	3412	7022	6855	6908	3974	6333	7526	8269	8744	976	1744	7951	6329	10448	4753	10830	12657	11590	10829	11838	12650	5792	13057	12999	13320	5152	12921	12282	3439
1008	1960	2783	2239	7144	8209	8109	6797	10351	11710	13293	13831
3339	258	1099	3631	4755	6559	8281	8305	7212	648	1871	7486	8438	8465	5121	5152
2145	8210	10112	10431
3563	70	277	394	122	3095	6833	6544	7670	7685	6503	7526	8616
2226	9698	1711	3886	2473	852	4279	5664	6766
4325	1785	7673	7931	1672	9579	6246	11047	11377	11416	11580	10192	3489	8862	9135	11633	11860	11975	10659	11717	11634	9764	10797	10943	11892	12353	12752	12640	13008	9187	13025	13194	13544	2049	2609	9944	13740	13077	13744	13820	13065	10047	13946
2022	3903	9109	10811	10830	11377	11122	9207	9022	10047	11840	10037	11936	13537	13606
4413	2395	2399	2300	1569	392	2658	4937	6440	5074	6732	6377	6882	5264	6044	7022	5152	6761
3825	2548	5805	7792	10922
4115	585	459	6535	8435	5358	8036	7292	7827	10411	3486	6831
865	8658	648	2689	2976	5005	8562	10598
117	11817	12350	3600	12365	7965	12175	12651	12447	12778	10202	11346	10190	13622	2503	13780	13144	11066	13619	12474	14124	14152	10467	7124	8637
172	1353	6100	997	3124	3558	3947
4205	2834	4123	4400	5679	5290	6181	8295	11354	12053	10800	10943
2091	1207	2634	982
4295	9341	1161	12245	3336	10051
1424	6376	4206	5785	6562	6614	9996
1224	223	9019	7292	11049	11182	8291	4944
2143	1048	9954	13682	12946	13791	3050	13781	9661	416	2137	3580	3791	4103	5298	1728	1893	4494	5095	8214	13869	7468	5883	14171
3162	11006	6905	10457	9382	13349
2289	3250	3539	4455	4498	4672	3985	5679	5820	6548	5564	7256	4637	6908	7807	8966	9894	10167	3905	6728	11112	9267	11189	9189	10142	10823	12605	12599	13231	13191	13105	13534	13981
1704	10627	9267	9232	10381	8770	10806	11112	10440	10705	11133	10823	6983	12132	12203	8892	12977	6070	12235	12401	11857	13983
58	388	2023	1890	2254	3127	3492	3494	3220	1708	5356	5580	5355	5135	6005	6729	7891	7285	8988	9107	9072	9666	9781	9060	11537	12571	12331	13323	9920	13481	13573	12256
1414	8572	5747	8838	3274	6218	10694	4008	4134	6458	9768	9952
4074	7567	6153	4929	6626	8132	5201	9054	5030	7125	8253	11027
2939	419	1699	2327	3561	2673	1189	1939	6792	9850	6727	7935	8349	8824	8961	9267	1749	10135	11053	9471	13231
424	6331	3339	8744	10497	10811	11184	9524	10949	2000	10943	5377	9550	10786	13701	12920	13756
4307	4708	4615	4767	6695	6968	1760	9975	8834
4372	13456	13139	13389	2925	13390	10480	11936	8751	2185	10816	13260	13000	13113	13581	13717	2094	13833	13240	13486	14135	13911	13496	13035	13841	12256	13890	13967	13807	13875	13948	13982	12394	14117	14124	13423	2843	14156	12985	14073
3404	1908	3024	1872	3217	2258	3023	3090	3925	2531	446	875	1472	5067	6882
1660	41	85	1580	7597	11040
3573	8133	9329	10056	10223	10497	10806	8841	10811	11970	7146	11413	11422	11634	11986	12648	12838	11058	13062	12387
1796	932	416	4918	726	3987	6739	6876	7374	1583	3178	335	4973	8966	4869	3918
3665	13237	12934	13138	10816	13422	1743	13134	13515	13729	13374	5578	8983	13354	11756	12256	5845	13620	3075	13051	12975	13872	14070	14164	14186	14187
1790	10500	13738	6810	560	7711	9469	13190	13483
2678	3174	1515	3856	4156	5361	6650	6920	8616	9666	10146	5086	8866	9143	10800	10811	12432	13020	13260	13804	13282
4472	8247	7415	8381	6824	9573	11414	722	12025	11198	12838	11602	12357	9682	11053	12762	10581	13336	13325	13673	13624	13820
3871	1188	3111	4275	10987
4393	9726	7841	8229	10671	10666	11473	12172	10943
4095	7923	9345	10047	11097	9689	10700
2099	7993	9294	4633	10654	7096	6678
2531	9267	7679	7092	11414	10651	8406	11380	11634	11416	11420	11375	11376	11379	11425	10685	12838	12632	12803	13631	13632	13495	13303
1934	75	1307	776	7991	7363	8045	1535	10599	12344	10257	11524	12937	11868	11983
2050	1789	7250	6520	2232	2878
3926	7985	9368	9064	10811	5377	11552	5005	11828	2000	13321	13533	13531
413	2679	1471	246	1153	1686	1807	2111	4174	4040	4672	5479	5572	5835	6845	6933	8557	6836	8811	9329	9334	10943	12601	12175	12370	13049	13171	13545	13622	13119	13199
4422	11877	12635	11828	12931	12910	12370	3775	13056	13237	41	12366	776	4538	13336	12934	12937	8732	13207	6070	13804	13279	13281	13292	13289	13282	13293	13661	13571	13822	12256	13807	11066	13159	13975	13285
511	2737	2759	7478
3083	2390	2571	2769	1076	4003	2612	5999	6433	7101	6985	7807	4574	8735	8585	9569	12703	13247	11979	13426	13525	11869	10658	11307	13657	13855	13295	13818	13817	14002	11066	13307	13975	13300	13903	13984	13988	14132
754	579	4156	3817	4100	3861	3779	4040	3807	4546	5020	3811	3940	5602	5135	5555	6135	5943	6340	6425	7107	7497	6562	8109	8719	5026	6318	6789	7090	7997	2730	9406	9232	10497	5315	10963	11183	12357	5961	9920
565	1454	9410	251	4008	8768	7984	6728	2263	11316	8382	11526	8638	12668	6391	12934	13171	12826	13325	6070	13260	13077	13826
497	6859	9374	350	2220	5279	6584
3023	4424	312	9449	10650	9571	8406	9347	5815	6543
630	7525	5895	10541	12238	7605	12234	13361	13512
2396	1270	997	3085	2722	3599	4100	4238	3810	5393	4239	6844	6310	6501	7831	7735	8294	8826	5580	8671	8978	11121	10939	11053	13099	13421	13545
1633	6001	7492	8833	5377	13453
3236	2323	7997	9281	9211	8975	10193	7146	11594	10819	12683	7089
4046	12086	12175	12931	11415	11417	11420	12388	8183	12934	13080	13199	13292	13293	13299	13411	13510	13587	13661	13804	13805	13754	13990	14124	13285	13296	13297	13298
1416	12049	11351	9501	12186	6860	8128	365	9281
2707	13874	14175	8404
4241	2456	2363	696	4140	6168	1368	6232	8247	8294	7809	8870	8290	9021	8228	10810	10607	11317	10665	10811	12311	11903	10539	11715	12794	13173
1516	11224	2613	10920	3839	11567	10939	10811	5073	6003	8624	3756	809	2669	5713	10943	6197	13171	5705	11322	11814	13098	6662	12920	273	9469	13837	13814	13990	5197	10658	10998	12765	13181	3746	9662	14035	14152	12728	7793	14015	4154
3109	219	944	1133	5527
1594	4784	560	3343	7440	5152	11311
4316	856	1686	4501	2473	2492	2269	4681	4625	5795	3685	2557	3832
41	5268	5895	7922	10541	10910
3389	246	1046	8735	8930	7174	9074	9102	8495	7499	10250	9652	6922	575	10808	9659	11545	11323	11540	8627	11917	12705	12559	11053	12370	13110	11809	5207	13093	13198	1750	4019	7317	12488	12794	13581	13221	10541	13079	13961
1280	2026	2036	10423	2225	7145	8552	9772	10800	12051	12055	12148	10777	10939	11445	7440	9826	12366	3419	6863	7972	4970	5335	13097	12954	13535	12863	3910	14017	13965	12276	13938
101	6438	7370	4131	6551	10497	4619
1245	1177	1104	2390	423	3940	6505	6069	5580	9955	11376	11832	8864	12850	12668
1067	4451	5368	7147	7371	7998	6817	7233	8473	2626	7005	8905	8910	9143	9821	11250	10830	8795	11717	10939	12179	12445	12896	11650
3257	132	1001	1720	2281	2929	3105	1390	4918
3761	1270	4588	5201	4202	5456
772	4175	7589	8382	5152	7292
568	3111	9855	7784	9689	10047	11099	4582	5152	12550	9145
3657	3621	5243	4774	8207	6092	8272	5179	1836	5520
3915	7089	13537	2473	7860	12937	13762	13514	5487	10784	8284	12341	2017	4783
250	410	399	8943	9284	11859	5737	13419	13293
753	4311	6372	4134	5200	7621	4833
255	1670	1686	13310	4152	7156	8500	6058	7987	8721	3019	1683
2281	11881	13191	13231	13358	13369	12366	13097	12370	13245	13315	13515	12617	13433	6070	13708	13740	1212	10484	13661	13850	13804	13805	11707	13571	13510	13659	8808	13756	13947	13975	13976	14056	13598
1026	795	12061	8678	10754	4808	1087	8492	2429	10641	12596	12801	12851	13057	13015	13146	12443	13114	1193	10233	1099	13796	9096	13818	13378	13523	12003	2078	2775	8485
606	10326	10830	7663	12147	13231
1969	10856	8952
3261	2138	4365	5982	6590	7249	7860	10411	10698	13657	3963	10354	6123	2695	5121	5826	8462
3670	376	6686	7486	541
3170	5015	1636	6730	11062
2402	2161	3419	3938
2339	2188	7568	10192	9751	10239	10811	11317	11183
3130	11771	4500	7581
2118	1206	1492	1017	3214	8239
1283	7931	6625	9080	11745	11815	10548	10943	10797	8369	11580	10361	11860	12751	12762	11345	11936	12941	13717	8556	9887	6070
4172	1921	2303	2323	1120	2964	2702	3171	3470	3599	4482	4395	3810	3268	4803	3729	4998	2285	6167	6112	6104	7910	4574	5269	7828	8391	9880	10808	11039	2259	10904	6603	10113	437	10812	11817	12037	12765	13025	11066	11067
3868	7173	3512	7848	6936	9893	8056	246	9924	5610	9356	4056	6617	8121	9323	10317	2407	2642	7630	6479	9615	12440	10371	10889	5377	12754	11652	12223	11636	11801	10262	12426	13478	4290	2473	14133	13655	6315
787	3479	3995	6046	2753	7463	8372	3878	6393	6709	7306	8334	10499	10748	11862	11414	10943	11183	12097	10949	12705	13231	12889	12934	12617	9206	13495	13789	11707	14007	13988
78	205	198	6305	7309	1312	7740	4919	6846	3111	1106	6555	5269	7371	7864	6511	4366	8340	8507	8838	12873
570	3886	10412	4016	8491	6681	9972	13787
2100	7306	8080	7860	1031	5243	10528	10938	10694	10467	12443	2481	13767
2471	1001	3199	3543	5399	1905	4360	5854	2907	2248
3999	1800	1190	371	7689	8809	8971
700	4940	5264	8601
4024	7332	10541	10012	7201	238	4098	9232	7313	1800	13792	13502	11351
4246	6044	475	8731	10973	8672	12270	5723	7850	10449	2781	6642
3895	77	1702	4482	5490	5555	6181	8219	8616	8791	10552	7492	12148	10943	11817	11818	12052	12674	12826	12016	13532	13581
3403	11099	13944	8931	11430
3186	3078	7452	5240	8269	8841	11774	9437	9370	10228	9920	13374	10453
1708	7409	5834	8506	11463	11462	7663	11710	12755
1510	2979	4038	4512	3966	1224	198	1023	2096	3111	7701	1038	2379	4689
2858	6515	7625	7572	9196	4182	4422	10806	10812	7144	10939	270	12622	13369	13531	9693	13450	8327
2098	6743	4461	3992	5815	5152	5532	2925	246	1314	7892	3108	1532	10294	9007	6297	4769	2473	12800	8159	13168	3112	5220	5833	982
1346	500	714	776	1221	4058	5935	8393	11584	2631	6331	8553	9996
3365	3105	5058	1250	980	1894	8435	11172	10369	2140	12682	6681
719	6060	6810	3443	5912
3181	5493	9264	9424	7093	11112	9573
2383	2602	7491	10531	9064
1323	5790	10741	12050	8075	6743	9689
2565	4109	7411	6452	4985
3340	4099	8707	8253	12311	12353
3959	7530	8744	8578	8938	10808	10810	10193	11317	11461	11859	12594	12034	12816	12826	11857
3938	1462	1823	463	7784	8788	399	1591	3249	5815	8993	10323
836	3705	3725	6559	122	245	3559	3882	7653	6142
2701	3250	4139	4511	4040	102	4512	5572	3378	6212	1018	7223	7455	7311	9332	9600	9472	7901	6683	7253	9526	10607	10659	9274	10193	12111	8638	12112	13110	11712	13620	13850
2280	10651	8961	11423	11416	10188	2000	11874	13198	12175
3538	1823	2529	2315	1733	2742	1914	4741	6932
2637	3314	544	1556	3886
869	3832	7592	9853	852	5520	6100	7160	3652
653	5477	8917	3604	4848
2574	4619	3433	5925	7292	9886	4573	6803	10411	2843	8639	9388	11947	1730	385	1290	2616	4684
2873	5799	1730	1814	3006	3604	3832	5722	5748	6653	6840	9499
2740	3543	11104	290	6667	8796	1156	4950	1539	10484	10613	10716	746	1591	1842	192	213	4605	8001	10060	421	5965	2904	920	5768	26
1944	9972	12179	4202	11634	11635	11881	3530	13289
1740	71	248	8879	11104
1707	9045	10324	10340
3065	4094	7955	3549	4289	10592
1431	1295	7224	885	5415
669	575	2314	4346	4918	265	366	2553	7550	2313	11322	12195
1249	5078	9755	785
2044	4076	8671	11143	12096
1407	6308	11030	13083
4332	2249	5114	7022	7491
3283	12024	13183	10037	5031
2000	6725	7844	2904	3882	3983	4283
1090	3344	5935	4011	4843	11617	6393	7292
4291	2614	6185	9778	63	1220	2280	2609	7116	8910	9944	7269	9064	10658	13103	13228	13458	7021	7132	7187	10461
2444	2783	1889	4895	9054	10590	9689	12783	8745
2944	4539	4725	6528	4972	8323	4474	6892	9615	10665	2505	10483	760	11988	12095	10876	11895	11898	12649	1044	202	12880	13187
2322	10594	7839	13595	4566
1043	6055	7144	6498	11568
908	1505	3225	4078	3951	4208	3168	251	7569	11243	4211	6496	2000	13533	6317	10306	13686	13286
3381	8610	8905	10811	11296	11423	11635	11415	11417	11420	11634	11881	12086	12175
3770	5664	5663	4903	7879	7947	8209	5282	8767	9912	9307	10146	2809	6048	8235	11112	11462	966
1358	6544	6081	8372	10115
3582	1814	3377	1562	8597
128	5701	1918	6942	5120
4178	2315	3450	4196	4978	5972	6878	9267	8963	2973
1519	6422	672	994
1176	2365	8883	10629	7929	1275	7114	3319
3859	1651	1426	1452	1987	5739	6760	2976	1679	7984	8768	10868	10828	11316	10943	437	10391	11984	7146	12674	11917
1915	10829	10920	11316	8368	7663	10943	10808	12117	2000	10777	5005	5377	10949	12752	9972	11053	12566	6661	10702	2433	12802	12426	13097	13545	5705	12934	13434	13439	13780	13199	13486	13683	13707	13659	12474	14032	14064	13955	14141
4122	6866	7407	6835	4875	6860	8905	449	6278
1821	1678	2972	3547	3689	2910	6254	5867	6458	4131	2520	6791	7684	7492	6503	7150	9123	9153	9054	10193	8963	10811	8189	1456	12613
4001	11271	6901	5549	7210
913	4811	4376	3064	3556	4337	5045	5400	4079	2907	3029	8103	4985	3645	212	10285	625
2706	5926	6632	6980	7022	6112	7779	7492	9274	10306	10305	10308	10829	10905	11745	7663	7146	12357	11903	10161	12527	9386	11227	12807	6661	12175	11983	13276	8291	13479	8808
1973	7491	8268	6459	9324	10183	9267	8098	11289	10333	10704	11526
3401	3118	9501	8246	12932
1289	1464	3419	3840	1186	1822	1978	3323	5645
4079	1919	4765	5038	5122	4998	5865	5862	7190	8222	8717	7285	9392	5707	7892	10250	10166	10329	10412	8856	10239
3254	1757	2529	2786	4391	6729	1368	5211	7743	6575	8163	9258	10245	10528	9847	4880	8807	12604	10812	12836	13024	2483
999	11420	4471	5286	8671	9493	7827	13157	366	9711	10306	10621	11850
3175	2083	3684	5442
1275	2427	5068	8815	4099
3470	1798	5152	7186	11472	9336
2886	3602	5520	11579
3370	4703	310	6238	5984
373	7701	9810	5597	11471	9404	6105	13928
2850	7092	7145	11497	11560	11671	11124	11487	11125	5010	10047	11854	11414	11881	11711	2000	10943	12591	11634	11635	12509	12635	11053	11423	13231	13011	12366	13615	13221	13115	12637	12977	11067	13819
2609	5826	12363	1263	6052	9629	11145	13445	7727	4863	5644	8466	8659	9227	11670	11777	12695	12853	13257	13556	8721	8774	12484	13378	11254	7561	11251	11676	12721	14098	4550	12039	4445
3373	5798	5201	1978	3331	8052	2769	7733	4975	6227	9467	10602	8513	7388	8251	8300
2304	7017	11830	9752	7292	13862
1795	2059	2677	3674	9126	325	8258	9386	7865
359	11026	11341	9080	13025
3463	3226	10336	375	1185	3739	10047
2951	1009	1298	5405	10552	10512	11635
2700	10193	9778	7147	2000	11881	11420	11423	11417	11634
391	2357	2059	3163	6855	10182	8779	9512	5005	10943	6803	12937
1367	11053	11227	2201	6983	1212	11881	12647	12962	11712	13412	13480	7113	12894	12717	12895	13514	13820	13304	14006	13454	13976	13950	13984	6070	13181	13116	14073	14152	11549	13955	14142	10769
1281	8825	8535	9274	9472	9325	9158	6756	6079	9526	10412	10810	10830	11433	11133	11595	12163	12175	10480	10816	12983	13508	13329	13966	13953	13881	14101	13825
177	6332	3452	5276	6947	9590	10354	7459	6002	9768	6443	3442	6416	11629	10516	9972	11983	7980	1706	11796
4412	5333	6389	6101	6411	6920	8355	8578	7233	9182
1248	7203	2597	8096
335	1867	6002	6947
1710	5109	5401	7191	6079	7341	11462	12705
3851	7285	8406	10484	10716	12470	7269
2385	2691	3572	4740	4040	5679	5036	5580	5918	5414	7090	8612	9392	9541	11462	10274	12648
2994	9972	557	10241	10773	10208
3121	404	3499	106	245	9501	10712	10205	2925	10458	10935	941	2263	5302	852	2644	3674	4569	5213	5674	5887	6681
1939	2255	2263	4120	997	5878	6280	6077	6620	6681	5119	6889	8175	9354	9997	11073
2218	567	442	3692	3951	5579	5114	5127	6057	7911	10193
2180	5106	3870	7652	1449	10047	12272
2554	618	11053	13097	13276	13579	13224	13392	13701	13490	11707	13756	13947	13807	14117	13760	12645	13808	14092	13523	14093	14081	5897	13977	14126	12003	12461	11687	13900	14184	14140
3567	9689	10047	11350
3202	429	6943	9831	9864
2192	6985	7714	7409	7012	8580	8987	8768	10573	10808	7145	9798	10528	11316	9524	11975	12057	11917	12507	5005	9682	11053	12370	12384	12086	13122	1108	1109	12744	13579	13023	4677	10815	13336	13750
3416	1830	3385	5940	5127	395	5869	6412	7379	7675	6054	6235	4755	8870	9076	9498	9884	3886	8493	9620	10528	10527	10239	9615	8961	12269	11133	7954	7663	5377	12649	13411	10784
672	1668	2259	1950	2545	4337	5670	6093	6534	6342	5907	7087
1326	874	731	1761	54
301	7147	7093	7146	10193	8175	9764	2000	11125	11423	12353	5231	8497	11900	12397	7827	5005	12726	11053	12857	10109	11420	12856	13164	13232
3172	4307	1186	4512	5533	12792	341	375	1099	4985	5815	7738	7827	11671	12682
1146	9594	9267	10193	11380	7147	11413	11717	7144	10553	11241	12352	12439	12236	5377	12389	13151	13533	13571	13614
3249	9121	1427	7653	10061	3050
2440	2255	8930	6332	6636	12682
3366	2514	4797	198	961	2095	2263	2641	3111	4004	5095	5329	6303	6447	7293	8617	9855	10271	734	5055	911	1262	1925	8216	9724
2526	5264	8013	166	12768
1446	2255	2904	53
3909	6271	8352	6731	9576
474	1520	1827	1815	1920	2991	2249	5613	5234	6712	7023	8366	7285	9407	8233	10251	8219	10607	11774	11134	3313	11423	11634	11635	12521	9903	12937	13514	9953	10306	12400	13976
3599	1366	1076	1466
2581	12172	12486	12639	5377	13369	13157	13350	13038	13080	13281	13293	13299	13576	13285	13298	13296	13297
4285	11413	11418	9524	7146	11122	11376	11634	10512
3329	1901	3580	1819	3442	4314	7285	9053	6458	8731	7921	9014	6672	6979	9777	8590	1185	5826	8406	3548	10800
2450	5033	6502	7755	7984	6694	6071	7172	8219	7828	9146	4711	8185	9892	9168	2629	6549	8073	6580	10920	11344	10812	8163	11248	10808	11114	12361	12803	12816	1308	1682	6581	12970	13195	132	330	12934	13590	13684	13077	13954
2857	8870	9284	9328	10158	7517	11112	11291	12056	8963	11375	12092
3096	12365	12594	2343	4573	8737	12366	12367	11771	13146	10038	11655	12086	12841	10590	10202	11936	13314	13462	13315	13231	13433	13033	13481	12680	13293	13783	13411	13510	13051	12752	13305	14080	13300	11469	13174	13750	14101	13807	5406	14052
2884	1871	1882	2220	3399	5687	5694	6284	8943	8977	8979	9254	9501	11613	13974	221	9200
3076	1222	2262	4508	2398	5930	6367	12055	8864	12674	12826
2454	10127	9546	10193	7144	11419	11635	5005	5377	2000	10439	13043	12934	13063	13479	13571	13478	6070
920	3204	3284	336	4633	6072	6005	6334	6752	7137	7197	9232	9367	6505	9844	9773	10365	10894	11497	10421	10023	5815	792	6803	11408	5826	9855	12380	10085	12347	13231	6554	2229
1842	6965	6080	7922	6218	2154
2808	6778	10302	11355	524	6304	8406
763	4055	7918	10290	10938	7146	12053	11634	12148	7827
2556	7114	2049	2472	5826	2470
349	13219	10320	12001	2668
4401	2981	6811	11351	12912	13834	10947
3679	369	7173	5058
1889	4101	6181	1280	7947	226
2265	1133	877	4850	5691	6238	6793	6601	8987	10806	11774	4541	11722	10351	2644	3988	8865	4573	6617	7395	9933	4882	8375	3419	309	93	498	12833	5542	8382	10051
2851	2030	4475	5291	6847	7931
619	4928	4870	3439	3451	3453	4714	4755	3442	4756	4930	6954	6782	5033	6955	6487	1294	4929	3028	4905	7306	8047	7614	6498	8185	9699	6503	9488	10806	11251	11183	11443	12302	10777	10939	7215	12179	12971	12981	12990	13227	12934	13206
1728	8831	7306	10167	9327	9821	8765	10193	11292	9267	9594	11129	7147	11418	10651	10939	11414	11423	11634	11635	11881	12278	12648	12685	12782	12407	7021	13664	13529	13279	13280	13281	13282	13673	13284	13305	11549
4104	7989	10242	10584	4103
2445	1902	2303	4759	5774	5855	6561	4683	4405	6052	6055	8013	7809	8859	8948	9272	6326	10380	9541	9742	7757	10803	10755	5826	9689	12148	12350	9972	11053	12438	9682	12972	6863	13152	13586	12645	2239
3904	3473	594	3505	4819	5303
1873	7833	2120	6482	8732
2864	1968	2600	6100	4465	734	6435	9476	8078	3320	4103	8797	8386	11624	9449	9996	14	11357	12818	13471	11582	12708	6023	7639	10497
681	6630	6847	7524	10811	10193	1966	5687	12034	12036	12685	13108	12683	4113
3749	5328	9729	9800	5478
2117	160	1091	5855	5405	6848	7647	6834	9109	8441	10704	9735	10672	9680	10943	12990	11083	13282	11497	13142	13334	13411	14008	13305
2842	4705	5975	4713	9930	10705
3822	632	1510	1686	6088
1442	3807	3811	2781	7191	6070	5932	8131	5879	5791	10183	8735	10212
3106	5264	5036	5126	4802	6504	5026	8071	6079	7337	8735	8910	9392	9232	10808	10672	11112	10260	10391	10517	11713	9524	12314	11902	6661	5335	12244	12655	13586	13282	13805	13445	13975
2548	10943	10257	2067	5377
2380	10047	11152
649	3655	9689	10047	11945
2668	7711	7226	8247	6726	9413	9333	9330	5872	10412	1988	7675	10665	11547	11413	11378	11717	12053	10052	2000	12682	11053	1686	13142	5597	13316	13443	5150	13042	4169	8857	12550	12983	13302	13224	13279	13334	13304	9828
4045	5599	6167	6486	7406	9329	9334	9930	11919	11984	13492	13761	13898
1836	202	4672	7287	7755	6103	4772	10111	10186	4182	8334	9798	11289	8874	10800	11133	12148	7663	11900	12567	12456	13245	13492	9918	11084	13025
2946	4091	10425	437	13038	13063	13707	13589	8808	13947	13990	13756
3766	3523	4672	4998	6126	6933	7172	8612	8870	10189	10305	10806	8764	10607	10193	11117	11377	11604	12954	13063	6512
536	8736	9501	8385	4564	5043	7207	10541	11172
858	2618	2125	2314	2508	5201	5999	5121	6334	4876
1153	10068	4136	6458	3003	3049	6343	10062	1350	7331	9482	2925	5484	8672	9493	220	8791	9708	12682	6123	7325
941	7146	11936	12053	11986	11053	11635	12175	12826	13499	13105	14039	13528	13122	13944	14152
3878	7306	7983	8275	6112	7779	8870	4090	10388	11936	11903	12574
660	1941	1912	1609	879	1714	2536	2301	3278	3365	2119	2469	2470	3631	7740	7269	6085	2911	6084	6435	61	8216	7268	8721	6921	11438	8900	4918	10830	13144	13618	3929	9749
1058	8214	13869	13789	13682
4458	1730	2085	3532	8185	3201	7738	6416	9404
85	10807	5096	2220	12966	8176	10061
3082	1192	2977	3130	11500	1190	4182	12610	1894	2620
3536	8219	7984	8961	10251	11634	10047	10512	12145	12111	13022	13345	13571	13334	13785	9469
3027	10103	10812	11858	10809	11264	7147	10808	7146	10811	11479	10943	9764	13184	12771	12370	12770	13054	13396	14046
462	4672	5721	7146	7806	9333	10114	9880	8766	11208	11984	11423	12807	13509	10741	12401
2675	4019	5276	7309	4112	261	3631	9709	6382	7578	9187	5576	4151	4918	8672	6866	9699	13085	13086
638	2823	3930	12849	10979	9704	9948	1308
2598	9211	3466	10943	437	7285	7146	9972	12179	13227	13489	13622	11036	10342	12937
1723	6451	8293	8342	9821	10673	10466	11112	9616	12453	12772	12513
2351	992	1824	4077	4319	745	2776	5535	4949	11624	6652	7491	8175	8671	9849	13310	12817
4223	1366	2742	9241	10578
1598	6600	8938	8936	9267	10193	9930	11376	10651	11208	11881	2000	12361	11053	11861	13002
3122	2351	2138	3098	1701	880
2848	9054	10035	11104
4143	10366	4250	11577	10811	10009	7147	7144	5095	10812	12351	12509
2833	6740	1978	6934	6125
1097	10489	11374	11653
2546	2649	2947	3013	4403	6975	7897	8218
3979	1006	5186	8219	7680	8614	9159	10305	11123	776
4346	126	5792	6543	8112
4451	1050	7999	9055	9328	10652	10193	11289	11211	13805
3298	8380	416	2620	1121	1978	2934	5134	6283	7864	5336	4131	7768	10082	3112	4008	5053	5824	6448	7726	10051	10968	12584	12887	9570	9603
2081	4512	5868	7143	7492	2216	6601	7828	8470	10186	10304	8115	8232	9189	10806	10812	11133	5005	12022	10943	12752	7215	12990	12955	13042	13206
2834	3187	4025	2904	4684	852	7523
3778	2213	3551	3961	5269	5849
3623	10498	10110	2283	1835	12243	12716	2021
386	14144	14159	13472	6303
1671	10133	3536	8857	9068	1832	5152	5748	1683
4192	8836	7393	8672	9258	10183	10650	11580	11860	11877	12973	13336	13664	13762	13632	13614
2295	4447	5753	6677	779	7444	7643	10932	13913	132	2700	13773
84	5202	10	6162	5517	9853	5825	9972	4099	10696	8705	4126	8066
1748	9188	13147
3506	80	6333	7547	7100	8181	4814
3167	7991	9819	7875
1202	6512	8519	8219	7461	5317	9179	10330	11112	9896	9930	12311	13080	13120	13608	13571
2164	12921	12999	12883	13719	13046	9189	13118	10544	8203
1430	2361	2473	7960	5749	10772	2332
66	3250	3523	5403	5654	4175	8010	9107	1175	7253	9672	10806	8866	10212	10812	11133	11817	11818	10943	10949	13023	12990	13547	13206	13674
3946	376	11310	1581	5819	6287	5226	5279	7251	2700	5371	11091	6098	840	855	2220	2753	4095	5824	6465	8284	8812	9611	10179	10359	11261	11522
2669	1974	4752	4760	4764	5579	6005	6593	7569
2071	5262	5182	1070	7200
2284	6158	9819	10474	10145	10205	13797	13511	2154	12096	12912	13591
1727	6961	6997	5815	7861
786	9339	3264	10217	134	11635	8130	10451	9689	13037	13237	1308	6188	9010	2958	5602	12757	10444	1972	13674	12542	11524
3152	3171	2786	2632	4060	5976	9526	10958	10811	9642	9615	12025	12167
183	7397	7827	11261	6235	7232
949	1972	2091	5003	5951
948	10975	633	5826	1671	8175	13791	594	11512	12263
2275	1173	2949	4702	8210	9067
3705	8471	11531	12649	13210
3195	6547	6554	1216	1800	5883	8406	9385	5096	10854	238	4585	6088	11140	4004	5826	12876
1262	3170	2192	4730	1512	8079	5095	3590	1510	8370	132	585	12512	7739	4182	7756	5030	4629	11976	317	1686
3906	5984	7377	7916	4880	3391
3178	9999	2263	7370	5152
3045	8693	8817	9158	6519	9731	5829	10806	9732	10812	10904	9764	11042	12493	12034	2904	11058	12762	456	11159	12275	13438	13319	7308	13018	1578	3857	13013	1707	13822	6070	13227	13914	13872	3081	3884
3016	3354	2897	5616	5679	1542
3238	4472	6487	7415	8293	8614	8097	9874	10812	5005	13448
1819	3035	377	4295	2605	10947	4058	5419	9517	10596
376	7991	671	6048	7904	8579
3125	11101	11350	11948	3625	1918	3031	5445
4017	1265	3724	6652	4774
3487	3114	1547	2058	3236	4099	2130	3112	5616	8544	3439	8671	6971	3111	7179	591	1035	6559	3452	4103	10700	12194	11289	10293	10811	7785	12048	12080	11864	10943	6368	12751	9296	12971	13516	1099	13475	12752
1886	6046	10617	7876	5226
1325	1237	7773	2332	2616	4238	588	8744	557
3568	2201	6936	9251	3421	11652	11880	13511
4377	11315	12991	12733	6125	6681	12805	13071	6535	4810	13134	3464	1776	1787	12918	5641	4238	9887	12443	13138	668	7021	11041	10480	10816	13470	13811	12883	13719	13935	14017	8965	13564	12975	14023	14071	13868	6435	9792	11561
422	565	399	4952	10090	7370	11307	11513	1839
245	630	3507	3373	9618	6080	10092	7561	12905	12166	9111	11261	7470
1559	9263	10693	9097
1351	7217	9583	2515	10411	11057	6997	10971	1035	5627	11620	2570	2718	4019	5152	6477	8828	9167	9997	7312	648	5772	8330	6052	8917	11692	6236	13189	13258	13310	13455	6936	8176	1608	4297	8175	8722	13400
1079	9485	5887	10134
4026	2255	5855	5975	5234	7547	7881	8097	9108	7686	10239	5871	10558	10811	5377	5005	11602	2000	6726	10943	11818	12022	12370
1806	5912	8418	4651	5556	5893	8113
2686	6810	11888	11261	12248
114	8342	9063	9071	9412	8903	10829	10812	6728	11133	10808	12399	12705	12838	5377	7827	5005	13325	13465	13789	13282	13784	13975	12682	13307	13950
879	214	1333	2015	6421	2968	5173	1828	7318	8073	8479	524	6058	5562	3394	11716	5386
2072	5315	10193	10958
450	10943	12399	11227	12567	12649	11324	12352	12302	6863	11927	9550	12778	13198	13231	13319	13188	10038	4923	13080	13544	6123	13515	11912	13704	13514	13510	13509	2334	2877	9708	7837	1191	12403	13446	8883	9379	12752	10354	12390	3681	13122
4167	3523	5021	4515	5291	4472	4725	5849	6421	7146	7148	7306	7806	6054	8331	7944	8221	9203	9569	7517	10724	11376	7147	11379	13516	13582	13302
3229	5815	6702	7589	2263	3112	6291	7368	4434	9853	9501
2837	1323	5380	4637	8842	4366
1882	11413	11097	12750	6803
914	4920	5487	7740	776	2087	5471	826	10586	5095	7489	52
2043	2573	377	2644	9571	10273	4440
1491	9483	850	3107	2263	5815
1373	5037	6542	5825	6927	6410	6644	7022	6782	8331	10573	11112	3103	10496	11602	11243	11183	13011	13323	13580	5005	13789	13514	13571	13737	14092
4392	10989	8391	9240	10604	10678
3508	5826	8735	3938	3926
986	1854	4599	4824	5759
1515	3353	4767	9742	12194	1935	2515	5826
3596	812	3648	4528	6505	7800	6447	7199
228	5972	5127	6780	2625	3028	7357	9107	8131	4911
718	11633	12117	7144	7146	10391	10904	10949	11634	11881	12752	7215	11053	5377	12856	12933	13098	13422	13813	13632	837	882	2617	2797	7924	13947	13983	13873
3699	13874	10688	14175	13781
3575	1058	2539	9241
1735	7249	7306	8204	8727	7572	8791	9251	5707	7146	9763	10166	7984	8230	10607	10828	10070	11112	11545	8991	10193	11871	10239	9524	13022	13465	13606	10785
412	8949	5769	8429	8097	9894	9890	10167	10552	9026	10704	8479	10420	11264	11473	12311	10533	12187	10812	12204	11688	12944	13231	13316	9017	12547	12370	13547	13639	13224	13704	13481	13479	13573	13947	12774	10780	14107
756	739	2845	1492	4039	5152	5201	4247	8683	7861	4690	6575	7181	8553	8744	1686	5947	8838	12411	1894	13263	12398	672
2480	12031	5271	7875	10511
1427	4723	3412	7996	2994
762	6352	9949	8434	8311	8770	9205	9267	10193	9940	10828	9546	11556	6317	10877	10939	248	8246	10943	10101	12204	12850	10702	13494	13018	13514	9010	10785	13946	13985	13845
269	8671	7827
2428	138	198	285	1270	1751	2381	5095	5502	5829	7931
1344	4593	4759	4581	4580	4952	8907	8817	11112	9930	11722
3746	746	7292	7910
2779	3250	4009	1721	5035	5036	4998	4884	6710	6410	7062	6052	7146	8150	8816	9108	10188	10305	8229	8382	10704	11039	9930	11288	9659	10633	13661	10785
73	5399	6212	6729	4767	8730	57	7177	7828	8882	10182	10351	10812	592	8368	10811	11389	7081	10669	10943	11323	5377	13231	13038	13321	13533	13568	12937	13582
3956	3527	6528
603	8263	8793	5938	8074	9714	11468	2802	3742	4460	10585	11627	11872	12852	5887	6458	7584	7898	9764	11666	2099	5207	6522	10951	11206	5171	10656	13381	116	5754	8489	8907	10943	11688
850	2774	734	10461	13402
3833	4775	5036	4998	6230	6336	7147	7683	7341	7743	8689	8836	9473	8831	7984	9883	8766	10806	8765	5826	10938	11184	10142	12390	2000	12357	11042	10811	12086	13580	2143	2269	7188	7803	13570	13813	13450	12920
1318	170	6657	3182	5010	5931
3138	3935	3382	10373	1194	4214	8858	8914	9805
1884	505	5753	9450
3788	2812	5980	7883	7886	8658	9093	9188	10920
3694	13410	13999	8093	179	13851	14006	12968	13101	14047	14082	14097	10716	14144	3792	5150	10020	14132	13552	14053	14160	11503	14042	13931	14075	13764	14166	9887	14140
3831	3886	613	5220	9520	9054
905	1730	947	948	3078
2844	3532	9383	11611	8117
467	5367	6593	7128	7405	5313	6883	7038	5874	3461	5152	9714	8640	6863	11968	6176	7275	2740
3452	7526	8331	9055	7984	2730	1308	10806	5388	10326	437	11531	11533	13657	13589	13624	13987	14041
4383	4939	9600	11377	11375
4034	11774	10938	11875	5005	5933	9669	12357	11635	11881	12838	12752	2665	12754	12931	13001	12370	5611	9550	11333	2700	4182	2361	5524	13436	6942	12717	13098	13478	805	3759	13295	13819	13746	13625	13313	12925	13187	13807	13872	13988	13873	12459
1682	9473	4474	8519	9896	10806	10466	11380	11211	10829	11417	11634	6093	6927	8938	11881	11595	12057	12838	12683	12808	11420	13531	13535	13673	13819
3089	276	1373	3801	5826	6421	6486	7490	422	6601	7489	8808	8578	8671	8503	9010	2000	7828	12752	11635	11881	8556
1948	6620	1394	1975	2644	7806	8406	9378	5096	5815	9089	9498
1042	423	2112	2989	4182	4430
1799	12093	11854	917	9097	987	1266	2044	2157	2406	2699	3585	3673	5047	11356	8940	11964	12074	12486	12541	12656	11325	11558	12552	12924	11619	7633	8621	8622	9745	9926	9990	9993	11471	12518	12652	11263
3759	5018	4733	6844	10724	11380	7663	11418	13789
3333	874	1894	2255	1653	2618	2283	10354	10489	61	6681	8266
232	10816	12800	12175	13197	11889	13000	12645	12820	13660	13240	13533	13770	4589	13257	13406	9792	12977	13890	8965	13888	13463	13349	13999	12579	13114	13948	12683	13215	14047	14111	14117	14098	14161	14097	12795
2408	4040	690	3773	7655	10677
1181	6826	7798	9161	12412
2534	6154	1046	8637	6681	8761	5667	9610	11233	12103	5826	8420	12362
3546	4784	6803	3023	5951	13312	6195	7984	10047	10768	5578	13862	13863	5120	7292	13876	14112	13383	14164
1139	1894	8552	10615
2705	2240	2692	2988	1979	3572	3250	2737	3517	2368	3446	3686	3812	4740	5613	5636	5139	6673	7023	6708	6104	10810	9930	10812	722	12348	12507	13537	13545
3948	5152	7486	9425
2223	1099	3130	10484	12963	8026
1950	5804	7413	7524	2488
1019	7183	5119	8754	9227	3740
2313	5650	6266	7514	7822	8662	5649	9274	10830	11208	10193	11183	8961	11414	10651
4245	7204	1024	5693	6211	7827	11617	10497
3059	847	856	1317	3488	3939	5269	1645	1743	3636	5247
2395	5495	2300
3478	10852	12769	6345	835	6417	8140	8120	6674	3330	8917	11144	6049	7987	12339	13639	13155	9379	2447	3344	4011	12411	138	13896	54	13262	13630	2479	9223	9714	266	3892	5289	6401	269	3849	9737	11233	3407	8911	13627
1082	9695	13874	14175	14058	8404	8509
963	8931	6098	9699	10182	4798	3903	4457	10894	2753	6026	5826	11925	7215	12682	12038	12992	6070	12841	12919	8183	12934	13043	13336	13245	13609	13862	13863	13422	10816	13877	13719	13605	13329	13953	13737	14070	14065	14045	14101	14025	14165
169	8716	4767	5120
2129	310	1971	416
1833	7032	1701	4857	5895	2560	11026	8933	4734	9302	236	772
3777	9468	1071	2074	6984	8260	9377	9887	10658	10777	11829	11846	12085	13438
3549	4679	3619	7653	7888
1608	7306	8609	6628	10183	10111	10251	6271	10193	7828	10811	11380	11376	11420	11462	11985	7663	12167	12521	12782	6863	13235	5705	11261	13493	13604	13966	13283	13294	13950
3113	1191	9349	3907	5815	13741
3263	8416	6803	3255	2239	5533	8700
2752	4131	5150	8465
624	2709	6540	6694	4987	3755	10800
2420	1908	1937	1960	1176	47	2706	2485	97	515	563	966	1713	2670	1032	80	3226	2473	4775	8503	4917	11207
2092	687	1937	1777	1904	3383	4964	2238	4190	4513
1855	1545	1263	8612	5370	5824	8006
1752	3810	6461	6695	3186	8528	8957	4299	3631	7319	11338	5131
1194	9539	11999	1670	3142	3933	6369	7892	8205	8731	8908	9313	10807	10909	10910	10934	11229	11824	7278
3327	7171	7748	9709	9637	10012
3986	1044	9307	10830	4324	1894
1316	5368	7142	5972	8170	7943	8305	8045	7985	8985	9821	6056	8229	10810	10326	11133	11618	10665	12844	11983	11715	10784	10785
40	4657	5451	6391	6539	5225	12288	376
739	2249	3819	49	3253	4152	5481
3713	1919	4768	4301
121	2298	3915	8613	299	5630	10811	7517	11112	11209	5727	8991	1996	1308	9766	11296	855	1664	5318
1760	9265	5163	852	9612	7706	8773	1350
3436	66	150	650	2682	3174	3713	4156	2553	3587	3783	1806	4827	3589	4175	1086	4520	6058	7547	7879	7172	5086	7535	8884	11917	12902	5534	12762	12086	13122	13151	13323
906	5259	6702	11158	10012	10047	9710
2257	1243	4672	5393	6335	6806	5823	6927	7144	8497	9232	9284	10811	10683	9267	10193	11122
4357	203	7740	7514	8295	6310	9409	9264	9699	9584	2596	10830	9095	7353	7137	3905	11947	8770	9778	11881	9689	9764	7285	10943	12636	13531	13419	13363	13673	13841	13820
4349	7827	11053	12634	12915	11417	13008	13024	5377	12934	13473	13325	13524	6123	13571	13731	11983	12986	12281	13670	12751	7181	13829	14150	2027	13856
2484	3111	12397	12635	12439	7018	12513	13437	5033	6695	13422	1067	5309	13527	13293	12788	13831
4290	4665	10528	4970	13276	13683	5058
3180	10421	12344	11888	12179	12485	11643	11415	11634	11881	12875	6863	10047	13544	13291	12683	12788	5095	10780
1086	10947	11607	11651
399	10497	8406	11634	11871	11783
3348	1819	2538	1328	1919	3783	3846	5290	5660	5108	6594	7879	1559	7740
3241	5864	6332	6034	6844	6104	6512	11783
2727	2643	4316	5421	5425	6583	6840	6855
3969	6412	10133	7562	11601	692
1818	9075	8172	4772	10188	10828	10810	11290	11710	5182	11541	10935	8087	10812	11635	11881	12649	13122	6562	11053	13516	13606	13588	13208	13289	13740	13284	13411	13644	13577	13267	13454	13528	13446	13976	13975	14029	14132	13989	14143
155	2029	5598	7429	6537	7488	9558	9997
2764	4784	4103	1313	12609
599	3940	5763	6181	4680	6427	8987
1683	2426	4363	3178	5553	10757	195	6813	7160	8951	5131	10830	10047	9603
3189	209	2363	1179	3250	4040	3995	2058	3098	5579	1283	6035	7735	10382	10884	6728	10705	5487	12318	12856	13227	13435
871	7320	7735	11635	11881	11531
1004	5826	8406	8934	10047	10411	11575	11920
3012	2853	3109	9842	10112	11971	389	6471	6880	105	532	2114	3240	11983	12512	6681	132	638	3124	4941	5912
580	2049	6276	8736	10741	7733
3527	2801	6695	8009	6707	7910	8791	6498	8664	8762	9326	9334	9763	9032	7306	10330	8134	9918	10528	10958	10388	8936	11526	7146	8794	10670	7137	10665	3974	12163	10943	12088	12838	11874	5377	13012	6070	13780
4318	13308	1363	3061	8857	13306	11335	11765	8891	14123	13874	14058	13858
2681	418	2434	4767	5234	5956	7563	9930	7285	7663
4450	700	6685	7496	7525	10674	4358
2849	2774	2064	3886	4019	4650	129	2412	4571	4698	436	376
3629	884	1409	989	2501	1730	8239
595	2239	5149	6317	10537	10586	3766	4946	5234	5826	6026	6139	7984	10538	10585	13862	4236	8113	4502	8428	2922
2046	2753	2904	5826	7086	12893	3055	7803
1462	6377	7860	4997	162
1284	7269	3832	9104	5815	8949	10038	13691	10485
3810	3150	4178	7893	4216	2671	608	3134	4267	5378	9672	8697	9433	11136	5085	8678	130	3855	2791	4008	5032
2139	7901	10830	7137	10705	11986	12035	7089	11983	13324	13422	12395
810	5451	6606	9672	2412	4651	5419	6449	5201	710	2334	11686
2790	3146	3110	5880	5849	5620	6933	7547	7306	6670	7679	9095	7093
1686	1162	715	1150	1243	663	607	457	3685	31	6212	3082	867	243	8262	4008	9209	6743	10190	8134	1350	7991	6421	1449	3061	13597	303
4276	1894	6725	6699	6274	9949	2283	2962	6855	8918	3019	8083	7949	4108	2412	13310	446	8552	13562	4952	12339	399	11941	13886	4943	11928	3992	13932	13969	13772	3834	12206
3269	3111	6103	8717	8575	8817	9165	7618	10829	10962	651	7144	1686	1751	12176	10943	9524	2473	12636	10257	118	997	3775	12301	13438	13029	13789	1088	227	12645	1730
1076	3933	7603	12170	13802	821	4582
2330	410	303	1453	1650	734	1212	5226
666	6916	9641	11525	5815	7877
3163	1057	2918	5677	9305
1364	1906	4040	4009	317
513	5245	1515	6535	9689	11097	10047	13309	11859	13303	13592	5120	8913	9240	11233
775	1256	2314	4879	4762	766	5355	6352	6365	6425	7407	8540	9165	10251	8506	10522	7146	6551	12857	5578	13589	13534
3464	8683	1822	4427	2503
1804	4861	6726	8614	2626	8430	7359	9067	9652	7984	10829	6555	9919	11618	10808	12199	11053	12931	6863	13358	13097	13336	9949	12617	4483	8678	9978	12891	12637	11067	12390	5095	11671	14079
1898	1905	4672	955	2942	6056	6562	6168	5045	7516	5126	7370	10830	5263	11112	11553	1836	11604
3927	3840	5419	3357	10411
2107	5578	8324	4600	5152	7271	9374	11573	12101	12297	12696
3712	5033	2237	5233	6777	10518
2093	6601	7333	10434	11118	11416	11986
2806	1752	43	3939	3073	3378	5947	5125	5666	5657	6451	7137	6986	5027	7140	5736	9124	5872	3562	7984	1449	6849	9739	10830	11547	7537	9735	12088	2000	10512	10868	10439	13097	12513	3381	13433	13310	12032	13621	13756	13947	13623
3781	1554	5143	6354	6609
122	245	1539	3893	4946	5276	5693	8597	9944	10062	11163	2393	2745	4008	4299	5629	6902	7376	11586	865	13219	2473	5825	10937	12535	9443	3328	9560
4190	518	1317	3572	1194	4497	4966	6458	5972	9185	9274	10427	10806	10659	5377	10512	12331
194	5123	5823	7300	7340	8071	6834	6769	7682	8882	9069	9274	8924	9431	8233	5431	9513	11618	10755	10421	5377	7146	10939	10943	12397	12875	12915	12716	13171	13679	11066	11067	14000
968	3532	7118	9218
2427	3834	10497	13594	12934
3642	1177	2975	705	3459	4930	734	1368	8209	7925	8073	7921	334	1515	3103	5376	13537	13276
690	10705	11224	10949	12934	11141	13261	13276	13411	13416	13908
1200	3548	2801	6976
1372	4952	8106	9435	9436	9486	9911	11380	11418	107	1308	2002	3276	7243	7931	8498	8615	12751	12853	6058	8891	11053	11596	13312	13443	2616	11983
4196	775	4496	5856	4755	5	7740	8671	11071	11005	11821	1218	11591	11860	11595	10939	11443
1554	5666	5867	6974	7153	8986	8825	5834	11526	11545	8795	4324	11537	11637
3558	6053	5945	7572	3451	6484	9286	5707	9032	9541	10830	11250	11118	10193	10939	11423	11783	11635	11881	12605	12683	12835	5005	6661	10631	13276	13479	8664
1580	5129	6563	7497	5548	7530	8945	10515	9615	7369	5691	7486	5785	13314
1768	13874	14058	13781	13858	14171	14183	8509
2640	1047	949	321	2101	6685
4267	9409	3063	7866	10811	11133	6937	12167	12954	12370
2449	8813	10806	5377	12971	13323	6932
2156	5714	9264	10639	8961
489	11463	9916
2990	132	484	2687	3240
2438	2413	484	7514	8907	11282	11403
2898	795	3056	4379
3943	11894	12814	6663	12808	13071	12588	12853	12443	6854	11639	12730	12731	13231	13316	13246	13042	13245	13336	13717	13325	13476	6453	13551	11557	13587	12671	12607	11067	12473	14076	14132
628	51	1613	8872
3872	6372	9274	5834	10466	10650	9546	9930	10193	7517	11293	12694	12632	12685	13198	12370	6070	13105	1044	14147
1996	2137	2812	5310	6547	6648	6048	1592	10047	11643	144	6942	11349
1979	5748	7273	11149	11193	9317
1947	2190	3111
2831	2867	2223	9126	11462	8800	10541	9310
2212	10610	7784	7883	1308	1192	12849
479	5597	8943	5152	11726	10658	6368	8894	2412
2208	6272	11606	11651
716	3513	938	3212	8126	8933
2371	12275	13033	10047	13094	13740	8556	11315	10827	13292	13281	13293	13510	13282	13299	13658	13521	13737
378	8025	813	2381	4062	6648
2398	9970	10866	8658	9133	11138	11351	12206
734	2824	7849	10007	10226	11630	12897
2032	1939	2238	1826	1024	2105	3572	4258	2405	2061	3944	1000	2693	7971	5421	7283	6022	8143	8131
1585	3265	6055	8646	8671	8729	9526	2730	2551	5583	9686	11419	9084	8278	3419	7905	8207	8652	10172	11121	11537	7663	9646	12907	7883	13394	13805	9689	9544	5015
2318	852	11021
4100	1192	5440	4040	5654
2451	4254	6635	77	2260	10049	6195	9057	367	9922	9514	7968	5157	5104
4366	4813	5973	4469	6405	6311	9274	10829	10830	12493	11532
2227	1978	4456	181	4838	6588	8084
3335	2901	2977	4405	5330	6139	10881	4559	5100
3740	5143	748	140	2700	6584	11009
3213	4149	4901	104	852
642	1442	1841	6525	11782	7874	11964
311	10890	10254	1978
393	5579	5854	5974	10156	8506
1398	3045	3051	4055	4940	3661	6409	7071	4838	8040	8245	8824	11071	11316	10674	11443	5611	13024	12410	13987	13908
558	5580	6729	7491	5383	2340	8429	9445	10113	7686	10189	10505	11391	7137	10800	11594	6937	9524	11871	12456	2000	13261	13626	13988
566	6309	3452	5402	7199	7831	11328	6146
793	1099	3896	2797	4837	4774	1800	2920	4765	2528	704	4859	6421	4282	2025	7022	7514	7473	5716	4107	7983	8480	9380	9381	2830	6342	10427	10808	7984	9557	10437	10809	13031	13533
2641	4410	8736	8100	13203
4203	4302	5359	6339	6650	6035	6633	7530	7599	8870	8020	10309	10515	7984	10239	10528	11774	12527	12351
1894	6042	3757	10147	9810	11879	13322	12682	6676	9956	7498	10422	12680	13272	3893	13606	10534	11771	13395	9887	557	13254	13518	7824	10367	12620	12771	4008	12765	9978	12592	11976	7575	5150	11082	11348
3982	1609	9625	5167	8541	6959	7269	8180	6236	8872	10658	12070	11686
3311	5375	9057	9571	3715	5602	1894	2210	4103	7440	8968	9022
2766	616	3143	6882	750	3842	6233	12272	9322	4633	4101	12254	12809	13710
1169	5819	5214	6573	10251	9357	10431	4250	1751	10511	580	13184	13310	7292
3941	7997	10829	9930	1854	2970	8200
3988	3016	3704	4078	3665	455	6548	6218	6427	3223	6061	72	8193	924	8672	9055	8831	9526	4631	6573	35	10800	10442	9645	10900	12344	5720	2220	5597
1151	13253	10631	10495
2279	8281	9763	1076	9569	11389	11444	11553	12299	12751	9042
490	852	6576	7415	1308	4234	4480	6305
1514	2940	2943	1914	4040	4733	4827	4140	4313	5431	6339	6342	4914	6502	7112	3946	6070	8614	6103	7939	9063	7671	8943	8693	9164	8847	9702	10808	7146	5377	11361	6744	9527	2176	7144	12022	10553	10939	10943	11888	13048	13323	11756	13871
2175	938	7177	6352	8000	8445	8444	8941	1360	3947	4784
2724	12547	13221	13386	13621	13094	13639	13382	13240	13486	6453	8965	13406	13564	13496	10780	13509	13841	13588	13939	12920	6180	12975	13446	13528	13814	14111	13956	14089	11561	13750	14066	14073	13996	12744	14170
3793	8540	6420
190	4918	2644	930	6702	7905	11575	10047	11585
1525	1863	12029	2000	13395	1800	2195	13276
1758	726	3034	4368	11968	10658	11919
3583	13688	5161	8913	13507	932	12216	10233	2220	2426	5301	8468	11983	12568	13021	6681	7653	12519	5120	12869	13420	13687
246	1116	2587	2810	1431	2019	1784	372	1436	6374	6482	887	6744	6683	3629	7250	6	8501	7155	4612	5330	2632	2210	5263	6900	11462	11783
2820	3773	8731	7966
71	13470	13241	13738	13119	13224	13671	13749	7325	6435	13695	12367	9792	13587	12459	12682	8291	13657	102	9048	6438	12397	13807	5883	13155	13218	9916	11521	13953	13134	13138	14019	9972	13760	13983	13903	13081	13310	13621	204	8721	12994	13771	2473
2278	6866	6791	10412	10238	11289
1081	6680	5535	5814	933	5096	10584	9357	11854
1133	1611	1155	1987	2169	2394	132	541	1547	4230	4839	4497	5820	4515	5932	6593	5480	8051	8534	7985	8661	8762	4474	1542	10830	10193	10028	5377	7146	11208	10943	10109	6152	1109	12488
4304	3162	9853	5814	5825	7285	7525	8646	9290	7659	6573	7229	7241
4360	9687	10591	12934	9704
1068	8907	8635
3144	821	1636	3328	4004	5826	6766	8304	8917	11676	11983
2008	602	1683	7354	7827	2557	8956	7610	4490	3111	1512	9039	2343	6902	2227
3829	276	245	1780	852	5935	7591	10411	9867	10081	10035	1350	10981
1798	6626	7476	10138	8082	6968
2591	4178	8959	9115	5473
3873	566	3572	6046	9381	10812	10515	437	11208	11618	10355	734	12426	7938	12401	13800
933	7655	7653	11030	10074
313	3793	4717	5852	5139	6342	1860	6421	6644	7107	8039	7620	8351	7139	7143	9325	8110	10056	9019	5834	9080	10943	12807	13173	13673	13987
3675	2011	2673	5234	1792	5494	5503	4244	8793	8657	10239	11112	7711	9163	11545	11774	11443	8889
1241	7068	9807	303	5815	9508	8553	1800	1894	41	121	557	4952
2369	11138	11351	11641
2188	1601	7931	7945	7306	6600	6484	9821	10806	10212	9036	11112	11338	10830	11377	11560	11774	7137	7285	12051	9524	11387	12278	12486	9682	11464	11053	12864	5005	13717	12977
2570	3250	3448	3869	4005	5483	6593	7062	7337	6405	7491	6365	8411	8905	6141	5974	11526	11821
555	956	832	8009	8720	8397	9286	7808	9885	10812	10511	11344	9315	7285	11552	10949	12438
1449	1235	5393	7459	7448	9185	9880	5834	10810	6711	10806	10426	11406	9855	6455	9779	437	5095	10811	10943	12117	9682	12352	12547	13515	13551	13731	13824	12788	14101	14132
1778	8644	4767	8175
2182	7181	109	3679	80	1751	1643	557	10390
3437	1730	7876	10398	10415
3812	7370	14161	14164	14065	14073	12824	14169	14168	12846	14088	14185	14186	14187	11684	13549	13825
1861	4966	5122	6238	7306	7946	11112	7982	13492
4283	6317	7402	8053	8113	11962	1211
104	955	1378	1479	10947
3268	12652	10943	9524	11307	5005	11053	12923	3705	7581	8216	12842	9471	11881	13008	12770	13167	9848	12244	9404	9226	13543	11050	13515	13516	2212	13530	13571	12512	13754	11067	13625	13820	13506	743	11805	13674	4222	5883	13950	12390	13619
4362	6354	6608	10539	6314
4342	7780	10165	7917	9477
1229	440	452	320	700	862	2432	4484	5812	4172	9798	10811	2000	10943	11786	12902	11172	1212	8814	13042	13343	13306	13422	13299	54	6936	10658	11756	13280	13488	13334	13784	13785	12925	13975	13983
1521	1103	6136	5562	5826	6341	6462	6695	7144	7735	7913	6483	8671	9040	8382	8723	9186	9126	9021	4911	9526	7984	9368	2730	9794	10810	10169	11284	10064	11865	11251	11637	9607	10939	12112	11239	13545	5005	13699	13731	13412	13673
44	5409	2559	233	6673	5064	5132	5876	6194	5028	6512	8510	607	5321	8255	9526	8813	9740	6374	10892	10829	9659	2843	10808	10949	3381	6997	10883	10777	4672	11903	9607	8638	3835	12244	6624	13422	6070	12661	13988
3505	4597	4040	4041	1800	4338	4339	3805	3120	4922	5399	5832	1191	5708	5903	5035	5037	5495	6257	6237	1894	4315	6504	3641	5177	181	8535	8047	8967	10443	10806	10527	10812	11761	10224	10811	10901	9853	6079	12370	12981	12275	13515
2012	5345	5854	1860	5430	7148	7807	10497	10806	11462	10351	13012
988	5392	6684	3127	2811	5030	3183	3599	6343	2377	7426	3009	7565	7427	5152	7489	1785	8731	5339	7985	6058	8430	10511	10040	9400	10411	9355	9853	8686	9714	13183	5724	4182	11178	5889	10795	11137
571	5433	6054	7835	7416	11133	11902	12331	11625
3935	658	257	550	673	3324	4700	2514	5639	6136	5826	6930	8372	8671	8285	7828	7145	10073	10406	10143	11479	12243	12342	12731	2000	11983	13319	8166
2326	2812	6696	9765	9790	52	6852	7581	2781
480	5383	5731	5432	9153	8866	10156	7984	8824	10239	7145	10360	11065	12053	12052	11331	12148	9084	13231	13319	13744	13527	14000
2142	2830	4164	5723	9689	594
86	10183	7615	10811	10193	9930
2030	1990	3250	2727	3077	3513	1833	3840	3645	3958	976	3220	2573	3006	5038	4468	6330	6506	9029	7557	9874	9541	7517	10193
4399	4222	7480	6303	9265	2263	6702	9808
3430	1826	47	7416	8391	11250	8961	11875	6177	10512	13231	10658	13744	6936	13450	3069	4342	1848	4857
2750	6026	12964	3540	3954	4388
2933	5169	196	251	2647	2269
234	5659	3218	3288
2608	1267	3066	4401	4511	4763	5835	795	5775	3187	7283	8533	8135	9030	6503	10497	11526	10581	11164
3382	399	3572	334	3862	5023	4962	5956	3931	6232	6486	7379	7455	4497	2925	7671	6930	5523	6816	8616	9107	8230	3466	10704	11722	437	13336	12976
4166	3543	5472	8528	10182	411	6424
247	8265	2029	5814	6153	10085	10830
2499	8418	10810	13608	13610	13661
3498	8614	8709	10608	10810	10154	11039	7145	10239	10828	11017	11274	9207	11208	11633	11818	7370	10142	10949	11899	2761	12666	12857	12557	12907	13198	13599	13582	13673	13701	13707	13396	13645	11066	11983	13756	12474	13950	13972	13988	14093
3764	218	2975	4839	5835	5186	6784	7137	6427	7497	5383	8053	8281	9578	9650	8522	9770	9232	10552	10876	10877	7984	10943	2000	5705
285	575	12503	11748
3990	4608	7985	8073	6271	10929	5500	4300	5578	10521	9426	5532
1487	6997	2412	9001	7571	6014	5826	1554	4239
3757	3497	6332	498	7868
1007	2848	4471	5815	3410	4994	2812	6803	7591	9501	10012	10480	1308
1250	3317	6072	7349	9475	795	8097
3965	3726	8517	4066	7705	10062	8309
2512	599	353	1308	2770	4246	2844	4133	2261	278	334
4270	3988	5540	9853	11617
3961	2337	3736	5579	5823	7388	8034	7333	10334	10064	10939	12199	13261	13224	13453
1377	6272	3317	1730	2989	12580	10372	8243	13667	2516
3412	7551	3049	11427	2274	3029
4144	11068	11432	6855	7759	8383	6329	1388
4462	5559	5826	6052	8373	9887	10411
405	226	1716	1957	1982	2390	1880	2720	2146	3149	643	1256	2125	2063	3515	683	1454	2389	2799	2261	315	3960	2387	1144	3038	852	3936	2783	4041	312	3995	8382	11198	12097	12399	11598	8838	3759	1922	13317	13042	5005
727	9501	6942	8762	8984	9972	10016
2846	2034	1824	3250	5868	4725	10146	7984	10193	11112	11377	11292	437	7663
3274	12126	8100	7978	11440
987	2771	376	894	541	5584	5186	6331	6848	1258	4770	7879	6930	8611	8279	9391	7984	10287	8045	10806	10830	12558	11888	13093	13293	13495
1720	5842	5826	7905	1296
507	13540	3536
3396	9551	6069	9821	5553	10810	10224	7918	8382	11209	11774	11630	10876	6153	7370	9080	11243	5815	10712	12823	12438	13129	5578	13418	1690	4974	2550	3262	14092
3155	6054	12054	12399	5778	13227	2099	6580	8096	6810	7617	10951	3847	13267
1900	3073	6800	10812	13238
43	4339	4634	7415	9274	8627
4121	4944	6123	672	5226
408	8085	1686	3211	5030	6444	7127	3346	7590	5325	5826
3660	169	10012	11026	11630	71	237	1702	6123	6383	11023	132	895	3639	3836	4662	8261	8917	88	2220	2473	2687	3240	4004	5826	7775	10300	1351
4057	158	363	54	4457	964	1174	12661	12932
1397	10084	648	8406	6421	11616	753
930	3678	12061	4651	6443	8678	8917	11983	5043	5095	11159	2183	13768	13185	9949	11141	7528	13674
1470	3787	3716	6072	6401	7783	9714	3116	10040	7125	8721
2436	6046	6336	8053	8833	10183	10829	9546	11339	11783
2664	3594	4017	5044	8008	8878	8917
1095	706	399	7763	8773	9513	12401
2573	5163	7328	3528	3532	5338	11109	6916
1448	9689	11462	11682
2559	6022	7882	6518	938	8669	8833	5519	8663	9092	9397	6503	5120	9541	9949	9883	8770	10765	11250	11282	9930	11119	11797	6183	12507	12112	9212	3775	12941	13325	13804	7422	13453	13309	11067	13976	13648	13485	13983	11549	12678
3664	4883	521	3019	5808	2239	5095
1478	2625	10487	3177	5154	11330	12378	4578
4164	2861	8560	2137	2547
110	5929	6233	6726	7155	8717	5511	7240	10806	7146	7140	8795
3455	4631	5598	10512	10943	12676	10902	11816	9035	10635	13661	12983	13293	13299	13289	13804	13307
3529	2400	8205	5736	8607	6575	7491	13426	8349	10591	10813
846	1177	2034	3774	3754	3878	5297	6877	7626	7644	9052	7922	2249	7779	10307	9930	2238	7285	12061	8638	13493
1238	8266	2626	5432	9431	9643	9642	10830	10351	9267	10609	11391	8961	7146	10823	10943	10512	9903	10752	13568	13531	13820
2381	5245	3642	10584	5449
3332	6452	5333	2809	5708	7428
257	6654	6910	4584	13387
2243	1075	9054	5059	8713
1786	236	333	2064	6317	5814	6104	1328	8154
2096	11104	7875	10460	5815	7130	8028	9960	10605
4234	4870	4672	4633	5655	5172	7302	6562	7683	7146	7459	8856	10251	10528	8795	8991	10943	12204	8189	13571	13281	13282	13668	13837
1152	4880	2201	3187	122	3670
1216	1059	4592	4345	4966	5404	7931	6601	9089	8743	9326	10250	9821	8768	10829	10810	7340	7403
2273	3421	6576	8838	11530	11624	11737	6998	8261	4980
3147	13938	12751	12752	13644	13241	13874	13902	14089	14090	12846	13005	13285
1403	3076	7132	9799	7037	6251	2644	734	11211	12140	12055	11289	11421	7146	11417	11424	12145	11634	11635	12521	12850	12112	12203	12668	11423	13664	12937	13610	13495	13731	13291	13293	13805	6180	13065	14008
932	1734	7191	3187	6794	8612	8115	6327	10183	8232	11112	2476	6123	11881	13744	205	3918	10785	10784
164	3177	9640	10484	1730
3199	13057	12836	9140	13031	12370	2609	9608	13191	13164	10047	11983	13391	7252	13310	9511	13422	13569	8556	12617	13098	10411	13626	10815	13509	13289	13453	13966	13814	13990	12774	14097	5423	14160	13298	6303	13996	13285	13296	13741	13941
2249	1063	4853	3452	5265	9631	5330	13132	789	4113
3278	3129	198	5887	12771	852
3191	6419	10354	5220	11761
3551	8000	10987	199	358
2891	5661	7881	8773	12758
3385	367	318	416	1980	56	1987	2412	302	6127	5827	2789	7806	8381	5871	10193	123	11211	11414	11423	12751	12815	5377	12971	12682	13785	14048	5826
2064	579	3730	5102	2201	6806	6780	9338	5101	12881
1002	4405	2361	7305	10291	11775	3895	9511	5697	1739
187	4422	2220	4458	7186	7471	9931	10301
4257	12461	10811
4370	5597	11357	4131
2751	10146	10182	9264	10958	8936	11783	7663	12035	8552	10047	11944	4970	11634	13419	13289	13744	8089	12433	6925
2490	1120	1454	5399	5812	6181	5826	8671	9431	9526	9193	7581	11120	10777	12399	10943	12604	12772	11937	13030	2000	12770	11183	12434	13589	12858	13296
2955	97	4391	4208	4864	3060	3951	4763	5359	6204	6451	6263	9197	10190	9939	8235	8658	126	5276	6368	6413	7467	8917	10513
1512	11625	5119	11671	7285	3739	12056
616	1465	2473	8751
2181	871	888	4258	384	2061	2017	1226	2960
2366	189	228	1103	1447	1478	898	2929	4139	4078	3995	5400	6332	2626	10806	7675	10830	11690	9585	9778	12694	13020	13531	13170	13822	13589
3325	3691	3177	6979	8095	13377	825	11144	13367	5196	12988	5942	4484
997	5100	8604
3302	9803	10350	10352	852	3343	6605	8735	8934	8430	5760	11627
4154	5821	8503	9884	7568	3704	10812	10808	11594	5515
4388	1116	1215	1299	1423	1311	982	1168	2557	4768	2579	412	285	4725	4273	1485	2870	7961	5205	8709	6026	5525	10943
1966	9197	6349	6413	12763
3762	6294	10987	5815	11261
1319	12147	10797	10939	10812	11817	11903	11902	9832	11420	11423	11053	13175	2483	13336	6285	13115	13098	13571	10057	13170	13740	13295	13841	13509	13292	13299	13313	12751	12645	13296	13297	13298
2456	7099	10806	10811	8864
2576	3218	2957	10269
3638	7245	2201	7160	12703	1683	5278
3819	814	2837	5490	5580	6339	6421	6046	3747	9405
2780	395	992	1137	350	2408	3384	3494	3448	4736	1907	7306	3240	2644	943	8429	7614	9334	9912	1003	4801	9716	10811	7517	3634	2457	8731	11970	5472	10188	10943	11711	12857	12456	12388	389	12990	13172	162
1163	4360	7415	8967	9414	9699	9828	8841	8975	8831	10829	7984	10361	6592	7147	8766	10808	10904	11433	8294	11207	9413	5005	11042	12486	2000	10553	10943	10949	12648	9682	12782	11053	13198	12547	12933	11137	13362	12582	13560
267	9957	10528	9659	13014	11053	13057	13146	12443	13332	13139	12801	13320	13113	12786	13912	13415	13673	13329	13947	12752
1425	4672	4316	5123	7807	8762	9264	10811	10193	11418	10659	11379	11413	11420
334	6394	6898	6488	2388
2868	3215	2192	227	5679	6230	5139	11635	10786
2974	3997	2192	6033	2343	2280	2745	4182	8052	7764	10484
1220	697	1826	410	1484	1819	2023	2975	3085	2146	4143	3927	6505	7378	532	6759	8908	9186	10260	7040	13532
3151	5859	6245	8000	8175
3386	5349	6058	7341	7347	8280	9055	9734	10683	10295	13227	13571	13740
2431	9718	12103	11147	226	4417
1272	5270	6324	2249	10498	10977
3098	4994	1040	9590	8436	8721	4767	11837	8326	5942	13407
531	152	2263	6936	7114
329	1825	2248	2904	9930
2376	1549	1936	2582	2797	3988
2530	6276	5203	9625	9235	6393	11576
3747	11881	10702	12955	13720	14031
4185	11375	11418	12972	11881
1595	5227	7992	9294	9346	8917	10955
1362	2999	6512	3503	3396	10674	12850	7357
223	5479	1482	2936	1956	3956	6037
1917	5826	5858	8971	9074	10411
2961	3466	9721	10317	1350	8000	11189	11403	10222	7510	10710	11586	7147	10172	10595	12569	12498	2263	11462	9855	4651	12179	13100	13000	10480	13237	8592	3593	11726	133	13141	12200	10703	13976	13737	12974	4355	6807	9457
2532	7824	7664	8175	8284	12703	11552	2263	5989	9114	9838	11206	10721
1930	1125	1501	409	4105	5945	7947	9822	6770	10111	10251	10113	10527	12850	11333	13467
1623	7143	9330	8204	10515	10528	12857	8596	13536	12582	12788	14029
2917	10887	11653	5030	8075	12123	6945	315	4500
1136	5834	10061	9686	11350	1326	9653	7114	10480	11790	3557	5762	11188	2473	10047	12839	6886
2248	5586	6946	7306	10022	10806	10193	11117	9546	12311	6661	12086	13509	5365	13514	12396
3194	1894	2255	6576	6855	5142	8502	4034
4209	1424	2419	1903	4180	4863	5740	6069
4174	3401	4050	6212	6562	7807	7449	8258	12194	6486	5930	8678	10943
1423	390	2352	4570	1076	8425	7638	9154	8774	7272	10638
3811	207	1750	3532	6495
3316	7806	9195	10588	5030
2862	24	3204	2705	4132	1774	5545	5917	5690	6803	344	369	776	7300	3130	5826	2948	6017	11112	924	1835	7276	6429	8834	9448	6123	12620
2190	3308	5355	6237	7306	8096	6963	8154	7809	8281	6031	8985	11112	9315	11537	12203	6210	11055
2971	3221	3411	4131
3033	1030	1656	1692
1989	4866	7910	6386	8486	3983	8849	9218	5434
361	7667	5091	8205	6464
1619	3424	774	5194	6356	5226	4952	9571	12682	8838
3974	2174	2321	3354	5765	5620	3451	7306	6235	6498	9032	8229	8991	11568	11122	11124	5986	12111	11871	12112
264	9261	2828	3617	9376	6681	7373	8181	9188	3612
1014	1006	395	990	2712	4182
222	6145	1749	690	4307	7589
353	11262	2201	8931	9713	9897
1617	11670	12361	8671	6661	12175	8556	13080	13609	13804	13299	13411
1036	690	707	2144	2907	2914	4767	4868	3370	4402	4549	6415	1906	8195	9443	10604	11560	11720
3344	4306	8686	6855	7711	7991
127	2727	3781	5021	6072	5405	6323	6790	7459	7492	9307	10260	11375	10659	12055	9437
435	7440	8552	116	6810
2713	6512	10806	13323	6932
2852	9063	5026	8753	9334	9600	9947	8295	9027	10190	10695	11112	8235	9647	11208	11984	11986	11604	11715	12357	7146	7997	10808	10903	11917	12413	12649	12850	12972	12038	13031	12086	13231	13417	13645	13313	13122
1198	11028	2371	4321	5618	245	6656	5676	2714	8033
1928	5095	2220
3501	1350	8467	8508	8548	5823	10629	10658	11524	1244	11192	13191	11776	12674	754
1929	1030	842	1223	64	665	2453	3793	4672	6212	6715	8663
907	6331	7666	11882
2102	8961	11212	10527	10528	12493	12573	11688	2963	7113	13293	13282
1518	8275	7828	7835	8768	7866	7198
3290	10302	10444	6123	7711
585	8704	87	2329	7393
2528	1940	621	2839	2508	2644	3707	1451	4072	694	3786	2922	11859	4324	9778	10512	11007	13155
2783	1062	895	659	10829	10984	10675	12529
722	6681	12820	13367
4338	9679	5669	5814	6353	10498	8745	5394
357	2493	3194	3840	5314	5829	3439	5777	4422	7647	6696	5771	9064	3062	9581	9734	10060	2689	10084	7709	7558	9989	8927	10442	9697	10942	10690	10929	10015	10966	10635	12425	12530	4342	5936	5767	9589	9810	8511	13140	13636	13658
4423	2349	714	2294	2298	2377	3278	3480	5740	585	5812	6790	2817	5939	8533	9575	10920	10811	10840	7144	11936	3562	12826	3429	12983	6258	8316	532	8994	9490	11224
410	1679	1819	2562	3792	6925	7624
3978	6509	10128	6458	3986	7713	13310	6709	6187
1574	9456	6969	7883	8434	3852	11675	11733	12076	12091	10205	4284	6550	6810	11997	11593	4808	6048	7851	11734	11983
3056	1288	391	2819	349	3269	8594	5981	5541
2991	6011	6343	6806	5849	540	6788	7191	7192	4809	5336	6600	7177	7155	8836	9445	9244	9078	9379	9405	9727	5871	10523	10650	10193	8961	11462	154	8519	9417	10800	12056	10651	6937	12148	12758	13080
1212	4097	4886	2941	8032	8239	6964	8612	8884	10810	11317
3309	3536	4222	9526	10878	3145	6172	6438
608	8544	5895	7067	10399	1191
3410	1431	2079	7062	5753	7144	8614	8362	9274	8634	9727	9462	10182	10958	10830	10295	10755	11380	11125	11634	7663	12397
2176	7492	7463	10580
2394	795	3395	7702
3216	2363	579	298	2437	3184	4208	6548	6833	6336	1138	7021	3111	6827	4588	6554	6421	5024	6809	6483	7525	9008	10808	10163	11291	11860	12111	12370	13717	13224	13707	13334	13589	13822
3776	3012	3040	4452	11983	12048
943	14161	13383	14164	13882	14153	12825	13346	11684	13549	14185	14083	14088	14155	14186	14140	14187	13875	13948	14057
1247	5041	6289	7077	10449
2757	11315	10198	13658	10199
626	1308	10916	12230	7910	8762	11983	4182	9188
4043	1773	3176	6773	8123	5201	3881	6165	5084	5522	6468	10102	381	2561	10983	8147	1322	3375	11927	10927	330	587	3344	5096	8857	9804	10233	10354
3523	10089	10094	2670	10051	613	13796	11627	8725
515	3845	4383	5999	6694	5656	7306	6485	7729	7820	8369	9060	9195	9328	9332	633	11265	11125	10193	10333	11208	11380	11717	11926	11917	11980	10484	12640	12352	11053	10941	13607	13284	12637	13305	13306
1421	10829	11183	11782
2870	2904	5391	6668	7306	3452	8270	9325	9600	9331	8779	6560	3903	6757	11208	11376	11380	11375	12357	9972	12752	12571	12380	11433	13807	13737	13760
109	7022	8323	6360	10047	11881	13093
2514	4135	532	3078
3305	10290	5625
2772	3435	3041	1191	8731	9511	11285	292	4580	13571
3540	551	4637	8336	12299
3158	5805	7147	4583	7754	6146	9260	5084	9073	9256	9014	9883	7093	12054	437	10800	12051	10147	11901	10686	3705	12751	9920	13532	13529	12896	13692	13334	12149	11067	11857	13946	14044	13845
868	3105	12149	8175
1899	8044	7653	6503
2307	1226	1254	858	2462	3045	3547	4395	4244	4817	5975	6136	6343	5825	6458	6784	7146	6578	7306	7151	8009	8717	6498	8185	9329	9334	8420	10166	9217	10239	10527	11317	11290	9207	12088	12432	2000	12560	10333	13464	13581	13804	10306
910	1454	1734	4338	2469	1777	212	4372	3383	4940	5025	6212	6540	7302	6694	7715	7005	10499	8961	11212
2729	793	4877	5343	4811	8430
3171	2127	7910	9324	10466
2943	100	2168	10526	8513	6139
3958	4554	7767	8198	12288	893	1373	10675	10822	10976	2193	4111	7269	10658	7619	10716
1252	1485	148	5111	2782	6979	5486	5770	853	1283	6095	4079	4324
3693	6232	6110	4485	6918	8486	5790
973	5201	4668	366	2616	795	6355	9164	10811	3394	10176	11433	11594	10512	10943	11637	13544
1657	716	455	1020	1894	2743	2931	3161	954	555	4334	3911	2429	5433	6911	1889	297	2578	8531	10166	10305	9220	5631	10811	9080	11462	9607
2314	4840	5021	5529	5840	5826	8825	8808	9108	9593	10114	10187	8228	7984	10829	5834	7145	10423	7146	9080	7147	10791	10949	11817	10939	12088	12618	11053	5377	13002	13019	10306	13446
3244	3147	3353	5299	4929	5044	7345	9686
1347	3903	12348	13093
2350	9880	10810	10193	12111
2463	5956	9600	9893	10146	5912	11634	11443	9645	12814	12821	12634	13464	13908
833	2082	2809	5749	4170
3918	4244	5152	5323	10975
470	4232	128	4985	1	4263	4778	5826	8406	9645
912	10528	10193	8961
2084	3864	4512	2160	4134	4081	10068	9965	4307	3849
2947	3828	5255	5004	2263	4035	8544	8451
80	4937	10831
2358	2473	6694	4918	5645	5276	5756	7899	8175	4669	106
1953	2772	10411	4316
426	7491	11211	11416	7663
2655	3128	9944	9501	11352
1458	4156	4049	376	2687	3237	1906	2393	4473	2004	4176	4254	2898	1410	4334	5711	1384	3334	2645	1997	3240	3633	4899	648	6863	7997	8721	132	585	4609	8382	8521	9069	10423	3466	11344	10659	11917	5005	13158	13325	7581	11907
1271	8534	1556	6481	10723	11203	10722	9316	6321	2271	8455	7920	8449	8731	9321	9658	10497	5412	3055	7494	8291	10987	5095
2488	982	1894	3534	7701	2925	6098	1426	4561	6097	9490	10337	520	3790	6508	10205
872	3130	3679	4014
3652	2439	2939	3362	7670	7517	12035
2165	2476	383	6059	1188	1195	3278	3514	3974	3987	5210	7807	5826	3178	3419	3253	4402
1114	399	4238	8519	7951	9890	10427	10898	6592	8991	11540	11340	10499	11422	11635	6578	12937	13531	13701	12920
488	5109	4759	5564	5929	6696	7675	6054	7283	8034	9429	7984	10264	11112	11594	9524	2000	12648	13199
1161	3916	9602	9221	9974
3968	4488	9282	303
1226	1146	12903	9511	288	920	6066	9532
4072	65	1412	2826	5948	6879	13330
1404	1809	6554	6640	7889	10052	10116	10406	3933	902	4589	8434	5474	5946	8551
3853	7341	8233	5834	10811	13664
360	1551	10167	7650	5819	11207
499	3572	5177	7385	2487	12147	10375
2359	3318	8052	7764
3971	79	4511	4498	3232	4940	3674	6819	8150	8294	9397	10287	8134	11377	11122	12056	11586	10800	6937	12838	12932	2433
4434	3964	2524	227	1484	2508	3762	4765	5212	5115	661	5362	5600	7112	5028	7287	8826	9274	5663	9040	9071	9005	10166	7033	4915	10830	11545	10898	10777	10943	11925	5705	13568
1732	309	1137	215	423	1852	2984	6147	3924	6104	9274	7517	8866	9232	10812	11821	11947	11881	325	6711	9551	10777	7215	12972	12932	10702	13369	13276	13705	13589	13295	13947	13950
67	8773	10193	11462
2405	10201	585	10866	13438	13546	7926	7977	7861	13511	13796
4473	4330	2499	296	2255	7613	8894	11078	1978	11467	1308	11728	7590	3928
4006	5433	4984	5666	4762	5128	5431	1943	2524	2926	5587	6036	6920	7062	6985	5172	8833	7416	8977	5722	9501	10168	10808	1966	6100	4228	7122	6432	7300	12314	9537	11241	6180	13285
2039	9074	9802	4307	11617	7910	12876
4212	1783	11035	12018	8014	11193	10947	576	852	9501	8284	12503
1132	10943	12124	12591	2518	12782	11053	12771	10411	12370	13008	5377	12770	13316	13358	13171	11137	13337	13234	3834	13795	13707	13551	13411	13416	13571	13661	13804	13577	13947	14008	13872	13914	13954	14044	14018
4204	2994	10119	5815	11643
4263	7358	1918	5815	6069	8408	12514	2524
1473	10620	1015	1570
1369	1968	102	1199	631	4430	4998	327	1269	4240	7688	6443	7828	8270	3618	9208	9196	9387	7200	9214	9146	9237	10528	10958	10811	11257	12072	11871	12058	11666	12278	12456	6907	13581	11512	13605	13604	13357	13521	1494
4310	1815	6836	7786	7942	6716	8899	11119
3006	224	7221	11351
2390	6837	7861	10386	9501
4352	2428	5757	7137	8698	7809	8720	10812	11537	10806	11889	12933	12955
3525	6601	9689	11153	4131	1750	2925	4880
3495	5666	5879	6486
1662	2280	4550	774	10484	7962
2491	12357	12199	11892	12641	12731	13152	11068	8556	6070	13445
2007	7207	9587	10441	12792
916	5021	2076	5561	7300	5950	8938	5215	9319	10123	7147	10975	5578	10943	9173	9659	11053	12934	10095	13178	13198	13411	13673	13701	2550	4974	5095	13515	13446
3420	5530	3451	3732	4471	4879	6720	6722	5597	8405	12139	3058
2292	4651	5792	3742	8113	3120	194	503	2638	2809	2058	7231	6091	11269	9069	9887	6692	1308	1722	3717	5234	10829	11348	11976	4111	4182	12536	977	266	269	2000	4004	14054	878	13346
2020	12384	12934	8556	13293
3509	8938	1670	10239	10199	10659	11133	5005	11818	12058	10943	12088	12361	12507	12367	12850	11053	3775	13604	13837
520	9166	11535	10056	5592	13599
1694	6015	7685	9547
2409	4403	5826
2205	8961	10193	10037	11809	11986	9920	12167	12446	11627	12456	11881	11420	11423	12175	10047	10151	13120	3543	12683	12302	12645	13296	13297	13298
4170	845	1982	2322	2259	1730	7200	5438	10918
463	1916	2885	6444	11082	11308
171	2473	5147	734	8524	11071	13310
2435	944	861	1006	706	390	1210	4644	4734	4244	2529	4940	5135	7734	6048	9881	3903	9094	11119	9647	11985	6937	12836	13683
4217	5597	8731	8630	12046	1358	13095	4004	5826
2424	4422	5786	9074	6809	10541	7225	10500	4537	8239	9054	9039	9047	289	5815	5819	10780	5095	13036	2300	2652	3111	7271	12339
1311	7883	10097	7387
958	7322	2145	3832	3387	4008	7003	9240	2925	5890
3510	632	6356	6912	5942	10193	10650	8963	9546	11462	437	11339
3073	5084	8112	8157
2734	13320	13419	13829	13564	13303	13992	6438	6435
1529	2088	2926	11190	5220
1065	2191	7124	6077	6376
2430	8349	12296	2689	10372	12048
2720	1366	12375	629	4404
312	318	795	5066	5632	7620	7807	8961
107	7774	5476	9368
4376	5343	9240	9280	10442	7368	12759	13102	7264	10658	8645	9218	13338
777	471	2437	5401	1343	4880	6005	5867	6041	8817	9759	10183	10193	11553	9437	13532
2865	8280	7333	10830	11379	11208	11375	11376	10651	12145	12697	11417	11634	13394	13453	13661	13805	13445
3836	3981	6419	8377
3901	3139	6282	1693	7917	5001	5208	9668	448	3832	1516
843	399	714	2475	5105	635	2226	3344	7548	4210	6427	5705	41	1985	2239	2473	3893	4216	4943	4999	6702	8088	9690	9951	10658	10663	11929	11941	12006	12165	12206	12465	12512	12882	803	12339	13481	13789
3490	1447	2390
496	7862	8997	12022	2524	5677	10318	10433	11300	4303	7396	8105	13896	44	11043
3917	3299	5141	2473
2962	9490	7200	2395	6553
1330	12536	13958	13963	13964	13943	13939	12276	13965	6438	13865	13992	13953	14019	13851	13982	13875	13948	13990	12725	14071	9771	12246	7442	12003	14070	11687	14137	14161	14073	14160	14042
1971	1814	2820	8582	4224	4264
1941	3077	4180	4473	765	5971	6486	8411	380	437	11782	11634	13022	13164
2778	3250	4510	2624	5940	6695	2998	8576	8448	8870	9650	9578	8560	10189	10250	10812	8134	11710	2047	12419	13515	10489	13588
3799	8315	7416	7680	8290	8987	8848	2918	9244	10188	9417	9189	10239	11251	4493	11546	10812	10511	9889	10807	10512	10808	10811	11042	11841	11860	10333	12331	13001	12971	13531	13315	13325	13516	13626	13751	13267
4096	1206	5269	4725	6507	6707	9930	11417
2937	1761	4803	4244	4200	4771	6866	6974	6104	7248	7710	7144	8866	3291	6501	10810	10153	10782	10671	11184	5005	11604	12605	2000	12434
4195	8719	8884	8045	8950	9233	10268	10530	10522	10523	11032	11546	11547	11398	11876	11404	10812	12674	9193	9652	11254	10949	10943	12639	11053	11464	11927	13020	13118	12244	12762	13191	13093	13545	12370	13639	13153
162	5836	5666	6485	7341	7776	7681	8717	9064	10806	10830	11545	437	10939	7146	11418	10777	10943	11899	8638	11634	5005	11464	12016	12955	13172	6932	13535	7939	13416
1812	4150	6156	3519	6308	11316
1495	240	5236	5262
3383	1300	1112	3974	5166	6855	9293	8731
819	1667	2336	5468	8384	3742	7164	10101	10316	10586	8705	10957
2302	8461	8118	9025
3910	7341	8411	8233	11781	7140	11594
4385	13080	13531	8745
2689	6048	11855	11885
2163	4180	4391	4512	4005	4372	4772	5580	5666	6212	5868	5108	5826	6323	7141	5028	6726	8370	7333	7602	9727	9251	10830	9579	11569	11553	9416	12602	12175	13150	6070	12920	13837	11066
847	3735	6410	5365	7682	9108
4102	8234	9264	8963	9019
3987	7875	927	1592	2370	5552	6211	85	9443	2473	6994	12411	12817	12989	895	5815	12339
4405	5040	5122	5360	5757	5740	7023	7378	6486	6002	7385	7828	9126	8101	8763	9072	9078	9267	8119	8134	10673	10811	10695	10782	10803	7137	10295	10671	9821	9941	11444	10812	12633	12636	12762	3775	13445	13914
618	7648	783	5137	7641	6843	852
2239	6671	7306	9158	12934	13789	13293
621	2549	7910	10899	11983	11536
145	251	1245	6566	317	3536	5143	6236	7574	9227	10094	11261	11517	12209	12266	2067	2473	4057	5049	5121
3092	1677	4058	5864	9884	11118	9874	12311	11007	13350	9226	13493
4020	9397	5457	7875
954	11462	12674	2000	8596	13014	13456	13470	13738	13730	10816	13953	14019	13756	13329	14071	13876	13983	14112	13807	13868	14092	14161	13808	11917	13523	12758	14083	9771	12536
4378	8908	11133	10665
2952	7144	11184	437	11637	5377	12022	10943
1154	660	827	731	697	3552	1042	5494	3188	5194	7393	7997	3020	2809	8670	8961	11122	11376	10047	9689	11418	3542	8731	11427	11125	11635	11414	7663	11537	11417	11380	4324	2616	13419	13317
3559	1926	1712	1913	2729	2797	3959	2447	5815	8477
2932	1043	8987	5472	437	110	6681	7827	1536	13535	7910	7617	10053
1765	7690	7362	1800	2029	12635	12620
3322	8906	6426	10497	10830	11291	8963	11418	10651	11376	11537	7146	10020	12896
157	245	1031	1515	1675	3132	3906	3340	5281	5174	1560	6554	4572	6067	9810	3297	9574	8587	9646	9555	10508	5705	11441	4131	7029	1363	11012	10726	109	1231	9284	6734
1140	2788	10603	13401	5119	10658	8436	13909	10890	12695	957	13929
4275	1515	3244	6998	7851	10658	12759	13182	11078
680	3401	5020	5290	6340	2079	5201	7112	8817	7151	7022	11212	11290	11903	11738	13231	13480	13363	12867	13521
2840	11105	11011	9246	11686
1452	7492	9781	10829	9541	10424	10830	11118	11292	10193	11289	11462	11881	13673	13309
158	9407	10187	10830	11388	11986	12934	13122	13178	13336	12462	13480	13567	13435	13819	12682	13310	13947	13756
3394	3111	3661	12682	12013	4405	4327	5815
717	4917	672	12614
591	2473	9668	7025	12750
3983	1761	1548	1332	2975	3934	1046	3021	918	1031	6696	5343	6272	6293
622	5815	9693	11135	11261	12302	12315	9492
852	6837	8188	8612	8109	4644	7585	9530	9063	9541	10001	10830	11209	1800	4083	11208	9715	6728	10800	8161	12350	10797	11917	11983	13158	12826	13639	12983	13173	11825	6865	3584	13303
1691	2249	4998	5654	5606	5005	242	4471	9283	8535	7684	6659	4565	6715	6849	11071	6915	10828	11591	10904	10939	12148	7199	11810	2000	10943	12723	8175	375	12705	12594	11639	12554	4348	13118	11935	13717	12734	10199	10541	13990	13975	14010	13765
2555	3011	4878	6855	8494	9501
3738	2059	5152	5311	10033	5248	12882
466	11284	10193	11125	10800	7147	7146	6937	12498	12486	12835	12203	12112	12308	1024	13011	11617	12907	13246	8556	13080	13153	13578	13293	13975	13990	13950	14101	13971	14165
1168	4457	2989	22	4682	7518
3139	611	2704	3137
3643	6990	10987
3363	1791	4985	2338	5188	8459	7991	238	2182
2953	5952	4238	9271	11097	7164	2391
1387	2201	6379	7617	5256
300	972	2692	5562	6848
4344	4672	9798	11568
1211	399	5584	6058	6127	6848	5653	7347	8883	9770	8661	10829	7517	10673	10391	11717	9881	12649	7215	11053	10752	13023	13438	10190	13489	12751
2374	1445	1710	5666	8497	5394	6547	9821	9179	8233	6153	6151	3399	6443	11987	12456	7555	12178	7370	12937
3884	1303	5535	9056	10003	9266
1379	2473	13839
1039	2437	9325	9759	10758	10808	9772	7145	9267	10193	11378	12055	11208	8864	11417	11423	11926	10943	12648	11634	11635	11881	13025	36
2989	6735	13028	2234	13649	7595
588	84	6308	1594	800	476
4103	7473	6112	11121	11414	12357	7146	11783	11387	8638	9972	12713	11420	13105	3775	12826	13172	13434	13661	13789
332	11394	10463	13150	11860
693	21	3148	3174	6011	9659	9116	11463	3813	8760	4909	8864	12147	5005	12154	10943	11635	12751	12815	464	12970	6449	6936
1173	557	4011	8751	10133
469	6912	900	6413	8917	244	6766	7152	4582
4189	282	5826	508	5152	5848	953
1791	605	1082	2674	4873	3534	4284	129	8943	4677	10646	10810	9189	11291	9930	8341	10812	7663	11983	12361	8638	12669	6164	9882	12112	13434	13717
3460	9123	10442	5487	6318	8832	830	2263	2473	2745	3353	3418	3684	4489	4704
1862	4672	4741	1343	8411	2947	6305	11881
47	2544	5030	4671	1195	5818	3439	2283	6750	4957	7584	8546	7102	7820	11613	8694	9200	9741	2220	9061	10256	8979	9044	11261	2412	7653	11983	12770	12771	11782	9856	12408	2753	6187	7793	12726
2365	3373	2941	6333	7999	7681	7984	9382	9401	11379	11376	12056	9524	10512	2000	5005	12111	12751	1298	12848	11404	13438	12016	12469	6579
270	484	685	3596	321	5819	6507	4583
1624	2338	7071	8503	8006	4490	9050	9430	9749	10812	8764	8765	12370	13405	13411	11850	12400	13737
830	6766	6178	1894	2056
2505	2079	6729	4802	5827	6790	7492	8210	8355	8496	8671	5863	7144	7280	9064	8816	8744	7601	8162	9413	6771	9414	9828	10168	10806
1742	4543	3423	7107	5758	9499	11288
3145	2796	3399	3250	2787	3040	3284	2258	3891	399	4144	2390	3560	2690	5035	6336	6729	7192	7248	8372	6927	6310	9182	7379	10059	10211	10527	8470	11210	11630	12399	11917
2588	771	13080	13445
1118	2239	8307	666	10584
547	12048	10971	5815	8917	5264	7571	12512	1906
2791	5557	4346	4722	7472	7669	8678
2056	5399	6434	5821	6504	7233	8720	9949	10830	10193	11207	11537	10558	13419	13289
839	6372	4767	9930	12055	12056	9689	12051	12092	7663	3906	12703	9682	12807
3646	860	935	2300	1252	2241	2991	3307	3568	4691	5793	10511	11112	10665
2830	4572	4672	4422	6127	5779	4618	5563	5428	6334	6780	6972	7071	7145	7147	7448	5028	8295	9510	9325	8185	10035	10829	10250	11112	8726	6248	10808	3399	7146	9804	12723	11786	12447	13008	13194	12977	13577	13946
3350	2506	776	1192	1323	2907	669	1978	2981	1211	1212	1230	167	84	2956	4333	1194	1353	4317	977	6346	3920	4190	434	3422	4648	3190	1076	1363	5578	2239	2668	1028	2681	5129	8876	3333
3630	7440	11104	8552
1055	8275	7835	7146	11331	11902	12954
4373	7698	2066	6260	8349	9235	9858	10377	10454	10984	11319	7432	13562
2761	1730	2724	4479	4560	3196	1368	7583	8881	10029	4818	5263	1031	10943	9098	1275	12426	4767	13292
598	7603	8378
1242	399	2450	3706	6350	7269	2687	2930	3311	4183
989	3744	4633	9407	7140
3773	11245	13448	10787	3160	13953	3536	13329	10816	13876	129	1798	132
1533	6784	4802	5383	6911	8110	8388	8285	10502	10504	10505	8210	11112	11462	10939	10943	13545	5005	13537	13780	13411	13614	9446	13988	14066	13563
1389	1444	1781	843	6302	5425	4008	5046	6983	6853	399	5471	7292
2058	169	8382	10226	7554
2113	7873	7533	9511	10890	13639
3569	9204	9296	6853	8669
4206	1730	2171	1046	1868	2560	7071	5014	6323	9075	8768	10812	6913	10811	12751	11861	13080	13478
3774	5666	5359	5855	6784	6412	6486	8368	10811	11774
2110	7012	8905	8961
3785	7890	10811	11875	1483	10553	11387	5005	12934	13532	13533	13837
1112	12179	12618	11053	11881	13099	12771	9837	13499	13317	13544	11857	13966
1844	6393	198	6612	8838	8337	10339	6554	6340	1359	3442	5425	10658	9469	8360	11163	11250	11254	11729	245	10975	11486	12302	11738	9316	13018	13093	13224
654	1754	1759	888	350	95	384	3085	2517	1381	138	1470	119	4139	1811	3869	4533	4121	4268	4512	4885	6904	6847	8448	10111	9146	10251	5792	9326	10527	10811	8544	6816	9798	8671	13008	9212	5705
2754	9113	9520	10335	6240	8822	6957
3673	13778	9314	13874	10688	14112	14114	8498	6989	13858	14171	8509	8404
3293	2441	124	9079	6756	1160	5860	3706	9162	6592	1747	11540	2299	10391	2378	2383	10271	545	9861	248	1906	11242	10943	8960	798	6766	9568	13571
2206	6858	8735	8671	7515	8866	9821	8444	5834	8770	10064	11545	10193	12057	10939	325	2000	9778	9764	10943	11183	5005	12038	12811	529	12560	11267	7883	13172	13438	13717	9841	11756	11983	13976
3723	6321	7994	6058	7104
2090	4302	5597	6079	7340	7463	9430	10183	7405	9735	10958	8961	437
2541	9343	8934	13744	13060
3014	5269	6237	4772	5027	7491	5941	8735	5723	8339	9571	6757	11292	11487	8963	10800	10812	11418	11415	12148	11984	11422	5431	5878	11634	9579	11417	11881	12381	12436	13740	11857
3048	2838	2431	3415	4268	3480	4593	4672	5128	5660	1860	5878	5956	4940	5636	6167	6791	6054	6782	7492	5880	7563	7931	9284	9405	9032	9497	8949	7860	7861	9473	9124	10528	10381	9563	10885	4946	6181	12844	12513	13664
1731	2420	7040	10246	11078	1214	10205
2697	2832	1245	2479	2644	10929	9529	4364	5759	5826	9077	12682	13653
1182	3332	5490	7306	6486	9429	9328	7565	9324	10188	10704	12163	12668
2355	1036	2187	193	1840	3976	5879	6601	7144	8826	10427	3905	10810	12025	10811	11881	12591	12566	6863	13543
699	9786	2332	5095	6966	1822	10564	12392
2693	1466	2952	2103	2149	6701	7539
2928	3754	4770	4497	5903	6354	6484
3519	5578	4004	10541	8725	13797	10354	13231
1251	4081	7820	8717	10115	10497	10239	437
3077	227	5327	2239	6947	4405	9553	4417	152	11747	6	77	7
1951	11036	8273	10800
1933	5054	10121	13142	7910	12719
2276	4040	4244	5083	4939	5812	5940	5597	4357	5135	5865	5545	6974	5315	7542	8519	9063	8636	8762	7984	10427	9647	11860	11415	1945	12350	12676	10943	12204	8638	11053	11267	13443	12983	13173	13614	13847
856	713	1859	5219	3111	10360	3031	5883
3	2780	8070	8069	9963	2651	11305	11822	12105	11677	8221	9754	8241	11078	10533	1702	9972	10950	12125	8411	7591	11630	12031	9246	11665	9214	12312	850	11287	11666	2201	12139	12181	8001	9131	8758	746	11362	12801	13621	10816	13564	8965
2676	9806	1887	12273	12214	11522	12209	12212
3641	5471	4520	8871	7509	6220	7115	10367	593	613	6949	5105	12301
2166	1513	1848	2618	10411
2	11116	11162	8170	9533
2906	555	4085	5912	8931	9608	5152	5437	4182	3432
1702	5257	5815	6291
3022	6613	11172	9077
3521	1730	4041	5722	4356	6389	7455	6054	3523	6824	6201	9268	8562	12311	10512	789	7875	13668
877	162	3472	6650	7749	7671	7450	7923	9143	9903	10222	10497	7517	10193	7663	6427	13080	3809
4168	4182	10226	5155	5072
3074	111	6547	7021	10987
1481	3472	5282	5847	9219	1801	8074	8102	11261	11630	12283	2566
2910	4753	9335	8562	7359	1884	7269	9593	8006	7984	9828	9095	11254	10748	10811	11690	852	7098	11183	9920	11531	12631	11239	12826	13599	6674	12637	13310	13756
2544	8362	8870	9406	7031	5834	10511	8671	11818	11926	2497	10939	10943	12650	12762	12885	13151	13157	13336	13639	13730	13789	4058	13731	5095	12474	12396	13576	13737	13787	13983
3866	334	7306	3480	9429	9334	10339	5826	11209	9615	13178	13077
4426	3596	3045	5975	6708	6836	8071	8825	10224	12357	11710	12344	10943	11786	11917	7827	12038	12951	5961	6942
2042	2014	1800	4711	6681	7854	10654
3132	825	5066	8721	9274
3703	1300	5358	6421	9232	9502	13622	6091	8382	11177
1197	5129	5679	5942	2090	4892	6471	6573	6696	7825	3060	6911	7892	9501	6547	8002	6368	10806	3712	11555	11840	7711	11269	11141	6614	10890	490	3946	4582	7415	9458	10233	1308	7075	4808	12431	13676	2925	6681	6052	13658	3061
342	3111	2043	2547	1031	8570	8953	3242	7365	10484	13044	10964
3055	3127	5202	3076	4186	2565
2340	6628	10430	12086
4443	777	701	5395	5584	5114	5139	6848	6079	5111	7450	8735
1853	5480	2071	1270	12229	10012	5815	1160
4371	774	3862	3337	3435	3844	4724	4775	3713	5916	5666	768	5365	3850	5429	6181	7676	8110	9368	9735	8770	11462	4952	12367	13345	12708	13533	11854	3484	4182	13836	13789	13785	13303
1434	12411	10037	8147	11593
3798	7744	5154	3351	9494
1537	8663	5733	2151	8090	3687	4251
261	226	2929	6792	3388	7915	8535	7808	12163
3499	9617	9640	10003	11089
1645	4131	4583	7711	8107
1213	16	1592	5105	5248	7160
4367	22	3451	6872	8127	8650	7667
1584	4145	4292	4767	4769	5815	6589
3552	2314	2377	233	1686	2518	3588	1074	4827	5030	4885	6010	6135	6458	5962	2081	8717	649	8430	8674	12393	10812	12816	13571	13810	13686
1714	8553	10921	11166	10853	11509	2925	7458	1800	2332
1753	9886	9689	12591	13367
4035	9502	11598	5759	6943	4970
3913	6884	720	2592	2609	2735	3047	4191	4386	5959	6984	1828	2366	4182	6453	7965	13371
5	3832	11886	12410	5119	5826	1683	11783	5815	9689	10047
3099	2240	2998	4122	5855	5359	7144	2293	11690	9778	12835	12836	6661	11239	10830	13738	13478	6070	12751
2995	1087	3130	3183	3361	5052	6163
738	7942	7911	9134	5521	9783	5317	7135	8766	11119	11380	12088	10442	12668	12802	12896	12410
4075	11035	11050	11750	9490	10226	5824	8382	12101	8671	10658
3211	472	3592	1815	3373	2377	3818	4869	2765	5658	6238	6806	5482	9074
2332	9273	4727	5152
2645	661	3862	417	7101	8219	6543	11462
1177	3249	4941	5022	6153	8311	8723
4396	1002	1913	3751	3724	7800	7246	9168
2524	935	8870	8551
1937	4863	5421	4507	7133	5814	3135	3253	6221	6055	6963	7448	9153	9332	2900	66	9940	10029	9672	10333	9887	5915	2220	11896	939	2000	10777	12278	11903	5630	12567	10048	10281	12555	13337	3586	13282	10815	13284	13645
1345	3479	4076	3773	6189	5338	2264	3388	7492	2201	2473	3816	5331	8130	6573	6812	13258	6574	73	399	2263	3187	3327	4202	4747	5216
1632	2925	852	7125	8303	8907	9315	9707	10976	11552	12512	13855	5095
1541	1496	1497	2550	5695	5708	6374	4974	3927
1674	10333	437	12399	11331
2983	2707	4707	1862	2466	3966	4918	5919	6698	8907	7008	11416	11462	7663	11413	8864	12521	11903	13246	13014	13456
3807	4784	8308	9392	10603
2922	1528	7965	12194	6595	3419
918	7147	8961	7144	11376	7893	7146	11379	11380	12053	10939	12148	12486	12380	13195	5377	12970	12953	13302	13309	13303	11857	13976	14030
3474	8407	6750	8391	3410	591	7013
2777	5826	13522	3933	13273	13564	13702	9115	10233	13625	6435	13331	13807	13819	12530	6438	13760	12751	14010	13808	13956	12347	14045	8175	12956	12744
2268	12055	9699	12187	10512	11688	12802	12826	13532	13155	12983	12793	14086
4259	2257	3355	2659	11711	10800	12052
1064	13778	8509	8404	13874
2992	6729	7306	7828	8258	8519	8906	8708	6443	9644	9699	9642	9488	10381	10811	10638	11526	10812	10665	4566	10808	2892	11634	11917	12361	11058	11053	9568	13046	12016
2649	1099	1039	6334
1221	13449	13890	13967	13965	12276	14017	13953	13851	13938	14047	12975	14019	13874	13950	14112	12294	14117	14089	14136	13750	14090	14076	14164	13825	12138	14128	13941	14073	14160	13153
1142	852	4112	7361	7711	10354
752	358	6458	11625	3103	4008	4582	5152	6842	7269	4944
1287	13554	4182	8658	5815
204	11635	12606	11053	11881	5377	13531	13533	13608	13610	12524	13279	13280	13281	13454	13679	10848
3107	3673	6646	5266	9709	9846	10851	9689	11606	11881	5762
3524	3370	2925	4633
3157	4834	5580	2547	5296	6053	7450	6291	8019	5511	9392	7412	10182	9264	9949	10193	10958	11212	8671	4222	11602	12399	9688	11712
3963	5030	8725	10044	143	139
4446	6443	8725	7933	6002	4854	4478	5096	5826
1696	4438	3192	9107	9108	437	2989	11331
1838	7032	7629	1871
1678	3317	6210	11581	12476	6086	9627	11638
1629	540	1217	2690	852
1840	1994	3877	3580	2474	2904	1685	2625	4316	7972	10035	8585	10192	8231	10309	9267	11130	10939	12782
102	3111	5111	8834	2239	8671
844	5596	5917	1212	7459	10308	10360	10811	5226	11200	13354
125	9159	9055	9408	9334	8963	10166	7984	8231	10705	10806	9594	10424	10683	11112	7517	8936	7675	9546	10943	3103	11293	11957	10939	11378	12527	12694	12826	12933	13416	13282	13411	13820	13453	11067	12683	3255
1277	4772	5035	5813	5904	6866	7882	9332	10896	9267	8795	12646	14110
3591	8440	2255	1149	6152	8340	8906	10427	2263	3344	10323	5953	13067	12315	385	909	5826	1255
3860	9090	6505	9406	7997	10115	8519	10193	6058	10379	11219	11715	10512	5377	12636	10702	11634	11635	11881	13405	13780	13541
4374	6962	8445	9845	2904	10484	10707	12470
491	6044	9863	10498	9758	1645
2692	4013	4587	11179	13792	12968	13398	12470
1412	794	5947	7921	7414	11035	7525
2334	1485	6559	545	2904	10183	3451	7803	8815
276	5445	8008	1730	8432	1822
3610	3159	9781	9949
1361	5390	6547	3452	6335	3344	6015	4004	2335	6992	4970	3223	4369
3681	1350	7194	8055	4405	4342	6435
282	2261	2363	2917	3225	5826	5861	8411	10650	13537
1074	3944	10542	10800	9853	12521	11881	12147	9972	12148	8638	330	10587	11423	11415	11417	8183	13042	13279	13805	13282	13784	13284	13638	4739	11857	13305	13307	13283	13244
3804	1205	1117	2174	89	6293	226	6197	522	5257	8595	8705
292	9774	8420	9541	10829	11292	11293	11589
1918	3894	3709	6523	8747	471	6557
3013	9686	3826	9689
553	5562	6405	5558	9955	9659	8961	11375	11379	11415	11783	11899	11877	13795	13744	13975
2301	2089	3462	4889	5083	3875	1166	5427	4890	8	5788	7144	6427	6671	2874	8186	8450	2222	2881	10843	11072	11010	11821	11005	10664	12112	12822	13157	6203
3471	5089	6387	11609	12004	9689	5412	8026
415	1796	3659	5331	2035	4533	7076	2877
208	11624	11930	10037	8130	9278	9291
4037	1638	6350	7430
745	2786	9107	8495	11289
4301	6339	9267	9378	9689	10185
782	5464	227	4952	7675
1670	6104	7492	5438	10573	7517	8917	7285	12124	10949	12751	13453
3439	2867	5270	2594	3419	6061	7112	6158	5397	2929	3935	8906	10115	10189	10308	7866	10211	10958	11786	11053	13668	10785	12235	13737
1206	577	6309	8750	4953	9350	11519	2444	8678	10411	5104	3241	4004	9227
3174	595	1120	2537	3552	2474	4597	4835	5081	5114	1992	3810	5555	5864	6793	7379	7192	4557	5523	9152	8305	9102	7228	10191	6849	11637	11715	10830	12527	12772	12916	13008	13063	13446
428	4626	3832	2911	6349	1589
4107	6803	3726	10800	6389
1926	1247	3171	1389	4344	5639	2442	6617	9274	7091	8532	8619	10256	11526	11462	10553	13632	13731	13412	1115	8436	13701	13625	4154	11181
2148	11025	1355	2067	4382	9538	12173
4202	2634	2422	6154	9476	8147	855
2747	9689	11607	4962	5055	6763	9265	10047	7784
2662	9171	12820	8340	9271	9418	13945	9469
2309	6227	366	852	1906	2220	2385	2885	3111	4004	4027	5152	5371	5407	6098	6396	6872	9518	10342	10449	10525	10691	11139	12317
112	3929	4113	10051	11372
3043	3421	7269	12292	3073
2560	4317	7177	930	7248	264	269	4687	9105	5746	8917
2127	3143	8921	7924	7526	9730	6281	10582	7927	11273	5084	6583	10658	12391	11957
3071	2281	5162	5398	2700	5597	6465	115	6606	9121	66	10873
493	5114	5564	5918	9197	5458	9890	10183	7810	10193	10811	11338	8368	8905	10949	13664
3658	179	1098	3580	5220	8671	4767	3331	7827
1638	6218	4314	5382	2437	6593	7946	7258	9233	12970	13416
1501	4694	6162	6752	6528	385	6368	10807
1813	3373	4582	8918	9511	6535
3683	2249	2337	6794	6405	7702
3057	2147	2336	6862	7382	7383	10525	11276	3705	399	10979	11036	1864	8079	3769	7101	29	11812	11091	12787	12903	1337	10094
3768	4540	2418
1920	4382	6681	6393	8223	6081	7440	6775	7401	3963	9355	2370	9421	9729	4307	10658	386	937	1793	10947	8692	198	1800	2098	9689
2781	6702	7528	8656	10047	2263
3775	938	8430	9265	10697	11983	13712	1800	10356	12289
1429	245	10139	10176	821
362	4583	5388	8330	5883	12658	11183	1948	1308	11313
991	3354	2017	2418	10605	11423	11641	4974
3140	3597	2056	3904	4307
81	1300	6166	7388	4850	7671	8722	8940	9326	9329	9332	5872
3020	210	3781	3842	4850	1860	5432	7685	6789	8356	9134	9274	9474	9827	9770	10672	10437
3564	1024	1908	2339	1400	2257	949	2390	458	356	2776	3352	2249	2623	3606	3850	3889	5299	4710	1854	3278	5201	6075	4301	1972	1879	4238	4422	3256	767	979	8554	7827	6855	8052	8859	258	7200	11027	2876
684	8877	8918	7085	3790	2186	6535
4005	5250	6339
39	1214	4665	4712
2749	778	1293	2220	2923	3424
1693	655	647	1129	1415	5726	9314	174	500	7806
1774	1052	1076	4755	8731
3786	2249	3250	5932	4572	6486	8053	8718	5941	7023	6985	10811	10190	11112	11404	11133	11546	12251	11715	11526	11986	13343	13443	12895	13737
1712	3144	3523	4049	3948	4637	5786	7062	6985	6055	7882	8503	9151	8430	10115	10111	11377	10541	9930	10561	6937	12649	11688	12931	13295	12394	13755	14021
1165	9404	9042	11177
792	11881	12148	10600	10943	13015	12179	8046	13146	11420	12875	13134	12801	13332	13456	13237	10816	13120	13805	13784	13284	13305	13445	13329	13807	13975	14097	13727
1984	1702	1757	944	1166	1243	122	1087	2390	2528	1307	315	2975	3095	3572	3599	3666	3961	3783	4239	4395	4740	4591	4130	4041	4889	5126	6413	6820	6052	7107	7563	2925	4940	9702	10830	10669	11774	6728	10666	4583	11633	12645
4448	185	153	191	426	1017	1894	2724	4120	2554	4590	4268	5019	5763	5201	5865	6135	5999	6168	6630	7137	6104	8612	8355	6858	5430	6337	11656	11390	12486	12370	6932	13535	13105
2658	1689	3372	3824	3888	508	12320	13230
927	6964	8210	8987	3833	11635	12755	11881
1706	247	2072	288	9863
4137	11310	7919	7965	7967
4433	8841	11112	9036	8961	11526	8032	5355	10193	8774	8864	11657	11254	11208	11189	11671	4513	11183	11264	11783	7663	12746	10587	13038	13080	12934	13448	13661	6942	13804	9511	11854	13983	14081	11549
1656	544	6022	7258	6503	6112	10812	7779	7827
3276	3560	3425	4144	2967	4740	4510	4984	5040	5564	6782	7638	8015	2222	9294	8848	10264	10559	10193	10808	10988	11423	12264	11786	12841	13009	12370	12436	13325	13478	13119	13309	13453
3795	2761	2372	6516	5786	484	2038	6271	10318	1190	6936	10890	8398	2473
4468	5017	2239	727	4914	10812	11774	5377	11637	12370	2000	13171
1555	5342	11018	10160
1538	5429	7172	12835	2000
4101	3706	5394	7991	8686	9281	10980	6681	7892
728	1243	2178	2352	6947	9462	9521	3903	11112	10193	8963	851	6441	11783	10671	12456	5005	4980	13296	13830
534	7023	6022	7142	7144	7146	6836	7879	8424	6103	7710	8535	8944	9107	9604	7272	9699	7610	9941	5595	8977	9740	9742	10811	8770	11344	9732	11217	11377	11379	10943	12382	11614	3180	10753	11247	13519	13221	13673	13847
3534	9930	11290	8638	12684	13105	12822	12937	13276	11735
3843	9075	10830	5826	7137	7140	437
1513	1572	8713	7391	8853	10658	11295	5659	5794	7921
1579	2752	4598	2296	7137	6001	8097	7835	6112	8306	8671	8836	9090	8753	7145	9658	8902	7776	9930	9588	9764	11219	12732	13093	12370	14046
2048	4438	3951	828	5580	2753	5826	6475	1945	4784	4351	4092	6718	4467	8881	4932	5511	8721	10418	10146	7713	11184	776	4550	7300	10777	12097	12682	10943	12507	12397	13152	13198	7827	11137	13224	13282	13784	13284	13306	13837	13577	13975
2730	2070	7240	6953	9918	10806	11354	8963	9437	12933	13232
2869	5084	7879	7408	7807	7828	3905	10958	10388	12649	12836	12513	12981	13509
1610	10800	10911	11704	10816	13329
2981	1444	4227	4991	6805	8222	8935
720	7724	2220	6052	5597	4307	8721	8745	7241	1190	9009	10976	4985	4674	5033	9693	6868	10015	1212	9689	6855	6123	10960	4524	11022
1392	4111	5814	4158	5412	6714	4182	8745
4232	11783	12243	2822	12814	8419	2028	1985	12981	13231	13508
3637	5562	5815	6039	12486	1721	5412	5826	7733	7795	10061	11538	12466	13033
2219	3085	2937	2991	3193	3523	3736	3810	3761	1396	1398	4406	5166	10141	5069	7341	2199	6346	10480	6199
1711	5787	2390	1492	6594	7141	7300	7137	5	7173	7983	6112	7585	8944	9197	9727	9092	9267	10497	10958	7827	11602	11634	10777	10939	13419	13529	13589	13822	13715	12804	13294	14124
69	376	2220	9501	9704	10808	10964	11624
1374	7964	8276	12054
1600	2396	2032	2395	2466	2465	8565	585	4265	6580	9103	9688	6686
2473	3497	2960	4899	4284	2015	3371	10900	9624
3535	6555	9343	12340	9640
3671	13102	13126
377	3972	774	7470	9218
3377	7827	12803	12236	13142	746	7806	4351	12717	13521	13589	8382	13855
4452	5805	938	1028	4111	4952	6311	5363	10515	10695	4490	6895	8175	10354	841	3164	7125	1264	9929	3855	585	1495	2220	2228	3634	4808	10296
1488	1368	2827	3381	3578	5247	5776	8382	10181	10438	10658	11495
1622	10659	13622	12520	11857
615	1032	6983	7371	1721	3705	10012	6681	9112	9714	1756	8721
1672	3705	2239	4596	8728	9132
1223	3996	8133	7982	8719	8370	9251	10443	8934	9019	9541	10314	10755	12092	12054	11726	12073
3402	1284	3039	4922	9880
3845	783	5826	7296	7880
4058	4539	5659	6035	7891	9658	10705
1679	3520	8371	5422	8711
4368	3006	5888	7933	3722	3992	1857
4029	1561	3587	4509	4765	954	4334	4497	1845	2284	754	5551	6620	8448	2852	8397	9089	9197	10811	10812	11423	11817	12496	11818	12250	2552	9944	10658	12682	3892	11053	12713	5705	13198	13206	13417	13515	13604	13606
1189	3946	8838	399	966	8349	9338
3945	2326	7657	10413	11348	6525	4559
1986	8707	7878	4430	2688
1243	731	729	3793	5030
2242	4602	11406	10727	1002	5030	6937	10812	11376	11984	12124	10188	9972	12187	12991	8241	11134	12932	11423	12086	12716	10816	13325	9833	13582	13199	13754	13908	1617
2945	2279	5604	5782	4308	9236	1783	2613	10829	2524	3719
3480	5301	10336	11151	3717	9404	7286	1	10323	11624	12465	13239	13704	11686	13680	7574
1636	9171	4534	9357	9602	11105	7875	10012	10035
1306	7487	1581	12577	541	7043
221	1076	1270	1839	3031	3538	4008	4040	4559	5060	6821	7877	8140	8658	11627	11909
1967	10658	9645	9599	1192
3875	13498	1308	9719
4016	588	5061	5709	6171	4985	5043	6098
955	6503	7452	9143	9392	10852	10812
3303	8028	9619	3501	10700
2803	2116	3987	4137	4318
4309	2473	10193	11338	9546	8963	11208	11212	11289	8864
726	6977	8409	12735	5505	3509
2167	6559	7186	10047	11245	5602	9867	12059	7768	10419	9594	9809	9505	12643	9810	11186	8883	12237	7849	13338	10747	4389	5937	12216	9972	11524	6317	8000	11791	11792	10777	13137	2000	7705	13696	13919	13925
3296	225	52	5393	6343	6380	7715	6054	8578	7828	9123	10810	8770	11112	9546	10812	10650	9607	11925	8638	12175	13310	13577
1135	2224	3473	273	9729
3903	186	6752	8721	8397	7248
4322	5655	6594	8578	9071	10152	10800	11600	12167	11565	13419
2774	7564	7934	7910	8279	8664	7306	9918	7866	9267	10811	11184	11125	10193	11332	11242	11783	11881	11892	12685	12641	12955	12462	13532	13292
322	7146	10829	11119	11859	11210	10810	2000	11042	12601	5005	12772	13191	13227	13421
1863	1279	1280	914	453	1645
924	8407	11480	10301	5044	10980
1544	10045	11983	5826	7535	8011	544	1670	6218	302	1178	2377	2736	2790	8373	2983	3136	6457	611
4256	6410	7022	6817	5240	8813	10580	7285	9764
1820	3706	10484	10842	11181	11779	8965
198	4338	5035	5036	5430	8019	7473	6079	7947	7141	9090	9329	10811	11112	10812	11211	10270	11774	11600	8627	11839	12344	9972	5005	10943	12086	10202	10752	13323	2967	10366	13155	13374	13573	12867
1023	2080	1606	2949	2060	3614	3480	315	6588	6559	6681	7991
1236	8671	9173	3749
384	1186	5127	7969
3375	5391	6817	10239
2003	6104	6512	8578	8534	4070	9391	9333	9159	9822	2222	10222	11112	11133	12092	10800	6937	11224	12053	12119	8638	11239	6070	13465	11155	13717	13701	12920	13975	11857	13300	13294
4333	6575	2656	3067	7074	4499	4769	4921	5220	6889
2028	5289	980	3119	5287
2511	8943	12052
4271	13943	13963	13964	6180	14017	14019	13329	14023	13814	13990	13807	13549	13760	13808	9792	12459	14089	13851	14090	7442	14076	14114	14083	13523	14094	8556	13861	14153	14133	11687	13301
4457	1358	3171	4475	5125	5126	6792	8323	6751	6782	11533	12036	12747	12826	12983	13354	13453	6180
3273	9601	13150	13246	12934	13080	13098	13590
3763	3962	3783	2402	7974	9958	11983	12674	5352	12641	12088	2154	13521	13453	12752	13737
1865	6477	236	8248	12792
1254	4244	5867	8275	9429	8813	7866	10528	11112	8817	11133	8991	11444	11671	11816	12382	12838	12685	12844	12835	4970	12647	13231	9920	12370	13622	13730	13731	13209	13990	14063
20	840	1800	3216	4566	4598	7200	10511	11093	11430	11455
1904	4701	7789	5432	6603	9326	9521	8232	10830	9659	9874	10823	13046
1675	1734	8559	7947	12134	1918	6369	6435	8089	10445	8631	12411
928	4927	1270	9088	10497	8575	10810	12493	13012	12275	13499	12830	13208	13481	13684	13683	13822
974	3469	9511	5095	3901
2824	5879	6990	8735	5317	7184	9584	1051	12857	6803	7646	178
1571	1144	7692	115	981	2220	11428	399	2822	6680
79	878	749	2642
2797	2787	4063	1938	1358	6588	8290	9232	2508	604	4004	5826	9979	8671	7927	682	821	3798	7591	8731	10861	11289	7122	11594	5285	5095	11637
36	2743	1148	5608	1186	1800	4753	4843
2077	1046	6855	10035
383	6339	4905
1960	9708	7856	8927	7398
1581	1270	5997	8051
364	1108	1109	6421	4694	6601	9726	10650	11290	11422	11635	12521	11881	12685
3742	9262	11855	4153	7702	94	9501	2332	3761	5221	5410
2516	6447	5513	8868	12194
884	26	2162	2800	6022
4071	56	795	54	7807
4146	227	1085	2689	3705	7524	7826	7910	375	6044	7285	8664	9392	3887	6451	5111	1933	1811	5637	6339	9391	245	514	1814	3184	4633	5323	6002	6663	2381	1787	138	2566	9949	932	7535	3652	5150
1729	2947	172	4805	6091
1357	577	12324	6702	11939	5687
1443	7292	3019	1725	10542	8731	13427	4098	11731	1894	4207	13191	9526	13366	13717	11605	11457	3391	9010	14078	9916	13807	13808	13301	13642	13741
4432	6509	2201	3389	5747	9633	1515	2189	5819	6852	5206	5611
411	5815	5819	6368	9010
2329	9014	1638	1819	3452	6458	1747	3900	8934	5248	5351	8731	11679	11720	11700	8676	12241	532	4805	326	2791	2039	12833	3485	11364	10855	6521	720	7838	1003	3884	8917	13760	13801
2552	7384	8720	11862	10811	10943
3433	13312	1801	13066	13310	5826	9817	12622	13469
3805	7521	8731
343	2732	12315	3407	8191	1270	6852	9247
3177	7875	2604	5826	10293	11160	4843	6048	7954	626	4831	7895	8690	9871	9503
226	10438	6573	11514	4501	11177	3885	12031	12902	6889	10451	9572	9218	7701	12356	11838	5886	1929	6130	13581	13315	13059	13369	6070	13196	6303	13220	1580	13737	2721	7697	10970	13856	14055	6863
779	5745	4688	7307	7668	12410	13269
161	2496	1879	3106	5582	313	5188	8196	8347	1040	4443	3512	6227	9719
2230	6486	6173	7151	10306	10830	11112	9315	10812	11580	11745	3394
2051	1148	4027	5865	6212	6792	3135	1120	4717	7172	7491	7913	6245	8034	8342	7602	8295	8985	7272	10466	11679	11196	7146	12393	12951	12668	6164	13206	11159
4221	6961	6910	6982	6997
3473	4042	6622	7144	6904	7090	10958	11635	11119	11900	11902	12175	11881
2575	1206	613	3085	2991	2610	2916	3405	3136	3189	3592	3755	2235	4156	3220	2473	4142	4005	4009	4546	2687	2771	4183	4940	5854	5654	6593	6788	7530	8015	8681	8351	8496
3950	6956	5155	9404	7244	12792	7440
2577	426	1202	2249	602	4208	5356	5943	5779	6985	7337	5024	9109	4868	7248	5691	10830	11526	5732	10811	12243	7137	11594	11121	12493	12633	12509	10581	11983	12826	13178	12977	13534	13737	13990	13985	13585	4974
2442	5361	5757	5360	7497	7831	7999	8294	9109	9232	9930	4324	13336	13547	13981
2391	2161	2666	2648	4180	4725	5826	6011	6695	6486	7137	7143	7831	10166	7866	11572	11343	12037	12990	13417	13437
1713	5917	5930	7807	8213	9397	10609	10496
1631	13621	13227	10816	13717	13240	13660	8337	13014	13456	13690	13599	13562	13688	13264	13719	13490	13482	13707	13673	13606	13820	6435	13523	14017	13528	13950	13808	13956	14119	13174	13181	13988	14081	14113	12744	13807
3980	8943	9334	8794	11637	5724	11983	12682
1523	876	3551	5477	4754	3548	6058	2992	3832	9014	4011	5826	8672
2429	13257	13114	10816	13329	13014	13456	13765	13811	13470	13738	13809	13463	6453	13912	12961	13391	13943	13963	13964	13958	12885	13999	6435	12459	14017	9446	13953	14019	14023	12443	12725	14071	6438	13992	11630	14089	11561	14076	14088	14185	14186
160	567	548	4812	4302	7146	7663	11243	11783
4067	7611	8826	4911	5317	11404	11032	11207	12934	13664	13119	13981	12925
2998	887	2736	303	4890	4940	3259	6434	5495	5930	5226	4715	1509	3070	8503	8885	9781	9526	5871	8518	10806	10810	10193	11526	9546	10155	11293	2383	7137	9685	10777	12815	2925	6513	12752
4047	1162	7566	7607	530	5244	6882	7603	7700	8299	8373
1994	7369	405	6386	11181	28	10658	5578	7597	8565	3207	9240	5095
3881	3341	2929	5736	8339	5797	6289	1686	9689	9817	11304	2925	13178	10047	11643	11457	13282	13293
4407	1795	3305	362	7929
2238	888	3853	3874	1234	4658
1494	4637	13554	9042
2715	1485	3452	2828	7456	7320	7986	7306	9274	9331	6728	9327	12594	12567	13740	13850
1388	7306	8285	9763	11418	11462	7663
2027	4847	3103	9887	11742	3414	9872
1599	4573	4774	6072	7799
123	5666	5654	7599	7889	6671	10810	8770	10806	10283	11032
1854	6504	6594	5821	7143	8007	5096	8663	8906	10810	8773	8638	12353	12746	13011	13019	13369	13227	13462	5005
2245	11251	10812	11527	9167	8337	10860	12059	10485	10993	10808	7483	11984	11818	11817	11783	12652	12765	12837	11308	12112	12428	12447	8183	12694	13369	13164	12096	10541	11079	13080	13515	13374	13740	13049	12860	11433	10354	12682	8725	13521	13950	12751
4298	5245	11226	12706	8632
1313	4677	852	6236	9945	12829
2874	852	731	1084	5005
2877	3840	9596	11256
1155	7984	8008	6828	7910	10012	10411	1573
725	10612	5741	11090	8949	594	2914	10978
1789	571	7348	7285	9603
1231	5343	7335	8859	8511	7801	10847	12682	2436	8822	2029	2473	4583	8215	10013	11617
1150	5836	5365	5360	6482	8290	9408	9759
3242	164	7306	10226	1988	6757	11618	11722	10411	9271	8671	6681
3161	2774	82	734	554	6191	4098	7352
3002	7851	11374	10411	10773
3604	654	959	993	6872	5223	6654	8763	9639
2049	7520	6048	11585
2130	1205	1521	772	6943	9019	11099	10047	6612	5149	1894	7440	13039
179	8391	8773	4525	4566	8380	3344	11104
1680	5201	193	1804
2312	2037	2676
3960	8219	10704	9949	8770	10193	8961	11289	10651	6661
1829	3882	5864	5821	846	4966	8774	9821	10166	9919	8958	4762	5383	6458	8866	9584	10646	12837	2433	13499
2475	7926	5196	6671	9463	11495
2997	1825	4672	4850	5490	1556	6022	5720	7416	8717	9154	10204	10811	776	5834	7663
2009	12042	10533	5059	2407
1062	2452	2512	3840	5815
1990	2854	11695	1751	4307	5826	5964	7875	8175	8671	9990	10205	10480	1228	1903	2524	3111	4004	7984
3231	4733	5130	6974	8154	8109	9055	10549	10829	11602	12357	5591
2415	2086	8499	6706	9633	12872	8196
3894	3383	2650	4103	5892	8153	2927
4280	10552	11112	4084	13296	9689
2696	680	95	982	1730	5202	3992	376	2309	5920	3009	3023	3287	7617	5152	7733	11262	11538	11399	9188	12900
423	6053	6600	5789	9090	8949	9430	9019	10830	9267	11380	9546	10329	10530	11293	10652	11602	9211	11042	11881	12754	11635	13001	13231	9920	13577	13881	13971	13972
3362	7639	2989	7635	10200
1699	6341	8140	8222	914	13022	13367	1130	7673
1454	8231	10792	10810	10528	10434	10938	11112	9659	11487	11568	11569	10780	7146	11380	11871	12393	12088	12648	10812	10943	10949	11042	11622	12649	7827	12588	12857	4970	12175	12389	13164	12990	13438	11565	13325	13842	13659	10306
1321	3143	6203	7708	10138	2755	12242
4191	5740	5123	5956	10829	7093	9416	10351	10949	11970	5377
1850	1116	3960	1539	5494	220	4430	4098	4942	5682	10987	5119
1257	6720	3103	3544
4350	3924	7147	8480	9604	10307	3336	9798	11380	11377	11577	10193	437	11375	7146	7663	11553	13093	13417	1604	1853	13845	14054
2474	9107	8519	8580	8744	8825	8836	6566	6505	7389	9842	10111	6137	9880	8229	10192	10191	10511	9205	11265	11133	11743	12187	12676	12088	10943	12782	11053	12384	13142	13514	12896	13474	10233	13521	13606	13453	13445	5925	13528	13423	9677
3648	1262	9501	5826	9929	1725
2353	12527	8678	10394	6337	6340	9838	11126	11170	3756
2908	10896	10830	10755	12311	12344	12350	11888	12554	11053	13152	2000	13531	13155	13701	11433	13819	14039	14041	13990	13881
583	12493	11042	10823	12633	12640	11464	12086	12387	12389	13049	13047	12934	13544	13167	13795	12394
2682	2977	3154	8026
1921	3104	5793	6948	6947
612	4125	7484	10085	11430
1834	3708	6123	7893	10325	11183	11983	12015	13028	13511
2397	12334	11101	5540	6058	8731	11731	11624	12060	9052	9689	11239	10047	11159	13268
1535	1285	3399	244	12005	8553	11498	12006	12149	11983
268	6943	10830	5095	5826
97	7407	3580	6671	3466
486	7597	12619	1686	4307	11579	11733
1071	4672	4812	8279
3570	1270	846	4270	702	982	3714	1114	2460	4985	11694
983	9658	222	3130	8838	947
2201	5362	6334	9075	11112	13324
823	3805	3285	6366	5563
539	2432	3596	5019	4870	4672	5572	4940	5854	4998	5824	1691	2285	6405	6593	7147	6656	5103	6001	4741	8647	10146	10671	710	10748	10581	5684	11254	10777	5815	9920	1967	12038	12554	12920	13316	13319	13531	13419	12863	13282	13589	13837
306	133	376	891	1630	4633	5825	7107	3646	6726	8722	7681	8986	10226	4248	9919	10894	10249	10512	11007	13231	2442
3716	6046	6696	3583	734	7517	8937	10411	10881	9930	11540	11340	8961	11413	10659	545	7147	11634	12148	6477	5815	5152	12757	6296	5578	12933	9469	8337	13474	10816	13804	13661	268	13445	13224	13800	13033	14155
3197	5815	11519	5883	6869	6386	8541	8984	10642	10539	13338	2473	13310
2006	1662	5947	5338	5954	63	3823	5086	5935	8297	6061	5771	3414	5095	6681	4682	6983	10160	10012	3513	6936	4191	6814	9501
3765	1343	5854	5813	6212	5564	6167	7752	8275	9283	7602	10329	10466	12311	10553	11553	13532	10816	13820
3119	9218	4006	9278	9465
2186	7942	7986	7333	9109	8924	9759	9734	437	12638	13908
3190	1786	1898	4466	2351	2673	2754	1482	3235	2146	3051	3666	2626	3734	3793	4760	3951	4200	4674	8372	9151	9431	6299
2225	2842	398	6803	9010	6123
3454	8674	376	1212	2263	7898	10372	1800	2297	5265	5604	6696	4956	10642	10641	11050
3445	9198	1949	11826	11983
2065	659	376	505	583	815	1598	1666	1757	1277	878	1246	1719	1781	4529	5666	5853	1860	5234	5620	4573	7144	7675	7359	8285	9326
1324	3111	3167	4019
139	8905	9759	7340	12970	13684	12645	13286	14094	13296
771	5382	5412	8457	9358
2935	8616	8428	8665	8856	8870	9368	9497	7306	10511	8936	11184	11462
2638	4241	9511	7717
2441	4914	11595	11635
2193	7205	3544	4103	8328	5653	7285
2972	2753	7491	11261	9501	11790	8394	1308	2334
2446	6413	6995	7495	2620	4056	5815	1308	1350	5220	9226	9712
4094	3728	4717	6614	8151	9290	12135	7517
3392	54	757	223	870	122	24	1111	2575	966	4473	4200	4765	5083	4334	4940	4998	5975	7145	6715	8356	5590	4971	9182
4133	1221	2334	5096	5209	6058	7049	8113	807	2265	776	1751	9887	5874	9501	805	557
1208	3786	9073	10829	6575	3946	7026	12512	12644	9166	7581	8526	12233
2149	913	1104	1699	1803	6803	7914	10810	10672	437
3758	414	6375	12420	632	1509	675	405	5970	7305
2789	2670	8984	9871	12332	2359	4008	5958	10531	10829	11624	349	859	3419	5033	6614
755	1127	1699	1730	6421	6782	5389	6291	8233	8382	11212	10193	7663	2473	13191	11947
1738	5440	9744	4307
4153	1366	1631	1696	2179	1640	1784	874	2510	2008	2298	2471	3383	3077	3722	2879	5413	4095	9836	5191	5644	5005	3723	291
3115	1729	3966	4711	2296	8072	1238	3261	10528	11112	11207	12037	4539	8356	12612
2080	8672	9646	9530	8406	1592	5238	1527	8469	9269	864	6614	12682
35	7984	11112	10812	12838
2173	12088	10943	11888	10257	12931	13114	13231	13198	12826	13569	13789	13589	13331	13454	13828	13856	5897
459	7401	2974	5699	10386	12140	6098	10389
2134	5356	5027	7685	6055	8172	6698	7911	9109	6327	9250	8672	7451	9541	9327	10918	10193	10652	8961	12357	11634	11881	12426	12649	12698	12754	13543	13789	12717	13837
3613	8284	10042	1308	9127
3318	6752	5827	6709	7677	6484	8381	9164	5263	10607	12088	12453	11053	13607	13589	12867	13737	13623
3090	10762	7466	7552	10279	7711	10280	12792	10199
953	2188	2808	1610	3966	3261	3970	3862	5063	4494	9075	5397	8562	11722	10205	12752	9988	9998	13492	12308
1394	9762	5815	8427	11854
2457	4557	7140	10806	11249	11540	11783	10391	12351	13535	13533	13819
2235	2417	2390	4313	5018	5126	5368	6780	5826	7236	7300	8418	7809	9109	7734	8870	9510	8910	10059	8770	9546	437	12511	12353	12486
1983	1521	6217	776	12122	5809	4231	13420	5995	7905	10658	2925
848	3750	5180	9173
4242	1023	1098	9054	8652	5556	4746	1599	13143
1180	11881	12683	12684	13015	13329	12086	12801	11635	12175	12389	13456	8556	12830	13632	10047	10816
1060	1186	8420	7686	6086	10811
2800	10829	8776	104	7269	7486	30	2313	5825	9288
296	13098	12075	8175	13292	13280	13582	13534	13820	13807	7442	14164	13563
3256	8731	9296	11159	11351
552	181	1212	3072	4996	10890	13528	13201	2812	8682
3149	2936	374	2522	25	5494	4968	4321	10601	3742
1463	8053	6553	7488	8701	9821	303	8237	264	6234
2627	5555	5826	7144	7146	9930	11418	11125	11743	11635	12521	11183	13293
3593	532	484	1710	1530	3543	3243	10811	7828	5031	9930	399	4165	10686	6855	8175	11315	10047	11034	4031	5316	9022	9626	9689	11192	11462	10045	13323	13518	12987	8745
1138	5366	6212	4394	5429	4618	954	8051	5028	7754	8836	8722	8866	9332	9903	10192	8235	88	437	9084	12838	9972	11888	12566	12953	2982	13789	11983	13528	7198	13310
769	9265	9266	9352	1736	6327	8406	10183	6430	9874	10608	11112	5201	10193	11871	7146	12685	9871	13325	9689	10808	11857	13304	11605	13461	9382	11549
2788	1088	5024	7671	8793	9087	13038
3265	2188	1819	2057	2312	8295	11105	11310	13066	11592	8671	13183	13704	6242	12437	12471
1846	5442	7192	11326	10449	13299
224	2508	4918	6355	4051	10524	13651
2586	2460	4683	4263	10104	5227	10079	5095	7504	9501	8406
942	6997	2769	7649	5087	10354	3960	1299	6902	9882	9501	11006	4008	9247
724	3497	10012	10858	1492	8430	9404	13009	3530	13131	13142	7029	8049	12201
952	11442	13634	12371	8901	8914
3102	9156	6875	8253	3331
302	3385	5192	5970	7816	8473	9681	182
2768	2745	286	4544	54	7292	648
4078	445	2783	1563
3588	5562	6506	6053	7892	8342	7934	9333	9179	10497	10806	12836	13129
3668	9505	11085	133	7148	11726	482	11307	7910	12568	8917	11308	5578	962	9041	12869	3616	12678	13385	9471	12536	12149	12410	13876	13549	12515	13704	11983	13066	11803	4407
420	2517	3051	3575	3449	2990	973	2374	6833	6838	8720	6954	8052	8057	9798	11361	2	8794	11552	11783	12762	13011	12063	13323	13516	11772	10007	13257	10638	13378
4305	3552	4789	5975	4257	8773	7306	10650	11380	11208	11988	11881	11634	13293	12637
395	5200	1390	5666	5121	5869	6729	547	544	7936	9959	11783	10260	12751	11053	7089	13227
4021	1136	1560	4591	5826	6098	7496	7826	7861	122	2138
126	9764	12034	12589	12727	9568	12865	4541	13118	13456	13436	13811	13812	13470	13738	13809	13581	13717	13582	10816	13527	13589	13604	13908	13958	13964	13963	13953	13674	13313	13051	2564	6822	13807	14087	12725	13868	14046	13808	14065	13755	11687	14083
2267	439	2830	2574	6338	5930	6380	12387	12388	13492
3052	6573	6339	4098	11643
1440	2300	760	3304	3306	3781	5826	5026	7459	8219	8693	7146	6806	10245	10812	9513	10811	10202	12436	13489	13620	13990	14026	14029
1003	3831	5149	8726	8349
4150	6819	5031	8209	10107
4091	6044	2478	4633
2041	707	632	5666	4557	8497	8866	4417	9210	6564	9201	9699	10808	10830	437	5814	11783	557	1748
4347	2482	1634	4422	2058	3490	2809	7807	7915	7975	7826	6483	8397	7855	7572	11112	11589	11984	10037	11838	10038	13717	13210	10784	13720
713	11435	5326	9640	5340
2021	673	4632	11183	12850
3387	3387	2584	4583	1453	5426	2137	4182	11354	10811	437	672	3111	12311	9855	11387	12034	12546	5273	8556	13804	2443	4191	7840	13661	9024	13293	13299	13289	10439	5681	7824	5276	9764	11544	14084	14113
1436	4983	1819	3652	1800	7774	2620	7806	4933	2633	9699	553	9613	945	3142	8917	5472	12682	5095	8346	1388	9010	12339	5067	12862	10658	13132	4182	38	13193	4767	8834	11977	12975	12512	3418	8391	9887	1822	8678	11886
1471	4726	5786	2625	3853	7072	9814	6282
4158	8209	4220	7272	9930	11461	12311	13411	10816	13304	14041	13876	14084	14085
687	6343	2178	3932	1028	1822
3711	6672	1751	5326
4430	647	460	815	2377	5916	5114	5403	7306	7945	5853	8768	6757	11722	6937	9832	9607	12589	13314	13443
1741	1868	3086	1836
996	13257	10480	13320	10816	13329	13647	5189	13660	11137	13564	13422	13406	12244	13509	11524	13965	13760	10785	6438	13807	13549	14083	14116	14160
704	3187	5990	3072	4381	7280	10444	11351	12009	12912	13548
256	284	210	662	3278	1668	2126	3450	4405	5557	2677	5033	3542	3442	5052	5543	4755	5905	3235	5875	4930	2953	6106	5558	5201	2255	7818	8177	2809	4692	6826	9244	8681	7787	10035	6334	8281	11539	13367	6673	6709
2062	1535	5597	5152	10136	11471
2823	6793	6503	8164	8426	8548	6117	10811	10812	2256
1910	5265	4813	5127	8222	8987	9397	9430	10114	10527	10333	10812	11936	12649	12175
3720	4497	5066	5926	9430	10224	10512	5377
3515	122	1680	662
1639	4208	6809	1894	3218	4633	1350	8055	6611	8742	7276	2029	3111	1739	7597	7740
2074	10005	13807	13523	12751	13808	14101	12788	13283	13643
363	4352	6153	9269	7827	8672	10929	10051	5152	7696	9916	10539	11521	12333	12410
3338	6055	8010	10111	10806	9659	11123	8961	13152	13293	13299	12736	13720
3367	7917	2427	275	41	1190	3344	3370	4307	6681	11888	7011	9280	9493	10994	12682	9048	8624	10741	3758	4012	11126	1849	1782	5129	9471
2160	795	429	670	1408	2390	3043	3085	3192	3704	4266	4058	4078	4244	4760	4573	5823	7306	7596	7670	7807	6055	8160	3974	10884	10812	7137	8991	10810	11552	12318	12527	12203	5005	11983	14030
2317	9033	9218	7305	12991	11238	9402	10511	13310	9916	11754
249	2291	6212	6425	2996	6541	5653	7285	8944	1389	8962	8235	9019	7283	8134	9949	5982	10650	11119	11118	10193	152	6936	4343	11537	11418	7146	11417	12353	8197	8219	12838	12081	6070	4182	1024	14031
3218	10917	11778	11962	12281	12481	4307
3842	3479	3359	3488	5631	1873	8225	8226	5462	7428	2119	3421	4767	5198	8604	8838	3031	3296	9430	10325	11959	9788	2464	4558	6077	6333	6416	8832	9714
947	12117	10808	11423	10812	10800	11240	11479	11241	9903	10943	11042	11622	11688	12439	12932	12770	12821	12771	13024	11083	13149	2483	12370	13580	13567	13516	13822	8808	11066	14046	13988	13882	13244	724	2646	12938	14109	14036
4000	4140	4186	5529	4863	5414	3094	6820	6052	6381	5383	6860	6766	7563	8719	8870	10368	9623	10193	8963	7527	11636	11540	12092	6592	10659	12022	8183	11038
1825	1013	3860	5118	11564	3399	5292	12668	12138	12982	13310	3412
2674	3627	109	9501	11630	852
153	4457	9505	9627	11726	8806
978	2992	7733	11031	2239	3643	5535
1013	5251	5726	9819	613
1299	11685	13147	10035	12946	13781	13791	8382	8214	13869	10987	11374	12912
889	6579	6580	6581	10636	13752
1715	2348	6505	11462	10659	11331	12588	12808	3775	13661	11857	12788	14124	14101	14147	13979
199	2997	2377	6048	13184	13398	13315
874	5826	3528	3531
3360	7191	6052	7561	6070	7807	7491	7779	5432	8690	7602	6103	8826	8131	8006	8866	9411	9413	9250	9874	9594	9775	11404	11618	11545	10939	12302	11892	10512	10943	12916	12668	11345	13164	13499	6854	7126	13416	10815	13746	10784	13313
3395	7618	10829	10811	11017	12163	12603	12601	12179	12837	11400	13580	11687
1069	9343	11429	11616	2947
979	9686	1024	1730	10411	8672	3331	10990	1449	7285
3237	1309	2326	2390	664	2432	8372	7729	9134	10806	10811	8811
2610	1280	1067	2024	1233	6229	9953	6088	8926	5471	7805	8569	9714	11144	13144	9271
3457	4381	7122	8177	4408	11261	12411
3100	5788	2917	2765	6695	2263	6501	7997	5150	5756	7488	4784	5084	1903	5511	7923	9232	11022	9930	11124	11463	10047	11881	9122	12754	499	4985	6123	13531	9271	11731	13784	13831
2775	5145	6948	10355
3258	5835	6561	6055	7385	6503	7449	7463	8882	8870	9328	10504	9180	10166	4474	9334	11415	11774	10391	11594	12278	11917	10943	11710	7812	10816	13668
998	4144	4438	4533	3861	4889	5974	5459	5429	1819	4183	7306	8342	5432	6079	9063	9196	9040	8006	9215	6332	9736	7136	10326	9847	8794	10047	11578	6937	11380	7663	12148	11635	12053	10527	11120	12567	12179	12351	12865	13245	13315
3086	6497	3253	4794	4918	702
2168	9187	1	11625	9689	11150	11881	5152	9867	10393
3796	69	795	3886	10035
3771	5195	5270	5	6533	5786	7306	7369	7755	3452	6261	4405	6512	8270	8471	9053	9268	9671	9959	10193	10434	10828	12244	12990	13314	12830	13353	13761	10815	13292	13313	13975
2973	5124	2992	7449	8719	11406
1532	6022	2764	8200
4355	1652	2059	4142	4648	5499	4738	3543
3209	2797	4245	1264	7827	8108
3647	3035	4290	5370	1822
4292	2625	3372	4932	7905	2133	2321	2540
341	7589	7292	2812	12784	8206	4656	376	10317
535	13033	13397	7733	7603
1721	7783	1186	9804	4336	4583
3429	6512	7678	5871	8991
665	2210	3913	4758	5722	7065	1308	4503	6681	11799	5518	9511	11762	1580
8	6432	10904	11595	10652	2000	10664	10812	11818	12453	12558	12705	12713	11053	11881	13008	10752	12631	12981	12366	12488	13503	13153	13282	13625	13820	14101
16	5580	6694	6421	9179	11667	11462	8861
210	3187	8884	10198	12065
2923	7735	8154	8219	8833	9821	8768	9941	10308	8334	10153	3466	10559	11344	5826	10531	10143	10943	12599	12772	12438	12384	5611	7089	13178	12513	13762	13199	13820
2198	8515	9881	10811	10958	11112	9615	10421	11537	12990	8211	13595	13601	3585
1496	4134	4633	5229	5666	6650	6427	6806	6933	6421	7776	6782	8015	7233	8744	8258	9182	9773	8837	10497	10828	10830	10807	12357	11828	13323	13314	13609	13805	13820
3117	3865	4791	1819
1011	5755	6332	7984	5434	8907	10810
1335	12033	6573	5773	11871
2152	2261	4578	678	6575	7214	6552	488	3236
1956	7579	9598	3019	1197
1601	8870	10188	10806	13417
934	1147	974	3588	4111	458	3399	2320	5673	7340	7946	852	9233	9521	10029	7517	9267	8832	11774	11413	4549	10809	7663	12390	10808	10923	10949	12088	9682	11306	13316	12934	13029	13434
1338	852	3204	6212	7230	8870	8905	8235	7306	7131	12826	13293	13299	13614	13295	14010
1506	467	852
2536	2338	2773	3135	3909	5234	7070	9672	11030	11148	11485	13310	13338	5815
698	1371	1391	1445	588	6000	3525	4369
1641	6186	4227	5415	8149
2189	7177	2836	10306	9417	10665	5815	8430	13661	12734	8815	13305	13285	9404	13306	14098	6459
3838	8794	7663	12589	11053	4970	10808	13805	13329	13731	13445	13453	10816	13953	13065	13876	13644	14019	13750	14063	13807	14103	14109	14165
1233	3928	9196	10497	10515	5826	10528	10828	11183	10811	11757	11331	12426
1460	5815	7910	10126	6817
1415	2150	4038	3674	8533	9077	11112	10800
1227	10496	12399	11925	12507	12555	12038	12384	13030	12802	11074	13158	976	2925	7909	13422	13740	12934	13751	11433	13526	13966	12725	13956
3659	7557	2947	5155	5815
2712	8307	8705
4227	5025	5040	7192	7491	9283	8762	9126	7291	5551	5401	7807	3903	6986	10497	6134	10808	11635
975	1654	3933	4008	5276	6060	6116	6272	6331	6498	10499	11459	11809	12670	9879	12404	8217	10408	11537	11983	12031
3934	6328	6863	226	1395
2507	6372	6235	8227	8836	9032	9827	8862	10158	9541	10811	9189	9267	9798	10193	11109	10188	11224	11600	11670	6726	9699	12752	12086	11247	9212	13158	12954	13210	6942	13514	13475	9544	13577	13737	13260	13541	13950	14051	13972	14073	12896	13892
4449	4363	13905	6543	11278	11279	7000	7905	3175	9812	6592	251	2543	8846	10531	8533	7053	10365	12418	13033	8468	5826	12820	13055	3758
1931	7172	8280	10527	11565	13571
2375	76	2574	2573	2485	5602	5985	9108	1871	6240	2809	6484	7547	8870	10527	10528	10665	84	7250	9689	8371	11351
3061	12213	12268	12273	5005
3528	210	955	193	1017	1380	684	4147	432	1187	1390	5585	6359	7611	3078	8008	1	1683	3468	12503	4667	8269	6919	9526	9880	8233	10806	5817	5815	6728	11618	9729
2744	5662	3453	7431	7484	11800	8419	9288	5815
4461	1220	4952	5152	7691
3459	5113	1308	1454	1485	1813	1857	2621	2736	2924	3306	4673	8340
1772	3878	1731	2138	3624	9785	7633	3745	1093	8658
3343	10812	10943	12426	11711	12632	8638	12635	11053	12438	12803	13008	12911	13437	13482	13280	13279	13281	13306	13975	13976	13541
2002	1854	4903	6167	2280	6505	6426	7306	6230	7620	5096	10270	9599	9416	12393	11786
2644	321	3183	3883	5912
701	6007	8512	2592	3579	4310	188
2298	2138	3876	7172	8204	10528	10354	10517	11112	9616	10811	12088	11450	12977
929	1182	2255	176	4983	5453	1115	6855	7580	9470	9383	5372	13494	13609
2561	2290	6269	4040	6488	4987	5034	5647	6286	6220
2055	6271	11194	10372	10567	5678
2893	6687	3945	2693	4065	6593	11643
1689	10047	10811	9930	11375	6937	13976	14022
1565	4910	7082	2830	2937	7894
3111	7306	6483	8015	8397	8870	8938	9821	10412	10127	11112	11569	11183	12348	10939	11936	3207	12034	12594	7827	12179	4588	13001	12934	13019	13386	12016	13543	11075	13411
1336	3589	5001	4768	10252	6407	5815	7509	4103	12703
2651	12961	5279	12937	13000	13621	13422	13516	13382	13527	11621	13034	13943	13958	13973	13994	13191	11495	12359	9280	13770	13737	10306	11864	11196	13948	13914	13423	12833	13956	14127	13549	14073	13952	10354	14118	9792	14155	12744	4600	6303
817	4813	6475	5558	6483	8665	9884	10412	10786	11730	13975	10733	14094
1384	346	697	2404	5023	6011	6336	6410	7385	7948	7828	9798	11588	11881	13315	5005	13234
3205	7946	8562	10811	6048	7875	10947	7827	8408	5526	11898	12641	2220	3181	11259	12086	12460	12794	13324	7292	13418	4188	5044	13845	13563
2860	4160	5189	9042	10726	13310	13315	471	3031	6058	7481	8658	8853
3729	5265	10497	10193	10958	8198	7711	8934	9689	12287	11635	11917
253	2023	2673	358	3744	3763	4200	3325	4635	5035	5856	6729	7147	6673	6167	7480	9783	10806	11053	13568	13199
1439	6228	11374	9173
1451	1523	11454	11627	6190	6480
1919	5312	9744	10411
809	3968	1539	6332	7145	7946	7144	8744	1028	9502	10290	11323	10484	10193	11380	11415	7146	11656	12361	2000	9201	12022	11917	10497	12838	5377
785	1986	882	1686	2863	2249
1764	10512	9920	12111	12179	12112	13231	12889	13544
607	2902	2905	3145	5573
3885	2029	1263	9556	12430	932	7548	12530	13354	11971	4185	4593	8975	9000	10583	10726	11262	6623
4138	5827	8314	7517
1265	4672	2079	9497
2116	1211	1834	1674	3232	4438	3233	3676	5023	8340	9067	9180	4913	10498	8674	6977	4570	10015	11461	437	7663	12318	9670	12461
2812	8612	9497	9430	9892	12755
2652	6397	6563	3236	7883	6855
1100	5923	3111	1847
1627	9017	5576	10613	10814	11886	11982	385	5825	6091	11050	3464	3758	5815	10716	8406	9469	10658	8894
1204	1375	1133	1248	952	950	77	2024	1458	672	3932	7416	6681	5335	13224	13815
3280	1914	5345	9209	8963	10652	10651	11211	10949
3450	7871	6552	4245	7806	4351	5815	9501
113	2449	1350	12039	94	240	2599	1270	5152	9944	11261	11983	12360	13018	1756	1990	4009	9379	1671
1531	8891	10415	10436	11261
4208	6518	7621	9284	10183	10527	12826	13831	13297
4013	5234	4888	8357	9342	8995
2215	4672	4966	7137	7407	8938	7763	10578	6486	11377
2493	4285	1854	5095	5180	5793
1214	7889	8833	9092	9164	9325	9410	8813	9189	7663	8471	8505	13464	13412	12582	13956
813	7146	8638	1556	13231	13282	13975	12680	13065	14029
1769	1553	2362	5135	6135	5878	5362	4061	3924	7565	8721	9134	8362	9699	9526	1988	11017	10224	3917	4493	8113	722	10777	2000	12782	11127	13450	13279	13783	13947
404	7915	10702	7633
3444	2383	4008	7241	1270	6554
676	9291	12234	13300	10193
3405	321	2601	3469	5291	6055	8882	6421	10113	6847	11265	10949	6427
3870	2167	5019	2931	5038	5393	4302	4772	6390	6343	6338	6421	7882	7931	8034	8883	10522	10523	9274	4183	10812	7140	11398	10808	6698	11296	10512	12357	12485	12560	12822	13221	9920
1673	2209	5611	6958	10531	4182	10017
1878	564	2526	3476	3793	3810	4142	2143	3566	5651	5493	7985	5896	6847	8448	6702	10528	1542	11183	11184	12112	13080	8445
2150	2364	1086	4918
506	6090	2615	3758	8175	9354	10718
878	6732	9877	9501	11261	723	13310
1909	2255	3848	8525	11315
1759	1386	546	1526	3424	9451	5826	10800	11338	13645	11629
1171	9218	9853
159	2867	3066	4509	3611	4883	5019	6339	8816	10527	5344	3074	10244	1535	10492	10575	12051	9972	10257	12651	6247	10866	11333	1231	13120	13418	12257	581	5220
4455	1787	8463	3057	10658	6290
3411	5359	6239	6593	6336	6405	6601	8247	10111	12167	11783	11828	11874
1520	1629	2904	3187	7675	8441
2572	4028	894	6048
2907	12435	14022	14149	14151	14168
4130	9687	8406	10527	10943	11553	11618	12648	4538	11881	11420	12557	10051	8721	12175	12990	13336	13717	10132	13508	10176	13282	13293	13632	13805	13279	13280	13281	13289	13291	13302	13661	13411	13416	13659	10784	13737	13975	13976	4258	12752	14029
3957	5241	2753
2758	7826	843	2067	4255	8318	11529
1733	619	3601	4133	3317	3480	4312	4356	4761	3772
2813	7799	11183	9501
389	1332	5038	6126	6338	7062	7300	7459	6540	7542	8924	9069	8012	10807	11535	10684	11445	10943	12357	12951	13260	12830	13208	13353	13416	13701	13624	13990	8808	14029
1745	77	9300	5804	6013	10958	3103	11462	10800
1465	1463	1461	5356	7971	9029	9189	10666	7285	7860
3862	1236	3383	3557	3259	4648	5837	3436	2756	5912	2194	2119	7105	8030	2239	1702	3770	3957	5895	7921	9169
3476	2326	5281	8987	8988	8534	12172
3820	4080	672	1819	8339	1308
1874	3686	3473	4779	3815	5040	4674	5362	7162	7984	5269	7914	8905	8562	10552	9526	8864	10808	12751	11613
382	894	6072	5869	6673	7491
3440	6291	8740	9252
646	7568	7249	7258	8015	3535	6483	9429	9412	1	11344	11433	11983	9789
21	1766	2118	1796	1807	5129	1860	3525	6505	6280	5912	6514	8717	9331	9327	9874	10382
3737	5957	7943	7080	10810	10830	11112	9930	2275	7360	8406	10812	9415	12331	12086	12934	13323	10105	9315	5030	12894
2410	1611	13231	13345	13210
2621	9367	10100	10305	10808	7137	9207
3543	1099	5200	5211	8717	8219	10608	11984	12053	12640	9432	13122
1932	6821	7046	7047	7048	7260	7549	11484	12682
2029	3765	2878	5129	6693	6310	6803	7982	6079	8744	8161	9283	8938	3186	9215	9940	7931	10380	9848	6302	10810	10830	10560	9513	11046	7137	10807	11743	9524	11686	4534	12633	12758	10989	11563	13129	12896	13319	13664	13639	2745	13578
4098	2628	1516	2710	4298	9571	8961	10193	8936	9267	11950	12838	12380	11972	13323	6681	6772	8408
1746	1814	8337	9248	8884	11104	11105
1907	5465	7264	8207	8652
2892	3671	734	4578	3394	11783	13532
3707	1471	1652	3332	4845	6833	7023	7596	8767	6484	8816	8115	9329	10811	9189	9798	6023	11577	3103	11618	11602	12972	13025	11983	12802	45	13292	11177	13976	14080	14030
2677	2090	2350	376	1657	894	2408	491	7890	8009	3198	8938	10372	10810	9232	5377	4237	11625	3394	4785	517	10238	11724	11551	9103	2549	8211	10297
1757	2399	1695	1501	3721	6157	5755	2335	894	6335
3612	10179	12068	13176	10436
3271	7393	9640	11791
766	8495	8579	13108
1754	6977	10830	6757	11745	12187	12380	13209
781	4253	6543	7285
2418	850	3131	162	1099	3572	3204	3817	4578	4883	4244	4497	6752	6318	6022	7022	7459	8435	8331	7570	8735	10330	9367	10360	10499	10665	11133	10188
3562	753	8382	10825	8811
1717	5421	167	8794	7488	8261	437	11594
3890	8051	8232	10251	10666
2082	1380	5019	5836	5066	6933	6790	7192	9268	7781	11100	13419	13224	13524	13837	13819	13541	13961
4278	10713	1175	8918	5893
2059	4750	11261	1796	5186
757	3556	198	3637
1186	7431	2669
931	1894	3072	1517	4290	7067	7072	4633	9093	7424	7030	11605	11651	11648	837	3058	2266	3595	12286	10344	11744	6052	10726	10913	7003	6209	8731	12980	13186	5741	5567	10871
3844	570	6331	6425	10685	9591	8144	13231	13762
2460	1730	2437	3783	5815	2051	5826	5578
485	8553	8964	10037	10372	11351	12371
3849	6614	11104	10205	12049	9984	10037	11983	5095	6554
1814	842	2644	3810	4529	4863	2951	3126	2626	6528	10705	10806	11272	9920	12919	12370
202	2255	4103	4767	3061	9275	7457
3222	1044	2521	7463	7359	9331	9821	10812	12838
1839	2753	4259	4809	6805	6960	1077	2985	4019	4222	5883	197	8491
2606	2022	5307	5590	11380	9524	11602	11917	12751	10949	13080	13673	13293	13814
2985	8771	6482	9164	8766	8831	11678	10804	11331	10142	7638	12962	13438	12279	12751
3212	777	2390	3994	11379	10923	12937	13453
3756	1496	1944
