4056	13	3807	2137	4193	4763	5452	879
2277	6605	1289	9159	8004	1063	4248	1293
6452	4670	11428	1208	6546
1946	2191	6790	7941	4944
273	5228	6343	1624	6484	8415	8779	8409	9034	8763	8211	9584	9859	7694	9775	9773	6258	9444	10798	11772
811	1681	6179	6274	3380	1688	1281	2923	5870	6180	2397	8382	9034	9037	8189	8249	9705	9922	9584	6258	9947	9100	8207	7629	7442	9094	6774	10201	5782	11185	9243	7551
6570	4730	3193	3457	5228	6482	6486	7060	9179	7683	7694	9772	11098
1787	2478	6957	4263	5740	4751	1471	248
5908	3465	4347	2139	5016	4825	4134	6483	4387	4122	896	7683	2578	11185	6768	11029	11030	11568	11401	5788
2335	4039	7987	8755	7354
5973	64	3347	5389	9290
2877	4933	4923	5229	1146	3515	5226	958	1624	523	767	4443	3613	11526	361
212	201	3164	7153	9659	2763	4516	2665	6030	2690	206	55	5432	10916	11232	11308	825	9612	217	2228	11600	11720	4931	8896	11740	11770
4504	7683	9776	9319	9026
2656	4301	6475	4188	4325	7838	6593	6618	1029	4629	219	5402	6686	1942	6774	423
3867	1749	3688	9149
1078	270	7381	912	4498	7573
3101	802	804	3535	3598	4817	8365	10310	10542
7083	4384	7898	859	10144
4594	9507	833	11264	9508	1779
1366	3376	1597	3589	4724	4725	257	6018	6077	6482	7616	8254	7036	9064	8189	9340	9922	6258	10995	11135
1035	6340	9045
6238	1150	1442	1423	1600	1599
5250	3812	1880	3392	1650	8415	1632	1653	7020	3747
3368	5516	597	2296	2523	3104	3200	8612	1271	3106	7248	641	4137	3107	3368	3501	5194	6128	9109	3103	4120	4150	8694	4748
4697	5350	8621	2933	7563	1732	2296	7662	10115	2373	8965	6063	3548	9756	6775	3674	6957	7020	5938
6355	9290	9583	5406	1888	2739	585	3559	2703	9279	9283	6258	584	9947	10371	6679	9406	5408	9111	7595	7627	1208	4279	3952	5417	1011	10760	10326	6738	10798	11185	836	10403	767	11232	11316	6364	8808	9956	7570	2573	11511	11739
2524	1600	2078	6626	9065	10905
492	3589	6363	8779	8407	8510	836	11002
2540	5229	5228	8602	3503	7514	9785	7629
1728	2085	4577	2306	3394	6797	8461	5368	777	1013	3006	3981	5233	7076
872	1149	1466	2678	1640	5119	6279
3033	4052	2576	10167	3375	4209	1638	8231	8634	85	8256	11224	2374	2738	11625	2894
6787	2740	1432	9290	9748	4378	7573	9683	11764	3096	9521
5500	941	8826
1878	1613	2546	5099	7075	8763	8818
6606	2586	5339	6116	5904	6526	4142	4188	10105	6785	10357	9678	1550
565	6443	3613	9759	609	8552	7271	257	330	642	820	1624	4031	10853	8318	2829	557	621	3353	6693
142	7443	715	5717	4077	5817	7248
6909	1899	1900	5047	10019	10568	10666	3621
1500	1781	2237
1853	7060	3058	9446	10902	10182
6758	2286	1896	5953	1258	3666	986	4332	3896	2894	592	8371	10167	883	11795
3534	8822	8575	4293	6145	6857	7485	179	3951	4392	8084	1104	7482	8829	2766	5669
3815	1624	6486	7616	8131	8383	8208	7694	8681	9154	11399	10918
1177	355	354
3116	5555	92	417	8011	69	7738	4098	209	4617
3698	9723	9691	6433	6658	6889	7247	11330	11760
1913	8417	7071	7585	10798
3602	4170	9558	2055	2056	6824	7806	4389	912
6751	5249	9429	4064	7810	9431	9428	692
1609	5390	6483	6488
3993	1481	1480	1495	10201	5834	5782	8666	5781
2720	629	1662	2118	3992	3375	142	9754	11568	1048	1173	6498	7605	654	7351	2277	8895	86	6762	6995	4888	11174	259
3546	5230	3515	8189	10497
4853	7613	8521	9282	9735	10169
5497	3515	8132	6363	9139	3164	8510	10234	837	8506	4151	5788	1123	2037
4828	2437	3426	3556	5287
5698	3457	3456	1457	5229	5230	8415	8207	9260	7101
4910	2346	9505	8580	10460	4714	3386	3896	11249	8962	11022	11232	6830	8562	1406	8200	3523	10976	69	3454	4426	7234	1957
5116	1771	6784	5503	7132	7646	11104	8157
3855	4035	3990	4068	2196	3997	4002	4047	4070	3999	4008	5057	5976	6001	5977	4976	6522	4532	6310
6190	3063	3064	3506	4730	4933	5229	1249	3592	1624	6363	8383	9067	8208	9011
2130	5883	3592	2206	10754
6466	181	3551	597	5965	7790	11190	896	5826	5911	5924	7349	8097	459	4541	8863	9939	2642	3758	1211	2225	10419	225	8472	401
4994	3716	9705	10639
2844	3058	9970	2395	2815	2647	4938	3161	7738	3985	5470
1150	5579	7048	5976	3613	7458
3370	1457	5229	1464	1624	6486	3375	9064	5418	7684	7402
5275	5228	8778	8779	3164	7351	7683	8207	8208	8211	4313	7694	9100	9947	6258	10014	11297
2943	4051	1464	1457	8449	8102	8415	9859	9065	10169
1126	2618	5823	1188	2374	10195	8621	3480	5442	10030	10038	4881	10243	10148	365
197	1497	7844	7065	8755	9507	9508	6239	8051	2560	5819	6205	2945	8325	9913
465	7813	812	1297	2188	2270	3190	5263	5452	5851	6957	7248	7250	7569	8048	9098	9290	1922	898	3643	5764	5964	11377	3901
1589	3663	1206	7913	8078	8892	9170	4142
3121	10529	10817	10530	1603
6988	2118	3951	2347	5342
2978	2578	4012	6849	6850	4008	7354	1860	7514	9773	10169	9815	10531	11529	892
4308	4724	8111	1339
4895	883	2894	1347	9164	11563
2226	5034	6411	2532	3809	5304	706
1909	3242	3375	3174	3336
6886	8763	9785	9507	9705	8510	10236	10760	7369	11185	11399	11601	11496	11739
2945	6635	6734	5445	10103	8805	6473
539	6330	6771	11808
1397	3742	4893	2077	3461	3915	5211
1256	7060	6363	7683	9730
860	1024	4699	4223	814
4309	1886	4923	1457	5229	5016	3592	8169
4443	5432	6636	9786	505
3830	4343	3810	7101	286	7060	8131	111	5320	6781	5269	11074
1861	9054	7694	6258	9947	9730	9444	10201	10976	9318	10618	10759	5783	7017	10798	5782	6730	11098	11196	11232	11002	11378	11379	10169	10247	11581	11481
4759	3592	7694	9947	6258	9730	10201	10637	10639	9446	10759	8767	5783	11132	7017	11130	5834	8787	11232	10169	11030	11530	11581	11528	11582
3851	134	9123	10569	6406
2948	3816	8318	9380	5369	572	11224	1147
1423	5011	5012	5013	6483
2168	392	5228	4257	8132	1438	9772	9604	8128
4873	7349	4024	4242
5887	8417	7683	10169
1789	5834	6417	10247	11255	11347	11514
2311	596	1258	2061	2170	2831	4435	4492	5978	7485	8410
4144	4519	8800	6619	7567	8377	5977	8861	1839	1043	5120	1984	736	547	5727	10002	5209	1559	5627	9239	2601	4888	7434	1733	11638	7764	8662	5583	2179	5588	2651	6183	6498	5740	2755
4406	805	9556	9760	2759	5074	1450	5442	6788	11157	2491
5505	1246	4667	10243	1230	8678	4646
23	1312	3898	5306	1584	8308
1253	6363	8408	8407	9490	9010	8208	10169	10271
5666	9499	10168	5457	8535	9465
5330	9067	10169	11523	11580	11632
6099	2502	889	2515	2204
4753	5345	9584	6188	1146	5850
522	6549	9022	10141	4098	5300	5904	7627	8365	8682	9364	10033	10499	10560	809	6145	10930
2506	7659	9587	9282	3896
3690	3398	3591	3702	7514	9789	10823	11122	10620
4213	4923	1457	5016	4385	6484	4043	4459	9340
6266	1258	1083	4794
2012	1194	1720	2954
4028	7060	8132	6363	8415	8449	8251	8382	8408	9064	8677	3166	7683	6258	9700	7659	5307	10201	10182	11002	9612	10600	11524
901	2025	8092	5546
3275	1203	2565	1953	2121
6351	6535	4935	9980	11742
3128	5228	3063	7060	7796	6363	8250	8385	9853	6258	10234
1763	293	520	8696	4661	5825	1119	6266	10541	10540	10939	5724	2847	8600	5979
5459	6248	1457	3592	3164	10626
3484	1620	4635	4880	5753	20	1638	4264	3630	5318	6120	8288	130	3493	1639
3914	3164	7694	7369	10774	10014	10289	11286	11486
1944	5344	9462	4540	8851
7103	1624	7060	8417	8385	8602	9064	8407	9037	9947	9858	7442	10014	10567
6283	3323	3884	3456	1464	5016	6343	1700	1624	7552	8415	8385
1329	1302	840	7931	841	4265	8705
2435	548	5675	5678	5386
3126	6863	2169	10774	5304	5782	10798	5834	6730	9747	11098	11196	6986	10247	10169	10916	10915	10917	12	2573	11481	11581	11582	11601	10619	7386	11650	11709	11735	2516	5867	8944	9219	9583	11007
6257	7796	8417	8449	8382	3164	8408	9260	8728	1543	7585	9856	5291	5307	10234	4265	10995	10271	10618	10976	10326	10902	10182	11583	11041
322	7579	7184	7568
3283	5391	5390	7541	7101	8251	8449	8249
4900	4917	3200	5937
4034	1789	5391	5709	1624	6486	7060	7552	1642	3166	7683	7442	10976	5834	11232	11474	11568	2894
6380	2626	9436	873	6096	10076	10324	10391	10392	6433	8352	9966	10262	69	281	1252	9826	8372	10170	10823	10732	6054	6517	7759
1084	4042	6003	792	3063	6001	8417	3800	8599	7987	10313	11583	11744	11739	8487
4416	6343	6488	6483	7060	8131	8254	8251	8382	9700	9858	10995	11286	11002	9612	10793	11530
6686	145	3248	4584	11416
2286	3630	5217	7274	2687	10009
2977	4831	249	494	4052
2757	5016	5391	5395	7541	9033	8604	5933	9011	6258	6730	5834	11485	11307	11308	10912	10913	10914	10915	10918	10911	10916	10917	11483	10797	11002	11399	11540	11496
2427	7039	8755	10180
607	7815	6467
2086	1624	8407	8409	8728	10169	9700	9659
4423	3613	600	896	7021	8837	3597	2432	9349	6042	6621
1645	4449	6084	6633	1054	4738	8617	7085	2447	6913	10546	7614
5196	5229	5230	5226	5391	5395	5807	3779	6017	6077	7060	8131	6363	1348	8417	8169	8254	8778	9260	3164	9011	9705	8510	9281	9659	6258	7694	9773	7629	9700	9037	11565
6415	6344	3063	6343	7796	6363	8131	6784	9037	9785	9286	9947
256	7163	5736	3930
3946	10857	69	87	331	10644	1470	661	5639	5825	3152	3154	1291	9921	10645
3257	1943	3220	2273	10152
5397	3499	2270	9476	11426
2568	3193	3776	4805	533	8400
5598	22	825	3291	3922	4353	5930	9901	11807	5594	2682	4879	5958	896	5489	5955	8708	9109	5948	2675	7354	10403	8826	5597
1849	1386	1296	1624	1787	8415	7514	8197	9037	9637	9730	10600	11399	11583	11606	11518
2599	8417	8408	9100	9947	9446	10759	9318	10238	10911	10912	10913	10914	10916	10917	10918	6864	6269	739	741
807	5395	7060	7541	8415
3222	1636	1099	4263	1073	1479
4470	10271	11536	11420	10786	11493
5482	6580	8415	8254	7541	8779	9037	8677	8409	7684	7683	9603	6258	9519	10234	9733	7017	10014	5781	11029	11109	11525	11490	11496
1951	9067	8189	7694	8510	10169	9853	9947	6258	9730	9444	10236	9733	9318	5304	7022	11131	10798	6410	10247	11029	11031	11030	10913	11307	11483	10914	10919	11255	11522	11530	11487	11329	6096	11511
4290	112	4428
479	682	3341	10755	11647
4229	5016	5391	5395	1624	6485	1581	5228	6363	8449	9281	9854	6774
2580	9112	4563	6543	3487	7897
5357	1624	6486	7060	7514	9775	10371	11300	11522
2457	6978	7929	10727	8664
5170	2502	4142	5494	8702	1180	5101
6585	3242	9106
2282	1636	7089	7573	3613
586	896	4618	4347	5016	1464	5228	2022	6488	7541	7796	7060	7860	8417	8250	8778	8779	8407	9340	9705	8598	9518	5834	11399	11579
2888	4702	4730	4724	9518	10236	10238
6987	8415	8385	132	7514	9037	8763	9730	10798	10567
7133	1439	4912	6077	272	3813	5875	7293	6133
545	7141	4614
3203	9682	884	8889	1054	8888	4204	7954	8866	8867	8869	6626	1043	1092	1098	1860	5316	6182	6497
1340	133	892	11613	10224	896	2362	2515
4660	8417	7514	9011	10234	9444
1981	222	365	180	542	623	6343	4865	8417	340	585	8408	9260	8728	1543	7683	4349	9947	9855	9100	9603	11074	11132	11282	11439	11635	11741
4178	13	3323	4260	1531	4923	5226	5228	5016	3515	1249	5031	6344	6680	1624	6483	8132	3503	9064	8679	9037	8763	8728	9700	9183	6258	10236	9446	10289	11232	10919	11524	11526	9612	11511	11516	9734
671	4289	4454	4554	4916	2442	5236
3114	2299	3030	7976	2020	2037
5331	6258	10637	11490	11742	11739	770	10968
5161	8648	8427	2096	2240	5253	10838
1657	1875	3185	3526	4958	8350	8998
6270	8417	9033	9034	8015	1610	9260	8572	3166	9922	9100	7694	9947	10234	9444	10271	10823	5834	6730
6997	3465	3589	3063	6248	4702	4725	4730	5229	1624	8417	8603	9923	9700	7694	9100	9444	10236	10976	9243	10798	9747
2493	1457	5230	5226	5229	5391	5395	5393	6018	6344	1624	8103	7864	9064	8408	9947	10234	5291	9733	10639	11487
6569	5229	3999	4035	9506	7860	3164	9659	10236	5834	11232	11399
6795	3806	142	3155	5369	6106
2263	5226	5016	8254	7514
1490	432	5	308	4312	4901	1563	4459	4449	3456	5226
1628	1457	5226	3516	9067	8409	7585	6729
5537	688	2495	4562	3927	1644	1643	1283	1633	3188
5763	8931	2146	2204	1481	7500	1880	4262	7613	162
3310	1258	4259	9993
4648	530	1216	2267	1584	3589	5227	1605	3985	6631	8038	807	7322	1663	4996	5026	4032	862	865	9239
6655	3164	9603	448	10919	11283
1431	1684	5319	5965	9239
5547	7218	2578	7215	5864	10443	7063	8300	2662	9911	10968
2231	8415	9037	7719	9947	4532	11399	10626	10616
5798	9724	5907	5908	6239	381	3831	3834
7043	6467	3336	6693	6239	8533	10073	10297	11494
1273	523	3994	3030	4010	4042	4532	2093	4036	4008	4006	4035	5279	3999	2195	3995	4000	5057
3710	2139	9037	9490	10271	11098	10969	11528	11375	11688	11690	11739	11770
3318	10544	3166	9321	10394
6465	1636	8417	9037	8407	9260	10236	10117	10114	10759	10823	7721	11196	11002	11774
1077	10497	10201	10703	7712	7718	4332	5304	7721	9690	5834	7017	10169	9747	7211	10794	11289	10913	11523	11525	9900	11521	11524	10151	11649	6767	11511	9735	11600	11741	7492	11740	3951	11136	1827	6449	11765	11768
228	1209	2329	4254
3462	3506	3456	5016	8382	8778	8572	8407	9947	11098	11270
913	10193	4694	7968	4738	7969	2377	4188
6170	2166	3579	6072	6724	8214	8736	10999	11629	7528	8288
6494	50	83	3589	3064	3506	7779	8449	8677	9772
4961	2540	6151	9992	211
5650	2634	5512
2342	320	4754	5480
1104	972	10169	894	2539	10405	3415	10830
5404	1624	7541	10798	5780	11074	9690	11185
4375	7288	10368	11633	8755
5594	2984	2950	2961	2991	2948
4789	6550	5203	347	4028
1100	4724	4730	4933	5226	5016	5390	7101	5492	1956	8778	9490	6258	9100	9444	10014
1482	2616	3080	2909	3076	5518	8256	8414
351	3042	5460	9671	5136	457	8120	5356	7034
3244	5982	8128	506
2775	859	1326	1636	1330	1331	4923	2687	1249	5391	1827	3932	4004	1646	6018	6344	1624	8415	3164	7585	8728
4415	1624	7060	8383	8251	8728	1543	10201	6258	8681	11329	11481	2609	2573	11254	11742	11601	11516	11740	11494
2136	8354	3697	468
5496	4693	5516	7679	7717	2296
6523	3465	1457	5016	6600	771	8409	9340	9785	9100	5307	10823	10289
120	270	7525	5128	2305
345	9538	9835	3894	9448	7049	10287	7044	5883	2258	5684	6848	7019	7604	7662	11156	9109
62	1413	448	2588	7728	8731	3083	1609	11792
3436	7056	1943	1952	855	3679	4345	9325	1246	412	1721	584	1916	7346	709	923	1612	263	489	1154	1611	7155	7913	8286	9961	909	11028	1653	8471	11504	222	665	912	3535	6385	6816	5459	11569
4461	1457	1464	5390
1261	10305	10307	11379	11031	11568	11255	5722	4104	11800
592	4262	4783	5474	4828	9521	4638	2649	2898	1415	3387	6626	5551	8943
1029	5194	10376	1226	3670	898	1827	4955	6778
667	4280	3231	6034	9290
6278	1828	4806	792	4900
2980	6276	7558	2456	8936	9348	800	7613	10751
847	1091	2213	2284	2286	3336	7155	8895
2869	1336	3589	5226	3515	3516	3166	1347	3854
4946	1479	5940	3038
2218	1457	5226	5228	5227	5391	5393	3063	372	7552	8763	1543	9490	9730	9243
4731	8199	3164	10371	5757
2586	8671	7145	8823	5949	10656	11466	6663	11109	4426	8122	11181	5443	5514	7360	7380	11186	2819	795	2317	3253	1343	11346	883	1271	11012	9784	6443	7557	7879	9756
2095	5550	10313	3368
2894	6063	4029	3909
5109	6211	1001	4396	631	3832	5734	6751	6212	8218	814	795	987	8217
6981	461	1973	5226	1464	621	6017	7102	9037	9730	1876	3058	5231	9501	10271	5781	11497	11540
5850	280	1693	1701	8132	8382	8449	8778	8779	8409	8728	7694	5307	10236	10760	3658	9243	8681
245	3397	3398	3589	4724	3457	1457	5016	1464	8384
5029	8408	9604	11521	11524
6582	1257	4431	4400	3352	3457	4923	1457	1230	3516	5013	5011	5012	5611	4035	1624	8189	9490
134	8414	5536	10787	4770	11571	3622	8256	8876	11624	5585	8900
6321	4213	749	11075
1583	876	8417	9067	8679	9775	9854	9857	9603
2181	4055	1733	1971	8763	2544	2540	2050	3477	4477	4644	4888	6349	7043	2682	3038	9332	5716	1960	5179	3405	2174	455	5548	7042	10168	896
2201	6149	6930	5144	7314	7315
5343	3368	317	6210
6474	4690	3987
6782	3466	3376	6343	1624	8132	6363	9054	8208	7684	5291
6317	7060	8132	8763	8207	9700	9855	9444	11286	11524	11525	11568
5578	4311	10100	8776	3403	3336	5976	9508	3845	7862
4969	8254	9037	7369	6258	6364
6761	1259	3243	6433	512	5427
513	8710	1481	1916	5411
1841	8959	9859	7484	8677	8135	9858	8407	9037	9519	10234	1822	6084	2203	10760	10271	1046	4505	9557	8900	9142	11117	11185	11196	7802	961	6979	6364	11527	7918	11544	11550	5933	1258	3896	11442	11601	11490	2573	9707	11741	11136
7022	2061	4293
1491	3953	4999	8077	7158	6610
5595	4091	2204	4765	7717	6683
2073	8832	8863	1111	3110	8830
1450	5611	6077	1624	7616	8132	8382	8409	9280	5565	10236	9947	7060	10326	4032	11074
7017	4103	3589	4702	3516	3376	8510	7060
3478	7354	9445	268	2447	4238	8412	8736	9448	3407	4113	7201	1885	4024	872	9762	10289	3524	7321
1880	5228	7541	8407	8408	8409	10289	11484	11580	10626	5788	11782	11769	11770
5556	1624	7060	8254	8415	7684	7694	7544
4078	3173	6487
3346	5952	5841	5567	1348	6254	8120
3334	7541	9034	8417	11329
6463	1047	7299	298	1634	1327
2974	802	803	1234	1254	1442	4875	574	1663	836	797	4424	584	8237	4391	5176	5421	8131	9506	8779	7514	8602	9490	9745	9700	9284	9285	9852	9603	9733	10287	10014
920	3323	1234	5184	5834
978	1916	2760	9398
1140	5579	5983	6681	7697
4800	8207	8510	9100	6258	9947	7694	9730	9444	10236	10201	10238	7017	10798	11130	11132	11232	11568	10559
2837	8251	8778	8207	9857	6258	5291
1358	3397	4114	1675	2875	3376	3589	4702	4724
5009	2609	4104	6270	6864	11578	10307	10308	10767	11254	11688	5788	11686	770	9734	11762
94	1296	1408	6363	7585	9776	10760	6096
2628	5344	8487
1312	11544	6096	2609	7930	11578	10647	11768	10711	11474
4098	367	5226	5016	1464	5391	3164	9011	8249	10276	9260	7984	10287	10288	11399	11606	11484
4334	256	2085	365	1425
2421	2319	3123	7144
6408	7129	7317	8487	9955	10312	10369
2371	1457	5016	5395	5390	3063	6363	8778	9490	11525
6580	9064	3164	8207	6258	9854	11579	11580
2814	1211	3714	6494
6760	7060	8131	7514	8763
5318	1790	1788	1797	1800	1805	1806	1810	1813	3431	4022	7919	1693	7911	9546	1700	7510	11638	398	3225	3232	3240	5818	10503
6248	9054	9067	8408
6133	6333	194	11312
2040	2366	5581	1078	2213	2736	9490	4964	5579
817	6363	7514	978	7684	7683
5725	6445	6531	1118	4156	8274
5625	3398	3589	4730	3100	4647	6403	8449	8250	8599	6258
5352	289	1548	4604	4618	2374
1330	8188	9299	10337	2891	3797	6871
3568	4923	6485	8957	9092	5636	10371	10969	9154	11485	11601	11782
6174	7699	7822	2595	1803	4238
6917	935	5720	8417	8415	8102	7525	3681	5167	8763	7683	9858	9604	7629	5215	11185	7551	10395	11539
1786	3984	1979	9117	4518	1394	8529	8214	166	10083	10022	379	872	2931	11179	3223	3230	5817	365	683	6729	4590	6238	7170	7780
2834	7786	8207	8510	9100	9947	7694	10497	11378	11379	11522	11528	11329
1717	1638	3063	4260	5807	3932	8383	7694	10774	6998	10288	10976
5526	2823	3519	7689	5583	7688
2051	10626	5061
66	7552	9772	10287	11399
3029	6482	8415	9700	9772	9774	10760	10288	10182	11293	11579	11782
1120	8076	6048	8850	9448	10785
1692	7594	5445	9109	9218
4709	5228	1624	7796	8415	8449	8779	8385	9179	9067	8763	9490	9922	9730	9444	10234	9733	10995	11132	7683	7552	5834	10567
5752	4725	6343	8169	8199	8415	8102	9054	8602	9490	4459	6258	9603	7684	9776	5834	11185
5916	4593	4549	9908	8871	8070
1674	835	4260	4923	1249	5611	1624	7796	8132	8169	7864	8449	8779	8409	9037	8407	8679	8728	9947	7629	6774	9700	837	825	11690
6336	8250	8382	10236	5834
6831	3376	3589	4702	3516	5391	8131	8132	7514
3124	192	8755	7049	9109
1501	6433	8914	9850	6915	9629	5516
6018	1454	821	1020	5432	7577
1662	1025	2682	5722	9132
4669	1918	3457	3884	4029	2033	1849	4426	3515	4238	2846	4384	2873	3592	1624	9064	8189	9010	7694	8207	747	8510	9100
1561	1475	1556	2894	642	4192	5362	2373	8877	1055
1195	5834	9707	9406	10305	10306	10307	11602	8224	11742
3902	8417	8250	9490	1814	1809	7694	9444	10114	10238	5304	5780	5782	10271	6730	11232	11255	11539
1570	5228	8415	8449	2514	9100	9730	5834	11232	9154	10823	11399	11307	11540	11439	1827	6443
2879	1430	5516	2484	6224	3807	8736	6258	10287	10289	11485	11486	3671	11543	11606	6096	11484	11576	9962	10614	11329	11582	11613	9445	11398	3862	1885	8582	11702	1827	2051
4509	4724	4730	4702	3457	1624	7617	8382	9011	1047	10798	9243	10567	837	10793
7074	4623	4625	4624	9017	992	4485	4703	401
410	2913	5794	7957
5651	8253	4809	9730	9854
5767	1931	2809	9002	10016	1371	6050	7624
3784	4280	5418	5870	7453	9745	10626
924	2284	8832	9448	9494	3832	9195	6724
1530	1977	971	3887	4785	5132	5327	6724	7528	10163	10865	217	7728	10708	5425	262	1912	5427
1154	4985	11074
2867	7071	8251	8728	7585	9700	9772	10236	10798	7017	5834	11232	11280	11283	11523	11525	5635	11528	6096	11543	11544	11439	11741	11739
4695	8415	8382	7036	8385	8602	7514	9260	7585	9859	9285	9603	9604	9947	6258	5307	10236	9318	10271	10326	10823	5834	10798	11287	11294	11539
3912	8384	8408	8407
2330	6673	7816	8038	2860	3711
3757	6017	11145	11383	5486	6031
2691	2473	4835	133
380	892	2195	2211	8596
6993	4006	4035	5464	7148	3092	11228	10216	623
5429	1834	4270	7968	429
3502	6601	8834	8908	2759	4238	4930	9935	3242	8073	2963	6938	2828	4539	5703	6138	8111	1301	2972	2989	4545	6633	10704	367	1311	1957	2988	3390	3590	3597	6435	6631	6693	6962	2447	2984
1652	3397	7102	9037	8736	8189	7694	6258	9444
6411	2520	386	6177	6304	6568	6769	2238	5097	6815
623	5418	5366	130	2933	3762
1361	402	6963	2024
4686	5452	7897	5977	5552
7038	9557	7393
5959	10294	2579
1818	809	1788	2983	3015	3816	5895	7910	8236	9649	835	749	2982
3091	2387	792	9209
4072	7369	5977	6883	8105	11232	11002	11522	11523	9552	6096	11606	2573	1645	11490	11018	10811	11564	11782	11399	11766	11769	11776	11832	3474
3654	5837	2035	4264
3236	9340	9859	9947	6258	11185	10271	5635	11255	11539
6648	9690	2205	217	10797	8842	836	10169	10247	11029	11031	11030	11002	11521	11522	11530	11255	11528	11529	5635	11041	11581	11582	11540	11497	11254
1592	3323	5226	5229	1464	6484	9700
57	10287	2550	8721	10368
874	494	6187	3435
6449	3506	3998	4002	4042	1457	1464	5012	5013	5011	5228	5393	6343	7060	7514	9772	10969
4726	1697	2434	2467	3879
6957	6386	1134	6490	7353
3280	8408	9260	4503	11067	2214	2226	2262
1459	4923	5226	5228	5229	5230	3515	3516	3932	5709	6344	6484	7101	8169	7864	8415	8250	8408	3351	9490	8510	9772	9947	9444	10201	5834	10798	11232	7918	11773
3416	2331	3465	3217	3218	4114	3376	3589	4702	4725	4730	3516	2886	6419	607	606
624	9067	10169	9700	10234	11524	8681	11664
5093	6482	9853	7629	10234
4510	9940	6632
6213	6404	9077	11519	3467	6340	1860	1137	4098	7279	8472	10079	10080	481	1845	4460	6570	4763	7728	1312	9935	11331	83	8984	9024	5439	7974	960	8298
7044	4694	3007	2310	3205	1506	4939
7140	1507	3207	3999	8664	9508	9445
1383	1000	2378	2559	9189	2721	8382	685	6368	6630
4027	256	411	1168	5508	3753
5506	4584	2195	3884	4350	4923	5016	1249	1780	7060	6970	8763	9340
2686	8778	3164	9109	8249	9700	6258	9730	11	892	10287	10618	10798	10289	11292	11282	11487	11606	11613	2057	11156	10626
4932	6698	8712	9557	7136	9540
247	8415	9659	10169	7694	9730	9700	5307	6258	10955	11098	11511
5690	4035	2092	2093	2194	873	3193	4350	4255	4260	3932	8779	3164	8736	9279	9283	11744	1221	1825	11399
2715	8417	3164	8679	9174	4760	9183	6258	10169	9858	10371	11290	9154	10852
4426	6459	3368	3501	5976	7570	7830
1447	3376	3589	4724	5226	8449
5525	1231	6176	608	6175	9400	772	619	776	4116	6643	6649	6641
2503	8417	9260	7585	9100	9922	9659	9947	10169	7694	9251	9854	9857	8240	9776	10760	10798	11185	6864	11663
112	7129	9507	6712	9724	10368
5813	4389	10416	8711
1694	3381	8328	2759	5369
3431	1125	4172	6398	7349	11682	4947	5369	7154	8851
7131	4532	892	8796	9949
4864	8251	7514	9037	8598	8728	8409	8211	8249	3166	9705	9857	9659	7694	10014	10798	10201	11030
6420	4621	9002
3615	9508	10626	3592	11264	3640
4171	6018	1624	6486	7060	7796	8199	8383	8778	8779	8407	3164	9064	8189	9637	9100	10236	11002	11301	11515
2153	3217	4103	3398	3376	4702	2855	4260	5016	5395	5393	1624	7102	7035	10774	10976	10955	11632	11516	6445	1825
1914	4770	4847	2578	2397	1357	1386	6483	8132	2470	11580	1769	11579	6474	3240	8296	1914	8362	9752	7380	3322
6968	1259	2951	2953
1559	1747	5439	6678	5823	6674	11339	10480	2860	5399	9503	10053	10560	11343
27	4355	6694	112	4020	7064	6138	5573	6145	2551	6193	7063	2008	9808	6641	6055
3543	1091	1233	1239	7309	7171	9794	3720	9369	3501	299	3045	6692	4520	4521	4237	4848	11638	10626	11175	1784	10369	9740
1971	5717	5586
1113	4725	4923	5016	5226	5229	1464	3063	1624	8415	9033	9037	9286	9700	10234	9444	9518	3485
5665	1843	6404	320	5705	2151	6318	62	9054	282	3687	7125	460	1760
254	6225	4032	4647	5233	7071	8778	6977	6972	9330	9699	6618	10063	6825	1143	6824	8188	4387	6974	561	6468	11736	6979
2015	3579	4762	4848	9935	7529
6938	3465	3589	3193	1457	4923	5395	8131	8449	7101	7585	7683	7684	9856	6774	11292	6364	11529
5599	3724	7234	9564	10207	3613
372	3038	1880	2073	6125	9058
6345	3323	4933	6017	8254	9037	10115	10774	7022	1471	11399	11524
2897	6435	6443	310	5846
3105	2891	5258	8411	9717	182	6814	8829	9293
4857	1499	2402	4770	1196	3141	540	1482	1689	2449	3382	4455	846	1849	3810	4250	4724	3842	4367	1086	5246	2186	7917	2329	7733	7774	6617	3639	1860
391	9700	9947	7369	10182	7721	7832	11777	11791
6746	821	823	1860	3914	9926	2209	6957	2695	9905
6702	8388	3140	6194	6694	9109
5682	7474	8102	6989	9037	9260	6987	8763	9340	8211	3166	7694	9100	9730	9857	10774	10201	10618	10798	2012
6073	1442	1188	1674	1803	2923	3063	4702	2578	3506	2421	4129	2036	1191	3456	3457	1796	1646	341	3102	585
6232	9521	6052	6927
374	630	3630	8226	11333	9376
3	4293	3845
397	9054	9730	9700	9604	10774	10793
284	5230	7101	8132	7552	9064	9490	9100	9444	10798	11074
3167	7713	4204	2592	11681	3441	9658	9674	6995	6625	9209	8895	8861	2646	3845	4948	5020	6489	9211	11783
7059	4516	6188	2953	2985	8637	4091	3632	6424	6353	9310	4837	1046	1054	1082	3454	5369	5425	9106	11187	7915
100	596	5573	8514	10537	11040
5673	8779	9260	8728	9785	9730	6258	10618	8293
6853	5583	5865	4862	7688	1957
3724	1479	1481	4426
3728	6668	4976	1896	3817	5053	8465
4129	664	1180	1580	4201	8273	3744	2627	7356	3396	1656	6015	8317	1834	3749	7098	7100	8889	1178	1645	2859	1344	1372	1581	2377	3375	4982	4984	7197
3210	3245	5828	562	3395	1793	4238	7940
4179	6640	10068	10515	531	8148
5302	8102	8208	8978	9010	8189	7684	8977	7683	9044	7050	7918	8145	809	8038	6373	7248	7628	5	5839	533	3166	4214	1916	7434	8240	1258	9947	5399	531	2803	6774	10823	10449	10330	770	836	9612	1036
2620	4426	9771	142	3207
5999	4466	5404	3348	7926	8032	8033	4724
4903	802	822	6751	257	7354	2538	5021
2606	10340	3148
6620	4295	3063	4702	3457	5230	5016	3932	5709	6017	6344	6667	1624	7779	7441	8207	8736	9011	9109	836
947	2541	4284	4035	5976	1978	1984	4576	5516
2619	3386	884	1250	1261	3107	5066	5103	3103	3668	4748	5647	5697	5869	2121	5527	13
3140	2589	10027	10159	8155	337
2795	679	3457	1464	69	6485	7060	8132	3164
4380	1196	6077	8134	8131	8132	8251	7514	8602	8728
1821	3541	4161	8692	4395	7083	7534	7768	7885	2500	2283	2807	4397	4424	5532	5125	912	1624	5484
1788	7860	10169	9854	9712	9215
6069	4013	6003	4385	6737	7446	10368	892	9913	6927	6826	7824	8931	10314	2156	3213	10754	10742	11016
1865	412	5932	10690
2022	2996	4715	451	6972
375	1344	1348	6680	1624	7101	7779	8169	2873	11074	10913	11232
6184	1944	7035	8132	8385	8598
7063	8417	7036	5045	10234	11185
470	3466	3589	4191	2294	112	9947	9730	9706	9707	10823	10976	10618	11130
3323	5958	7490	7010	3567	3605
3022	2573	1233	1898	2013	3551	1313	6114	10265	1234	1221
4405	5980	247	3368	9562	9779	9691	1020	4054
1436	4461	4996	831	3113	7060	7361	6415	8169	6363	8415	8382	7371	9064	8197	9444	3428	9730	5515	10371	4704	6258	11196	10798	11002	11284	8870	10811	11439	11635	11496
6019	3589	4702	5390	6680	8254	10287
6417	8210	8675	9508	417
2517	947	2685
4099	1122	873	555	4224	5771	3103	5916	792	6633	6634	2084	4102	7637	1957	5917	6542	3961	3760	6098	1649
4306	8417	8415	9260	8407	7694	9100	9852	9856	10277	6258	3024	7369	3505	9319	837	11194	11529	10794	5072	11511	5008	11819
466	1070	2465	3820	1780	4253	4994	4684	424	4380	2173	2786	3299	3973	9735	9394	1201	2818	4691	5539	7578	8393	8410	10928	11212	7248	8583	2061
1106	5228	8250	4715	8211	9444	11523	11524	4104
311	4335	4515	8868	9522	6695	7367
5727	3925	9782	6677	9590
3977	6748	3945	5902	7009	4247	11422	5363	3431	10503	7295	3876	64	3625	11653	11699
6856	8777	6419	130	10286
2579	2058	2790	820	6957
2798	4815	7353	895	3725	7218	7226	8163	5947	4488	696	3119	4309	8365	5967	6810	3724	6511	1682	2578	3556	8026	3352	4347	5225	5631	6933	7466	1031	1315	2174	9331	851	2064	3584	9583	3568	5964	7067	1231	2282	3960	6544	6546
2071	5228	6485	7060	7541	8169	7071	8131	8779	9037	7585	8207	8409	8573	10169	6258	9604	9730	9518	10236	10759	5834	11606	11439
1391	8385	9010	9947	10289
684	10418	10492	3161	8013
1747	5273	9673	2139	2715	5332
6388	6488	7060	8131	8779
5834	180	5228	8254
7036	4121	5395	1624	8169	8254	8383	9179	7146	9260	5380	8208	7694	9922	9947	9100	6258	9444	10995
6361	1814	2206	8842	11500	5200	2453	7203
6970	1637	6017	3825	6484	4713	7060	5034	8417	9700	10600
1566	1779	6940	6694	8797
1167	45	1690	9276	10224	6646	3613	6694
4926	7880	6239
6227	8409	10169	10278	7330	7324	7321	9749	11702	11564	11566	11567
6857	4330	2578	8365	5787	6824	1122	9383	3106	5874	5876
2853	2770	1771	3176	4689	8606	3494
3696	2381	2439	3729	1624	7280	6366	7552	6810	512	7684	10352	118	10048
5961	235	9914	8051	212	4850	664	5483	10088	5041	823	2762	1434	5834	1860	9560	10571	4335	5599	10539	7417	6734	6737	11273	11087	11717
4070	9008	3250	8410	8411	3375	5193	6863	3157
6767	1283	3925	3926	3927	5378	8417
5099	4189	6988	378	2073	4465	4500	1220	5479	10508
109	1655	1654	3747	1649	1674	2401	1356	160	1729	3250	5933	6863	8411	1632	1671	3743	10016	823	2385	5571	5568	11149	7829	7591	6619	1335
6621	1852	5583
2489	4156	4690	1233	4786	6925	8185	4682	6342	3625	6888	8124	9417	4727	6725
4887	3970	10036	5284
1011	4480	6069	7736	6597	4899	5579
5533	3376	4702	6248	5226	5229	1464	3515	6077	5494	1624	947	7060	7951
3185	4035	4487	3288	4515	10969	11399	6771	9185
2017	3341	6919	7421	2943
5437	8415	8736	10201	9117	6258	11300
4152	3368	3501	8468	8606	7569
1476	258	1689	598	1974	2018	4785	820	1872	822	4314	444	5260	7501	7877	5245
3288	887	392	5230	5393	6482	8449	9584	8293	8787	3658	7022	6731	7018	10903	10918	10916
5646	8207	10798	11299	7094	11602	11601	11439
5841	6488	6645	4777	6363	4419	8383	8250	8251	6656	1543	9282	9856	9858	10234	9519	7369	7442	6751	11288	11287	4032	6096
6670	7442	5903	10760	10288	8681	11531	5917	10634	11156	11632	10811	10626	11744	11782	1827	11399	1825
2292	8417	8779	7585	7694	2996	6258	57	5783
2222	6550	3500	6415	2217	3183	6812	2844	6289
3845	6050	2907	4076	4592	3975	7864	11049	7694	9730	6258	9444	5834	11286	11765
1684	7603	1261	3103	3915	4091
2221	820	10104	3862	6957	8109	11102
2790	7548	876	1124	1481
1663	3376	3589	5226	3515	5611	6482	6488	8254	8778	7514	8779	8679	7064	9664	8207	8211	3166	10902	10976	11002	11135	11285	6364	11030	11528	11031	11530	11602	1825
6700	3884	1457	1230	5709	6486	7060	8199	7552	8189	9282	9700	10903	11285	11293
5585	792	1134	4465	3251	4282	6441
4328	7749	1184	8314	8362	1439	9745
6518	4252	3149	2374
5189	9317	5976	892	4957	5940	7570	7862	11008	3613	8886	1720	2554	10343	9240
798	11529	11041	11527	11582	11543	11550	11539	10647	9950	11579	4104	11580	2609	11254	3600	5631
3228	3375	4249	1984	8473	1632	9513	7470	6733	7567	7734	9910
529	8659	3242	8078	8826	8872	8874	178	187	8677	8861	11824	1098	8895	10503
4102	1271	4730	5226	5229	5709	6619	1747	8169	8598	4259
3617	6492	8211	8207	8208	7694	9100	7626	9947	10234	9444	10497	10238	10823	9318	5304	5780	5783	7022	8293	8787	10798	11130	10271	10169	10871	9336	2609	4104	11254	11601
6203	1078	1575	4534	6136	6190	7914	9158	5865	3336
3915	6329	1072	8849	1258	6326
4514	2732	9557	5976	1348	6125
6290	7161	4142	5537
230	10369	10418	1348
4293	8891	290	1052	1104	2687	2939	3110	3390	4426	5043	8861	8895	11619	2949	2972
4984	2007	655	6115
1681	1026	2411	4175	4645	4792	4794	1469	1897	3077	6157	6158	6224	3831	3832	3322	10839	4296	3428
2175	7569	5716	4683	9831	5636
2056	947	6188	6190	6214	8044	1771	3071	6381	5915	9109	7764	1407	2219	7561	7581	1405	1415
5127	4730	1849	6435	10756
2634	2644	9995
4991	1834	2152	2156	7060	7860	8778	9034	1543	9340	3166	9444	9100	9730	10618	10976	11117	7918	2609
1360	1624	7541	8169	8254	1822	8778	10236
6971	4345	10194	3368	1633	10544	1020	6764	11065	2156	7270	5997	3501	1941	3744	3746	3748	4025	5380
7088	1974	5810	212	9150
714	6750	6751	4032	8551	9621	7803
4314	1882	4788	4402	2953	1034	6354	1206	6415	6461	7182	257	2384
4379	5226	3516	8941	8415	9037	8409	8763	10976	10823	10902	9243	3367	11285	2672	10569	11499	11600	10446
603	1456	6077	6680	1624	6488	7796	1836	8383	7552	7551	8580	9260	8208	7694	8510	6258	9775	10520
2191	608	6378	1477	7312
6212	7777	10319	10435	6435
1317	4899	6483	876	1020
5004	4293	179
4413	1899	1825	4730	6363	9785
1795	8417	8251	8197
202	5304	7022	5780	11130	5911	7580	11196	7721	11098	11031	11379	10169	11029	11291	11030	11378	10913	10916	11307	10918	10914	10912	10915	10917	10911	11415	11329	11578	4104	2609	5788	11740	11741
6387	5422	1022	3656	3851	4940	10244	9438	9294	11187	2959	1952	8269
2377	5636	412	3314	9158
2024	7231	2377	672	1941
5427	3274	8207	8208	9947	10236	10449	1870
6235	1159	3589	3351	5393	8103	8449	8602
3545	1716	9744	5860	2298	7876	9210	9294	5162	8473	1258	5837
4151	3071	2770	8621
2490	4952	621	1638	9552	130	2453
1838	8169	6363	8254	9260	8409	9037	9705	9100	9775	9700	7629	9444	9773	5834	11232	10911	10916	11307	11483	11601	2573	11600
159	4229	2430	7462	2139	7906	1729	1143	561	1112	2231	3453	2248	1740	6467	7317	3952	4490	1120	5397	6869	7417
1060	10372	11452	512	295	598	1056	3539	9197	11569	833	5504	2894	958	1110	5761
5683	288	372	2319	8210	1005	6653	7712
6966	3613	8489	7376
1889	5226	5228	5391	5709	7060	8169	8383
5614	1233	6064	10449	804
4518	4933	4923	9700	6826	8931	3658	10976	11767
2164	3592	1624	8103	7796	8132	7071	8449	8382	8779	9947	10798	11185	9690	10969	11613	11156	11736	11399
3632	7060	6363	9584	3368	6547	5792	4876	9695	9663	3164	9637	9859	9444	531	2554	4238	10823	11074	4340	11293	11775	10152
4087	505	10219	10218	10220	510
5205	10271	9056	6731	5304	9319	9446	11098	6730	10969	11030	11196	11029	11288	7551	837	10247	11031	11527	10169	11526	10914	10600	10912	11308	11307	11483	10916	10911	10917	11378	11379	10913	10919	10915	10918	11606	6096	1864	11156	11578	11515
7039	4702	4730	3193	2855	4923	1457	5226	5229
5165	4181	1621	1120	3987	2390	5213	1205	7702	4254	1129	5651	885	4626	5743	9175	5592	6725	516	7769	7159	5518	7312	8987	1850	9973	3343
3450	6751	5515	1827	2786	7412	1161	1163	4326	5933	873	3375	2860	5	5810	4594	7551	7552	2904	7660	2205	8435	3896	1252	2880	6745	5531	9747	10271	7943
207	3751	1513	6189	8392	7946	2299	6137
5080	1434	615	786	3613	625	664	8099	3375	4191
6603	6402	8131	8415	6258	9947	11399
5326	4277	883	2902	1533
379	1676	1725	2313	1263	4802	1104	5383	5480	4445	148	1624	2475	6048	1682	7779	8415	8417	7101	9657	7684	9659	9700	8767	1916	10955	6450	10891	10797	409	7551	8003	11566	11565	11564
4367	877	1109	2377	4267
490	1593	687	4505	5921	5017	8774	859	1957	2687	6276	6389	6497	7157
6892	3493	856	2085	3513	5217
3569	3407	5724	4389	69
5468	3812	1407	9296	4782	9249	10133	5645	10937	7800	8611	10688
4624	6485	8131	8599	10759	7721	11288
748	5226	5229	5367	3164	10236
6068	6258	6862	3514	4962	7683	8391	4339	4844	4042	4337	5977	7862	9507
657	7552	8251	8385	8728	1543	9947	6404	10449	11283	10913
5015	4361	4365	6540	4475
3866	1849	7869	7866	2309	2387
587	10300	5976	1252	5979
6641	219	6781	5430	5464	7145	4965
4196	1336	2946	7209	3613	6188	2509	5122
3125	5976	4035	4091	7813	9760
4645	837	8500	1465	1456	9101	4810	4426	10732	7693	3613	3987	8861	2222
1949	10086	266	1622	1347	9924	5623	11187	11349	3418	5432	11625
3869	909	4739	4138
3360	5709	860	1624	7101
6589	6825	9180	2770
2833	996	1482	1481	4264
6940	338	3833	7123	994	3613	4293	741	3015
956	7514	8763	8207	9659	10169	5294	7629	6258	9519	10236	10618	11185	10798	5834	7918
3464	3721	5031	2344
7119	7295	9109	3939	3223	3228	3236	3241	3441	5649	5677	5812	5818	7581	9352
876	5372	4400	6039	804
4959	10182	5635	11194	11524	11528	11525	11526	11522	11529	11255	11527	11521	11530	11539	11543	11601	11581	11582	11254	11540
3373	3895	3897	5029	1201	658	814	4292	5380	5579	5494	792	1632	3215	3896
4908	7183	8080	8833	979	1912	2014	7265	7295	7639
5141	10633	10976	5834	11185	11232	9747	10169	6096	11600	11568	11702	11516	10647	11472	6438	11501
6029	8638	3613	6172	4647	5010	8215	3063	6862	7705	8391	9741
1551	8012	9504	7201	10436	4582	5475	4166	45
199	8189	7683	8900	9279	9100	7694	6258	2783	10645	5834	10683	11544	11550	11582	11436	11822	7781
5879	5168	4645	8341
2891	9952	10369	10367	5710	6239	11084	7984	10418	130
4585	3987	245	7765	7933
2304	3666	1600	1179	7562
6555	5395	5228	1624	6486	8199	8602	8409	9490	9664	9011	8208	7683	8510	9100	9856	9947	10637	10639	6258	10497	10618	10976	10823	10798	8787	9319	11293
1794	9629	830	3355	3389	884
6017	2474	7691	9556	205	5538
5641	7060	6363	8254	8383	7036	8253	8778	896	7585	8573	9010	7694	8207	9659	6258	10169	9604	9947	9603	9774	10236	10760	9733	10238	10014	10201	5304	11185	10798	5834	10567	7918	6096	11602	11580	11600	2823	11270	11515	11136
4672	4350	4933	9033	3164	8207	8763	9100	9700
751	8382	8385	8779	8763	9490	10113	10114	9733	10271	4151	10798	10449	11098	11185	6410	11194	11526	11539	7918	2609	11401	11511	11580	11516	9734	11777	11773
5108	2258	337	26
6246	6240	11416	5418	118
5922	1729	1844	2258	2259	4302	4770	3406	808	1625	3403	4375	1934	5043
4299	2388	2344	3819	5040	1058
3008	4539	5814	3499	4781	9195	512	1310	2932	4032	4224	9708
78	4331	3898	6684	9233
4388	2540	3200	5399	7265	7604	6914
745	1125	1257	4459	1479	4400	1128
4101	6151	4969	5223	8655
3637	715	4296	5380
4282	8679	8779	9260	9603
5539	7904	3627	8071	1394
2382	1457	5229	5709	8169	8132	9664	9100	10798
6675	6863	11200	11023	10368	11005	4756
3938	6483	7060	8254	8385	7514	9037	8679	7585	9100	10798	11539	11550	11771	11769
5794	6721	3493	8235	9109	6240	498	9112	9121	9753
3559	7976	9492	1860	8755	10143	11698
6678	5814	7277	7676	7729
5243	9717	9071	2844	2986
880	7824	10626	7974	9113	7559	7976	8487	8811
1666	878	6312	3974	3992	5106	4395	5461	3831	3834	7813	3120	6042	6734	7512	8650	212	2171	7888	7083
2408	8415	5342	9659	6258	9730	9444	9776	10760	10798	10247	11232
7092	4776	1025	4618	1624	7796	7541	8132	7864	8449	7036	8254	8253	8415	8763	9705	9785	9859	7694	6258	9730	10234	10567	6096	11640	1361
5347	7271	6291	6456	5865	7056
6775	1457	5016	1464	5391	7541	8253	8385
3461	10289	11399	11613
1347	4097	4060	7688
706	893	168	1125	2354	4405	4406	4554	4752	4900	6029	6034	8943
549	602	612	607	6603
5597	4933	4923	5226	5229	1464	1847	3515	3516	1624	7101	8131	8449	7071	8415	3164	7585	2946	8728	9260	4095	8208	8249	7694	7683	9700	10169	9773	9776	5291	10236	10759	10976	11098
3470	1482	8038	10570	7106	8248	10181	2965	2950	2972
1863	6660	3096	3760
2103	5230	5229	5976	8254	7864	8415	8779	9034	9037	7585	9746	8510	9947	9859	10169	9444	9733	10201	10798	11399	11606	11578	10626	11744
1056	5009	8605	6184	7029	792	873	9745	9746	10368	10626	10730	8771	3613	8582	9138	10898	3428	9020	1063	6626	10116	7321	7447	8658	5883	7019	11613	4204	3593	6802	3637	7370	9693	401	909	6389	8334	9362	11722	1638
2326	2854	5228	1146	1624	8604	8206	9279	6022
1811	1567	2517	3465	3721	3517	3064	4702	4255	4260	5228	5016	3515	5395	6018	770	10968
3090	4702	1624	8103	7864	7036	7684	7694	6258	8767	10236	10201	5047	11091	10798	5834	11232	572	1349	11578	2609	6864	9196	11702	10615	11709
2385	8410	10097	5883	1233	10396
1328	1068	1325	4032	5978	6012	6014	6239	8051	11447
5096	8417	3164	7514	1339	9010	9490	8211	8510	3658	8271	10182
4250	2313	5229	5391	80	733	1624	7060	8602	8408	9040	11529	1481	11399	10106	11678	10944
2792	1551	8411	1276	1845	2286	3493	8862	8900
5147	6863	802	7550	799	801	3388
6729	2520	2503	873	877	3351	6044	9037	792	8082	3096
6644	5228	7060	8169	8131	6363	8449	7071	8408	9037	7585	9785	7683	11289
3417	8662	1772	1479	1489	9294	10551
3748	6552	2815	8896	6724
4752	5069	5910	6898
4690	2204	3637	5408	5626	4629	9109
5768	9114	8068	9101	9548
3252	6957	8861	1157	9597	6831	9741	10549
6473	3012	1457	5393	8207	9100	6258	9730	9922
6658	10883	8309	6826	9418	9492	362	8345
4480	7683	6774	5834	11299	11287	11135
1386	6485	7796	4091	9490
2426	1373	1372	4621
5304	9754	166	11522	5350	5917	11511	2573	3568	3976	9041	1188	4310	8162	912	1754	3666	10591	5022	2018	11516	2244	3845	5553	11518	11701	9517
1851	2545	5363	3305
4315	6343	1624	7060	8407
2758	4859	3824	7255	690	7321	6804
4534	3456	3457	4923	5226	5230	5393	6343	1624	6484	6483	7779	7541	8415	8449	8211	8510	6258	9444	10902	10567	5834	825	10600
464	3376	3589	3457	5228	5016	5390	5709	1879	7779
3865	4656	9955	4717
2321	3577	3030	4032	8253	2016	3015	2408	3029	11824	3451
4965	9547	2647
1671	5016	6680	1624	7071	8778	5322	7609	9854	9604	10638	11525
2646	10201	10287	10289	10182	10798	8209	2773	10969	10169	11029	11232	11485	11487	7534	1684	11156	6283	11740	11399
4094	3166	4081	4212	2203	2801	2802	5038
2963	1818	3113	1715	3953	7354	2550	10368	3108	10367
1135	7201	1230	1240	7415	9701	10980
618	6077	6485	7060	7541	8132	8254	8382	7514	9037	8249	9280	10278	8250	6258	10234	10371	7918	11600	10555	11558	11602
6517	2753	2996	130	10191
6798	10700	8487	4035	4042	5445	6002
5200	10247	11002	11030	11031	10600	11308	11448	10915	11483	10794	10797	11307	10793	11528	11529	11255	11530	11523	11194	11522	11521	11399	11481	11544	11543	11582	11581	2609	4104	11579	2573	11600	11601	11516	11439	5788
3407	411	4982	1595	695	2011	3428	7755	5070	6446	6952
6231	4305	4459	4795	5109	4656	1624	4660	8132	8679	8208	7684	7694	9773	7721	9154	11194	11399
6006	5228	6485	8382	8779	7694	7569	9947	11524
3791	4702	4724	1085	1903	4350	4260	4948	1457	5229	5016	5391	5395	3932	5906	307	7503	7060	7860	8253	9034	8510	9947	10976	783
566	7824	4042	5178	9745	226	10748	10774	10775	7631	11399	11606	11487	11633	11713	11684	6239
4238	7572	8736	7694	9100	6258	4401	9243	5834	11232	3084	11002	11788
2247	2738	1194	3211	8248	9821
6026	4933	4923	5016	5391	1624	7541	7860
4922	7403	10937	572
858	3376	3589	1569	5226	5230	5395	2024	6077	6344	1624	7541	8383	7864	8251	8382	7619	8207	9730	9100	3143	11528	11529
923	3322	3063	8677	2894
2208	994	996	1017	1019	750	4232	179	979	4372	9529	8116	4293	977	9931
318	4035	2091	4068	6522	6310	7730	7768	767	5976	10730
4360	6697	9822	7507	912	10851
3032	2242	6838	4280	9430	4177	4825	11062	9999	5508	11364	1361	11598	1667	6342	4032
2214	3593	8043	2722	165	1069	2498	7099	7767	10005	10042	10868	1502	2834	3008
6086	4218	8796	6404	6674	8855
2438	350	500	2085	3792
3883	1521	5654	6342	7723	84
6490	4923	5226	1464	5391	5228	5393	1624	8131	7796	8253	8382	9033	9260	9490	8207	3368	8208	6258	7694	9858	9856	10169	7629	5307	10271	5291	7693	10014	9243	10798	11185	5834	10913	10919	6096	11490	10811	4280	11780	11515	11136	11819	10446
6735	10655	284	6355	43	5323	6887	11361	221	222	380	10544
3718	8417	8385	8598	9260	9011	8211	8249	6258	10169	9858	9712	10371	9733	10014	10288	11041	6096	11606	11399
3619	9215	4426	7089
3100	10924	10368	11389	8112
4811	3776	3884	1598	1464	3939	4773	897	894	1822	429	43	1888	9733
5421	6680	5296	226	6363	8199	8384	8383	8254	8253	6258	9100
2578	4053	248	2621	6287
269	3515	10288
4392	2279	2286	4035	931	1496	1886	806	4705	6000	1681	8590	2073	9132
3001	6483	7541	8169	7796	8131	8132	8383	8250	8778	8763	8189	9183	9922	10169	10277	9772	7629	9518	10236	10238	10271	10638	10798	9243	9747	10919	11558	11399
3298	1837	1365	896	6777
4571	5391	7060	7860	8199	8383	8417	8778	7514	1543
4825	2997	1307	2478	4671	4078	8669	5465	1157
389	7193	3313	6888	8286	3080	5689
5891	7060	8169	3164	9037	9011	8207	7684	9659	6258	7758	9855	9856	8961	10234	9519	9700	10117	10271	8787	10798	9747	10915	11544	7918	11558	11270	11819	2270
5088	8189	9445	9340	8249	7694	9775	987	7965	8866	766	6679	2192	10774	10288	295	10748	4088	5834	10289	11292	11002	11301	11399	11234	11084	11156	10626
2750	4358	3712	4384	5863	7234	7725	400	8722	9770	11625	4250
5927	9974	1960	4456	1500	10368	5976	10367	1643	1640	5006
6354	7585	9705	8207	8208	8211	9282	6745	9859	9508	10169	4035	7301	9507	9100	9691	3994	4532	5178	7049	6258	9947	9730	9444	5977	10201	10633	11185	5781	11584	11553	11613
4403	2048	2050	4181	4702	1575	6248	2855	1423	5226	5016	1624
5328	3015	7560	9109	9631	7846
4654	4035	3932	3868	3097	7036	8305	8408	7442	9134	6780
6138	728	729	1632	1653	2286	2349
6733	5401	2051	4276	5039	6014	5369	10810
305	5100	11133	3212	3609	7810	9104
1736	622	10658
3132	1112	1573	4174	3500	6240
5123	10690	10871	8600	412	226	540	9539
3239	3769	5116	5130	6102	8785	1540	8640	1393	1960	2536	2637	7672
6521	3250	8493	9687	7781	8616	4991	8497	7203	8959	4218	1258	5120	8952	6685	6689	10017	6326	10023	4542	8738	5153	698	8506	8607	531	5399	4317	10128	10843	7061	4765	8688	10046	7502	9377	1230	3950	10604
3792	3323	4350	4923	5230	8407	9490	7684	8207	6258	9730	9857	10115	10976	11194	11524	2573
2387	9081	3155	3418	5683	8913	2579
742	8254	8680	6258	9922	9100	9700	9730	7629	9444	7694	10236	10201	10759	9398	10798	5834	11232	10169	10247	10600	11307	11255	11308	11530	11521	11531
2025	5016	5230	1464	8408	4064	7683	11196	892	4042	4187	7813	10418	10369	11270	10753
6342	4347	5011	5012	5013
4161	8131	8254	8449	7036	8407	6258	9776
1719	4164	1626	2362
5747	2113	4805	4127	1529	5500	4549
846	4063	4398	688	877
6661	10610	5964	10849	492	7907	10422	10702
5297	5976	8569	5341	1012	10368
4234	8622	4953	4954	409	7798	5788	414	11720	3372	9367	8896	5851	10141	5455	3441	3342
6542	93	592	8418	1381	24	25	10646	7732
3296	724	852	2333	9779	9783	1886	9482	6851	3046
5132	5412	7569	10366	7813	10008
5251	1457	5395	8384	8778	9100	11074	11530	11690
5640	1624	7060	7552	8169	8382	8449	7514	3164	9260	9490	5834
4745	10271	10786	11749	11536	5170	11742	11711
2281	2286	1945	9312	8234
739	8417	8253	8677	9011	8728	9700	9852	10117	9733	3658	10182	7774	6275	10567	11232	4486	11298	11529
3293	2	1165	1167	5641	5646	5649	5652	5671	5683	2869	10307	4166	256	1170	2229	2496	5454
4869	3466	3589	4347	1457	8199	6507	11185	7551	6096	1827	10446
2028	4255	4923	5228	5230	5229	1249	5393	6018	8349	3514	7514	8736	3164	9858	1123	10238	6633	8605
2268	9566	2047
784	4000	7173	1425	892	5978
211	991	1506	4042	9001	9149	2623	4174	4938	5389	8343	9126	8308	9448
5851	889	3369	798	843	1241	1629	2100	2102	2204	4123	5326	6328	6969	7304	9424	9473	3947
2743	4702	6248	1939	5016	3932	6077	3915	8132	7071	8599	9260	9284	10169	7683	9773
727	4920	8603	9664	9705	9922	11606
6431	8371	10261	3396	5851
3789	2153	2042	5412	1258	1111	2447
6193	2122	1543	6325	1712	6364	11481	11264	11254	11270	11540	11702	11515
1892	6482	7796	9584	9709	1902	9603	10234	5291	10760	5834	11185	11232
4784	4930	5773	9071	9139
5624	8440	10626	892	7988
6605	8417	3164	9659	9854	10234
2482	8169	7796	8254	6488	8449	9773
4572	4091	7056	5764	8511	8812
6457	883	6482	6486	11564	11720	5788
3567	5946	9507	412	2323	9508
5862	5230	1624	7779	7035	7860	8251
2278	208	511	7538	1978	1984	8111	9114	1638
2515	265	487	1271	1273	2518	5016	585	8449	7	6258	1230	4121	5834	1860	11232	825	2573
1129	5230	5229	5016	5395	1624	7101	7060	7779	8131	8132	8254	8251	8778	7514	8385	8679	9260	8763	9037	8207	8208	8211	9281	6258	9922	10169	9856	9603	7629	9776	10236	10014	8767	3658	11185	836	10247	11283	11522	11601	11602	11664
6780	8489	9114	8127
1477	5980	4268	5637	9851	5865	6193
2253	4933	4923	5391	5395	7060	8408	9260	8728	9775	9700	7442	10760	650	4601
6628	2298	878	3269	1763	2895	2033	2142	2373	1268	1271	1528	2055	3884	4241	5312	5094
4632	4227	2728	7527	3213
2480	5548	1578	1579	9099
5607	1749	3771	3057	4977	7195	5613	3048
432	8415	7071	8382	8250	8409	8679	9034	9260	9010	7694	8510	9947	9700	10234	9733	6258	10798	5782	11280	11281	11285	11232	9612	11486
1934	7417	8808	9507	10626	10702	10884	11365	4035
2605	3991	4068	4070	5999	5976	5404	7301	9746
6503	4042	7974	8112
2504	6239	11279	6738	6739	8675	8903	10370	10718	10852	11346	3223	3239
6329	1454	5810	1261	7298	4574	10692
5821	5677	6907	557	11224
4664	5908	9745	2191	8370	6125
5755	112	7077	9507
5675	6343	7060	8132	8415	7514	8407	8409
6442	5016	6343	1624	7541	8169	9490	8763	9100	6258	9690	11640	11511	11600
6009	16	1691	2310	3774	9550
5968	4648	3884	3457	1457	5229	5016	1249	5230	5852	3464	10542	3960	6077	6488	12	7242	3164	8603	2626	3256	1971	2600	826	10234	1500	10289	11232
4743	9262	2219	2872	8245
4006	3592	9965
3833	1849	4825	5027	187	6267	8823	270	1829	7920	10810
3089	4774	3222	1768	6985
5164	823	1860	8930
521	1624	7541	8253	9947	9603	10234
990	4702	1464	7585	8505	9853	9603	5291	9733	9243	2555	10793
4356	892	7074	10312	10850	1286	1282	6739
1257	5577	3930	7435	7990
6703	3064	3589	4724	4730	3456	3457	4923	5226	5230	5016	3515	8169	6363	7552	8449	8382	9037	8211	7683	9947	10169	10117	10014	10326	11232	11740	11788
2707	10481	2499
1344	5217	7961	3940	2083	2279	5923	6786	2687
5816	7354	10492	6739
3050	4459	5573	6190	538	1224	2526	3435	9760	1240	1268	1922	3131	6957	3395	6775	7019	7022	7086	9337	10464
1178	2362	3307	4248	790	1177	3616	6205
998	5273	6680	7060	7796	6363	8384	3164	9037	1904	9100	10014
786	8415	8382	8779	8409	8408	9011	8211	7694	9854	9773	10976	10169	11606
3985	3873	7796	8415	9011	8208	8207	8211	8510	6258	9100	9855	9852
672	6171	7649	812	10910	11224	3521	1435	6341	7639	7647	3543
7105	3063	5410	7417	8067	4790	5991	10962	7857
1072	6014	3881	4426	5267
4201	5589	5033	4938	9242	7452	5509	5115	8586	608	9273	7106	6468	9161	7805	1125	6298	136
799	9453	3437	6072	7913	3863	2216	6265	11416
514	7721	11196	11232	11483	10600	11307	11308	10911	10913	10918	10915	10916	10919	11524	11194	11528	11529	11255	11539	11544	11550	11582	11543	11581	11578	11540	11791
3689	1257	1125	1479	1129
729	4621	9174	1482	4617	1240	9871	10366	3711	858	5137	9111	1039	4293	4956
730	5339	8885	8908	8351	8878	5575	9686
4986	6896	4132	2555	6233	8682	1120
4911	4899	4080	1664	4794	791	685	11133
1403	7210	9154
2336	7014	3579	4076	6294	9296
859	288	289
2818	3166	4003	9506	10634
3816	2576	6187	6189	1984	996	8404	7458	1137	2411	4605	591
3158	8080	9521	10353	10370	153	4540	720	5814	6815
1307	9109	4945	6390	4438	4935	9547	10852	4238	1345	3883	5219	8895	142	3375	10227
2596	736	1062	4899	6806	6969	1054	7879	2692	6544	10168	9434	5019	7752	5507	5805	2472	8334	9061
5036	4035	7354	168	1939	4492	8596	5976	7014	7907
3150	9508	9763	8487	4174
5256	1916	985	618	3687	5602	10231	3249
3614	11366	1860	3161	9117
2356	7573	4116	8615	9736	5584	10906
6208	1533	1023	7514	8679	9037	8763	9340	7684	10234	7770	7867	9444	7369	10271	7022	11098	11002	11196	11232	6364	6096	1924	10589	11601	1020	2573	11702	7363	9252
6197	1692	2687	5046	5412	6497	8298	460	1408	5413
205	5489	5490
3396	1624	7779	8415	9260
1557	2631	3971	823	4376	8736	5764	9603	9712	7557
5192	5644	9380	7893	486	8334	11458
900	6727	10828	6468
5460	1726	3433	3467	7569	8519	4572	5991	9109	3356	6751	2357	7142	7509	10006	9448	5131	3972	7548	9065	9067	8181	1066	6859	7676	10696	5096	11418	512	2284	9850	10038	10537	11261	11385
3877	4014	5176	7742	1957	4044	4391	7049	7354	8207	8209	8210	8208	6738	3368
6429	5834	10798	4827	11098	11196	11395	5626	8983	8358	2167	11232	8286	8963	7483	2357	8676	9089	8296	2671	1932	6495	8088	11613	11270	4104	10168	11540	10132	11744	5776	7471	11675	11079
2313	1074	7839
2849	1915	8062	2287	8736	315	720	4266	10135
938	1258	3930	7164	9294	7005	3380	10140	991	3120	5849	2481	11088	8092	1583	6675	7710
5469	5512	9109	7203	6900	8803	5354	7587	11404
1094	5016	5391	5395	9064	8207	8208	8736
148	823	1720	7401	5619	6754	402	365	5420	1481	5775	3157	3981
2929	3323	3457	4260	4255	1636	5016	5230	1624	8409	1506	1543	9011	9663	3166	8189	9286	7694	10234
5521	9377	10038
5325	892	5664	5976	5978	8881	9206	10314	10690	10738	5128	7570
195	1603	1563	4106	2374	2390	9326	9994
3839	7060	7796	3166	9730
5900	5977	2896	7354
2638	5456	8105	9109	9507	8325	7845	2229
5383	593	672	4072	5307
1188	8352	7559	7974	8755	9506	892	63
486	1054	1082	2453	2881	4421	5470	9864	8844	2578	9182	10271	10475	8130	7081	8340	1335	1681	5559	7380	5705	961	5290	10457	10455	10082	10822	4032	6751	10037	4152	1979	1984
5861	3094	7359	5290	931	7020
31	5974	6363	7173	7354	8485	9109	9744	9794	9745	10289	11128	5834	10806	10774	11744	11782
2809	4280	5933	7056	7781	8616	4743	8285	6790	8288
2267	5226	1624	1543
756	399	792	2213	2447	5067	7813
3094	8087	8826	5852	3252	8817	1851
6121	7569	8348	11223
1008	9947	6258	10236	10238	10976	10759	11130	5304	11131	5834	11232	8681	10600	11307	11308	10916	10918	11002	10797	10915	11581
3179	3980	6215	3725
2567	1624	7060	7796	8383	9730	11448	11528	5788
14	1841	5195	2419	555	4781	4319	1188	1442	1268	968	3038	3557	1813
1625	1199	5369	7803	9791	1084	8851	9754
2924	3552	1122
2505	8131	8132	9037	8767	11098	11135	11525	11583	11523	11531	2573	11270	11600	6446	11773	11777	11136
2621	856	1375	3493
3911	6662	10234	10798
2705	6625	7108	7295	118	136	2025	2028	3469	4426	5707	5818	6008	6113	8252	9850	10813	10785	10038	10568	4524	5685	9405	10789	3686
1182	5670	8088	8133
969	4105	1086	3268	4933	5016	5391	5393	5390	2318	7796	8384	11486	11525	11528	11606	2056
1039	4075	7440	890	5851
3176	1751	1699	1703	3118	6314
4143	2804	5187	2411	2550	6276	2019	3020	7278	7292	6114	7551	10567	4912	1828	2025	2313	2625	3382	7576	8460	9232	11018	5412	1169	3417	3419	4605
5030	476	5199	10214	8260	9901	6825	8452	6754	7561	3551	1926	3131	11196	7063	9735	365	9037	584	11270	11602	6069	7089	11542	11540	6381	11501	6445
1661	9583	9895	1226	2540	9314	9713	898	4347	7330	6618	6778	10262
2464	5016	8254	3164	6729	5783
5263	7354	1277	5372	6931	7135	7794	613	3908
1817	306	1864	3639	1105	1933	7265	1609	8829	10368
2514	5369	6838	7846	9825
1766	7598	4926	496	1100	10395
764	8417	9100	9700	8723	11288
1101	623	620	785	5976	6310	9037	9340	8541
2455	6821	9354	3336	413	967
1321	3096	633	630	4604	6901	3666	10236
5133	4724	9490	8208	9444	10633	3658	8681	11568	6096
2276	6995	5939	8234	9531	9573	4018	5074	371	3589	5227	5716	7248	9886	9218	6469
5669	6650	10887	1062	1348	5427	5457	5658	10132	11418	11569	7248	3160	7154	8069	8857
4607	6786	8487	11037
5639	8417	8778	9037	3164	8249	9340	8211	9730	9947	9854	10236	11632
569	5409	6017	1624
4680	1869	5729	6381	7438	7273
4646	1249	5611	6343	7796	8254	8449	8382	8409	10169	11002
5064	4582	7203	9372	4463
6828	1098	6133	4379	6102	6605	8849	1860	3447	8868	1073
1945	4654	3166	7779	9100	6258	9947	9730	9444	10497	10639	10201	10798	11232	5635	11255	11329	738	7435	11709	10616
1924	348	3753	5997
4338	6239	9508	9489	9413	859	208
6389	3323	5016	7060	2491	7616	8384	8779	8407	8409	8728	850	3166	9856	9774	835	5834	3658	6096	11540	4280
771	6932	5436	10758	9756
6739	1098	7973	8837
2593	6902	5103	623	2377	7615	2366	624	1415
5929	2320	2374	4612	7052	2512
3322	4702	4730	11419	3064	3516	4035	10288	11484	11782	11399	11136
6533	5004	5184	6172	8641	3675	7321	10312
5214	6389	2052	2178	6239	2963	3987	10418
1016	153	6846	6627	6724	2576
387	2513	10783	10833	10951	11518	10235
3969	596	7891	1344	9872	3368	4202	4762	8616	6805	10343	8435
6391	1007	1860	9325
5680	805	8684	5644	7750
6061	1457	1464	5012	5013	5011	9947	7283	9430
1290	4792	5359	6486	2301	9154	5358	1860	8479
2392	583	3159
1128	359	10774	9850
5272	2309	8254	8449	8385	9010	8763	9490	9282	9700	6258	9603	9733	5781	10182	11232	10794	10793
6151	4473	4035	5062	6000	4283	4042	10314	6239	892
2364	3612	6190	1542	9664	6192	6189	6643	494	9792	10733	7268	6814	4195	9754	1135	9851
2054	5930	8915	8701
1908	256	2976	2996	7516
1198	4651	1207	1632	528	1166
3215	5229	5016	5393	6482	5895	10339
6556	2326	8654	1378	2781	2876	5760	6489	8139	10283	305	4674	659	1304
5613	5917	8605	4091	4474	1871	8126	1906	4674	2464	4604	5056	3462	4599	6857	2516	3058	7639	4719	3894	5118	4194	9278	3326	5215	6809	5659	1761	8129	6485	6480	8550	2328	7418	1692	2661
3726	1484	2984	1297	5362	2280
1685	6610	1479	5418	1984	1568	4244	2372	3832	5067	4426	4020	7788	7972	4619	5022	10178	10662	2520	11104
3404	2864	1528	3589	2195	4035	4010	4702	4260	4251	5228	5016	5013	5011	5012	5014	1871	8383	8417	8407	7563	8189	2076	10955	6258	883
1132	2267	977	1004	1860	8437	10108	10590
2070	8417	8254	8382	8779	9037	3605	9730	9947	9100	9444	10201	9318	10798	7017	9243	6364	11448	825	10913	11583
2609	1976	2980	2545	1974	7501	792	1860	328	3059
5586	7443	892	6738	478	3003
1047	1389	1391	1394	9035	8411
1510	589	2520	2511	2813	1381	2503	1380	2496	4509	6134	365	581	1925	462	5794	4503	91	96	6154	2706	420	93	2875	87	6235	9359	4686	3296	11264	95	396	714	2874
6615	4350	5395	3303	8131	877	9340	10169
829	997	2858	5820	6469	6875	1410	1344	5310
6055	1636	5655	2828	3126	6115	7297
2576	3833	5519	4900	2579	6074	6276	5528	6479	8452	9212	6957	589	2310	4887	5703	1044	2520
5055	1301	806	7679	5839
1471	7860	1506	8612	2491	6268	9448
6704	5127	632	6625	540	9013
4043	7694	9947	10169	10236	10014	836
3919	384	6512	397	11240
1725	5230	2611	2610	5228	7060	6363	8254	8449	8385	8779	8677	1543	8407	8763	10236
5303	892	11264	7435	9372	11613
1462	8415	8382	3164	7585	9183	8207	8208	8211	226	9700	9730	9774	10236	10759	7154	9243	10798	10827	540	622	4280
2902	790	4426	5162	7617	11568
4976	2447	2908	8080	1475	9537	9117	9517	9391
5989	8778	7602	9037	9490	9785	9283	9853
1335	719	4923	3516	6343	1624	5367	6138	6483	7796	8131	8132	8253	896	9037	8679	7552	9034	8449	9260	8728	8763	8249	6258	9855	9858	10201	10638	10798	11185
3476	6363	10618	10449	9319	11481
290	3391	6584	6583	1994	3709	5886	1997	4797	4126	4633	912	10939	6995	7599	8623	3118	3120
7113	226	1972	4899	3074	4285	2246	2973	822	2972	4263
4918	8250	9604	5307	10234	4139	6258	10271	10169	11029	8861	5436	11030	11486	11530	11531	11568	11329	11581	11481	9196	738	741	11254	11497	739	6269	6864	7386	11375	11650	11632	1595	7784	7804	10615	10616
5706	4242	8736	10755	1079	8862	720	1054	2281	3111	6407	9125	10724	5420
4821	2112	3215	4795	1771	1774	5909
6271	164	566	791	821	830	981	1011	1312	2289	3327	3413	4023	7569	8625	9850	6995
3057	6310	8601	11569
2212	9109	892	2788	3236
4155	8300	9508	10838	5790	5935
304	583	5184	3320	3243	6382	3219	9040	4296	3105	137	6906	5518	7916	9791	992	5047	4871
4342	3515	5395	5228	5390	6343	6363	7860	7552	8449	9054	8409	8602	9011	9785	7683	9705	9280	9659	8510	9285	9947	7694	9730	6258	9444	10798	10567	11702	11439	770	11777
4445	2988	4793	2279	5569
6799	6983	9955	9957	11485
796	250	6867	8904	10272
2729	2821	412	2060	1926	10858	7809	8371	8804	9794	8325	9507
4797	5229	5230	5391	1624	8132	8449	7796	8778	8602	8680	8573	9037	9100	9853	9011	10618	10798	9040	5834	11375	11613
1107	887	2282	6007	6014
5424	1528	5375	1896	5425
2812	822	1892	802	1262	4125	801	556	796	3075	3479	1313	6480	2362	4925	7178	2073	7125	8447
3781	11483	10911	10793	10919	11527	11529	11528	4750	5635	11550	6096	11041	11544	11543	11539	11582	11578	11702	11439	11739	11675	1825
5796	8415	434	3277	3616	11657
4140	401	418	459	5457	5850	6936	7267
966	390	10906	581	3465	3376	3589	3517	4702	4725	965	5230	6587	1624	2864	7060	7617	8417	7514	9340	9659	9947
4349	8777	1327	226
6718	2939	8077	4255	1098	7572	2948	2951	2961	4238	5675	8736	8516	3987	2394
88	876	3336	4084	6970
1858	597	2837	3381	4158	2677	1057	1574	1401	1979	1978	2310	4109	4110	3471	4575	4577	4680	3200	895	7988	7445	7450	5904	6454
1844	6363	7321	8249	6239	7824	11568	7293	11782
2018	9493	9940	9959
1985	6063	6498	3166	7158
2639	6484	7541	8253	8779	9037	9034	8408	7585	8409	8207	8208	6258	10169	9776	11283	11567	6032
3307	1273	1348	4216	5837	1703	5004
2036	892	5460	4855	7983
2433	8253	4335	3164	9037	1543	9705	7694	9855	9100	9700	6258	9730	9774	9444	6225	10201	10238	10976	10182	10618	10823	10798	6049	11098	11232	11283	11481	2573	11579
882	1230	1510	587	4632	931	1517	2801
5292	10321	3375	4640	9448	9799	6693	11085	6830	11312	3291	9507	10722
675	4324	1848	3336	3375	3888
6742	877	873	3653	5723	6479	4330	4625	3284	6524	8847	9823	11034	5470	6782
3305	2580	1946	2639	176
1184	2956	2982	6200	6202	3281	10438	2708	388	2619	2257	2259	3015
4555	2197	3999	484	5715	7559	2259	7557
4295	3466	3465	3376	4725	4702	4730	6484	8779
3044	11181	6569	10713	10755
3472	3063	6363	7864	8253	8189	8510	9518	9776	11497	11782	11399
3959	2891	4421	3166	8300	10335	5149	9460	9668	11164	9530	928	9147	10644	4814	3351	10647	10739	11474
241	4479	9284	9690	9612	11602
940	1600	816	1960
2810	9587	3666	4966	5136	8584
6033	1467	4794	876	1449	5050	5208
4417	861	872
108	5391	1624	6363	8132	2102	6761	4850	3605	10271	7170
6412	9120	9822	6555	6560	9123	2931	6563
1950	4492	9506	2195	5178	9957
6124	5881	9089	11046	9351
2957	757	1018	3824	2888
2239	1457	5230	8131	9067	8407	9037	10798	11030	10911	10797	11378	11379
5188	912	6325	8343	4604	9756	3778	11304
4385	237	3768	7134	2264	7477
5726	111	6685	540	1233	8470	982
6091	598	8410	8716	9534	2295	11142	8403	10377	11418	2734	4503	8116	9949	10021	11246	2009	9593	10773	8399	6957	11569	5990	9649	9786
7081	1785	1728	9296	604
2846	2743	2325	7005	3637	6603	3493	3706	4600	4815	6546	6818	7645	3918	6327	8532	4188	5369	7064	7459	10531	1845	9294
5993	1188	792	1486	935	1154	3456	3746	7256	5034	11687	11232
1079	3869	274	3866
1533	4084	5770
4273	540	7354
4556	7271	8415	7296	2677	8599	8208	8207	9659	9100	9852	7694	10236	9712
5653	1462	6826	6827	6927	10221	3280
5234	8983	2894	4091	4076	222	225	389	5433	8162	11063	3336	3613	4380
4305	2273	5096	5994	6837	3058
794	4389	9445	1193
3683	7056	2745	7270	9699
4896	8417	8254	8253	8385	9034	9705	8510	9100	9947	6258	10798	10169	10969	10914	11308	11483	10918	10797	10912	11630	11606	10626	11782
6504	1624	7541	6363	8132	8385	8778	9033	1543	9852	10798	5304	11550
1279	774	5137	4376	4660	672	198	1960	5588	7213	1166
5844	5929	7738	5053	3243	5047	7876	8348
3584	4651	6936	9477
54	7541	8131	8254	8384	8383	8102	8382	8602	8763	7684	7694	8207	9947	9100	10236
1814	5226	5016	5395	6717	8132	8383	8382	8415	8778	9034	9037	8189	8763	10169	9705	10638	6729	11185	11399	11583	11558	11741
2654	198	2329	4564
6690	1896	912	843	5611	6088	8254	8382	7796	8132	9100	10774	10969	11002	11232
4958	1124	1606	5314	792	793	5294	8426
5664	2939	3454
5601	672	4237	3364	6382	6625	3613
6352	7514	9033	8763	8249	9284	9659	7694	11074	11098	10912	11448	11523	10914	7551	9612	11601	5788
2942	3323	5228	5229	1464	3515	8779	9100
6188	2049	2233	3751	6904	4389	7063	9158	710	972	2996	4722	5675	6138	6771	8266	10037	974	980
4029	10815	7405	9651	9770
129	6363	8415	8408	3388	8211	8207	8208	8510	9947	11568	11540
5081	7514	9490	10969	11232	5635	11255	11530	11606	6438
954	3637	4965	6824	10838	5612
1214	8778	8779	8189	9858	9603	10271	10618	6730	10919	11524	4104	11602	11702
3844	10947	11536	11549	5170	11494
3812	3043	3510	6389	7333	9916	10021	10851	11636	4621	5832	8291	10389	11383	3033	3316	3619
1664	4768	5236	6830	2759	445	5848
712	7553	5008	5964	1773
76	3397	3376	3589	4702	4923	6343	6484	6363	7552	7514	6258	11185	5834
1374	3063	3243	4930	1639	1108
7136	171	825	9342	166	167	172	9260	9872	1239	2183	1233	8632	11038	4104	3946	7540	6978
1810	1624	8449	8132	9037	8728	3166	3164	9444	9733	3658	9243	11522	11568	11496
7004	7629	9604	9857	6258	9519	9776	10236	9446	7442	10201	5781	9700	9733	10995	5834	10798	11030	11029	11232	10912	10913	11135	9612	11550	11522	7918	2609	11601	11720	5788
2521	2501	5613	38	5360	6417	7595	3181	5516	6745	7551
1773	8231	3375	3007
5659	1581	1601	1114	813	7244
4574	11526	11527	11530	11531	11255	11522	11523	11528	11329	11576	7365	741	6864	11650	9196	738	6269	11375	739	5788	11156	11254	7386	11497	10615	10616	11664	11688	11709	11735	9553	11767	11776	11771	11769
4318	8207	8510	9947	10169	7694	9730	6258	9444	10236	10955	5834	11284	11232	11302	10915	10912	10914	10917	11741	11772
1099	431	220	6840	9930
2195	2455	2798	4938	7129	10215	4093	3243	10704	8288	4238	9611	11092	2146
3785	4713	4709	9426	4708	10771	11481	1047	583
766	4160	4032	6892	3261	7041	7448	2235
2987	2403	2468	2386	859	1331	1332	6751	1718	1732	6628	7892
5278	182	3459	7269	8312
5316	4125	4292	4455	1729	6957	6207	9151	1771	7211
4948	396	5389	10172	8901	11018	9151	3441	4600
1986	9445	892	4671	7862
1466	1034	762	7991	764	1855
3350	3217	979	4735	4646	4955	1273	6010	1543	9490	8249	10169	6687	9141	3951	10236	9733	4105	10509	6686	5304	4232	11185
4395	10449	10976	5783	11130	10618	9747	10169	10794	11550	11041	11527	3554	6096	2781	3546	4426	7232	11736	11515	11516	11788	11518	1827	6449
1774	3595	5225	4442	5716	9047	8822	514
2068	3303	6114	3777	2429	6698	2767	3962	8036	6431	11558	11736	11744
4088	1624	8254	245	4155	4601	10774	3375	10288
5511	4702	4724	3193	1457	1230	5016	3932	1624
336	2374	3120	5590	5930	3555
4230	8385	8679	10672	306	11196
7067	3516	5391	2405
6772	5393	2254	820	1624	257	6334	9064	8189	7684	6096
4368	6742	128	5633
1217	3497	6751	75	4032	8524	4887
3454	792	1444	2447	2484	3684	941	8754	7963	10460	10293	10294
3282	7823	5478	1745	6764	6766	8709
4677	409	5623	205
3640	5230	5016	5391	7060	7552	6363	8208	10169
1212	10368	3999	7559
4545	482	9778	142	5917	2666	4935
33	226	3331	3966	1860	8868
4832	4726	8368	8375	1340
3488	8923	3962
715	7945	8150	4389	1875
7093	8779	9037	8679	9855	9733	10774	10289	11525	11606	11602
68	8169	9659	10759	9318	10238
6368	1625	6454	4761	4513	2815	6314
6443	94	763	2211	3957	5709	7101	8415
4692	5147	892
2657	5771	9131	889	2675	9217	4140
2624	7870	9993	2698	8861	10338	8900	2526	5369	9079
342	10303	8411	3368	4532
2167	6258	11130	11132	10567	10169	6410	10247	11400	9756	10600	10793	10797	11255	11528	11526	11530	11531	11527	5635	7535	1978	11121	3000	11740	11741	11518	11771	9734
4474	5226	839	5016	5229	5230	3515	4706	7552	8169	8384	9260	8207	9100	7694	6258	9444	10201	9318	10976	10618	11131	10823	10798	7721	9319	133	7365	738
4205	3924	6408	9678	6138	7498	6293	6435	5038	5319
4441	1231	2149	6925	512	4468
6851	5613	6453	7561	3449	3288	5865
3266	6751	5215	7563	9012	477
3822	4426	1709	5196
4122	120	5398	6188	2219	4763	7295	5676	5652	7874	805	9558
1523	4933	1457	8131	8417	9100	6258	9947	9444	10201	10798	11232	10247	11522	11526	11530	11527	11524	11528	11601	2573	11600
2154	9274	2524	5180	5350	8757	9216	3556	389
1042	1257	3457	4255	5016	5229	6018	7060	9730	10113
2572	8417	7071	8778
5228	3164	10769	10999	1933	9494
4364	5717	11464	7317
4815	1624	6667	7984	7552	8254	8207	9037	9785	6258	10234	10289	9612	11606	11630	10092	11439
2380	5393	6486	6488	8169	8131	8383	8382	8250	8680	9037	9174	9001	9922	10169	9855	9730	6258	10236	10798	6254	6410	11135	6364
4170	3503	8385	8728	8189	6258	10182	10798	11299	11294
6145	6842	8330	7860
4317	5121	4335	652	7943
1588	1258	866	1323	1326
5644	3375	10167	1624	3380	10874	10146	6389	4023
6060	6915	9573	11227	4519
5886	2578	1385	5092	1624	2154	6222	3212	7071	7146	5096	8666	3658	6927
3385	9947	6258	9700	9444	10236	10201	10637	10497	10759	9318	10774	10618	9446	8767	5304	8787	8293	9690	1756	10271	10798	10169	5635	11255	11524	11527	11530	11531	11522	11526	11528	11521
2769	1457	4923	8409	8407	10976	11602	11720	7155	11701
1414	7060	6344	9037	8510	10371	5027
6078	5439	6724	8504	8996	7365
598	9870	10369
660	7248	11744	11782
3566	640	7559	7981	8342
296	3148	10378	5680
4801	3323	4350	1464	6680	2889	2447	11284	9420
189	8728	7369	6774	10955	7721
3622	1044	11544	2609	11579	11580	4104	11578	11601	11254	2573	11439	5788	11399
4491	4623	5959	24	25	1404	4243	430	1703	4205
6332	4255	5226	5230	5391	5395	6018	3999	4035
3211	5226	5016	5229	4104	7060	8169	8254	7514	9037	3164	9859	9922	9853	9858	9100	10798	11131	11270	738	741	739
2983	3063	4702	9037	9705	9947	9100	9444	10326
915	806	841	2085
2402	3635	8048	7913	10313	3236	11105
333	412	6132	9558	190	5876
5764	6363	7171	9183	10955	11002
1325	2746	5069	9006	9406
468	3602	883	4794	7465	4112	7717
5146	596	1771	1822	1876	3432	4259	4407	5081	6308	7132	8044	9399	9713	825	4029	5281	7685	9110	10719	7317	8800	9325	5007	11264
4227	8808	9725	3999	5731	5768	5775	7273	7421	8724	7257
2069	168	4589	3099	2401
638	1238	8101	167	173	63	1425	9656
349	3589	1457	2310	1464
5350	8417	9037	8208	7585	7684	9659	9854	9603	6258	9856	11525	11527	11583
5819	11320	1	5231	1243	1645	3046
5190	4203	2493	8131	9260	8409	9490
5996	347	3242	6637	8397
1443	469	1020	5109	2831	4959	5084	8930
1770	10181	190	8931	6609	8615	7319	7855	10634
6311	3507	6396	8189	4389	6405	2017	6417	8463	10482	2030	4023	7040	1578	10641
6992	1202	8140	9116	6046
5933	1624	1471	6696	7507	3553	4625	7616	8199	8449	8415	8251	789	896	9037	1481	5335	7696	1483	8599	8208	79	7314	9922	9700	9772	10371	505	10236	5834	11093	11094	11583	11486
6405	1422	2390	4592	4762	5410
4565	8509	9508	2693
808	2190	4775	2640	4185	1040
5100	7138	5682	8842	6184	6191
3971	8415	8407	8408	8249	9856	10169	9947	7585
6714	8051	10594	10287	892	7824	11128	3236	3521	9701	11399	6552	873	11741	2891
6699	3457	5230	8211	7683
561	6331	283	365	11613	3149
541	3323	3457	4350	4933	4923	1457	5230	5016	6680	1624	3592	7101	7060	8385	9033	8211	9659	9859	7694	9775	9603	9519	9100	11483	11736	11564
4568	1231	4458	2008	2011	2744	1563	8449	8102
1724	9100	6258	9444	10201	5782	10798	5834
4153	5362	6225	453	2984	5144	7395	5361
6847	3400	7170	7308	5441	6207	7803	9987	128	7006	6125	3432	4023
5769	1167	1168	7560	280
1121	1130	3268	4032	2347	7125	7188	4770	2014	6262	6620	1906	1900	5573	2420	1301	3833	6371	6070	2430	7190	6464	4249	4847	1125	8954	2354	4863	8997	2395	8347	9294	7338	4914	2254	1258	8734	4822	7710
839	10838	10369	11624	11644
2889	3467	3972	2938	3243	7876	8889	7270	9429	4301	4280	7321	1098	1114	7527	6625	9740	792
4237	8867	8910	6857	8897	6873	6883	1429	5814	10704	10001	10838	3292	10370	3401
2290	7684	7551	11531	4280
1955	9508	10634	892
6588	8904	7781	11200	173
3459	6187	1482	6636	11229	266	8615
1691	3593	2948	2984	4272	4269	1603	6827
681	2047	1624	53	876	821	7796	9774	11074	11529	6449
755	7942	10011	4151	7954	994	5327	5396
1091	2867	11073	2690	5196	5767	10151	5843
1473	8951	10604	10595	10996	7286	8334	10046	8586	10368	10626	6389	8414	8333	2823	7129	8492	10367	10418	2623	8585	10730	4935	960	10369
2670	8254	9100	10182	10014	11690	11709	11735	11689	11771	10520
3269	10549	806	5434	5435	6814	8236	11146	10972
5609	6239	8051	9481	1425
4113	3999	4398	6734	8810	9726
5824	8499	11093	9232	2705	6144
6808	585	3415	11742	5788	11741	11739	11740
6119	1636	8250	3164	7694	6258	9853	5307	10271	6729	10014	10326	8681	9154	11399	11194
1298	1636	4804	6291	10434	10444	6231	229	2672	3797	6348
4674	3063	3096	6425	3422	792	9427	9478	7056
2692	4113	4448	7462	5198	6365	8003	2687	4441	4732	8422	5923	1322	5038	4440	5922	1700
6037	5978	6119	3030	531	710	4783	3429	9562	5110	5895	6188	5649
4734	8417	3711	3621	1693	572	11568	6031	10142	5018
591	341	1980	8407	204	9150	4024
6535	7931	872	8705	10002	7239
4446	9254	9856	7629	6258	8859	5291	10236	6774	7017	9319	11131	9690	10798	11130	11132	5783	5834	11232	11194	9612	6316	11497	11566
3248	5016	1464	5391	5390	11002
4652	629	9398	2996	3987	7946	8391	8606	6790	9025	9380	142	1638	2447	6625	7422	1115	1897	4763	11397	3245	10317	8675	3416	5413
4277	1880	2515	7638	6109	6083	6098
1001	3168	4035	9794	2931	10369
5889	8778	8779	8679	9034	9705	8510	6258	9947
4404	8254	1495	6731
3426	3930	8931	7790	10412	401
79	4730	3776	4923	1777	2188	5228	5263	5395	4812	4813	2546	2157	5099	1613	6403	1828	1120	1128	1133	1134	2039	1123	2037	2817	2743	1261	4551	5124
3697	1702	5391	7779	8254	8382	8449	8408	9037	9260	10169	10774	10969	11029	11288	11523	8625	11606	6438
682	2515	4644	10719
4617	2025	5106	7552	9179	9037	1055	9705	9659	10169	9603	9772	9774	10234	2447	6679	7418	11602	11600	11701
5299	170	174	3613	7892	10569
4517	1228	1076	8833	9206	6045	670	6944
4676	811	2687	4759	4934	5710	6497	8972	4028	8060	6014	2153	952	9341	6031	6966	7977	8725	8831	8863	7157	1071	8422	9476	8298
5742	6363	8778	6438
6707	4677	7596	6459	6542	977	1825	7218	7251	2192	2301	7126	2923	5359	8606	5019	2403	7249	4932	9154	10342	7879	8922	7250	8871	896	9241	10241	5550	7328	11333	11206	1315	2285	3551	4996	5339	7248	9002	9212	9990
3446	8340	3509	5427	6948	6549
7086	3876	1692	3840	4621	1508	1519	3504	1061	1258	4091	4605	7157	7477	5865	7569	1071	2657	4508	3988	6626	872	4028	8894	3500	8832	8863	3495	8841	5696	9477	5413	4437	3310	10198	7671
4957	1881	1960	1813	1103
5408	5579	7797	9792	5441	6826	1503
3428	1078	4660	4656	3999	5978	6002	4039
3992	1341	1639	4422	8132	9034	9490	9664	8189	8510	9282	9922	1484	10288	11293
3982	584	1579	2114	3011	2561	7616	8132	8415	8251
4792	3375	4981	5038	5516	6224	9951	1215	2447	2113	2881
3102	4751	6896	9307	6258	562	2374	3401	6857	3493	4189	2524	9739	4426	4459	60	3904	669	7420	4985	1312	3021	4752	2520	2647
5273	4572	3164	8197	8763	9183	9340	9284	7694
6289	6694	7227	5706	6138
1432	6343	6542	1624	8199	9011	9664	9775	6258	8380	5742	10798	5834	11232	6096	2646	1825
2936	8417	9037	9857	10969	11297	11497
3928	6404	323	10670
1517	1113	442	6953	6694	7561	6781	6084	8822	9547	11421	8864
4563	4796	7056	11683
1327	8	3964	4023	10630
820	1771	1885	4151	5110	11264
2801	123	451	8383	8251	8382	4815	3613	9011	9859	9922	10201	825	11524	11582	7918	4104	11568	11515	9734
3306	9648	6826	7142
4552	9855	7629	10113	11194
3767	4459	4504	1715	1995	4280
838	8052	1484	4215	1500	4701	6573	6977
2908	79	3827	10742	3773	9529	11016	3054
4886	7694	9947	10169	9100	1344	6258	9730	9444	10236	10497	10201	10637	10759	10774	10287	10823	10618	10288	11131	11130	11132	10798	10271	5834	11098	11232	11606	2609
6740	3753	3671	7056	2662	9143	7683	8207	3096	1193	8510	7680	9700	7694	9775	9854	9773	6258	9712	9947	3058	9774	9444	10371	10113	4098	7442	10798	9243	5834	1851	4718	3715	11474	5635	11578	3184	11601
6436	6417	6412	6414	9471
1283	8408	8208	7683	8207	8479	6258	9947	9518	9444	9733	10618	10976	10449	10798	11511	9735	11254	1258	8456	1605	6443
5320	1073	1111	2284	6625
309	6042	6772	9109	6029	5616	2378	2447	10569
6063	1020	4073
2985	1457	1464	2615	4767	6931	8409	9037	9490	3164	9260	9100	4755	8208	9774	5300	5834	6864	9464	7365	7547	6674	10480	7435	10615	11735	11439	11709
4414	2270	2841	5924
4409	1372	2025	4264	3592	4677	6363	7864	8169	8415	7036	8382	8385	8602	1543	6803	8211	10117	9243	11131	7918	10503	6096	11515	11767
5334	8668	5472	2791	699	4967	9109	4966	6962	883	1077	1722
5945	1711	1778	3660	4035	4151	4293	6739	8989
2004	5395	8254	9947	9444	5834
5291	4698	1200	2872	3613	5649	7214	7633
1978	7683	1100	7759	6537	9297	3658	5780	9243	1259	10014	10378	5571	7587	8640	9622	11566	3368	4075
1560	8169	8384	8449	8253	8779	6258	9947	9444	10236	10798	5783	7017	5782	11131	11130	6730
344	6363	8132	8449	8382	8679	9490	7552	9604	9637	9775	9733	7369	5782	10288	11185	11098	11002	7551	11600	11270	5788	10811	11540
5106	3456	705	4923	1457	5226	5230	1230	1249	5393	5390	5709	727	6077	1624	7541	7864	8254	8382	8415	8778	8779	8408	9037	9490	8510	9947	9730	10169	9444	10182	11290	11284	11283
4602	4875	10142	4352	3973	9626	11624
4466	8510	7694	9947	9854
1852	7060	7541	3164	8603	8728	7585	9340	10169	3658	9710
2014	10767	2573	10307	11564	11800	2298	10647
533	5135	2108	2305	3489
1735	21	5554	3159
5969	2437	4278	2374	2445	6724
2906	3174	1876	5549	427	448	5671	6260	365	1825	8408	7248	8276	8209	9707	1967	8746	3920	167	9720
4054	10234	6258	10371	10201	9318	5834	11098	7721	5781	11232	836	837	6410	11002	10169	11529	11530	11522	5635	11521	11527	11528	11329	11576	11582	2573	739	6269	7435	11600	11601
2176	6018	6680	7101	8689
6850	553	554	555	619
5471	8220	7164	9508	9860	6246	8487
2170	994	998	324	1014	4664
1977	4923	2401	7683	7694	10169	6258	9854	9855	9947	9603	9604	10371	3658	10919	5635	11194	11483	11522	11530	11490	11602	11567	11720	5788
888	4366	4361	4365	4362	6463
5583	3599	7246	2286	6626	264
5180	3508	6363	9033	8779	9260	9730	10497	10289	11529	11487	11600
3486	4678	6485	7882	9037	7585	3637	9776	10287	6731
4881	3323	5228	5395	1624	8131	8132
1226	4197	4930	4353	217	4955	7837
5361	8487	2195	4042	7986	11447
4128	8452	6595	4268	9350
4297	960	7310	5387	5933	10989
698	4375	1824	6771
4174	892	8225	8555
6211	4297	3652	1098	5462	5885	7485
2143	3662	9448	5047
1095	3403	5655
6287	1348	4730	3776	2400	6484	6482	6488	1430	5772	1850	7694	7005	11074	168	11232	10520
2885	801	2439	4979	5201	6237	8943	9067
5143	349	348	3250	1636
5870	4035	4532	5023	5024	4010	6738	6734	3030	5279	6739	7988	3999	6851	4040	3996	6001	3207	6646	9158	892	10964	10965
2378	3457	5391	5393	5611	6077	6680	1624	5162	8169	8199	8449	8407	9733
6590	4349	5976	7992	10601	2276	10441	11656
2546	1860	5687	2949	5602	8868
2229	581	1925	4238	8605	5369	898	1957	5627
5776	2085	9785	7349	5533	10955
1749	7541	8169	8254	8382	585	11558	3824
4067	4557	1624	8199	858	3433	3840	795	11516	3432	6445	11768
6075	5688	4222	4930	10468	4577	1378	260	4023	4075	3260
361	3456	1624	7796	8382
6974	1464	7860	9174	9033	9659	9700	10169	8510	9947	7694	6258	5834
3788	5228	5395	1270	3368	8102	1827	1072	9260	50	5022	7310	5852	9747	10168	9418	2245	2858	3766	10736
3466	4422	5439	4967	6389	7728	9067	4679
6030	7743	9290	1683	9089
268	1457	1464	6363	8253	8207	10271	11132
3629	8417	8385	8604	8763	9490	7694	10234	5834	11098	11232	6410	10919	9612	11601	3847	11600	5788	11564	11720
6244	7779	7060	6258	9947	9730	9444	10236	10201	8767	9446	10759	10774	9318	10823	10238	10976	3658	7022	11130	5304	8293	10798	9690	7017	5834	11098	6364	11528	11529	11194	11526	11255	11399	10520	11740
1260	975	7146	9733	5655	4209	4246
6285	5390	6680	6485	7541	8169	8199	8409	8679	9182	8197	1543	8736	8208	7683	9280	9730	6258	10014	9747	7551	6096	11270	11632
6879	1844	9209	6807	436	4826	5136	7033	7998	8692	8373	3692
5630	877	3351	6448	6957	1978	2507	4262	4459	7443	9744	2608	8529	4958	9490	10634	5516	6751	7154
140	2832	4923	1464	6680	8407	7585	9037	9183	8208	9700	9730	10169	5307	10236	10760	10014	10449	10955	44	10288	11196	9154	11399	11041	11601	4098
422	6878	6306	7199	6443	11794	6316	10647
6260	8417	8407	8409	9033	9260	8728	9490	6258	9775	5291	5307	10234	10618	10823	11185	11098	11765
6833	6200	6190	6610	6613	11702
6960	479	8449	8251	8382	8763	9183	7694	659	10169	306	10236	11185	11483	11255	11524	11526	4104	10073	10106	11156	6737	9508	4280	11739	11399	10321
6130	5229	5230	3515	3516	5807	5709	6486	7060	7541	8407	10236
3624	16	4280	6998	4104	3798	6729
2967	2724	5013	8077
4040	1483	10099	1482	108	3149	2814	6630	4975	1851	3029	2080	5172	896	4811
176	4816	4814	4815	4811	4813	8513	751	1559	3289
5695	1849	1332	2364	2399	6007	6014	11169
3669	8103	8449	7552	9064	7585	6258	9730	9444	1825
3857	1454	4210	900	5363	6678	7143	6014	8132	8254	7993	8515	9260
3056	8417	8208	8510	9855	6258	9947	9444	9506	10201	9690	10271	5304	11098	11299	10247	11525	11307	11308	11483	11606	11539	11329	11543	11550	4104	2609	11254	11399	11744
4826	5228	7796	9853	10169	9947	9730	10234	5291	9444	10236	392	11130	11131	6258
4831	9857	7694	9730	10234	9444	9109	9690	7350	11098	5933	8273	11316	11485	11539	7918	7126	11156	10626	6446
6914	4273	2030	7142
1734	7718	3161	8631	7712	130	2648	4277	11256	7711	6734	8279	8165	11792
999	10430	270	7302	7559	10289
2658	3375	3380
6876	5390	6077	1624	6488	6483	7617	8132	9490	7694	9853	10287
1545	10568	2439	4732	1051	1325	2344	2345	2399	4028	6966	7366	8830	8852	8891	8972
3679	3802	4459	1348	69	5534	6313	10596	8105	4492	6733	11084
4696	6302	10639	10326	10014	10618	10271	5304	7022	9690	11131	10798	11132	11287	11288	2609	4104
2358	4158	6751	7602	7926	4032	4755
6890	8189	7984
558	1034	6957	5370	2222	2014	820
4042	718	1568	4933	3516	6680	8384	8383
1061	4040	4637	5442	7361	1885	4426	4987	5107	7607	7918	5439	3806	5788	884	7808	10614	7490	3606	8656
5406	1133	2759	4410	7004
2507	2106	4509	4829	365	11171	242	1169	1690	4620	2549
1910	1341	1348	1369	1307	2839	1347	1622	1336	6371	7203	8207	1313	9100	5834	3348	825	10793	10615	10616	11744	7651	9507
3451	8382	8603	9490	8208	8763	8572	9260	7683	9874	9281	9282	806	9873	6072	9875	6258	9730	10371	4218	7781	10113	10115	9446	7369	10014	11185	5781	5834	9747	10913	11002	11524	10794	11544	11583	7918
6469	9632	6115	7901	6389
3783	8237	7570	133	273
1925	4071	6674	11700	2166	6738
3220	892	5147	9109	10313	4385	7982	4386	10626	6996	411	7485
3888	3966	3968
1437	4426	10582	11007	6443	6444
2235	1347	1370	1337	7850	1305
1368	6609	4499	7922	5369
3367	4724	4255	4260	1565	3592	834	6594	7060	7864	8132	9179	9033	9260	9010	8211	8510	9947	9700	6096	11270	11156	11515	770	10446
3357	5669	5670	5677	5693	7726	2082
6372	3375	3619	2430	4222	7135	6701	572	4380	5224	6162
879	1258	3063	3161	3160
4810	1624	7454	6563	8779	3647	9659	9444	10201	6410
1196	2459	1374	2460	3884	3457	4350	4923	5016	5228	3516	1249	5390	3592	8131	8132	8415	3407	9179	5782	6258	10567
5051	3323	1457	1464	3516	5390	7514	9010	6258	11490	10626	11782
4934	1464	8583	3658	6774	6258	5782	10798	8582	10915	11286	4280
2109	4848	6763	10849	10717	157
6256	8511	1780	10715	2740	3262	6729	660	8204	8610	4353	6826	7612	4343
4109	7438	1084	6596	10239	6593	8868
2399	5253	1502	69	1860	5399	6826	5479
2296	320	2505	4926	365
4877	5277	4192	5974	6683	2347	8605	4052	6187	6194	6258	6957
7121	8417	9183	9705	9100	9700	9853	10169	9947	9776	10182
2671	18	5976	9109
5770	8	9151
1835	1483	6679	7442	7017	10823	5783	9243	5781	9690	10798	10014	11074	11131	11132	11098	9747	11232	10793	11135	7551	11550	3485	4958	7512	10218	7918	10070	6096	11540	6443	1827	11675	11772
6846	3589	3063	4730	5978	5976	3658
1891	7060	8779	9064	8407	8207	8208	8408	10169	10236	10287	10288	7694
6774	5259	3985	2325	4233
294	1481	5230	7060	8131	8383	9037	8736	10014	10955	11132	2573	11601	11720	6446	11518
51	5016	1624	2025	8779
4979	1467	776	272	785	5865
5035	1979	6143	7569	8487
4546	5226	5391	7779	8449	8382	8254	8132	896	9037	8602	1543	9855	9947	9444	9733	7022	2105	11131	11185	11524	11483	11525	11550	11601	11511	4104	11568	11490	1896	11565	11775	11118
3304	1677	2626	3175	3707	1850	874	1671	4681	5046	2382	7525	4817	8460	8462	1460	3327	5667	6094	9616	1891
7117	1062	2758	5945	6225	6478	9209
7032	11334	9229	2622	10846	7763	8842	8091
4084	2447	3063	11355
3787	8927	8606	4448	2466	3244	11148	8586	6996
531	7728	8982	9760	10610	1579	8372	3368	4091
1275	5976	9109	10369	6713	10313	892	10418	6928
6636	1509	3363	6240	7119	6830	6693
535	5947	3536	10973	2715	2716
526	4571	1636	4092	6224	7089	4977	4978	4305	7075	6931	3792	3189	5412	7321	6096	8289	1269	9444	3960	8909	1932	9125	8006	8874	2335	9131	2028	4751
772	2399	5044	5439
6619	6784	5045
1565	4208	2759	1297	4389	1152	2510	1489
1856	10823	7417	11232	6751	3396	11530	11550	11329	11041	11578	5788	2609	11540	8896	10155	7362	186	11439	2014	1827	11635	10693	9734	187
5877	3973	5448	934	11268
4107	6140	8417	8779	8680	9260	8728	8763	8189	4521	6790	9100	6258	7694	9947	9730	10236	10201	10036	11002	11135	8214	10817	11136	6443	11701
1093	4923	5016	3516	7796	8383	8382	9037	1543	9011	9773	9603	10115	9733	10271	6774	10449	7839	6410	4620	11521	11522	6096	11481	11632	11767
3926	7707	892	10289	4300	7981
3196	5744	3231	7907	6880	3037
2868	3613	2596	3764	1822	6663	9558
4798	1259	3336	3987	7563	7945	8205	8376	10704
5226	9645	10201	10497	10637	9243	10618	10823	10798	5834	10866	10917	2873	5635	11544	6096	11578	1188	11254	2573	11600	11601	3853	11664	11516	10789
4655	4028	2561	2399	6012	6013	7035	8197	7684	8168	11060	9327
5903	156	2312	5671	7529	9652	5948	3067	6693	2577
646	9146	1305	8234	7809	3166	5555	10605	8536
3899	1578	8382	8602	9037	8679	8189	7683	9922	10995	10618	3096	11524	11525	9735	9168
2121	4487	7976	9794
3705	199	3862	4148	4152	7723
184	11732	11411	11653	11608	11609	11655	11413	11699
4970	4478	3129	3846	4123
179	4350	5230	5393	6344	5010	1624	6363	9733
6255	2014	3593	6772	623	2404	5543	7331	2267	2415	5313	7031	1655	5311	7321	7658	7660	2337
3175	4270	10252	6187	4935	4937	6993	7295	8736	2906	4945	8299	217	2181	4940	10590	6118	11728	1044
1076	5709	6018	7541	741	9196
2871	4639	1188	6435	4122	4716	4136	3106	1916	2771
5045	189	7559	7975
3652	1624	8131	8199	8449	8253	9183	8211	6258	8510	9947	9730	9444	10201	10798	11232	11254	11497	11740
3630	4214	6156	6158	6157	6224	9345	9703	10798	11196	11098	10247	11029	11030	11031	10911	10918	11255	11526	11524	11531	11527	11530	11521
3067	7671	9844	166	747	3023
5018	11308	11483	10793	10911	10913	10797	10914	10916	10918	10912	10600	10915	11524	11528	11521	11529	11255	11526	11041	11544	11582	11550	11581	11539	11543	11254	4280	11770	11771
2161	7334	8351	6399	912
1633	6563	2458	1856
3646	3337	1639	321
2217	3999	5297	11423
1147	2280	1914	8848	4269	7458	7930	10466	1031	5504	489	1912	4185	7921	434	2083	3539	9235
864	2886	10418	11389
759	4724	4725	4728	112
5882	3149	5742	669	10227
852	4237	7933	8745	2718	2771
1102	6838	9792	7146	10403	2776	10530	7472	2250	9150	7535	10602
5499	935	7280	8899	2353	7210	1268	6377	6049	2901	4411	2221	2528	6179
3605	4710	8615	4804	6751	10054	7350	1682	9303	4751	10283
136	1716	173	5047	8969
6207	7983	9824	9723	9839	9794	10992	8804
2734	1759	10755	7799	2466	5332	5508	10057
4947	4464	8385	6695	9109	9922	7022	8787	10798	11185	11098	10912	6077
6884	820	6901	10031
1791	5455	5457	7939	9337	9847	3137	4151	7673
1927	4347	4923	1457	5016	1464	3516	5393	8132	8449	8679	3164	7731
5536	11321	8431	11350	8253	10371
1302	4687	1124	4390	5976
6505	5679	9307	6206	6207
6554	1839	1074	7667	6646	5963	2840	3347	4597	6597	7262	6188	8919
3194	2793	203	1271	8050
6392	1860	4978
5174	1698	2086	7631	11568
1026	2696	7938	10376	2215	7655	6531	7114	5067	11104	2542	4126	10340
6937	1697	6497	6799	7234	4033	6786	7193	8842	6048	8865	5568	3927	1484
951	7354	4145	9506	9745
4296	4465	5936	6589	6196	217	5880	178	7819	10787	402	8630	7661	8532	10742	3356	7248	7812	10581
3927	119	1702	1405
185	5579	7354	8172	9508	9825
5864	6603	11103	4229	7435	8122
1857	1120	4459	4763	3720	659	6145	6834	5815	4566
717	8385	8415	3164	9033	7585	3166	7694	9100	9947
3575	1594	9920	9128	9335	3695	5507	10481	9334	5287	583	3102	3952	8816	4355	8391
3714	3193	5273	1624	7541	8169	8253	2366	9700	8415	9855	6258	5855	10201	6081	11098	10916
2460	2541	1231	5837	4344	197	9112
5559	10782	2317	9406	9701	11610	10877	10851	11308	11520	9892	8298	2153	4032
4978	7521	7774	10823	10441	9057
3834	3193	1296	2855	1457	5016
3378	6120	3761	1404	10849	4098	5216
2802	5461	5456	7887	9507	2447	291
6163	7060	6363	7552	8778	8763	1543	9037	9340	6258	5291	5307	10798	825	11194
3561	2894	3161	3207	4782	4866	1046	3160	1069	7295	3667
2386	7234	2035	11233	3179	8900	3242
800	1195	5176	5999	3831	6262	7293	8583	1891	4032	9109	7295
2836	5391	5611	6077	6344
3782	883	11196	11232	10247	837	11029	10169	11030	5635	11530	11568	10730	1233	11581	11582	10492	10729	11543	11497	11578	11254	10626	10989	10589
1266	1482	1548	9585	1621	3190	597	9547	3595	7072	10559	4387	5302	5986	7627	226	7155	9216	4104	3559	3546
2901	1082	1979	2344	978	3007	983	139
7037	3175	5439
4586	2683	6037	6279	6957	3120	4122
181	4460	4763	1086	1108	1512	888	3589	3063	3064	3506	1457	1561	1713
559	4772	2781	6694	9276	8608
5741	6523	8324	8456	3849
6513	4996	3577	3997	3421	6312	5655	5211	2821	7265
7139	8417	7071	9034	8763	9260
6302	10368	4335	10838
704	1817	685	10409	1891	243
2010	7453	3951	2914	4225	8261	3595	181	4239	142	1069	2162	2163	3336	5032	5040	7057	7452	7767	4684	4674	4847	7927
5818	7617	8131	7514	7694	8208	8211	5256	11610	11580	8795	7569	3136
5662	8763	8208	8473	7684	3348	3351	7913	9282	9947	7629	9712	10236	10995	10798	11232	10832	11148	11550	6096	6957	11490	3328	820	830	11601	651	992	994	4032	4404	6257	10811	6102	11439	7494	2470	6443
5825	6150	5848	1258	9093	4352	11367	9850	3590	3828	8517	6113
5481	877	224	1638	2025	2848	5439	6389	9779	11343	11612	11409
369	11185	5834	11196	11379	6410	7227	10169	11030	11031	11378	10914	10912	10915	10917	11521	11194	11399	11522	11528	11523	11524	11525	11529	11255	11527	11606	11581	11481	11613	11702	11739	11703	6438
4183	4907	1775	5891
6001	3830	1022	1047	2014
2033	912	7693	4729	8055	3166	3228	8116	3798	9680	5798
627	9109	3215	10907	10965	8594	4052	8791	3212	3806	11212	227	4621	3514
3854	1299	3319	2574	2883	3751	3752	2576	7338
3668	2309	4459
4931	6712	7570	9508	9913	10368	10730	10626	8487	9109	3537
2001	1875	3382	9853	10236	9733	10902	9072	11289	11529	11583	11601	2573	11600	11632
2179	6156	6157	6158	6224	2174
1413	5227	10261	2301
1529	2487	5202	6467
4609	506	507	3176	2345	1860
2966	4923	5226	5229	5016	5395	6077	2427	1624	6557	8382	9100	10789
6263	4587	7014
1425	3457	3161	4255	4260	3515	2358	3065	4930	4997	6018	2956	1624	2984	864	7860	5481	8927	6830	9030	4183	8736	9171	8763	9100	9444	6363	9730	7629	10201	10798	5834	11232	3486
5715	7541	7796	8169	9054	8599	8763	9947	9855	10169	9772	9775	10760	10633	5780	6364	9612	6096	11632	10446
2668	8417	8254	7182	9033	3164	8728	9859	9700	10798
3039	9172	1880	4608	9701	9961	6873	6874	5730	7557	11353
4447	7638	4089	1105	1043	8897	5543	1378	5435	8214	4268	9097	422	8283
1175	1034	1054	4847	8288	4503	501	2915	3501
399	4432	1603	7122	1232	8841	1103	7788	4783	755	8899	9361	5474	8923	1135	2831	3598	11167
4532	10581	11217	9325	9508	9860	10423
1683	6826	912
1270	226	10418	10367	10202	10372
1550	4338	4341	4694	4336	5345	1860	5837	8608	6195	3367
5240	7514	8409	9037	9852	5307	10236	9733	11002	11524	11528	10134	7852
5702	5566	6838	1056
1048	3515	4035	1624	6470	97	1860	6667	2777	10271
2840	8417	6258	11606
3661	1610	1713	1772	5934	6925	8150	8673	9220	9237	9266	9498	9930	10131	1773	5745
5104	8616	5191	6414	8955	3246	5000	10243	5933	5980	7565
5910	5146	8883	11591	10370	3826	1013	3321	9114	11034	5570	7639	10377
4772	1773	3956	5958	6726
3331	2823	1549	284	835	9421	7862	8325	9109
3593	9444	7694	9922	9773	9100	9604	6258	10644	10645	1205	10976	10892	10823	10238	11132	10798	8293	5834	11232	11029	6592	11303	11524	11544	11568	11632
4566	4032	6751	35	855	867	2153
6366	3613	5017	6239	7898	7984	8112	8755	10678
3692	5057	1176	5579	6596	9957
4472	678	5868	4437	1434	4426	4091
6330	9691	10995	9733	10798	11185	11316	11297	11606	2573	11399	11780	11749	11744	11788	6444	9734
5032	6971	4032	8410	3454	4389
5835	9665	5740	7428	6291
4035	1242	3572	893	7396
4701	5016	5229	5230	5393	6077	3592	1624	6486	7060	7796	8779	9174	8189	8763	8208	9285	9922	7694	9659	10169	9773	6258	10116	10371	10798	11524
3711	10048	9673	1878	5508
4968	11536	5170	11493	11494	11742
7071	1885	8991	7319
7111	9706	7234	6239	9507	10383	9508	10368	9448	511	8786	8826	399	10168	9109	3599	5525	1581
5493	1327	4196	6957	6421	4361	1643	8652
2526	2603	10073	6738	10492	8051	9508	10626
1888	4389	6831	9811	3881	6498	7285	8393
1088	3487	6610	8931	11016
1308	1078	2855	4350	2793	10378	825	11002	11524	11270
5827	1478	5439	6276	118	2344
1617	2739	5180	8944	585	64	1232	3370	898	1231	8377
5588	8645	9785	2140	3711	4459
125	2232	8668	3839	1079	2283	8700	2280
2066	1799	4842	7473	4865
6575	3184	1860	9021	6138	11000	7813	9701	1071
4115	3398	4724	5390	8408	10278	9857	5291	5307	10115	11736
2404	233	4537	7005	10823	365	11501	3293	5995	8836	3240	6821	9191	11788	3396	11770	8842	11798	1531	1996	2162	2736	5360	6729	7600	7799	8677	8965	9316	10559
3491	4663	3109	9657	9659	9776	7442	7721
563	8217	10037	9026	7982
645	4702	4724	4730	5016	6483	8131	8382	7585	9859	9854	9733	11185
6233	2991	2992	2946	2956	2994	2947
5277	8250	7514	9067	9340	3166	9922	9700	6258	9444	10236	10798	6096
2808	3175	5077	5137	7261	6526	5688	6084	6083	5402	6088	6618	4846	7348	4740	8394	3078	6875	6876	6868	6870	6873	6878	4095	10163	6874	3786	5656	6855	7857
6693	7697	812	10754	7051
2064	9730	9444	10497	10639	10201	10759	10976	10823	10798	9690	11132	9747	10247	10600	11524	5635	11255	11528	11530	11558	2573	11702	10647	6445
209	3989	2153	1642	1649
2225	8510	9947	7694	9100	9730	6258	7629	9604	9444	10236	10633	10201	8767	9446	10289	10014	10287	11117	10823	10976	10618	9690	11132	5782	10798	11399	11539	11550	11613	8755	11041	11606	11481	11254	11156	10626	11782	1827
6299	5819	2017	3539
5220	1860	7396	2759
3165	11781	4033	8064	11360	11447	2902	6239	7987
6579	9183	9922	7694	9853	7683	9947	9730	9444	10236	10201	10238	10976	3658	10823	10798	7018	9690	10618	5780	7022	10271	5783	7017	8293	10567	11098	11002	10247	11029	11030	11031	6864	6270	11688	11663	11664
3903	2397	6752	8061	2016	8002	5201	4178
3645	8415	7694	8242	6258	9947	9730	6672	10497	10637	5304	7022	8787	11130	10271	11132	7017	5783	5780	9319	7018	11350	8459	10247	10739	11474	9154	11720	10823
5356	308	4923	2032	5038	1624	7684	5198	859	10287	11018	10794	10793	6012
1315	2865	7865	401	9723	459	7576	1009	4997	2284
6870	820	6248	4255	5016	5228
3414	5524	4678	6649	1051	3111	9922	4091
1713	1003	613	5398	1079
1970	226	6419	8583	5716
3232	1078	2378	3213	11187	5671	1054	5647	5652	9510	3848	10132
3065	4923	5228	5016	6488	1258	7541	8383	8251	4291	8560	6258	9947	5291	9444	10236	10497	10637	10639	9899	10759	8767	9446	10201	5782	11285	11421	11581	6096	11606	11568	11702
5056	1556	4724	4558	6248	4730	4933	5226	5016	1624	8449	8383	8382	3164	9260	1543	9854	7629	10014	11185	9747	11543
1650	7432	10271	11568	11420
3019	3128	2921	3840	7177
4890	5011	11300	4104
3874	8889	1825	5113	8379	6879
5002	9852	7049	8344	6977	5977	8033	9024	2002	5854	1502	7986	8365	8713	11536	3307	1453	4053	415	10230	3260	4058	5302	5510	10799	11617	10973
1475	133	9545	3306	6240
6126	8679	8407	7443	5976	8510	10289	11486	11399	11484	9745	11768
3518	5391	7541	1543	6729	11481	7918	11600	11736	11439
1311	403	10561	397	5981
4068	6795	3856	11226	6386	11280	836	6364	11528	5146	7819	11558	5978	9109	3036	8487	6445	6449	11791	457	11439	9799	11816	10968
4255	5709	8103	8384	8383	8778	8207	8510	10169	10277	9947	6258	10236	10798	5782
2781	6803	4858	6995	5411
2875	7684	1698	10955	1111	2023
253	6003	892	4035
3129	1881	11333	9930
1940	2759	5156	10110	135	11568
1916	1553	11142	11536	512	9516	10852
6873	3397	3466	3376	4724	4725
3042	6364	11483	11307	11448	10918	10911	10912	10913	10914	10915	5635	11255	11528	11526	11582	11543	11544	11550	11041	11736	11515
1874	814	3456	3776	5404	4530	5215	2024	3081	9011	9183	9109	10201	4882
6986	1624	5622	11481	11583
4553	7101	8778	9034	9785	10169	9518	10990	11196	11529
7112	1348	2250	2964	8869	8981	3186	3214
3694	4294	6957	11568	1579
439	4726	2387	8867	1756	5336	1482	4619
4516	8251	8382	8779	7514	7031	8249	7683	9859	9283	9853	9856	6258	9772	9444	8035	11002	11525	1825	6438
302	3376	3589	3517	4725	4730	5230	8604	8207	10600	11515
2941	859	3261	635	1514
4691	453	2574	136	8341	256	9792	11011
4621	4209	6685	363	8202	8594
1746	4191	6838	9114	4983
5003	3521	983	4666	4756	3210
5386	8520	11142	892	4280
3560	7779	7796	8384	8251	8382	8779	7514	896	8763	5781
5255	2065	6753	7307	1729
4661	2103	1441	892	9530	4855	5895
5490	5393	1624	6485	3373	8207	8510	11240	9947	9730	9444	10639	10637	8787	7017	7022	8293	5783
4644	7541	6192	2745	1001	1019	8383	8779	8408	1543	7585	8211	10169	9854	9773	10236	10760	6729	10902	10567	9503	11308	10531	11293	7322	11448	6642	4694	11741	4091	7282
5399	1481	428	873	874	3589	3064	4725	4416	10116	5218	9612	9213	8109	1700
3482	9318	10976	7018	10798	6730	5834	11098	11196	11232	10600	10915	10911	10247	10169	837	11307	10918	10912	11308	10793	11483	10916	10919	10797	10914	10917	10913	11613	11539	11581	11481	11543	5788	10626	11782
2832	587	1849	4035	1702	1592
6098	8132	8199	8763	9773	9774	10288	9747
4823	4254	6190	6188	8332	6596	9920	6381	10092	10690
4593	1128	1479	1120	1621	1957	8213	10688	1057	4273	7587
6583	10313	10968	7026	10626
965	9527	1503	3426	5944	2372	8120	10581	3594	4637	5627
6802	1056	1224	1896	3187	3453
1704	4989	7585	7542	9508	8208	8803	9659	9859	10169	9856	9857	892	10371	9100	9776	6679	9712	10201	10798	5782	9319	11302	11530	11613	11558	11614
1782	1543	9659	9855	10169	7694	9519	9444	9066
6911	4602	5087	1335	6762	4953	1121	2164	10337	2136	7880	7405	9886	10994	3551	6718	1475	5241	6530	1616	10066
4344	217	401	7210	3735
4015	5267	7692	9151	11146	6965
6149	7060	7585	10633	11540	11736	11772	6445	11740	11767	11771	11741	11739
2156	7547	2790	7627	7973
2732	3477	3690	5727	7770	8731	9607	162	2224	2927	3335	382	3069	6780	126	4151	10503	11125
3109	120	5277	8826	8994	11613	9038	10359	3556	4599	7486	5339	11156	10626	11744	4880	912	3239	11408	7956	11739	1628	11437	8447	3235	5817	6446	8621	6445	3030	2481	11439	11775	10092	7248
6989	671	3961	2491	9674	1898	10078
4635	5361	2566	10252	8818	7482	7321	4224	4770	1495	3711	8934	3686
6920	2579	7796	5668
4274	4923	3792
3098	2332	4923	8169	8417	1512	9284	9490	9100	10234	6258
4713	7787	4572	4734	4480	6595	5369	1604	4874	2313	3951	5072	5899	7869	6042	7838	3528	2550	8616	8897	10870	3260
6247	1294	1288	322	985	229	10504	3658	287	3346	1151	318	3589	4724	4725	2784	1457	5393	3932	1527	7126	6859	8415	4379	9859	9037
6812	5245	3093	1046	1069	6693
6362	1173	10340	10342	1378	467	5834	6884
6384	1786	6697	10838	9070	7587	4821	8611
4381	7694	9775	9776	612	1471	9447	9319	5834
4008	2894	1849	8616	6017	7402	4259	1022	3795	3161	5162	1021	8900	3454	5933
1979	1613	2470
133	9112	2286	11016
3712	4189	7838	3123
3377	8274	6189	9850	6406	10262
6845	2899	9150	639	5219	9490	613	2759	7773	11213	809	2520
4336	7973	5933	2550	892
5670	530	4584	3193	3456	4255	4933	4923	1457	1249	5391	876	1624	6363	9785	7101	9033	8407	9490
6137	4735	6059	1482	3832
2926	2303	5980	10883	118	4426	873	893	1449	2048
6923	321	9490	9148	7629	9603	9733	10798	11074	9612	6096
6131	3465	3589	3456	1457	5016	7060	8169	8131	8254	9054	3164	8599	7694	9700	9947	11606	10626
3319	127	4923	7101	8728	8211	9444	10774	892	5782
718	1624	7101	8131	8415	8417	8778	8763	9340	9730	10919	2873	11399
3886	5668	9303	572	6203	9243
6544	130	5777	5074	1624	7415	188	7203	800	7201	8677
5317	10016	1111	5737	2781	5300	7577	10236	597	5783	10798	3085	6775	5834	11098	7440	11232	5788
474	4760	910	4351	5896	7103	9085	7618	806	7372	7955	5300	5516	7459	4325	5289	10017	10023	6749	3126	7781	130	2884	4042	10381	4507	7265	10721
4268	7246	3618	7819	7233	7362	7773	1979	4148	4369	2525	2432
3171	8931	9150	225	7383	6613	11599	5507	3497	4928	222	5968	7121
3031	9037	3164	8250	9011	9659	6258	9922	9730	7683	7629	8510	9100	8208	6745	9776	9444	9774	10201	11074	7694	10288	10798	10236	10823	9318	10976	11232	10793	7551	11255	10794	11567	11399	9669	11675
1932	171	8656	8567	10339	7907	8404	737	4025	10426	1228	4630	1919	7971	10002	9462	1238	1540	2318	5965	9474	9807	3637	5294
3524	5217	3816	10852	572	5847
2245	6826	7984	8752	8365	1771	5136	5631	11437	2540	3490	5777	10559	10979	3949	6715	5723	10357	2493	4670	5632	4964	7790	883	6944	9756	11641
648	5975	5392	6638	547
4116	226	5071	4703	821	4028	6497	1047	5418	2283	6751	4348	6753	1327	4032	1330	4745	7927	1507	6365	1331	3877	5479	11511	8774
1744	4234	9833	7573	9736	8214	4204	4619	5300	10559	7265	7268	8064	2525	3238	5817	9059	7018	6498	909
4576	3337	4050	4001	2182	6847	7441	4677	4035	4744	10368	9949	10287	10367	10730	11218	11399
6743	6309	5773	7200
4884	3403	1260	1259	6669	11512
5943	896	8872
2653	3521	2680	5802	8845
2947	9856	7022	9319	11029	6188
3879	8250	7514	8603	9037	8763	7585	6258	5291	10113	9733	6774	5782	6731	10014	10271	5781	10798	11483	11527	11524	11543	11544	11640	5788	11601
3921	250	2941	2791	252	6868	6872
6999	1860	3109	1073	4238	1957	5047	2284
3041	1638	88	934	4436	4606	6345	8130	8751	1115	3839	8397	8876	1069	5092	1072	1078	4981	5153	9017	7569	7765	329	4938	7182	3733	8288	8529	1054	1118	1845	4803	7576	2943
4773	4035	6738	8180	9074
2735	6352	5252	5247	5246	10368	5154
5654	7036	9260	9700	11287
165	6691	2085	9045	11022	4825	1957	9805	2653	516
117	6751	8288	859	5486
1467	1563	4423	844	2326	5226	1464	5016	2330	7060	3164	9037	9947	9700	10287	10289	6258	10969	11600
1649	1457	5226	1960	10903
5810	4565	5418	7146	9130	2781	174	6342	6464	7671
3135	3454	2842	4383	4669	2354	1022	1653	3743	10707	1891	1899	2012	3590	4404	8848
418	6620	10418	512	6239	10704	1074	6779
6377	253	2170	3448	4308
4440	869	5486	6497	6693
1536	5837	8415	6554	6781	8254	8382	6651	8251	6565	6138	8779	6144
6545	6678	8133	9071	3306	8371	2162
2733	6184	1166	8616	9143	9144
3395	5727	6751	7892	8469	4274
1939	7587	6879	10177	8369	10179	5571	5743	7941	9606	7551	4233	5648	8256	8445	10841	9355	10851	9850
3966	339	6957	7597	2539
3859	6482	6483	9490	7684	11290	11601
3636	279	6372	11602	11270
5001	2023	6585	11201
5582	8254	8382	8385	896	9037	9260	8763	1543	9659	6258	9857	10236	9733	10271	5304	11185	11002	11522	11401	11490	11254	11702	11399	11782	11819	9734
963	9613	9517	202	3807	3063	3987	8288	9615	11625	9210
2933	1644	1655	2797	3745	3746	10325
4668	4504	3419	4194	2327	948	219	2981	6211	10108	2953	11569	10535	2980	9381
6059	10236	5834	11232	9747	10918
6501	8169	3164	9260	8573	8207	9700	10236	8189	4660	6373	5834	11232
3863	9446	9433	6410	11567	11270	11564	11566	11565	823	4028	6957	11782	6445
4878	1479	2015	990	995	7267
3670	6205	6200	3395	3442	1853	2996
5904	2317	7265	8055	9138
1497	2100	2351	2418	7415	10667	10668	11015	11032
5632	9700	9776	6258	437
564	118	2220	4733
2384	6012	3495	5508	6200	6206	1079	1479	1489	6201	8863
2494	8123	10349	1845	3054	6342	7146	9211	9714	9907	3613	2242	11590	84	7411	1860	11636
1813	2399	5418	4472	6222
1638	1205	1221	4717	7203	5978	1911
63	3873	3127	4324	8960	9396	5678	3192
6196	2936	4426	4547
6777	6151	3164	6711	9100	11303	5977	10626	11606	11399	11782	6446	10092
3146	1046	3210	1055	1066	3141	5132	5111	5659	5679	5680	6625	6907
2513	822	892	1860	2176	7861	8808	9082	9860	9887	999
3375	8251	9037	8677	1543	8763	9340	9702	9285	9852	1578	9733	7369	10633	6774	6729	10449	11098	11030
930	11471	10145	2282	4033	10655
1854	2948	2980	2984	2988
679	251	2154
53	6942	5774	3673	2893	7211	4566	5865
2916	3193	5229	3516	4424	9010
4858	3733	2711	10262	6638	3987	6957
948	3457	1327	3096	9064	10794	10797	7551
4849	7984	9508	1012	124	997	998	4751	9629	10492	5061	6851	11078	820	5716	8186	6259	7610	4804	9954	3994	2794	10754	412	6239	9913	11782	892
237	7585	3658	10567	9612	11580
34	3517	6483	7060	8779	4218	9603
2863	3166	1960	540	896	1729	7564	9448	1844	6128	6089	7565	3909	8176	8179	8257	9629	9929	820	5447	226	8391	7050	5976	9528	7248	8292
1961	5152	1672	995	2446	968
4207	4098	4972	5459	7853
3890	1521	8476	9585	9587
3841	6770	1624	7035	8208	7684	8207	9659	7694	9100	9947	6258	9444	10236	10201	9243	10798	5834	6730	11232	11379	741	2609	4104	6270	6864	11578	11580	10616	11439	11709
5942	739	6269	7386	11600	11601	11650	738	9196	11375	1852	10615	10616	5788	11740	11741	10520	11762	11769	11771	11774	11777
127	9250	3501	3368
353	2882	5567	7534
1484	865	5009	2288	4905	6497	2187	1074	4978	6625	9601	7155	10172	10222	11681	7321	8334	8932
6754	1119	1989	6266	2073	3130
5120	1539	6927
6205	6629	6628
4524	2447	1457
5173	4367	6438	4346	6151	11264	7328	9084	7248	10247
6680	7453	5438	830	7666	1126	8397	8586	8147
16	3478	10998	3613	6900	10997
1800	7569	1132	7651	8941
2347	2985	6902	5324	6203	6198	11569	2970	1019
2701	2847	5957	7754	8710	2747	4325	10536	3962	3999	4888	5440	7462
2600	499	4795	4459
1968	1007	197	3288	2297	6458	2156	10858
6942	3954	1301	8912
4464	7685	3808	520	1566	2447
1282	1019	3660	1860	2293
7015	3998	4039	7441	3999
4377	813	1624	7060	7541	8132	8208	9282	9100	9947	9733	10955	10538	10798	1258	7551	11606	9508	11490	8395	11689	11710
6085	3323	4658	3776	1457	5229	5395	1624	6680	7060	8199	8253	8254	8382	8677	8763	9490	9281	9659	6258	9603
793	8625	4426	8616	10221
528	3592	7060	9730
5787	3398	3506	4350	5391	8385	9174	9857	10639	10633	11544	11484	11487	4104
834	2687	2416
6363	3166	10572	2198	10633
741	3703	7914	8931
265	8417	9034	8599	8598	8207	9705	7683	9947	10169	7694	9100	9773	9855	9730	6774	10326	11529	11524	11539	11568	11490
3581	634	1860	823	976	876	1974	3207	257	830
803	8131	8449	8251	7050	7861	9705	9775	6258	9947	9773	9700	5291	5307	9776	8763	10236	10760	10955	10326	10288	9507	10287	11302	825	11582	10272	11399	11601
5894	1084	10804
5218	7364	3391	3604	4098	7592	8980	964	8234	1344	4552	4894
5252	6419	6482	4035	9785	8211	7694	10288	1513
806	9019	2871	3555
291	1124	3442	572	8675
6689	6027	273	613	3930	6675
3173	10383	7983	9656	6900	11360	6734
2320	1252	6096	10355	11586
3763	3164	9854	1301	5782	10287	11399	10738
1987	2928	4571	4017
6990	3402	3739	3734	76	3699	3263	9533	5717	1682	10626	4328	2809	3291	4523
138	5479	7530	782	7234	2384	10943	6406
7080	8407	3658	10969	10793
4783	3615	4533	7983	7984
4663	9288	7006	58	7543	912	4151
4333	8757	8116	2209	11277	3316	3924
6695	6121	6431	5200	392	3681
6653	2120	1482	2020	1819	23
5901	4813	5183	4811	5434	5435
655	11187	4156	4837
3231	1296	1297	5481	162	3983	4952	5412	5420	6147	6772
3948	3913	1571	10216
3932	7691	3368	4904	657	2163
86	3159	3325	3329	8417
5321	959	1976	3755	4375	4621	4626	6148	1298	3058	7155	7372	8417	7071	3792	885	4481	9174	8959	8736	9183	6597	8054	3127	6208	3202	7694	9637	9659
6359	7326	7331	893	7321	9189	10872	5516	9886	1863	6597
3555	7060	8131	8132	7071	8254	8253	8382	9260	8189	9284	9853	9854	11185	919	11522
2219	6626	7907	8846	10718	11076	5350
1215	6751	8862	1092	6631	335	2447	10034
4685	9336	42	495	1471	10882	2109
2159	9377	9331	7259	1706	3249
6215	1837	2952	8755	4278
6242	3164	1471	5896	4293	1001	6957	7694	4606	9700	9100	6258	9947	9444	8293	8787	9319	7017	9690	5782	10798	5834	11292
6109	762	3358	3375	9712	3658	5635	9315
4442	9402	4120	10058	2034	1936	7870	924	3802	5897	6965	10425	462	2496	9345	401	669	9744	409	661	928	1171	3914	8146	9104	4088	4025	7219	404	7337	59	6769	3081	3106	3120	2307	4749	10057	6506	3209	7523
5487	1348	11799	6265	10732	5666	7819	3262	5677
1772	5926	3718	567
4943	3930	3927	2375	4899	3000	2543
2829	3336	5543	11380	11470	11482	583	10168	5242	909	2540	7017	7600	3230	5240	3226	3229	3802
5830	9151	198	4825
5960	2434	2363	10236	10371	3658	10014	5834	10006	10797	8681
3412	5768	7796	8131	8132	8254	8449	8250	8679	8407	7585	9283	9922	9853	7629	6258	9730	9444	10639	10633	10637	10497	8767	9733	7369	9446	10759	11117	10976	10774	10271	5783	9690	10798
1349	5976	7578	6738
3106	9109	1020	9467	3315
2590	8415	8251	9037	9260	8763	1543	7683	9659	9604	5291	10288
6250	1268	3690	4832	7032	8558
4408	872	1912	2876	3368	5570
388	814	1624	2881	6224	4032	2860
4700	1357	2521	5494	1221	3139	6781	1211
6665	1464	3515	3516	7796	3164	8409	9340	6258	9775	9700	9100	11486	11485
6978	4188	2939	7154	1110
2366	10326	8144	5834	3690	1719	10022	11720	6438
5041	2556	3323	8763	9490	3166	7694	9659	10902
4311	4550	7639	2182
3372	4103	3589	3506	3516	6363	8779	8510	9444	4138
5083	2052	2889	8692	3151
4497	474	8090	8248	2665	2946
3963	6363	7514	4724	3658	11074	1624	9612
5008	11393	2887	6468
5396	4923	5229	1464	5230	5390	6077	7864
37	6819	5851	7691	6466
394	980	1479	9347	1445	3543
2042	2176	7006	3262	9085	7814
3292	6698	4835	9151
248	617	620	623	636	637	776	1301	9943	788	619
6136	10236	10639	10201	10497	10618	10823	10238	10976	9318	5783	6258	8293	8787	9319	10798	11130	11131	11132	9690	9109	6730	5834	11232	11329	11581	11576	6270	6864	11578	738	739	741	6269	7386	9196	11399	3899
6062	3885	3111	2484
6371	2836	5106	7813	10623	1020	9507	6578	8625	11277	11386	6031	9231
5802	5321	3093	9507	6239	11399
5360	8145	10014	10798	5782	5834	11098	805	11232	11378	11379	11576	11329	11459	6269	6864	11375	11650	739	741	7386	11663	11664	10615	11688	11709	10616
6823	2073	5287	4619
6277	1366	2939	7050
2083	7506	8329	1355	4126	708	1346	2401	2432	8035	5535	5886	4347	4375	11181	3676	8317	10119	3678	11244	10114	7729	7033	2627	3973	9739	11207	4150
568	6440	10996	8759	7624	5360	5887	7336
1186	5443	4028	4326	2447	3909	5716	1047	6966	4325	9093	952	4440
2044	3323	4793	3589	896	7899	9382	2071	7418	1916	10976	5196	8271	11155	10931	3735	8630	10565	1197	831	912	1348	4325	9759	11075	7031	3623	6964	10321	4426
4425	2889	5463	9081	2655	7557
3967	6258	9947	9730	9444	10236	10201	10497	10289	10287	2571	6737	9690	5783	8787	10798	9319	11130	11131	11132	10567	11232	2866	11255	11606	11613	11578	9691	11122	11007	11788
4053	9168	1930	8381	7612	6298	6826	6047	11568	5366	10006	11502	5141
7084	5815	4887	6145	6504
6667	8415	8382	8779	3164	9859	10169	9856	9857	5291	9733
4350	10910	2047	7201	3790	9508
1611	6680	7616	8415	8778	9183	8510	9659	7629	9100	10201	5834	10798	11303
5948	4482	7569	3078	8941
2805	7514	9037	3164	8680	9033	9260	8573	8207	7694	6258	9857	9604	10116	10236	10182	10449	11098	2609	6096	11582	4104	11515	6449	11788	11776
6484	3296	5595	2321	1142	6172	252
7064	6635	10420	3658	5530	5764	4032	11399	11588	284
1830	5947	1949	9736
3944	9906	681	2689
4272	6680	7102	7541	8251	8602	8211
6303	715	9947	9733	2023	10823	11196	6096	2573	11635	11701
5758	9251	6258	9947	9444	10201	10497	5782	10798	7435
7008	5579	825	11264	10262	6902
4855	4228	1762	2079	1922	4724	6248	1457	1464	2411	1702	6483	6363	8199	5365
4980	9584	9705	7683	7694	9283	9922	10169	9730	9773	9857	6258	9518	9444	10236	10201	9318	10238	10618	10976	10823	10798	5780	8293	9690	10271	11131	7017	11132	5783	9319	11130	5304	7018	7022	8787	11185	5834	11232	11524	11525
5804	1306	5978	9507	10487	2902	6189	3262	10178	4837	7099	10367
2140	2902	2026	1976	8525	8524
4159	1849	4042	9507	6468	10313
3764	9568	1681	3104	5717	885	7337	8606	1087	2515	5215	9756	5831	3711	418	5864	8200	8334	9444	10750	4873	7632	9646	5308	7610	10395	7925	10274
3806	217	5959	6078	9010	9774	10955	10794	11579	11580
6536	6187	6693	9894	142	10949
3965	3456	4923	1457	5016	1464	3516	5807	6482	7796	8132	8254	8778	9067	9037	9490	7694	10798	11558	11782	6443	6444
991	10774	10823	7018	9319	10271	11132	11131	11130	10618	6730	10969	11232	10247	11378	11379	10169	11543	11550	11539	11568
3684	896	11784	6840	11742	11711	11744	10433
455	5593	7600	6778	6818	8593	10585	10518	7248	9108	11413	7895	3372	7801	7687	8724	898	543	3263	1825	5309	8937	5934	4104	7273	8758	396	11359	11801	5423	9508	7380
2238	3995	3145	4260	5016	5391	6077	8253	3164	7684	10769	6258	11485
4997	588	7169	10398	5302	884	11448	3639	9138	10309
5480	1725	3322	6020
6093	3323	5016	5391	11232	11378	11379	11255	11329	11539	11582	11041	11550	7365	739	11581	7386	6269	741	6864	11375	2573	10615	11735	11709
4191	3577	4923	5611	7036	8382	8763	9859	9733	9913
6965	67	507	4093	4250	4353
6594	979	9206	806	7017	3166	3415	6445
1792	11074	10798	5834	1861	7364	11297	11232	11313	7918	5635	11255	5182	6096	2977	10852	11564	11566	5162	11439
6617	83	3884	4260	4923	3516	5016
4907	823	8195	4168
3842	1862	5758
3270	892	4560	7984
1933	8415	8253	9490	6258	9444	9243
2110	253	11330	5508	5955	11062	11536
5186	512	1084	2284	5181	9143	4371	4379	4998	6051	6161	292	8832	8863	8891
3762	7453	3711	5839	5841	7728
1731	4205	806	899	3193	5226	5229	5391	5228	6343	1624	6485	7060	8254	7585	8047	10234	10117	10287	5781	6444	9669
1369	5620	5976
5854	4933	5229	3515	6017	1624	8250	9490	8728	9852	11185
6158	3999	5178	5976
1277	6601	9373	8624	4033	2282	2923	10808	4765	6957	8942	10234	7535	10796	11536
3480	1578	4647	3477
2373	145	9732	4061	10878	11197
1139	1854	226	9755	8150
1190	4389	6358	9138	5520	3628	3761
5452	7060	7541	9179	8763	1543	8572	6258	9856	5307	9518	10117	10115	9733	6731	10326	11098	10449	6730	11291	825	11194	11526	11524	6096	11579	11765	11767	11776
6934	1565	1860	2053	1703	2946	8246	495
4862	402	1978	1984	4734	7534	4957	6639	1044	3639	1609	3537	10063	11133	883	7210	152	8923	11569	1470	5369	11467	6102	6187	6189	8566	9225	909	5423	8707	1064	4167
1952	7142	9091	789	892	3951	5432	5435	8236	373	1640	3437	5434
6534	8417	8382	7514	226	540	9700	6673	3658	6740	8328	3957
778	8702	9074	6443	6454	2204
2072	7585	9183	8249	8510	10169	9251	7626	9854	8240	6258	9772	9947	9730	9776	10234	9444	9733	10902	130	11098	10271	11130	5834	11290	11293	10600	11291	10915	10912
4165	4923	1457	5391	5395	8407	10236	7022	11302	11580
4767	2957	2961	2984	294	561	2231	2401
5602	1624	6482	6488	7060	8169	7860	3164	7514	9260	7585	8728	7683	7973	11029	11606
1765	873	1174	2699	10872	6284	8833	10096	10369	8140	9209
3900	8415	8417	8208	9947	7369	10014	11632	11766	770
4933	1005	1054	1103	4266	275	1110	587	5493	4639	7265	9583	2128	7507	8167	672	5136	11306	1261	7483	9161
6844	464	2872	11085
612	10171	3076	6323	2665
378	9802	10654	6720	217
1338	4171	1231	1851	5742	3999	8924
280	452	6584	6583	8287	8845	10221	11103
2842	473	5228	6018	1624	8132	8779	8407	8408	9011	9490	9283	6258	9947	9444	11130	11132	11232
2763	3457	4350	4933	4923	5226	6017	896	9260	7585	8249
2359	4976	6522	6847	7786	9109	7685
1712	5023	6739	7186	7354	7742	7974	955	1674	3711	3995	3997	4039	4042	4048	4532	4976	5298	5304	5309	5909	5974	5975	5976	5978	5999	6000	6002	6756	6848	8485	9109	30	3297	3642	3992	6312	7173
5849	7954	2098	3815	9558
2329	6132	6612	6927	6613	7573
4494	3376	4725	4724	4730	4923	1457	5016	5391	5393	5390	1624	8169	8199	8449	9490	7585	9785	9853	10326
1590	8253	8385	8409	9037	1543	9490	8208	10955	7369	10271	836	11768	11774	11775
5474	609	1008	1076	2447
5387	5977	5023	4205	3006	5933	6443	8124	8616
6450	540	2815	10418	167	10287	7049	10156
172	9846	4492	10312
5385	1271	2561	5179	8054	3945	5491	1020	4282	6957	2271	3126	6625	10262	5417	7773	8370	10521	5647	5643	8883	3509	5574	6763	8530	8760	5438	7650	9986	886	9243	9242
132	3870	6018	1624	1790	4464	8417	8169	2441	4033	4274	4732	8658	7694	7684	10798	9154
4439	8131	8383	8449	7694	9100	10798
1938	9600	5231	8514	10826	1690	7171
2900	9372	7417	7693	10116
4714	1188	1348	29
307	6990	6992	7301	7172	8211	9507	3231	10169	5743	9497	6138	9444	7570	10497	5760	1155	1402	10976	10618	9690	9319	5834	10668	11316	11032	837	11029	11030	3844	302	11439	1231
317	3166	4202	6894	7203	7679	11460	8895
1005	5226	5230	5016	1624	6482	7060	7541	8384	8415	8778	9037	896	8779	9507	9705	8211	6258	10287	10288	8383	10106	11407	11156	11399
6763	5876	8344	1056	4157	4238	6042	7154
1606	1087	4390	7986	4492	5977	6864	6270
84	5255	8333	10464	7758	10367
6313	2393	2425	1887	4836
2162	1137	1525	5501	8647
2912	8415	8779	9949	9922	11130	11132
608	11314	10517	10715	3453	5844
6865	4350	3516	8169	6363	7552
3420	4336	5217	4868	995	2799	3164	4225	7978	8411	401
5634	1860	1896	8391	10262	11144
1855	6404	2550	8721	2487	6043
2420	435	8574
4138	8293	10271	10798	8787	9690	7018	5304	5780	5782	10618	7017	5834	11098	11378	11379	11576	11582	11329	11581	11650	739	11254	741	6269	6864	9196	11375	11688	3782	11663	10615	10616	11709	5788	6438
3347	11521	11524	11539	11543	11550	11581	9081	11329	2609	11481	11578	3535	2506	7728	5788	11739	11740	10520	10647	10711	9734	11536
862	1653	4252	5837	6016	6497	8879	1090	1104
5618	176	6867	6869	6870	6879
4659	8417	1543	9100	6258	5291	5307	10234	10774	10326	10449	10567	10798	11135	11002	10794	10797	11568
5740	892	3999	7975	9508	4386
4483	6340	10623	7146
3386	6668	4560	9482	4553	7824	9839
1822	6771	7057	11075	5219	9970
2381	8827	8112	8755	9482	10802	11276	7415
1599	7931	8005	10823	9243	291	7551	11232	10797	8681	10794	10793	11255	11307	11550	2609	11511	9448	290	3500	5788	11452	8469	11565
3745	2258	5410
4093	1446	3687	4032	6752	6996	1481	4921	7620	8253	5871	3801	8828	730	2390	8132	6398	7350	4454	4248	7349	4615	5857	7247	11330	9376	9092	9065	9066	5020	7125	3845	10582	442	5149
974	8417	8763	7694	9859	9700	9855	11543
3447	4100	3855	6726
2190	4285	8924	10368	6737	9507	10418
6643	8103	8449	3503	8604	7694	9444	10798	11527	11497
12	3834	4091	6443	835	4218	4791
3721	4584	3478	6557	6558	4492
497	6951	5285	6187	8077	1054	7460	9162	11450	839	8862	1162
1767	9705	7721	9154
5972	6142	4212	6140	8978	10036	1916	8642	5547	6486	6666
5888	1984	2274	3887	8877	205
825	4465	1087	4541	2085
5447	1830	3134	4209	2270	7101	8415	3368	8599
1478	1860	7079	8568	242	6619	1941	2085	2520	3411	7788	7912	8371
103	5182	6077	6343	7060	8169	8407	1543	8572	10288	11613	11540	6438	6446	10092	11832
1837	3613	6799	1653	3744
6943	4276	6497	7491	2282	9474	10004	4151	11662	7941	5137	6649	1742	7509	8196
3219	7295	142	6099	9573
2699	3710	9307	5894	2524	10626
4322	909	7282
1929	3150	385	6963	3470	2677
1631	6096	1253	4238	8606	6256
5563	226	746
1860	3517	3589	3506	8778	1543	11448	11524	11399	11270	11632	11515
5103	11525	11526	11583	6096	7321	405	10498	10327	7034	8120	8365	11160	4966	11518	10551	912	1252	3711	6097	8677	1198	10968
710	653	1109	3659	3986	6693	7031	3064	1311	4970	866	3810	1860	8550	1853	3658	3617
1597	10453	11211
5946	3702	2516	7178	7646	3561	3557	2512	3552	9346	9778	2509	8128	8126	1926	3916	7473
3010	2367	4702	3506	4255	2463	4923	5016	1249	6077	7060	5130	7071	2326	9340	8207	6258	9603	7629	3425	8150	10902	5834	11544	11600	11602	5788	9075	2172	2249	7908	8607	3704
2456	4387	4863	3375	7677	2774	142	8566	8640	9168	2061	3243	3228	5816
836	5001	5960	3038
5704	4793	3093	4026	4210	4467	5379	8176	6019	9508	5431
1899	3193	6680	8103	6363	7617	8384	8251	8385	8778	9322	9011	9183	11720	584	6445	6438
2410	1609	704	8462
1424	3944	3156	3782	298	7588	1880	3838	5249	9395	540	6430	5985	2208	4656	10202	7775	5247	7658	5154	2759	6957	5257	11141	5804	7590	1681	3043	6146	7591	10943	2825	5895
5495	9100	10633	11290
1635	5229	5016	3516	5395	3503	9037	8211	7683	10798	11196	11399	11606
4712	5087	7720	3058	5655	2996	7729	5614	8264	11722
2982	4712	9387
1753	11568	7314	4104	11602	11580	11606
6668	9037	8572	8573	8249	9922	9855	6258	10234	10236	5308	10201	885	7888	4698	5112	10639	10637	9519	10229	10326	10014	9318	4747	5294	5304	10271	11098
5833	1771	4874	5573	7140
1538	5568	7587	5462	6276	5694	1258
4222	4107	3376	4702	3589	3064	5230	8779	9037	8408	8407	3649	8409	9490	8207	8510	7694	7629	10234	9518	7369	11448	11600
3481	8254	8251	8382	8778	1543	3166	10116	11486
4538	10542	9503	10677	3166	8842	6524	7776	5386	2100	11243	11407	4868	9216	3846	8833	5887	6927	9211	8906	11535	128	1608	2818	4174	5492	6995	7194	10713	6866	1858	2177	3550	4073
4206	532	9120	5749	4091	10657	1	6516	987	10952	1271
1396	9508	512	11360
957	10110	5862	10111	10112	5856
5692	9518	2844	603	5834	6912	7765	11232	9154	3262	7551	5716	622	11565	11515	11741	1827	11518
4513	4584	3145	3776	4923	1624	8189	9664
2917	627	2085	2480	6693	7846	188
6922	4151	7361	9571	6889
2544	10976	5780	7022	8787	5783	6731	7017	10169	11030	11002	11378	11379	11029	11521	11539	11543	11550	11481	5788	11800	6438
4756	4923	5016	5395	1624	3164
6849	8169	9037	9033	6258
986	546	6239	6826	1054
6925	6102	3073	8024	3311	320	1194	11563
1541	6484	8169	9659	6258	10169
5489	9508	10349	1833	9746	10303	8416	10310
1808	8045	4367	5938	4622	7154	278	9972	9110	7561	7562	9991	11597	1769	4848	4237	10774
542	795	7166	9484	4189
462	4730	3161	6680	4486	6679
2294	5228	9286	9243	9154	6096
2992	5395	5393	2066	2374	7541	8131	8778	9260	8763	9100	11527	7365	6864
7040	7287	10061	7436	9454
7061	635	6025	5479	3433	9367	6640	7031	9077	11256	11720	11118	4112
4551	11421	10917	10918	10600	10912	10913	10914	10916	10797	6096	825	2573	11254
3309	10659	7682	5786	6544	5777	5800	7980	8693	8692	5300
870	5148	1681	11806	1793	1816	2013	10823	2432
1582	6363	1318	2426	1173	1548
4477	6021	6020	6670	1758	91	450	10010	10489	9306	8174	6638
2676	3535	6385	7803	7234
3369	5631	7627	883	8334	8531	2023	4185	1636	3225	10542
5561	2025	3818	8339	1258	9494
1055	10185	5925
3240	3115	5408	3584	1323	2023	2363	3167	8359
314	3375	8778	8208	179	3015	3613	3847	11569
1410	5228	1936	8131	8132	8250	8415	7514	8679	9490	7694	9286	9444	9659	9947	9922	9854	9857	6258	9100	10201	10976	10798	5834	11098
5414	6639	10023	7561	6128	5964	1680	4549	6188	4361	5837	6592	9294
3672	166	9109	8711	2675	3605
123	3376	1073	702	663	2205
263	3456	8254	7181	11280	11528
3035	1185	5436	1901	3396	5184	4594	6227	5411	502	5332
58	2709	873	6205	6206	6200	358
1123	6351	495	2946	8516
2145	795	6936	3906	10610
3704	2195	3991	3998	1624	11485	11399	11767
4233	2195	4469	6983	8487	8751	9079	10074
5976	5611	1624	4173	2374	7541	8449	8102	9067	8197	8763	8604	7684	9700	9859	5291	11232	11298	11558
2903	3323	5226	5391	7541	8449	1543	9659	9853	9947	10076	6293
4913	4256	1974	130
2640	8393	7154	8048	3446	1984	1925	1823	3769
4219	1348	6826	8895
354	4035	5877
3230	8415	8211	9011	7694	9947
5697	4191	952	1624	8132	8254	8677	1543	9490	9100	9253	9603	6774	10976	11185	10798	11002	7551
3725	4174	10105	4025	885	1125	2466	5432	6304	1228	2465	3368	3501
5422	5543	1492	3571	9494
6383	1464	5016	7864	8449	8102	3503
4733	2136	5067	4999	932	961	2855	4140	6751	6863	9232	10016	1319	9904	1519	5635	10634
4500	6957	4261	1860	3328	223	3330
2060	3323	4255	4260	4794	79	3515	3516	3932	6017	6018	8407	8409	8604	300	9775	9515	9081
3224	637	4032	7645	2206	7647	2057	8323	10618
3595	887	1518	4571	3323	1514	3456	3884	1457	5229	5230	1230	1464	5469	4035
3263	1657	1464	1457	1703	8602	4238	3630	5120	256	8247	6830	10973	6497	3810
3572	862	6013	1328	1330	1376	2687	4934	6014	2396	2032	8419	574	10455	10456	10457	7569	9839	3347	10885	9109	11556
4971	3610	396	454	401
281	6857	4846	7563	387	2188
3599	8415	9037	8728	9340	370	8249	10169	9519	10774	10638	10289	6258	10288	10014	11002	11486	11399	11606	11156
6293	6030	2756	8415	8382	8603	130	3164	7694	10169	6258
2839	5626	1019	1860	5723	5884	7549	7799	8942
5898	1211	821	1864	1001	3207
4123	1880	2169	8297	1681	3677	5412	10893	10894	8667	2754	11105
3925	8417	8254	8250	8408	7514	9636	5307	9444	10326	10798	11291	11289	11232	10421	40	8050
1669	811	6966	7015
1262	4389	5823	6676	9507	187
2165	4494	1538	5069	5958	1997	7000	354	4322	8537	3166	7923	3074	883	9573	7770	847	6897	7459	6589	7446	7820	912	5813	4327
4816	176	10610	1455	5727	5813	6524	11264	7892	889	8857	10607
1537	1860	7485	10626	10849	5718	8348	10368	1481	10547	8826	607	2199	4825	5679	5760	7426	7675	9816	10158	8710
6482	2951	2984	9109	217
3214	4710	4116	9799	6641
1453	3193	2855	1457	3515	3516	1230	5395	5393	5709	6077	1624	3866	7541	7552	9260	9747	11002	825	11558
6492	3624	4870	7104	7781	4205	5717	6704	7926	9383
1271	8249	9283	9444	9947	9730	9705	7694	10169	9700	9659	6258	10531	9733	10201	10497	10637	5304	10618	6731	8293	8787	11131	9319	11232	10247	825	11522
4137	5947	7468	3999
141	867	2403	2153	4028	9508	1325	2468	2476
2937	11076	1055	2193	3101	253	4335	6495	6626	3920	2431	3924	4433	8893	3015	3467	8418	168	9043	9799	8833	4967	2884	9398	9519	9547	2068	713	1883	2823	3428
3363	1048	11259	11647	1912	2408	3435	7157	8972
6135	6363	9100	9774	6710	5834	3951	8842
3875	5230	7616	9034	8728	9279	9859	7694
3520	3465	3466	3589	4724	4725	4730	5016	5390	7035	6363	8132	1146	4765	2007	2833	4619	7694	6258	9947	9730	9444	8062	10236	1960
6177	3465	3376	4702
2595	8417	8382	3503	8407	9037	8409	9490	7684	6258	9603	5291	9444	10760	10955	10449	10600	11194	11530	11583	11579	2609
4246	7388	7734	7924	10613
6128	1436	10542	9010	4881	4025	2770	9181	7423	7684	6404	718	6511	5804	7316	1876	2849	5834	1910	3639	2829	2362	7540	1825	6445	11765
883	126	173	457	1717	2505	3499	3706	3901	4926	5747
3506	6310	1011	8344	7862	7175	5178	4035	5094	6138	7569
2013	677	5786
1846	6924	2312	4293	6008
3819	4741	7421
5182	7796	6363	8211	8572	9966	5978
5934	882	2917	4706	9122	8411	3711	10271	7551	585	7953	875	6432	10209
2346	5896	1449	4793	1147	7153	8882	1690	7309	4794	11598	2451	7064	2286	6649	6381	7578	2681	10656	10610	176	9829
1953	672	2298	3589	5976	6000	9109
6520	7298	1320	6222	5935	3112	2281	8473
1605	651	1484	1	8129
3523	294	3667	4170	4398	2352	2749	2334	5788	11399	11740	3208	6454	10415
622	2456	3420	7865
2448	1853	3336	5433	2624
156	668	10071	10121	7976	8541	10418	10651	11221	4765
1254	1647	5921
6110	5823	10349	11568	8325	9109	10844
1881	4571	7518	10623	9448	7716	468	8903	8921	4518	7236	7689	142	8989	5690	3613	2481	4845	7141	317	5970	3987	9786	3260	11432	967	4516
5449	6835	412	8292	8771
1825	944	4662	285	1365	7444
2813	3456	5228	1624	7060	9064	8208	9855	9154
1265	7557	9352	1848	9242	11348
2491	1340	1344	1372	1481	587	994	10005	8343	6613	8931
1629	1624	6636	6258	7629	10638	10823	10902
2338	9216	10529	736	737	883
1542	1845	5654	5369	11017	11566
6214	6344	3063	8131	8132	8254	9033	8211	3166	8207	9280	9859	1464	7694	5516	6258	9857	9947	10236	843	10633	11117
3797	7060	6363	7694	7569	3658	10798
5413	9529	6188	9436	11006
158	4280	7296	8577	8796
5107	240	10955	10201	6258	10289	11399	6214
1636	6513	8312	10168	8404	7634	6326	9463	7156	5666	3849	3342	1112	9039	9047	7019
2027	7514	8763	8189	9922	10236
2203	1464	8779	3551	11156	11540
5913	6738	7824	7988	8356
1967	4426	7115	7213	3951	8901	622	2759	3987	2461	6185
6947	4389	7796	8382	8779	8211	9855	9603	5307	10633	6774	11117	10449	11185	825	11524	11041	11528	11558
6253	7983	7559	892
2740	7363	3887	4521	5133	5573	5701	5418
1381	6485	8131	9100	7721	11307	11329
848	6940	8281	892	5976	7089	5977
6642	3658	3541	413	510	3210	3000	2073	11232	6620	11270	9646
2483	390	452	437	1533	1670	439	6528	545	3376	8449	8254	8251	8778	8779	9037
4842	10698	7551	7987
4389	1624	2761	6488	9064	5883	8510	9730	10371	9174	10287	10798	10626
6127	5395	1624	8510
4531	1663	1960	2980	896	629	3876	9506	994	5877
2197	4923	4368	5229	1464	3515	5228	5390	6017	1624	8254	7514	8602	9064	8736	9490	7684	9444	9637	9922	9775	9773	7629	9772	9776	10201	3658	5834	11232	10794	9612	10793	7918	11568	11580
5966	1123	7492	9556
5407	6273	1651	1791	3677	3679	5655	7551	8881	9421
812	5229	3516	5228	6482	7060	8250	8417	8779	8679	7585	9785	7694	9100	10169	10234	11098	9319	11601	11156	11399
2859	4935	4940	3381	3659
5513	343	3193	6663	7796	2521	3702	873	9900	7721	1364	6364
1333	3457	4933	4035	5228	6482	7541	3164	9064	9037	8680	10774	10288
1850	6466	9644	1907
4085	1484	2984	112	821	1506	6957	1271	11005
3768	141	1660	5228	6018	7101	8736	9490	8207	9775	9858	7442	10760	5834
1319	5016	5228	6363	8415	1543	9490	9010	9854	9856	9518	6731	10798	11550	10106
819	7694	6258	9947	9730	10234	9444	10236	6774	10201	10497	8767	10798	5304	9690	11130	11132	7018	8787	7022	5834	11098	11196	6096
4147	8457	2024	8282	11761	1469
517	3884	3457	4350	5228	5230	1464	1249	1624	1845	4422	7060	7796	7616	7617	8199	8415	8382	8408	2004	8409	9037	8407	9260	9340	8510	10371
2807	8415	7071	8408	8407	8409	8208	7683	8207	9659	7694	9947	9700	9730	6258	9444	10371	7369	9733	10497	5834	9747	11483	11523
5067	1834	5600	8365	8711
2893	1393	865	1072	5654
2850	6883	10487
4596	3732	3728	7681	10299
5980	1904	2406	3879	2687	3875	3876	3877	3878	3880	1696	4707	6344	7035	8599	8728	10633	11029	10793	7551	11399	7918	11270	10626	11564
1812	1270	2036	1286	6108
4650	3376	3398	3589	6248	4730	5226	3515	1464
3633	1882	10852	7202	1397
1594	7071	8250	8599	8012	10371	7369	9110	11297	11194	1177	5788
4937	8417	8253	3164	8408	9490	7683	9659	9700	9775	6258	8510	9730
5713	859	592	5297	7764	909	4955	4996	8816	4509	6790	7717	6083	9929	7262	9508
2989	4735	3323	3193	4933	4923	3118	3541	926	5016	1464	1249	5395	7060	64	7824	8365	8537	7602	9603	5805	10115	10116	10238	5782	11521	9711	11601	11602	11600
5716	4694	1880	2040	5716	9533	7100	3677	8885	972
2723	4155	4127	4663	4627	4798	4188	909	1208	6543	6610	7383	8931	130	4098
163	3124	3282	3288	6625	9287	947	9380	596
1206	1624	7270	3101	3164	9037	8598	8208
4604	6407	6518	8907	5368
4919	1095	1570	2967	1064	8473	8474	5047	8619	2648	5281	8667	3390	11071	8946	11105	5583	11106	2408	10894	9300	11475	6206	8684	10146	5428	10622	2759
1124	3376	3589	7060	6363	7514	8763	8207	6258	11074	10182	11529
1205	10497	10759	10774	9318	10238	3658	10976	9690	5304	5780	5783	6731	7017	7018	7022	8293	8787	10798	5782	5834	6730	11232
3077	3112	3492	6009	7421	5837
1919	6173	70	6174	10863	45	2911	10593	8288	11417	2939
5345	3023	4949	5446	7693	8166	8473
499	8384	8778	8679	8599	8763	9922	8240	9947	6258
1324	6651	311	3000	4464	28
2996	9067	9260	5834	11566	10797
359	1730	3536	4112	5293	5629	6051	6733	7016	7965	9109	8675	4978	872	4209	8842	6489	6840
2463	1240	4264	4426	6538	1863
4625	8555	540	1185	5868	1417	5645	3221
4289	4384	1115	1424	1822	8900	7138	4901	6799	6497	6883
6553	4933	4923	5229	5391	5393	6344	1624	8449	7552	9659	7694	10169	9772	6258	9318	10976	10449	11098	5834	11232	9154	11254
7053	7440	8067	9305	10791	11349	4729	5369	9297	9334	10425	10893	412	8849	1092	2466
1031	2481	10957	3683	5129	9738	9151
180	3336	1019	1851	1252	6143	9295	10146
1532	1482	2431	3735	8253	9490	7684	6507	9773	9712	9776	9774	9636	11579	11580	11606
7091	5409	3210	4495	7060	7035	8382	9067	8207	9947	10169	9444	10798	5788	11566
2550	9034	9705	8510	9859	9947	9852	6258	9730	9776	10236	10449	10798	11185	11448	11521	11528	11255	5635	11606	11531	11194	11329	11530	10506	2609	11254	4280	11565	11399
5808	4476	3765	4982	6078	6406	11566
2189	1351	8755	9507	9508	1352	5209	7032	6791
6720	1210	1818	1020	4963	7226	6619	9827	594	1860	2635	6957	5402
3776	9044	5948	10187	3624	5382	7892
4180	4581	11333	938
3434	8417	9603	6258	9947	9730	9444	10637	10976	10201	10798	9319	9690	10271	11130	11131	11132	5783	5834	11484	11497	11578	11709	11782	11701
105	4560	7101	8254	7552	9067	8763	11525	11041
3458	9947	9730	10201	10169	10247	11771
1740	5184	6172	6531	1957	2640	2884	3660	4126
1573	1481	5228	6343	6486	8383	8778	6061	6774	5304	6258	6730	11448	11525	4104	11399	11566
1429	56	6010	9109	1098	9521	9507	5883	9302	9506	3292
2542	4611	3985	4128	924
2927	8763	10955	11185	9690	11132	7018	5834	11483	2573	11741
496	5226	5230	5227	5016	1464	2741	2742	4133	4147	3541	6680	980	1001	6488	7060	7779	8417	8415	3164	9037	8679	8208	7585	8207	9286	8510	9947	9730	6258	10234	10955	11284	11282
1936	3613	4590	5135	10418
6630	9586	8385	7514	8408	8728	7585	3166	9690	11185
3758	6735	6985	892	5977	6543	6826	7756	8931
1819	2098	1703	9072
4386	1055	6469	1069	1886
2006	1022	1021	3657	3853	5263	5186	6118	8675	9210	2623	5114	3687	4782	6724	4238	4680	9538	3987	8586
5691	5869	10299	9109
1015	1729	3090	2447	1722
4689	7417	9112	3166	1173	1581	11575
1149	9260	8333	265	8981	5452	7270
3018	6676	8517	6784	1179	4919	2102	5038	1281	6699	1275
6852	5226	6363	8384	8131	8779	9037	8778	8407	8408	8409	9857	9518	10271	10638	5781
1229	7065	6828	7441	6132	6310	4786	4389	7559
2446	9114	6055	572
4998	1170	9508	2759
2360	4859	6751	4978	4982
2425	4719	7485	505
697	7864	8728	7018	7022	5781	11284	11529	11558
5069	6123	5047	5426	2408	8540	1957
570	2386	10364	2520	9085
4154	2576	6110	10463	2987
2881	822	1481	3231	4183	4194	854	731	5865	7781	8229	2852	4238	2545	11377	1515	2191
131	6928	8487	7861	5059	10422	6239	1624	4385
4097	5420	3816	3613	130
6310	668	9393	11109	11495	7781	10000
3268	1348	4130	2339
6107	1374	1352	3438	3407	1359	1369
425	9186	2215	5686	7819	9438	9935
543	7585	7683	7694	9859	9700	9775	10169	7629	5307	6258	9947	9444	9100	10236	10114	10117	9733	10637	10774	10497	10201	10014	10326	3658	10798	9243	5834	10289	11029	7551	9154	10912	11232	11486	2573	11635	11788
5227	6649	6265	5583	969
277	4776	1170
5635	4232	2192	7981	2789	3029	9109	8876	7677	9513	2146	11399
2509	4039	7982	10314	5802	8180
5975	5628	2891	2899	4035	4478	8724	5777	1369	5976	7354	5516	4192	6326	7824	892	6239	5114	3710	10287	9760	8811	10261	11234	2437	2606	1463	4477	10655	9607	2619	7914	128	6125	3690	3261
6057	6485	1891	7541	6363	8449	8385	7514	8598	9260	8763	9490	10236	11399	11485	6096	11663
1990	1875	3145	969	562	1190	304
6635	7976	859	5738	3880	8181	400	2647	9795
6530	2344	4032	1258	2386	4288	1510	1517	7430	7431	7370	2017	11362
4017	434	1700	4032	4185	7911	3172	7510
6120	4164	2157	6759	4876	672
6498	5977	4036	7988	10287	10313
5246	3568	5283	9508	11475	4956
3093	105	6236	2781
685	2874	5796	3900	5797	7227	7216	7218	7226	7230
891	5933	2815	4496	10792	7551	7552	6827
3870	7678	1	11069	8182	7768	10297	3289	412	9691
3706	1789	1810	4022	2085	8235	9521	1624	1478	6525	7331	3750	7321	2025	6700	5681
371	6084	5079
3738	653	6114	8800
732	1457	5229	5230	1464	5016	1624	7796	8250	9064	8602	7694	10798
1097	11273	3390	3319	9817
6717	736	821	7078	2311	5010	6258	6916	7572	8736	10240	9333	9630	11061	1676	1872	3836	6259	8391	8418	9694	1259	6957	4335
3853	1055	1074	7153	8875	8849
4763	1506	2114	5694	990
3887	6751	1335	4174	4464	6590	4627	3554	5794	9927	9634	327	5779	7957	1357	9759	9850	8654	2325	2373	6597	10531	234	6171	1410	6146	10176	4837
6963	1297	3375	4426	3833	3686	8132	10104	2166	8721	1296	507	511
6829	7765	10370	2509	7509
2215	1347	4899	5717	5013	7813	446
2205	5933	3520	436	840	7017	11149	4621	6687	9279	9283	10262	11109	64
1610	4687	4189	4559	1044	4612	4686	1984	1979	4116	6593	4992	5004	11333	7825	6594	3985
1372	3465	3589	6248	5226	5228	5229	1230	6077	6486	7060	8132	8382	7779	8417	3515
2822	7060	8132	7071	8253	896	8409	9034	8211	9260	9286	7694	10169	9730	9854	6258	5291	9100	9774	9444	10760	5834	9243	10798	11232	9154	11399	7918	11606	11568
2594	4450	6531	6697
3208	1091	1327	402
4872	1575	2281	4117	4847	1258	1783	2286	10032	4249	7517	4305	8862	697	88	642	1299	4459	5548	9212
5261	4378	9391	4794	9973
5166	3589	3592	6363	5357	792	1769
6209	672	4344	5016	5393	5390	6077	6680	1624	6486	7060	8189	9011	8510	9855	9100	6258	9947	9730	3541
2612	4113	6523	6910	4183
1318	4426	5714	8777	1300	1553	7510
4220	7976	5061	6239	10035
160	8562	2031	8703	10649
5714	4686	6187	5701	6188	5655	6190	2227
3647	3323	8778	7514	9064	896	9100	10234	10236
1115	5226	5016	5395	5390	5611	1624	7060	8169	8779	8409	8207	9281	9859	10169	7369	7721	11280
2368	5727	8009	1090	5677	5689	3440
4451	8411	4032	3529	5588	892	10738	2891
3715	4052	9349	6698	6601
1082	4048	4008	7049	7570	7988
3795	6879	10251	6868
2968	4813	6941	7790	5548	5785	8692	9421	8693	7562	3541	5520	9022	6544	7755	7322	10815
4681	5661	3313	2557	5658
4060	2342	10154
6506	5069	7101	6563	7035	8382	8207	7684	9659	9100	9700	9855	5340	7629	6258	9730	4325	6330	6792	9378	960	935	4982	9444	10236	10760	5333	10798	10169	10794	11490	11518
5636	257	822	2355	2448	7060	9775	10169	7721	9243	11232	5635
3808	4112	7418	8264
3648	4685	6655	10169	4883
2955	5082	1624	9100	6774	11255	11531	11329	11543
3931	1570	917	4626	4253	4427	849	1849	3454	1767	1908	2405	4157	4225	6372	1558
6181	6483	7541	7796	8254	3164	8598
6949	10576	1369	4061	11197	11198	2850
1975	1352	3465	3517	4724	4702	4725	5016	5391	5393	6363	8383	8382	8407
2532	6132	2806	3592	10454	10455	10457	3253	3020	8783	8007	6981
6546	3063	2024	3590	3987
5562	3630	3794	7530	3651
735	1348	4654	5074	6290	7287	9602
6000	371	392	8417	8779	8602	9037	896	8407	9010	9785	8510	9947	6258	9444	10014	10567	11632
1720	1464	8679	3166	6774	10633	11583	11487
1613	9790	1520	1977	8465	9791
5488	8251	8407	8408	9260	8207	9100	7694	10234	9518	10639	10400	3658	10497	10637	9318	10823
6632	9410	2562	2563	2564
3155	6687	5400	804	7146	4421	4999	4232
4075	69	3063	45	319	4516	5022	1001
6765	2432	7060	8417	8251	6258	9947	10014	3658	11074	11523	11522
5296	8763	8510	9947	9922	5834	11185
1036	8045	142	5368	2554	7627
3115	51	5933	1944	8143	5863	11622	2447	8165
4082	1312	806	5219	3207	5434
866	2797	9601	1419	2815
4993	460	2561	2567	6745
2157	7116	7574	5388	3449	3523	5386	598	8214
1251	3513	130	2894	448	605	2891	5837	1072	1074
5210	7382	2156	5996	2154
4539	5011	3000
776	3398	3217	3466	3376	3589	2286	1537	509	1624	1072	1793	7060	6222	3164	8208	8207	9100	6258	10236	11316	11456
3445	4516	4901	5418	1974	2384	5035	1047	6522	622	4507	781	1073	3454	6378
3793	178	2872	1822	10262	2996	9556
6325	2839	881	1064	1106	5823
910	2682	11240	92	2246	2605	2736	5845
4966	2579	5016	3515	5141
3579	4558	3456	2267	4347	4923	5230	5016	3516	3932	6077	7060	7616	8449	8415	9054	3164	7683	6258	9947	7694	9100	9700	10236	10201	7442	11074	10798	9243	11002	11300	11281	11613	792	11156	11782
1370	8417	8250	8602	8207	9100
4150	3589	4702	4724	6248	3457	4933	4923	5226	1457	1464	11776	770	11770
7068	3592	8103	8199	8408	8207	8211	7694	6258	9730	9444	10639	10201	9690	10798	11232	11528	11531	11255
1869	246	905	3515	4778	5284	8131	8132	8254	11333	3164	8679	9037	8409	7684	9100	6258	9947	9449	7369	6774	6731	10014	6364	7018	458	11486	11529	11521	11526	10805	7918	9787	11484	11487	11270	11558	11540	11720	11782	11775	9799
6952	2658	1495	5602	1893	3390	1943	1261	672	895	10869
415	3457	4933	5226	5230	1249	5229	8207	9853	9100	10271
2106	8679	7585	8763	5291	6774
6607	3193	1464	6680	7060	7616	8208	10169	9947	6258	9444	10497	10637	10955	11074	10201	11232
3153	10057	10299	7860	681	4794	5623	5851	6693	8294	10156	6500
3256	9747	11098	11196	5781	11377	11378	6364	10600	10797	11129	10911	10912	10913	10914	10915	10916	10917	10918	10919	11307	11308	11483	11530	11521	11527	11255	11539	11528	11329	11481	11543	11544	11550	4104	2609	11578	5788	6445	11772
1153	2102	10623	2061	6431	11026	1116	2070	2231	2769
4939	4563	6644	1187	2257	6265	7830	2258	9380	9837
4343	4008	4009	6141	6138
3730	716	485	4198	2470	1612	4313	1134	2501	5742	3096	1032	2728	3568	9774	584	1963	3658
6112	7108	7872	8411
781	5856	5891	6643	7273
5689	7985	7163	7862	11524	9153	9547	11320	11391	405	8757	5777
5126	825	4023	8705	10394
1052	4341	222	11473
5338	6686	11185	11520	11526	11490	11521	11527	11528	11529	11531	11255	11530	11194
1659	7984	892	9109	8325	8753
4402	4767	9067	1543	7683	7694	11098	11029
5896	6659	2458	58	9306	3235	3261	10604	10605
4462	4202	3662	5493	3234
3287	5228	6680	1624	7796	7864	8199	8415	8385	1832	9011	8211	8208	3166	8207	8510	7683	9700	9857	9947	10169	6258	7629	9776	10371	9444	7083	10149	10236	2573	11516	11739	11661	11780	11118	11765
2721	8253	9444	10169	9518	9446	11136
1483	5302	5350	7752	9376	10509	6957	8625	9692	9693	896	4621	6786	7907	11195	7534	10628	4073
6759	10336	9609	3539	5370	6626	6857	11681	511	2791	8866
4637	9826	8090	5431
3852	33	6694
4885	3999	7302	3753	5933	6804	1233
942	8577	8578	5978
1043	4981	10496	6188	4151
6563	9444	10236	10639	10637	10497	10201	10759	9318	10823	5780	10271	10798	9690	11130	11131	11132	5834	11098	11196	11232	8681	10600	10911	10912	10913	10917	10919	11307	11308	11483	11329	11543
4671	8169	9009	49
6747	320	2460	912	3456	1464	5230	5011	5012	5013	6282	1624	7158	7541	8169	6056	5312	8036	8409	9037	8763	9490	8779	9700	6258	9746	9730	3164	8510	9100	9444	9712	10774	11528	11487	11558
2367	7071	8382	3164	9034	8763	9659	10169	6258	9100	10238	9690	9319	11131	11132	8293	10798	5834	11484	11496	11782	11399
3112	3506	1464	1624	8169	8779	9037	9745	9859	7683	9723	4382	9922	6774	11399	11518
2100	872	7204	1754	10819
3064	7495	1345	10389	7248	10599
4429	4114	3589	4724	4702	4725	4730	5395
4542	1232	5831	8889	2165	10357	4150	7884	9038	6444	9022	898	10350	7245	1450	7337	8436	9739	3247	2348	5548	6546	476	3638	4151	5995	7743	9880	11102
6454	3127	5294	7321
5222	8131	8417	1195	10169	4147	10309	9603
4851	5395	1624	8132	8778	4480	9922	9603	10995	5780	7017
614	6631	7326	3509
2370	7310	5116	7673	7835
2340	5162	4835	8111	9416	7435
1105	6042	5120	7146	9151
2047	953	1520	1852	4230	931	961	4724	6248	4255	5226	4149	1230	5016	5012	5013	5011	3096	6403	9100	6258	9730	9444	5304	10823	11130	3514	11232
6165	1396	1732	4104	3092	1834	3791	2026	6149	7046	3325
2632	4933	1624	7060	8132	8778	8779	896	9037	8679	8763	9011	8249	6507	9700	9603	7629	5307	10371	5293	9733	10759	10271	10201	10902	5781	11185	837	10912	10793	741	11650	9196	10615	11515	11788	11568
5440	7485	2014	3463	2411
434	3589	1464	6363	8384	8778	3164
6167	7201	4095	6237	9932	7285	7922	9913	10754
6056	8591	5371	6931	10243	9366	10848	7519
5648	3204	5717	2757	10272
3996	5760	3336	3987	1054
2694	4238	5183	9607	1082	4945	11431	10549	11549
5951	1966	1889	1073	374	954
975	603	876	8417	8382	8778	9304	9490	7585	8207	8208	8211	7694	9659	9947	9700	10169	9857	9772	10371	9774	9776	9100	10236	10760	10238	5834
842	301	1860	9326	515	2492
446	3465	4108	3376	3589	4702	3193	3456	4923	5228	5391	3932	5393	6344	7541	8132	8415	8382	9037	9856	5291	9859	9444	10774	6729	11185	2831	11399
6333	10271	10798	9690	5304	7721	11098	11196	11029	11030	11031	10918	10912	10911	10913	10914	10917	10915	11255	11529	11530	5635	11526	11527	11399	11528	11521	11522	11524	11531
1563	44	5399	5976	7570	9724	6668	8814
4817	231	3001	3178	4021	112	3000	3177	6188	2125	656	4001	7077
3004	5162	5525	7210	1650	7658	7665	1632	3749
3172	4203	809	1799	5013
3333	4899	4795	2024	5870	10262	6793
4601	3960	6063	6919	4029	1481	6957	3048	1884	5143	7567	7248	1240	9248	5851	8615
3554	4855	6992	9508
4999	9600	833	9117	9222	2905
5198	4091	7310	7444	4888	7824	4978	10368	7781	8895	5961	5976	8800	9342	4855	5977	7950	9745	9746
2649	6738	4419	6478
3054	4694	1860	9204
1568	10647	11439	11536	11769	11771	11774	11776	11833	11778	11811
6198	4933	4923	5016	5395	2121	1624	7060	6697	7796	7616	1860	257	822	5698	445	8224	8778	8779	8407	8408	9037	9785	7694	9284	9659	9858	9855	9444	6679	10995	5051	10798
1208	7981	10729	4426
4132	1366	2879	2877	8037
3123	10271	5170	11096	11494
3145	5361	5749	2509
2644	3125	6693	10852	2876	9534	11105
4495	859	856	2687	5922
6862	5016	5391	6077	6343	4586	1624	4284	7101	8415	8449	8131	7552	8417	7617	9010	8208	9283	9284	9730	10371	10289	5834	11487	11399	11156
6549	5226	7296	6363	8254	8382	8679	9340	8208	9286	8189	9017	9772	3658	8681	11511	9345
5807	9132	544	8157
3359	7458	2238	1047	7587
5287	6734	7975	7982	9445
1166	3516	193	2428	11485	11439
3192	8382	8251	8778	9785	9490	9604	10618	9733	10271	10638	9319	3400	11031
2674	8253	8415	8408	9260	8407	9490	9011	7694	7684	9947	403	9854	7629	9444	9733	10201	9776	7551	10793	10797	9612	6096	5447
5953	1188	5391	5393	6486	6484	6488	7101	8131	8415	576	5567	5992	8407	8408	9659	6258	9773	9772	11530	11601	4540	8832	10704	3241
1063	672	1681	6017	4930	8889	1601
4310	3776	5230	1624	518	2488	8736	9183	9947	9730	10201	11074	10798	5834
5365	2186	909	7880	1607	2286	1250	8481	2490	3959	1714
4866	9174	981	990	8208
6713	2373	2782	9735
4883	749	8183	270	3613	10852	8895	1974	6138	8182	9759	10893	4409	6625
4118	5543	170	2097	3473
669	226	3047	6323	6939	6941
5253	3987	4516	8849	1639	4389	8288	2665
3301	4383	4833	8288	9916	8285	1912	11091
3489	10035	1932	3994	6739	7049	10492
2441	7254	424	3745	9151	4233
6300	3613	9996	1321
510	5528	6017	3528	8755	9506
6567	9851	8929	4185	9302	6799
2925	586	7447	10560	3633	7828	731	10272	4315
1917	7983	9768	3840	7985	5699
3603	4010	7110	3771	10492
590	3323	3457	4350	4933	4923	5226
4390	8253	8382	8385	8407	8408	9037	7585	8409	8728	10169	10236	10271
6433	8449	9922	938	9604	5307	10326
4924	8675	10978
6867	859	1695	1870	5121	6707
1859	4168	974	2555	7973	8220	9109	9508
4806	4099	4451	5976	5977	10626
4588	1692	2270	3096	531	5853	4032	4426
2284	7319	7248	7254	6787	10531	10559	912
6265	3494	6734	629	4095	8411	571	3196	9017
4666	2377	6023	7125
750	4430	1157	1984	4459	2444	1602	1978
2305	3255	4444	7932	9380	6284	11619	3691	6297
1376	7479	5264	5989	3969	5251	10202	2794	10948	5147	540	6229	8595	4655	5248
292	9194	10292	6986	8579	8784
6901	4702	3776	4730	4933	5226	5229	5230	5395	6077	1624	7060	6188	8132	2709	8778	8779	8251	8254	7571	8169	7628	9100	6258	10236	10201	537	995	11254	9915	5507	11336	6446	8063	11735
2616	4113	4268	2726
5467	5226	5611	7060	9033	9037	4086	10287	10638
4340	4649	1457	3658
5121	8679	8599	10236	10760	6258	4035	4855	9508	5883	10722	11194	11486	11360	6601	7248	7302	10626	11447	11613	11484	11606	11156	11744	11782	11739	11740	11399	11772	11773	11775	6928
2213	1778	898	10116	2250	8430	3555
1651	4923	1457	5016
5502	5228	7071	8251	8254	8779	9037	8211	896	7694	9852	9857	10638
4925	1354	1565
7134	10739	11472	11474	5300	5946	11568	4104	11132	3884
3473	7391	11121	5050	3291
3002	3082	6235	6605	4533	1206	6604	3351	8736	7287	9873	9687	3675	4343	9875	2557	7594	10236	4892	7442	4966	3413	11016	1721	11600	4849	11580	11083	11559
4313	6449	6087	896	8968	8969
621	9044	1807	3375	2391	2377	5034	2270
4457	76	4763	10678	7672
5195	7577	7636	7509	3043	10804
3415	4673	3351	6049
3142	1361	6925	7951	8612	9639	2941	9529	9245	598	7764	2580	5649	10705	1916	6078	10343	6356
5476	1726	1479	3884	5016	3516	2974	1543	9775
3366	10731	6183	1258	7710
713	5543	4841	6838	4568	3262	8605	1117	6719	248	583	7755	10621	5522	8569	9487	10466	5432	11332	1914	565	1908	4499	9082	9104
1417	1229	3376	4686	6650	6646	6781
1976	9064	8728	7684	9922	9857	10236	5834	11232	9154	11030	11029	11031	2609
89	9054	3777	10169	9966	11529	6096	11156	10626
3832	1578	6495	6546	7200	1729	3604	4320	5631	6124	7534	670	3200	1072	9641	1231	6496	8855	9693	10083	1055	1137	4204	5356	6454	7337	11034	3214	1135	7801	6807	6946
3081	4002	1085	8012	8111	8857	6342
2549	5228	6018	1624	7060	8449	8604	9011	8207	9659	7683	10169	9100	9947	6258	9730	9444	10236	10798	5834	836	7551	11232	11576	6096	2609	741	6270	6864	11578	11632	11735
3258	6162	7312	1638	5737
4264	2024	4026	1306	2997	3388	1114	7248
261	4923	5230	5226	5229	5228	1624	7541	8384	8415	7514	8250	8132	9037	9947	9855	9100	9444	10798
395	3269	821	6557	1784	3275
61	1054	7740	6601	8327	6724	5222	7509	7510	10949	6625	5162	7416	10852
3438	2377	2202	3166	2573	8616	2759	4095	4352	8601	9006	9377	10262	650
3455	1860	1221	8114	3809	1211	2204	2859	7521	7578
1716	4781	1089	4245
3465	580	2950	2955	5675	2984
2789	9569	2786	1721	5430	5526	912	1230	11380	1249	10175
4086	4818	4225	1721	1860	7541	5502	5503	8289	9331	203	1742	8558
1398	7694	9947	6258	8755	6671	11130	11062	11232	11399	11525
5988	8417	8382	9033	1543	9700	9603
2059	6968	9018	1549	300
4507	3972	8696	10847	11226	108
3600	872	2298	3058	7203	7212	8839
851	4547	5975	6522	3113	7354	3000
2275	1861	257	621	1976
4419	1904	531	4638	9603
6045	3456	4923	5226	5228	5016	5393	1624	2910	6349	7101	7779	7541
652	3	9582	254	5441	6162	8840	2555	4516	5602	7295	1270	6105	6620	5869	5669	3852
2184	4888	9009	9320	892	8343	9997	1201
7055	6774	10326	11098	1537	6410	11399	6364	11448	11702	11632	11739
1528	975	2192	4435	6125	10400	1864	973	7988	1860	3950
6785	6937	2225	8594	10591
2778	4923	5016	1464	8199	8382	9853	9855	10113	10633
6646	1624	1458	6363	5155	8023	9947	612	615	10402	5783
3361	2358	3398	3589	4255	4923	1457	5226	6018	8132	8199	3166	7694	9659	9100	9444	10236	9690	10201	10238	10798	5782
1068	8045	997	5327	9125	4568	2897	7622	7634	7642	8404	9308	4461	3550	5686	2872	5667	5679	6237	6102	1169	2948	887	5787	7750	4152	8736	2010	5663	6823	9416	9438	3200	5677	157	896	4605	7192
2462	10172	10807	5827	301	2872	7145	9127	11202	11239	9126	9710	11067	3184	10720	3185	11372	9958	2272	8689	8692	8688	3662	650	4238	10688	5626	10168	6686	11187	3038	11611
584	2411	5233	7464	8343	104	6445
5118	11056	11045	981	5351
6381	1692	1635	4259	2895	2914	6169
2383	756	4742	3924
3541	610	618	5412	6027	6957	7892	7981	8090
5754	8412	2414	7906	7443	10790
5591	8415	8254	8779	7683	7684	9637	8510	9947	10169	9712	7369	6258
4372	1856	4845	1624	7060	7456	8604	7234	3613
3332	7671	1487	7256	9126	9844	1486	1488	835
6312	5228	3776	6077	9100	7442
550	5016	5393	6077	8382	8763
691	7273	4668	9836	10733	10721	10411	6639
3468	1503	7252	8699	336	8189	6439	7248
555	9195	3390
5978	11091	3390	4075	5047	6900	10370	10746	7129	9606
813	6395	180	365	1165	1169	1897
72	1078	660	2277	7941
467	734	5366	6752	3396
1965	1944	1841	2858	5063
6698	3456	4923	5229	5230	5391	5709	1624	6486	7060	8169	7541	8132	7071	8251	8254	8385	8598	8599	8208	9700	6258	10182	7683	8510	11002	11606	11819	9669
2556	4464	7838	4112	4113	2844	9413
2123	5572	5546	10059	8188	7803
6980	8849	718	9109
4259	8254	8382	9037	896	8407	8249	8207	7694	10169
911	8417	7585	8510	9100	7365
1098	226	8851	1073	9109
4231	1661	2480	1587	1318	4413	2277	2024	5420	4998	1075	4426	6548	1975	2205	879	7494	6094	2991	4223	8076	3889	8892	8984	8348	2345	3654	3420	2014	5369	5654
2551	2447	6435	2080	1639	6275	2065	1880	6261	6272	2187	7417	6802
6581	4879	549	8804	11447	6359	4416	3538	4858	5627
250	1457	5016	1464	8103	11294	11156	11540	11739
1247	10287	558	2509
1019	530	2025	3884	4465	4350	4923	5016	2373	5395	4459	5228	2085	7514	9010	9490	8249	7684	9280	9858	7694	9690	5759	8241	8798	3941
4058	7552	8102	8778	8603	9183	8189	9100	8510	10326	11232	11522	11524	11526	11527	11529	11530	11531	4104
2623	4384	11096	2520	4033	3336
5185	1120	1924	1916	7983	3836
2303	4280	9730	10952	5824	5978	8125
6821	7022	5655	8818	11818	1721	11390	11742
2240	1130	3959	5629	8789	10081	593	2818	3347	3896	5411	7879	6715	10004	3551	5085	9022	9089	6038
647	3589	4933	4923	5226	5016	5229	5395	3063	6363	9100	9853	9700	10287	11002	11606	11780
2895	60	598	6342	6079
216	8417	8253	8382	8599	1543	9856	9255	11002
4394	2299	1937	7210	9760	507	6364	7907	709	597	2770	3296	3931	4811	8080	4269	8868	9756
1745	9109	9700	9773	9154	11283	11530	11568	8456	11496
5977	6222	10816	10488	8342	8837	892
4331	6258	10739	10777	11474	11270
3678	4434	406	5548	8374	8377	3525	1228	411	2107	11351	3613	11706
5512	541	4131	4485	10767	1939	3954	5814
4256	8724	1412	3460	1871
6983	655	1604	1842	550	1246	5950	5871	7009	1680
402	806	1822	1442	4478	822	4459	2449	402	2486	4617	4104	3138	737	1233	903	5799	3781	1268	5561	4352	9017
6370	4218	8615	2543	2989	6188	4179
2155	9300	2084	9505	10138	2352	7078	8410	8605	10249	11333	645	6724	7234	572	868	6598
3237	3465	3466	3398	3376	3589	4725	4730	4347	4923	5016	5393	6344	7101	8382	8131	8132	3503	9033	8211	9705	9037	10169	3164	9947	10637	10760	5834	10287	10955	11098	11185	11486	11487	11632	11399	11744
6083	3356	5681	5689	7362	9485	5427	8268
2678	7358	257	9294	1240	9954	11204	4782	10817	10818
4981	4724	4933	5228	5016	3515	5391	6343	7101	7796	8384	11185	11074	11439
5097	5853	2030	6799	7900	2403	1078
1472	4968	8343	11173	859
2555	1078	5141	2427	2982
2882	161	3454	1252	9195
1428	1331	1700	6012	6013	6014	8863	8891	1695	2345	6365	8361
4682	6834	10188	9109	6371	1258	8900	1643	8861
2237	4815	7864	2597	8662
3538	7903	4409	8879	9935
6809	4997	1048	866	505	1694	6199	3099	2432
1693	8916	10753	2085	4023	10289
1829	792	3922	10240	6822	7551	11399	6240	6353	6774	9756	2901	5516	10114	10751	6239	9784	896	3214	3223	5964	11630	912	1864	3200	6444	7005	9294	10805	11517	5350	11439	11501	11118	3441	7248	8676
151	6228	6498
2126	3398	3589	4724	1457	6077	6680	7541	6363	8779	11002	11041	11194	11528	11527	11255
4503	8253	8382	8779	9490	9281	9922	9947	9775	10169	9773	9854	9855	9774	10236	9733	10798	9747	10811	11736	11701	11765
26	7060	840	8736	9490	9281	10169	9604	9519	5291	9774	6729	10449	10618	10798	5782	7551	11524	9612	11735	11709
2525	8602	9064	9664	8736	10201	11074
4339	7514	1543	7585	8207	8211	8208	3166	7694	9659	9947	10169	9857	9776	10234	10760	3484	10633	10326	11185
516	9444	10236	10201	10759	9318	10976	8293	5782	10798	5834	10969	10169	11196	11098	11232	11378	11379	11286	11484	11602	4492	11578	11766	11773
6927	9125	9587	369	187	6240	1622
6425	11196	11098	11232	6410	10169	11029	11030	11031	11378	11379	11002	11255	11524	11527	11399	11521	11523	11529	11530	11531	5635	11194	11522	11526	11528	11329	11481	11576	11582	11543	11581	11578	2609	4104	5788	11254	10626	11740	11741
2423	10626	11107	4293	7485	9109	4294	7482	11333	7809	11661	598	3162	4694	10852	11569	9143	11382	5464
7057	10011	1284	2696	3685	3927	5378
2570	7830	3368	3501	9507	10738
4870	4702	3193	3506	5229	5230	6485	3164	9034	10798	5834
438	873	3679	7658	9178	9506
2174	2106	8824	2343	9151	2759	2433	9150
2138	6605	1009	4188	824	10192	6775	4341	6398	2309
6510	1053	613	10130	3243	7277	4238
2519	5011	5013	5014	5583	5829	4717	3261
1598	6112	5047	4864	6838
5773	4923	1457	5226	5230	5016	5395	5393	1624	8131	8132	8449	7514	8253	1543	10114	9733	10371	10633	11117	11185	11483	11522	11524	7918	9735	2903	2573	6445	11701	11136
1948	9019	1258	5685	9016	9017	9020	978
6801	9665	6791	4938	9029	52	6528
6592	1714	1547	4145	5309	9980	7325	1914	5607	7330	7332	9182	5399	10610	6649	9701	5564
2560	3164	9700	8242	9776	11511
6398	2385	5391	1624	7060	8417	3164	8409	9034	9033	8407	8763	8208	8249	7694	9700	9854	10371	10236	10955	10182	9154	11490
5329	9506	7164	3485	2357
398	7684	10115	6258	11281	11300	11270
1481	9109	9896	10241	7510	7512	4763	3096	8410	8411
2038	9490	7585	7684
2089	5699	5645	4418	5697	1103	2261
3961	1344	610	4730	5978	1542	3832	1930	1714	1708	1885	3781	3895	3058	5755	1880	612	1340	1373	4426	5837	3493
5092	2018	6807	2447
2469	7083	4174	7295	10704
3413	197	5379	4718	1845	5604	4924	204	3003	142
2400	5359	5803	6015	6638	6857	8616	9085	9277	9326	1261	1356	1357	1640	3486	3711	3960	4346	4430	5299	7202	3738	4204	4212	7046	7551	7557	10262	5034	1388	4794
5703	3202	8532	825	6899	7871	8973
5260	7187	1090	10418	10368	11056	5976	9558	1258	4032
4284	3884	4350	4923	1457	5016	6485	6488	7060	6363	8132	7552	3164	8728	9490	8249	9286	9856	7369	6731	10797	11524	11558
6400	6240	363
2872	1880	6668	5717	5977	9953	6239	5976	10368	1860	6601
6416	3150	3433
4557	8417	8779	9064	1253	8207	9282	9285	9279	6258	9922	7694	7629	9947	9730	10234	9444	9100	10976	10201	10014	9690	10798
1864	7060	8778	8779	8602	3164	10995	10289	5834	11098	6096	11544	11487
3362	4933	5016	7541	8132	8254	8449	8251	896	9037	1543	9033	9857	10798
5788	792	2488	1296	1625	831	1624	4938	3433	3628	8145
2780	9506	9011	8207	9109	9100	9947	10169	2115	10618	9319	11130	11131	6410	11232	11030	11031	11481	2609	4104	11578	6864	2573	11601	11515
3987	1150	7622	6987	8863	6989	8112	7973	7672
6217	1230	4319	4596	6814	5890	217	5682
547	10169	7629	4085	9254	10234	10236	9733	7442	10271	10798	5834	5782	7694	11018	9100	5781	9243	9747	10913	11232	11135	11527	11524	10793	7918	6096	11565	11566	7677	6446	11701
5678	4757	4758	8518	38	6824
2726	4185	736	1491	3749	4184
760	2447	8572	5084
2608	5016	5391	7102	7060	6363	8132	8384	8382	8677	8728	1856	9858	5291	10449	7918
1781	170	886	1886	3613
1964	2567	8755	7423	4630
258	97	7541	8602	412
2672	4459	1150	11028	8052	8068	4925	5790	9235
1267	3323	5226	5229	8132	8169	8415	8408	9034	7694	9705	6258	9700	9100	9730
5700	792	672	11568	721	3890	11393	2067	2068	2069
4523	7541	8383	8779	8211	8208	6258	9730	7018	10774	11307	10917	10918	11528	11530	10797	10793
3026	6979	6975	1116	4305	2234	226	752	4387
5219	1378	1877
5826	5665	5670	5679	5680	5684	6423	6671	6870	6873	7151	7337	7837	8293	9268	9760	11356	665	10378	2962	1450	4877	5351	7178	7533	8944	9680	9823	885	1339	2035	4883	6516	6571	7537
567	1933	2050	3548	8657	792	3349	3454	3589
2169	335	3144	3314	3317	4530	1845	5162	3108	6010	7060	636	6136	7541	8199	8254	11316	825	2155	10871
4032	2694	898	8208	9507	9868
5388	6799	6744	7431	1278
5890	11333	7574	8773	1421	1823
4391	8415	8253	8779	7514	9037	8407	8736	8573	7585	9011	8211	7683	9947	10169	9854	9855	6774	7442	11303	11135	6364	10915	11606	11632	11518	11768	10321
1700	4242	6607	8052	2352	9308	1545	8846	2939	3987	4259	8549	548	4379	8076	8909	2982	11140
5209	2447	4032	1263	1638
3111	3217	3376	3589	4702	4724	3506	4730	3457	5229	5230	1230	8449	8407	5834	11185	4104	11565	11788	11766
1809	452	574	641	3316	6263	10977
578	3503	1092	1102	8679	9037	6799	8596	8599	8976	5079	8189	8249	7063	7683	7694	8207	8211	4747	9700	9100	10774	8905	9246	10775	892	10794	11232	11378	11613	3759	11635
1958	4215	871	4448	1916	3965
4554	105	1026	4561	5819	9744	11568
5047	7764	8041	8972	1061	1093	6014	1071	8770	8841
509	4303	4459	5837	1624
3908	8207	9853	9947	2644	11056	9826	10262	5516	6646	7926	9760	9150	8605	6096	8876	10752	4955	5517	5865	6190	7970	11537
5010	7271	4091	892	6751
6023	1209	1223	2392	2456	4035	5418	1001	4459	112	1701	792	7365
4047	5016	5229	3932	6486	7683	5834
310	3711	3787	7468	8712	1961	3310	4091
6924	4718	76	2834
2820	6258	9100	9776	9519	10234	9690	10798	10567
1622	4993	1786	3101	5737	6185	5942	2365	4450	4544	3390	7838	9032	2366	2461	2704	5855	6184	9030	9031	10441	10626	9508	6445	10806	1361
5743	8634	3029	6620	10569
4044	3131	912	4797	6122	3951	1249
4584	1002	1575	2980	4234	4776
5349	4041	4035	2730	5284	3779	2948	10492	10287
3007	4280	1110	3454	4281	4457	5418	7295	9497	2017	5412	6497	6638
5737	3269	2133	4724	6248	2731	5393	3166	6687	8952	8495	6258	5976	9636	6445
2134	10798	10969	142	4032	10169	7892	11486	10793	11550	11606	11399	11601	10602	11508	11156	5384	6790	8903	9608	1827
65	5230	8103	8602	9852	9154	11282
1465	468	3403	4780	3976	69	4921	3375	7352	3904	11560	4401
4988	3434	1953	7284
319	1602	3362	4981
1984	4209	6615	3359	2328	9923	3711	11264	1148	2687
606	848	2025	4414	8410	5770	456	9617	9012	10017	4218	4178	4619	4144
551	3456	4933	5391	5226	5395	5390	5228	6077	6485	6363	3164	1543	9603	9604	9776	10116	10449	10798	10289	11399	11487	11606	11254
204	5090	5755	9704	5196	11154
1041	1443	703	555	1233	1454	6073	5898	5964	9305	7551	5178	9427	1791	10335	1503	7146	6792	8391	612
4209	4923	1464	289	7796	4192	8409	8197	1543	2071	6258	9257	9747	11288
765	5230	5016	1464	5395	1624
3233	2025	5760	8675	7570	6003
6104	2282	3013	5363	1700
4496	1937	3101	4467	4765	3696	3100	2511	2309	4094	5737	7468	3011	6549	7569	412	8999	8796
6697	8779	8207	7684	5304	11448	11194	11539	11579
6778	9153	5136	6755	7897	9928	10823	10230	8964
651	3745	3748	1643	1644
6418	10913	11307	11308	10918	10912	10914	10915	10919	10793	10797	11539	11543	11582	11329	11481	11576	11581	2573	11600	11601	10626	11742	11811
4228	5185	6852
6025	342	4209	2542
6796	6664	10745	10100	10885	9508
1310	1673	6506	3556	9951	3541	791	4170	2823
945	9854	9733	10236	10201	10618	10823	10976	11098	11196	10911	10915	10916	10917	11524	5635	11194	11255	11521	11526	11527	11528	11530	11531	11481	11484	11487	11581	10626
2706	9109	6192	7688	7248	5583	10427	7141	9444	2323	5837
4050	3568	950	877	807	2362	7925	1387
3448	3405	583	8817	10435	10436	9508	10892	9507	8376	2815	4966	1581
1356	1348	2374	5420	9448	9582	5895	6042	8076	9521	10085	7335	2717
2497	4800	6844	5715	3999
5685	308	831	2520
1408	8933	5383	6626	9639
416	10370	373	4939	8563
2816	4730	3166	3405	8132	9054	7127	8603	9490	8031	10169	9444	10287	10288	4035	11602	3164	10138	2081	10626	10811
3254	5442	5539	9765	896	4232	7265	10559
5786	5228	1624	8728	1432	7585	1431	9852	9100
2300	3554	9109	883	912	1860
110	364	1758	4222	4770	7674	4782	3018	8868	5689	4459	1058	1076	6238	6856	8897
3177	9664	9340	1156	7683	9922	7626	9947	5291	9444	6258	10236	9318	10976	5304	10798	5834	11074	10969	11379	11232	10797	1047	8681	11308	10794
1567	191	192	811	11226	7234
1192	4411	433	7120	1481	1860	6666
3138	4253	4280	1621	7217	1804
722	3466	3589	4702	3193	8779	9067	3164	1055	6258	10626
2824	5226	2279	5016	5229	5230	3516	1624	8132	8384	7060	8249	9657	9100	9922	9853	9773	9858	9518	9776	8572	9712	9733	8251	7442	10798	7022	6731	9243	11528	6096	11558	10811	11540	5067	6444	11701
619	1636	7838	3936	1287	5363	7545	7546	1653	4481	7664
5152	3808	8449	7514	8409	9037	9100
1760	691	4280	4281	7296
7106	3579	3794	4238	5162	7800	8731
2970	811	6966	8382	8603	8197	9490	7629	10061	11308	10793	10794	10797	7918
4838	1252	1860	866	4459	1984	1923	629	558	65
1392	4125	9150	9334	8837	8855	10346	7824	10647	11224
5434	6342	7146	5933	8616	7069	9097	4033	1697	8768	10774	4997
2466	3398	4725	6248	1464	3516	6484	3592	8409	9947
3381	3398	3589	4702	4724	3776	7035	9584	9664	8208	9100	10169
4860	5419	10418	892	10369
6105	4399	4686	1752	8662	10004	2183	3351	4709	4728
5005	1339	1348	2780	3290	6562
6447	5048	7043	10250
92	7796	8207	7585	9947	9856	5307	10236	10774	10326	10798	11185	11031	10919	11378	10912	11483	10911	11307	11530	11521	11528	11522	5635	11194	11255	11527	11529
5403	1984	2996	5129	2309	3322	6488	7779	7541	8169	8131	1860	6957	6958	822	821	7585	8728	7194	10169	2985
4332	7206	1578	2447	2889	10311	6404	1681
3557	9037	6592	8408	8736	1543	8679	9490	7863	7683	9947	9730	8510	7629	6258	10169	9100	10976	3529	6410	11290	10600	11301	11399	11518	770	6438
4871	336	339	340	2823	6865	7252	10266	10864	1384	1860	2545	4654	1208	823
3046	3193	3456	5226	5230	1464	5391	3932	5709	3592	7060	7071	8253	9054	8407	8408	8409	8510	9700
7107	9340	10236	2573	5788
609	3512	5830	7886
2677	3178	6376	5515
5131	4855	6003	6828	3997	4528
3732	4730	1967	7924
1698	4327	8333	8462	6957	7639
5939	5129	4569	10467
5168	5230	5229	8103	7541	8102	8779	9604	10236	10798	10169	6364
5313	5016	5395	6363	5806
2317	10780	118	9114	9645
2105	10104	3755	8112	9629	8487
3744	1726	1732	2284	4444	1096	5226	4286	4185	5839	6043	9064	10793
814	2290	6873
4972	5905	3985	11264
4169	3063	7819	6838	10376
3200	2191	2781	8348
6041	10483	2447	3302	11694	1745	6494	8122	11336	10523
1435	8417	8254	8251	8415	8679	896	8763	9340	10236	6729	10449	10289	11448	11270	11772
5522	3995	3999	4005	7424	6311	10251	8439	4385	4560	8100	8596	5977	4042	2195	5974
5043	8763	9700	9858	9772	7369	10955	5782	52
7062	11117	7017	9319	11132	9747	11098	11196	11030	11031	10911	10912	10913	11307	10797	10916	10917	10918	11483	5635	11255	11522	11527	11528	11529	11530	11531	11329	11558	11375	11650	11254	11399	739	11497	11664	11767
4489	2687	3306	4200	5217
600	1624	6485	8103	8169	8778	8779	9037	7694	9100	6258
804	10866	10854	766	2181	9478
5310	8376	1579	1580	11745
3401	1726	3455	5420	6342
678	3274	6316	10792
1569	3457	1624	3164
6969	2986	1259	1069	4651
409	8393	3859	9362	8616	2648	1593	9478	9168	4280	8204	4281	3055
2097	9358	8979	9442
653	1325	4392	4393	9476	865
429	1860	3261	749	4899	270	6605	9317	1288	4777	1481	6601	6486	1500	981	991	5932	9753
5958	7514	8763	10234	10798
3835	2274	6421	2014	2447	4157	809	1729	2257	1493	1899	2459	6377	5120	5719	9780	7452	1639	10335
2547	129	4647	3422	5457
5732	8302	5883	8566	8272	9351
118	5373	896	2048	6103
4399	226	895	2095	3323	4350	5226	1230	6077	8250	8602	8604	5291	5307	10117	6774	1348	10202	6731	10449	5304	9690	7721	10793
6610	776	1844	2267	4993	2326	5201	618	4017	4238	8213	3375	2464	3063
5696	3584	3562	2544	3541
6435	936	2578	3193	3354	5016	5125	7060	1340	5882	4279	9857	9518	10417	4825	5888
4573	5228	8131	8449	8415	9037	8407	6258	5291	8208	10637	9733	10116	11131	11098	10014	11132	11002	11300	6096	11490	11600
2079	10912	401	7647	8452	7551	10793	2770	7790	3725	3746	3565	7587	5568	1329	725	3551	6857	758	2085	5785	6880	6884	9102	10812	11254	6870	5976	7360	8551	11564	11566	11307	11439	2016	6869	6871	6875	6883	11788	6449	770
7078	7451	9064	9010	9011	9700
3273	3193	3323	3457	4350	5230	5226	5016	6485	7060	7859	8415	8510	9730	6749
130	3323	1457	5230	1464	5229	2270	7860	9705	7694	9100	6258	9947	9730	9444	10236	10618	10798	5834	11232	6270	741	7365	11578	738	739	6269	7386	7435	9196	10616	11709
922	4284	5513	6380	7178	873	8861	3079	10958	583	412	3761
6262	4847	9516	9998
1815	4136	3939	10169	9244	3107	1119	10287	10289	11529	4748
6687	943	2839	7295	1849	10227	8258
2852	2320	5125	5579	7469
5762	3877	8415	9067	7585	9490	9700	9659	10638	9690	7551	10262	10811
3731	4188	4174	2048	7836	1955	6417	7525	5120
3582	9102	4150	3553	9692	3117	6665	3829
5191	1879	6018	8415	9034
2131	4796	7996	9506	779	8737	6340
4658	4389	11050	11416	2217
2617	3376	3589	4702	3193	3323	3456	4350	4933	4923	1464	5016	5230	3515	3516	5226	6484	7060	8131	8254	8409	1543	8679	11632
5584	2394	10114	10115	10995	5123	11307
5154	5226	5230	5391	1624	6482	7060	7541	7552	6258	10236	11516
3612	91	566
2016	10018	7294	9003	10870
2424	1316	1576	1605
1695	8635	6798	1698	2439	7458	7097	4393	257	757	1034	1962	5304	1793	7569	5738	10946	10854	10898	11172	7273	8062	10553	8896	11133	1493	4247	1164	1490	8181	10841	1805	8442	5787	3965	4275	8990	11105	6433	3811	6063
6171	4405	4752	4915	5480	6102	6751	6752	6912	7877	1840	6750	2311	9981	9207	4032	3356	7677
6152	7441	10492	9507	10634	9957	5978
7025	5660	4330	7413	5888	7462	584
5282	6933	5899	5915	6205	5787	5649	3973	2350	7869	7602	7563	4126	9106	6238	1054	1411	1082	5067	1874	1681	11593	7781	11592	8677	6826	5819	3541	11016	9444	1296
3113	3826	4696	1868	8608	8487	6592	5524	883	488	8141	7417	5727	4253	5035	8333	4151	1490	1798	5971	10465	3229	3235	3241	3237
6688	5781	11232	10169	10247	11031	11030	11029	11378	11379	10918	10911	10914	10916	10912	10917	10915	11529	11530	2555	6096	2609	4104	11578	11254	11497	9574	11720
6280	3752	6342	6810	7575	8012	8666	5044	11259	2166	3630	9908
1073	868	2861
1207	974	1490	8765	8891
3916	4347	1457	5228	5226	5016	3515	5395	5393	1464	5390	1941	5233	8132	8383	8251	8409	8677	7684	7683	10113	6679	11098	9592	11524	11525	7918	11254	11702	4280
2731	3376	3589	4724	3456	1457	6077	3063	6484	7060	8199
2666	432	5829	507	8662	10610	4027
4992	5393	985	3792	2286	7060	8169	8131	8449	7552	4139	9064	9664	9859	2400	10976	11232	11531	2573	11399	11487	11630	11497	6185	5788	1827
298	3465	3466	3589	3063	3064	5226	8102	9774	10995	10271	5834	7721	10798	11029	11580	11600	2573	11601	11720	3736
6186	2374	5917	3589	8126	11070	9168	5746
1903	4923	5229	5016	1464	1249	3932	1624	6484	7060	7796	8199	8449	6483	8407	3164	9037	7585	9700	9852	10234	10236	252	7369	10902	10182	10449	10014	11283	11486
5323	9492	10342	9391	795
1269	1624	8131	8132	8449	8779	9033	8677	9010	4516	8207	2894	9699	7694	8510	9947	9109	9730	7667	6258	9444	10639	9707	5700	4518	10798	836	11606	10368	10418	8187	11156	11736
7051	1457	5016	5390	6363	8384	8250	8385	8778	8728	9518
4897	1901	11360	997
3929	9109	9507	9508	9727	8130
921	8231	3125	4426	4848
6941	9030	1115	2154	11208	2146	3080	5317	10337	1605	8551	10318
1145	5716	7096	11273	9365
6147	5709	6018	7796	8254
405	872	2146	5886	7265
1173	3398	4724	4260	1095	9100	9045	10288	4847	5572
2831	7196	2096	5904	9730	8377	9718	2746	10711	11254
1801	8923	1436	5670	1407	1416	2324	2323	428	1581	3816	6238	7129	8755	9481	9508	9607	9465	1601	5672
5672	8049	4667	5856	6389	3109
244	344	386	3501
4936	3589	3506	3884	3457	1457	1464	3516	6018	11378
5991	226	1999	4012	4045	4976	6457	4720	5907	9506	7062	9109	8356
3539	10618	5834	11002	3868	11576	9931	7018	3740	7265	11190
4720	5226	5228	3516	6077	1624	7060	6363	8385	9054	9067	9179	8211	9183	9859	9774
4091	5226	5230	7060
4854	3091	1074	4966	5775	1092	2162	4844	9371	9502	840
3790	2763	2764	9895	6814	9670	157	2765
752	4259	115	9957	3065	9889	9974	9445	5039	7039	7049	8997	3091	2028	4826	4393
5050	837	4032	2018	5635	10851	9292	6601	7015	5383	7848	8003	8181
1647	5976	9109
2928	1339	11361	198	5237
6292	512	5181	1099	8769	1327	7764	1375	8431	9508
332	964	6919	2696	259
36	1891	3351	9109	10367
4281	7293	11171	11179	806
1921	4270	7037	978	1064	8918
4782	3465	4724	4347	5226	5016	5395	8169	2165	6363	8131	9490	9785	7602	9281	10232	9858	10743	9506	11002	11525	11611	11490
2911	6380	5445	892
4223	4035	6003	5147	6001	6847	10313	892	11128	7130
7054	142	1235	1361	9521	6468
5568	397	462	5549	6035	3063	9391	9648
3892	851	5940	8717	8675	11491
4226	9853	6258	9733	10976	7018	5783
4683	8778	8779	8407	8409
743	9112	3368
7002	3630	4606	6395	1491	2057	6030
5445	3884	1196	1205	5016	5391	1624	6486	8449	7514	8250	11601	11600	5788
4515	6370	7814	1772	9325	11219
3099	1025	8254	8250	10955	11300	6364	11529	11485	11487	11606	9178	5788	10520	11399	11765	11771	11775	10092
2254	365	1174	4780	3366	8792
3840	669	2835	3921	5139	7367
3006	7861	2658	4398	10125	3999
6012	8385	9034	8763	7694	5291	10234	10955	11232	11287	11601
2270	1860	1998	5895	4868	4098	597	5019	5131	6486	8064	7417	6873	5350	884	583	9095	9346	8934	11057
3754	7514	8407	9037	9340	8207	8510	6258	9922	9947	9730	9518	9444	7017	7022	11185	11448	11528	11524	11530	11576	11329	11766	9734	10520
4827	3217	3398	4103	4108	3589	4702	4724	3506	5016	5228	5230	1457
723	4702	5390	6486	7541	7617	6363	7514	9285	7694	7625	7629	11074	6410
2082	8382	8778	8407	9260	8189	9664	8211	8208	3166	8207	9659	9282	6258	9856	9922	9603	7629	5291	10234	10995	8767	10633	10976	10271	10759	11132	10798	10567	11185	10169	11194	11525	11315	11550	11524	11583	11399
4401	781	5215	3059	563	6542	7431	7433	5604	1720
186	9730	9947	6258	10633	10902	10449	11018	9690	5304	10798	11130	11131	5783	11132	9319	9747	9326	4345	11292	11301	11286	11291	10803	4335	9735	11558	10811	11439	9929	10465	6444	1827	11675
3709	151	7764
5333	6484	7060	8131	8449	8383	8254	8251	8385	8779	9010	2113	9700	9773	10236	5834	10182	5781	11580	11490
5040	4484	10573	1747	7005
71	4409	228	1461
5544	3818	5865	10298	5978
7012	8210	10324	379	5429
1028	8415	9010	7585	7683	9730
3097	207	9371	6512	7925	5995	9799	11161	8820	889	5941	9502	11524	9099	10619	11492	423	434	3120	3542	4315
6672	7049	7165	4249	4532	6994	9026	3161	10801	1477	5138	6106	6508	6710	6724	7416	8283	10110	10547	10962
6081	8415	6162	7823	7435	5608	7136	2024	6104	1285	4069	8862	10271	9	10091	7366	1063	8750	6966	9557	3167	9196	10615	953	11550
6102	8147	5149	7953	1125	5838	6857	6744	3743	5389	1632	2018	3492	4225	5837
4173	10367	10418	3239	9558
3122	8763	3164	7585	6449	4426	7684	7694	9659	9637	10169	8510	9854	6258	8569	9444	7442	5834	11074	10798	11601	11600	11602	444	5137	7926	9701	8073	8473
4436	6049	78	5654	6176	4280
6842	2378	3063	1880	3677	5494	3804	3805	6262	1350	1363	1373	3492	1163	7551	3263	5820	792	3262	4633	5615	5860	4024	4218	3832	7816	7032	3229
2414	4724	3323	8679
1156	10202	8106	1880	5727	7015	11128	4275
2954	5208	1130	9383	2572
4095	5516	9858	3166	2999	6978	8220	7164	10262	5869	1046
5223	7849	3186	6055	9947	7629	10236	11292
2003	7541	9034	2613	8408	8510	9100	9730	9947	10201	10798	11108	738
6223	642	1299	88	697	4305	4249	219	79	2028	1783	2286	3111	2281	4847	4117	1575	442	2278	4990
4352	2019	6355
976	3348	9838	10313
3483	3308	463	3166
4651	4109	6933	9220
903	217	6922	8913	6672	5660	8456	9648	7106	3166	4969
502	10845	9473	452	476	8961
5268	1366	3354	2447	4811	1549
2718	4821	7642	8909	10655	459	1479	3356	5350	5818	5837	6168	7445	7897	8605	8677	10464	101	7744	8942	3112	3375	3532	5136	5812	6084	6189	7273	7907	210	531	4293	2786	4052	5402	11492	4409	5314	9366
641	1624	6488	7060	7541	8131	7071	7514	8408	9034	9174	8407	8208	9340	9260	8207	9947	9659	6258	9730	10115	10638	10289	11185	5781	10919	11526	6114	10811	11766
6191	1916	10555	1258	2448	3232
1764	8417	8251	2016	2017	2032
1137	4751	10118	486	5369
1926	3193	4923	5226	5230	5611	7060	8254	8415	8253	8382	9037	8763	9260	8208	6258	9519	9772	10902	10449	11185	10916	10919
4175	4268	4904	10844
5873	5228	5390	1624	6485	7060	7541	8132	8131	8254	8382	8415	8385	8778	9067	9037	2557	1543	9011	7683	8510	6258	9947	9922	10169	7629	9519	9774	9733	10976	10638	11185
2883	4497	6699	5932	4724	6689	8959	9067	8662	10634	831	1885	6224	9283
4127	6680	6363	8383	8677	6912	1483	11568	9656	11439	2579
1439	1860	5583	9869	1866	1046	11697	2447
1169	4514	6116	7015	3166	10594	5442	9987	7415	8352	11344	8391	9055	11341	4560	5227	7164	8220	1732	4917	7570	4385
428	3243	11227	11596	5837
4587	4702	4725	4730	3932	990	6485	7101	8407	8408	8598	9260	8736	8211	8208	9700	9775	9773	9772	9712	9774	10236	6258	5834	11284	11286	11484	4280	11770	11791
5177	5823	6239	6676	7136	10624
985	226	3376	3466	7514	3164
4600	825	1273	4156	912	8583	9074	7417
3749	10497	11130	11132	11098	11196	11232	837	10247	11029	11031	11307	11378	11379	11030	10914	10912	10916	10917	10911	10913	11481	11543	11582	11581	11578	11254	11515	10647	10711	5788
2688	7532	4942	8553	9555	1915	7129	11172	8179
3218	9701	9700	9775	5308	6258	9401	2532	2362	6894	10182	1249	5094	11292	6751	1258	10443	9339	7710	6096	226	1679	167	4426	8619	1166	3125	11399	10811	11439	6443	6445	11791	5730	912	5729
5668	820	10255	5076
6013	6188	391	335	11336	4217
2283	792	3157	9781	9690	11130	10798	7017	11132	5783	7321	5831	10247	7145	3225	11210	11329	11576	10480	11558
950	10	4737	3857	3860	5838	1714	1252	9664	9100
1737	6614	6616	205	7572	8931	9151	1348	6613
6072	10268	6109	9301	2542	2555
1518	517	9850	11343
1992	1637	3112	8473	2554
329	10262	10242	6454	912	1258
4499	2180	6569	7121	5015
1401	3694	7735
726	3243	3767	7897	9266
4354	4517	8230	2447	6438	6444	4516	8378	2919
3017	9054	9174	3164	8409	8407	9037	7694	8242	6258	5291	9319	586	11232
3055	648	6023	7519	9490	9505
6291	4791	2745	2677	1459	2892	5873	6469	8544	8545	8546	2680
3896	6415	5171	7415	3451
2618	7637	6001	7354	7824	354	9154	5470	10458	5670	5696	5652	1860	4847	6486	1681	2035	2534	2387	1046	2939	1064	2085	9640
2372	3192	4035	6027	8220	4532
1461	3535	6353	7219	386	6537
6464	3492	4980	11018	5459
1363	3511	797	2204	5161	2265	3147	4035	3473	2291	8373	5947	5996	8225	9109	3165
60	1859	4414	5663	5684	2373	11222	10839
6489	4794	275	1759	4413	5531	9411	5049
3058	3157	8606	2447	10249	3375	8605
6183	9551	5184
4260	8017	896	419	2145	3637	11692
7102	1624	1475	4847	7238	7240	7244	7060	4225	8473	8474	8736	9183	11565	11566	11567	2023	1694	1697	7919	5152	4571	11791	9669	11822
546	1900	2420	6030	307	308	6911	7534	7904	2520	4025
594	10381	10369	10729	9745	2707	10684
1623	6470	5176	7559	6738	6844	8112	8237	9506
6430	6081	5769	7758	592
5285	1358	1351	130	1359	1339	2772	1194
3940	1177	1392	2895	3797	7045	7572	7848	505	3666	6498	9225	6042	4979	6077	1527	2690	2673	3952	4600	6125
4603	3883	650	5294	2930
6936	1860	10755	1020	3614
917	8755	4352	9756	10963	9714	892	3403	3513	7477	8764	9526	10485	10487	10569	10888	11507	1054	1271	4094	4393	5859	6294	8258	8288	8334	8705	10852
849	3466	3398	3589	7541	8415	8417	8778	7796	8169	9604	10113	11744
5853	5054	3023	10442
560	3778	7873	9670	5582	5580	6961	3843	10028	5516	7006	912	3808	5117	3336	7840	11568	8029	1502	6706
2279	7950	1348	5548	8886	8888	8889	37
3279	2269	2855	4923	5395	4411	1624	4979	8199	6363	9603	7629
5021	9582	9448	5185	6378
6003	800	7800	10807	4865
4199	7268	8475	507	2734	7572	9558	10008	5454	7798	8011	8064	8837	401	4938
257	1055	2555	8900
5838	10418	8777	9197	1049	8410	8411
2614	5865	691	7270	716
6032	7245	5677	4206	10754	9913	7728	10367	10368	10702	5691	8316	10730
4065	1514	5652
7027	289	112	1479	3823	2747	4164	1348
4012	909	3351	1951	1892	8839	2770
5119	8417	8251	8253	2951	2991	8604	9064	3164	8573	9183	9100	9700	9730	7629	10234	6205	9243	10182	10798	11232	11002	7918
961	8705	5368	4032	6839	10475	11075	3381	6878
1486	4664	2319	6653	6478	3756	4471
6954	1182	5289
6160	1903	981	2852	5697	5622
2029	3456	4350	4933	5226	5230	1464	3515	7101	7071	8251	5452	9100	7864
6369	3333	19	3395	3236
1280	5217	2687	5921	7038	2280	1052	10079	10793
7042	6299	7068	3409
3496	8408	9037	9490	7684	9700	9853	9854	9603	10234	9733	6729	10182	11185	5781	6730	11098	10916	11135	10797	11521	11522	6096	11484	11540	11516	11782	11765	8225	11084	11819	10092	1825	9799
2092	3658	1261	6410	11485	11486	11521	11529	11270
2005	2759	5837
262	10313	5414	2267	3111	8896	9380
5150	2720	560
5831	9435	11810	98
1879	6419	4975	1506
3079	8779	896	7694	9775	9251	10277	9319	11270
1509	1301	2704	6367	3164
2680	7551	811	2282	4274	5017	5439	6007	6014	6031	7430	7764	8725	9066
6955	4809	5865	6651	742	3000	5840	6096	6204
5023	4102	5501	1678	3918	4122	9689	10240	11361	11444	9539
1969	1372	2250	8374	10364	1374
1960	8728	9700	10182	505	11284	132	11515	11782
3769	5976	7974	7926	9508	8541	8783	9666	8487
5523	1020	3613	6604	7250
6724	8220	10718	7164	2014	8123
3542	1701	1900	1916	2353	2370	4372	7638	7637	3351	5814	6013	7149	7764	9338	5733	9257	9976	4934	10363
937	1090	6790	572	2023	2362	6674	1475	4286	7295	2408	2031	4238	5369
4312	4902	5671	2443	8834	5677	8837	8071	5707
2979	3972	5601	4295	4435	1562	4396
3247	7779	7101	8132	8417	8408	8682	8598	9260	8728	6492	7684	7694	9922	9947	4085	7626	9255	9730	6258	9712	10201	10798	9690	11185	11098	11583	7918	2609
2132	825	9833	7952	7956
1185	10046	10604	10996	637
1259	1277	1284	1287	5546	9780	1244	2317	3613	3380	6653	11263	3711	3072	8551
3245	10236	10759	6774	10902
1875	1941	2552	2781	7248
366	9773	1502	10579	883	4035	10116	10907	8596	10637	3166	10400	10760	10850	10418	10289	8278	10288	10182	8966	10287	7018	10798	11196	11285	6364	11399	11530	11524	11484	11481	11606	11613	11487	11578	11156	10626	11632
2673	2284	1041	1496	6016	1660	3063	2379	6222
1281	70	5339	9929	7838	2770	6718
4100	3871	7089	912	112	9506
6816	123	160	216
2361	2024	2830	622
5552	6957	6483	9730	5557	11290	11293	11289	11600
4079	8657	8865	892	4560
1972	3735	822	181	872	3542	1026	6225
70	8903	4796	1968
6005	10182	5304	10823	6603	2453	11264	10919	8681	11568	6096	10811	1481	1860	6578	8210	1653	5294	11739	11515	3236	10520	11518	6446	11701	6996	8989	11440
3460	3884	4255	4923	1457	5226	5228	1464	5016	3932	5393	7541	8407	9519
3204	4553	8487	9109	250
554	3248	5976	6900	363
2440	3019	89	3468	2657	1602
6031	11602	6731	7647	7022	7150	10639	9760	10306	2014	5646	11740	4280	11496	6873	8459	8263	6880	5730	6884	11742	6449	11701	6443	10014	10647	11749	8714	11675	10711
1682	8417	7071	8253	8604	7782	9064	9037	7684	8207	10169	9857	9852	9855	9100	9603	9947	10236	10238	6774	9319	10271	10326	10449	10567	7551	11524	10811	4280
2603	8145	6996	7417	8927	10603	6563
899	5228	9340	8207	8510	6258	7694
6626	1087	629	777	3101	6321	10634
3739	2390	8391	9290	3067	6799	8842	10704	10216
3190	7779	3903	4995	8103	5013	7541	5011	8415	8779	896	9037	8408	8679	7585	9340	7683	9659	9922	6507	9855	9852	9730	5291	10125	8664	8741	10271	8805	11448	2573	11558
288	7060	6363	8382	8598	10633	11486	10387
1049	7796	7071	8385	8602	8677	8211	2898	5788	11602
4	11485	10280	11484	11487	5976	9735	10578	10302	395	10419	10626	2726	347	3905	8832	9507	11704	7018	10493	11515	11744	11782	8675	10932	11136
7021	2099	1165	557	21	978
2264	5509	306	1755
6706	4235	6363	7514	11542
3798	8499	4389	5838
6269	6140	4687	6651	4709	5821
331	5880	6508	6594	11128	4944	8947
4303	5993	7879	2946	2756	2947	2982	3336	2049	2233	10049	753	8406	11726
6379	7071	9260	3501	9733	9735	227
334	11432	9710	11435
6817	2408	1639	6625	10370
1305	746	141	674	931	2378	6225	2823
4638	5391	7060	8254	8251	8382	8779	8385	8211	9037	9856	5307	9776	10014	10326	10169	11524	11525	11540
602	7186	4042	5978	8487	9507	9744	9913	8939	7570	6001	10626	10967	758	7877	892	2195	5977	8325	10368	10073	10106
403	1027	3096	3365	3993	6312	9100	6247	10287	10774	10288	11621
5761	5010	5184	6155	10909
6730	5228	5391	1624	7796	8131	8415	8253	7514	9664	7694	10169	9775	9773	9947	10236	10995	10271	10639	10759	10014	10798	5783	10238	5834	9747	10793
4077	3456	4923	6680	6485	7796	8384	8251
3817	4426	1046	7452	1849
5136	2687	5217	4032	5922	5923	8428
2499	809	909	10581
1941	1110	1427	3919	162
3643	1249	5391	4285	6077	1860	4358	7060	5976	8602	9340	1034	11487	11606	1847	3655	2188	1020	10287
3241	3880	9922	935	7551	3362	1974	3361	8048	257	1982	4263	8518	208	6265	6431	9131	1252	1599	5439	10809	1720	1343	1581	7182	11173
4090	45	4753	8018
5211	8325	6268	119	4023	10418	1780	4837	7099	9615	562	4938	7701	7586	1112	3336	7471
3858	7560	8228	1340	9212	3973
6279	8417	8778	9700	6258	10182
6995	3456	3884	4923	5391	1624	8384	8778	9730	212
4188	5647	170	9645
4371	8069	9871	3243	6549	8333	8264	5823	9261
167	9509	10026
2301	5768	9506	7049	5775	4553
960	1860	6638	821	9775
4899	2630	540	8916	892	2126	4849	9109
6305	4117	9577	918	8900	5865
512	1781	885	583	7046	10681	2434	3716	4265	886	6496	7477	10968	11002	9232	6638	9017	9019	10199	3952	11399	6342	11321	2270	1009	11496	11788	6443
5739	1849	5418	9398	10945
4370	8417	8602	896	9340	5834	11289	9154	11399
5944	8539	9151	601	608	3233	4864	1177
5920	256	276	277	1870	275	1073	1078	1099	10145	11569
5848	892	8105	8488
5373	9490	6492	3149	9730	8240	9100	7625	7626	10995	6258	836	9557	6096	7365	739	7435	10811	10615	11635	11735	11709
4192	8417	8778	6258	9947	10798	11399
7138	4248	1851	6188
5967	1348	2298	3100	4768	1624	5120
3187	2447	3999	1638	3711	7380	7481	9209	1020	1681	5261	8836
3674	4264	69	6983	8547	9109	7180	6021	6454	6568	8929	1165	10008	3015	5247	8654	8938	3968
3737	5226	5228	6486	8132	8131	8250	7694	9700	10371	7369
5775	3956	4899	5182	9940
4785	5286	6013	870
5436	1624	7541	7864	8169	8415	8250	8602	9067	8728	9183	7683	8736	9100	3097	10760	10798	8681
3380	3891	8322	9764	6869	6879	9351	10707	5716	3262	4032	4763	8257
4512	1987	9660	4861	9308
6527	7514	9154	11448	11300	11523
2838	1660	6343	1624	7779	8132	7864	8254	8382	8449	9067	9260	9100	9603	9286	9772	5307	10201	5782	10798	11232	11740	11741	11771
3909	6728	3516	7569	7060	825	6645	5977
5621	3864	8415	8251	8603	9037	7585	9260	10371	9319	5107	11284	11289	11583
6153	4981	1860	6454	7570	9953
943	5230	3516	5391	1624	6484	7541	8131	6363	8417	8415	8603	3164	8679	8728	8763	9010	9659	8510	9700	7694	10169	9100	9730	9947	6258	9444	10955	10326	10618	10798	5834	11232	10793
6728	5016	8384	9100	10798
1614	6214	1834	5181	5504	6953	8028	1054	8834	3587	3015
1521	6481	4035	892	9414
1743	6713	7557	7421	7828	11086	5437	4389	7851
3847	3426	7720	9325
984	42	3619	8911	7793	11229	6438
5564	6484	6685	7796	11280	11282	11300	11399	11156
2962	2768	6811	4844	1356	1645	1365	9179	1650
5305	7853	4289	7863	795	6125	6337	10880
421	4035	2938	8417	8254	4032	8797	6624	9700	6258	9730	1845	9182	10626
2950	6680	7514	9260	9730
3587	5785	1214	7168	6653	9507
5779	6648	10775	2894
4738	8250	8382	7514	9034	8677	3164	9490	9637	9100	8510	10169	6258	9730	10371	9519	10637	9733	10114	10014	11550	11511	11782
4411	9497	669	4106	2408	10769	3718
2582	3384	7677	1860	5083
1701	3709	2540	6301	8600
2343	11333	9054	135	193	777	2946	3743	4285	5185	8413	1632	10266	9842	4470	4564	1720	10768	11142	11783	11335
385	4923	5229	5230	1464	5016	3515	5391	3932	7060	7779	8408	9472	8728	7694	7683	3164	9659	277	278	3066	5318	6774	11600	11766
5596	4898	4897	3102	3104	5897	4748	9054	8762	10286
5936	4028	4447	1379	4868	10544	10608
5289	2590	3007	3340	6046
6346	3589	8449	9033	9037	896	5291	8767	10618	10449	11524	10794
4453	7781	9090	3911
2146	1154	5815	2701	6054
4598	11062	11403	1310	6239
896	8211	7683	9705	9859	9700	9773	9856	9858	7629	9604	9772	9776	10236	2323	5369	10798	3075	5834	11232
2308	6716	2971	5643	8913	9164
738	5835	1421	3496	3375
5034	445	7602	6401
6903	7907	118	365	9333
2951	9004	1378	1438
2437	5725	792	2447	3896	4727	5601	7551	8391
5987	1079	3787	6931	8016	800	812	273	131	7348	10470	7559	271
5013	4182	1734	1642	1653	1030	11324	7764
683	2365	3100	3101	3452
3223	1808	1231	1792	835	2095	8624	2290	493	4490	3514	682	7636	342
5950	130	9243	11098	10798	11185	6106
6154	1132	3178	7064	3368	7561	2130	9836	7949
3317	10915	11029	11030	11378	11379	10912	10914	10916	10917	10911	11529	11399	11521	11527	11530	11255	11531	5635	11329	11481	11581	11582	11600	738	739	741	2573	5788	6269	6864	7386	7435	9196	11254	11497	11601	10616	1827	11768	11701
5735	1249	5395	5399	6017	1077	9490	10902	7721	8663	7082	6449	6438	6446
1222	1943	10378	2161	8983	1601	1602	10359	892	6404	9747	11002	11298	10794	11399	11485	9846	1960	5977	11484	11568	11606	9802	11487	8755	9507	9745	9974	1062	2107	2281	5178	6739	7187	7988	8596	9955	4011	5909	11744	3030	4492
2062	3858	9575	2128
3831	8238	5363	6674	11210	11326	11337	11339	10476	11209
1776	7541	8383	8677
6604	548	1166	4280	5549	7333
617	6248	3457	3456	5226	5229	5016	5230	8103	8207	9859	9444	7694
3063	226	6739
3433	5228	5226	5016	3516	5395	5807	6077	6488	478	7541	8102	3164
2206	5943	10798	11002	11291	11486	11399
22	5328	142	1041	1177	5244
436	8779	9054	8677	9664	9852	9518	10774	10995	11515
5876	4150	1710	592	9503	2491	10307	8685	11794	11187
5224	5038	9167	9927	10029	8996	8997	7307	1011	1466	7797	9031	9534	1506	2062	8411	9109	10426	9635	2823	823	9923	6700	7017
4631	8931	1179	1960	3613	3973
1152	6487	4929	6398	6016
3955	9521	8417	9700	9922	7629	9772	6258	10236	9733	10760	10774	9318	9243	10238	10288	5834	10182	10798	10969	11232	8681	11302	11399	11485	11487	11606
2559	5975	3395	5978	10103
5527	7951	4151	5579
5486	4692	587	1208	123	5560	3327	9131	7670	8377	6980	9260	4104
4616	2985	314	3613	4396
5859	8211	9100	9775	9773	9733	10236	6774	10955	5834	10169	11291	6364
3134	10461	10293	10459	10296	2317	6652	10081	1438	436	696	5777	10460	7610	877
3408	4046	4039	1233	991
3590	1043	1044	3648	7792	2583	4985	334	10791	8890	1039	4076	11018	7892
177	672	2376	4657	10175	477	4248	7485
2709	6921	8264	4087
4479	8254	9947	9444
5529	3677	737	3388	4459	2208	3719	4300	5206	5295
1090	1464	5016	5391	1624	7617	7796	8415	8417	8385	8407	8409	8763	9947	6258	5307	6774	10955	10449	11232	5781	11640	11270	11601
777	1959	1457	5230	5016	5229	3592	1624	7796	8169	7552
6040	732	2447	2815	4035	7168	9745
1479	6363	9033	8189	8510	10014	7017	10288	6364	11485	11041	11270	11613	11516	11744
1733	4064	4091	9432	3368	5068	5143	4280	10628
593	3832	5557	4709	3833	6928	3188	2224	2508	4856	7800	9996	10626	3492	3613	4023	4431	11271	2048	9303
5389	8383	8250	9054	8189	9490	9922	9730	9603	9519	4241	6089	11304	825	11129	11791
49	5506	4532	59	10234
6528	3193	6282	6484	9037	1543	9518	10902	11002
5293	1464	3515	3516	8778	10287
362	226	540	4312	4049	4778	3063	8494	5977	8605
313	6478	6479	9294	2284	3243	5863	8865	10544
3970	3687	2138	2299	3114	1130	2286	3096	1581	1601	6211	10181	1404
201	1883	2736	5290	5995	1481	5899
3085	5363	6693	8239
1306	8528	10716	8831	5911
1999	1529	8055	6814	1405
2940	2025	4041	6928	3999	8924
1668	9988	5048	6824	7841	7838	8826	2192	5047
3130	1064	5363
4764	4702	1457	5226	5229	1624	7779	896	8254	8408	8409	9037	6258	9856	7683	7694	9855	9243
6810	2272	1849	3780
3477	4558	1457	5016	3516	7060	8778	3164	8407	837	11281	4104
3328	3776	4923	5230	7060	7552	10955	10797
1947	2728	3884	2804	2513	5395	3909	831	1266	2024	3682	4438	6483	4794	4412	7959	10976	8681	358	1475	2252
3864	694	1240	4322	1825	2923	1244	1827	1682	1622	4716	5837	3670	1292	2493	5113	3422	4135	6506	4139	6006	4714	5963	6546	7708	7058	8135	7605	429	597	3551	9290	3663	8371	8622	9361	1591	9038	8885	2524	458	7610
6932	7629	6258	9947	10271	10618
6577	8006	6624	4177	4507	7646	8991	5903	3079	4237	4620
4522	4933	4923	5395	1624	7060	8449	8779	9037	7585	9011	9281	9947	10169	9100	6258	10271	10798	5782	10289	7918	11399	7435	11606	11156	11688	11689	11782
4693	8415	8250	8211	9659	9947	9444	9774	10236	10371	9733	10760	6096	11635
121	2301	142	10032	193	1046	2390	7744	6139	8861
2779	10637	9850	3351	1397	4077
1513	1072	5639	3039	2388
4108	8254	896	9037	8763	9490	9859
2451	1120	1020	392	3323	2139	4573	1703	1563	4932	2368	1297	4825	4695	4651	504	6824	4649	2204	7211	1127	5300	3550	7034	4148	2301	3310	2549	2790	2471	3686	3551	928	2500	7473	5182
5392	1301	7271	9337
5149	8132	8604	9064	9100	7551
3954	540	7447	8596	8975	10748	5618	10749	7811	2270	6963	8597	11633	9490	11447	11399	11613
3087	4293	5677	6508	5261	5655	8838	9097	4998	8866	3827	8064	5814	10704	3390	4556	3657
4813	8761	8762	6883	4232	5460	2174
994	9730	10618	10976	11300
4142	8679	9340	3166	8510	9947	9730	9444	11131	8787
6723	3539	7781	8616	2888	11569	6308	11536	10852	9966	6724
4021	3466	3589	4725	3323	3457	4347	4933	5228	5229	5226	5016	3932	5393	6077	1624	6486	8169	8383	9037	8599	8208	9856	9857	10236	10371	10014	10618	10449	10798	9319	11524	11765
2210	7104	79	576	2766	1422	2009	2014	3455	3711	5573	7704	7944	11463	97	1421	1492	1795	5255	9040	10791
1697	10798	11098	11196	11526	11528	11529	11530	5635	11255	11527	11521	11522	11531	11647
6985	7779	896	3164	8407	8728	9584	8408	8409	8510	9853	7683	7369	6364	11736	4280
6403	6724	10353	4330	6802	9485	7234
6472	9174	1531	9037	1543	1139	3639	9700	9856	9858	9922	3919	1964	6258	9947	1564	10234	1395	10618	5782	10798	11002	4104	11439
709	11521	11523	11526	11525	2781	11254	4452	9935	5450	5449	6231
1225	4488	5870	6613	3127
2090	9033	10117	10114	7721	5834
6234	5823	5129	9616	1412
4275	4331	3929	8122
4843	37	2024	6306	6416	8001
6548	6039	6699	9590	9731	6058
6323	1860	8384	7552	8449	9037	8207
1250	4088	1977	1989	9692	4353
3799	3589	3506	4923	5228	1624	8132	7514	8573	9922	6258	7629	11074	9243
4964	822	3493	8920	9308	5171	5181
458	2374	6040	6151	7624	2072
1897	1624	8449	8254	8385	8679	9037	9490	9011	7694	9285	9286	9603	9947	9604	6774	9319	11194	10600	11481	2573	11601	11602	5788	11270	11632	11720
4824	5226	2986	5395	1624	8763	10236	10114	3658	9775	10760
5885	1147	4516	1156	1622	5913
4973	3977	2498	691	4280
2761	6957	7894	8637	7780	629	820	3590
5167	6343	6486	8254	11308
337	7864	8199	1765	8254	8778	8407	9037	8736	8189	8208	7683	7684	9281	7694	8510	9922	9947	9730	9856	9254	9444	10234	3472	10201	10798	5782	11098	11232	11550	2573	11632	11540	11767	770
4569	1257	1140	3492	3833
1615	9011	2153	2828	1589	6996	9879	822	6096	10379	4285
1272	11162	10574	9485	9841	239	1227	7897	8543	10089	4061	10698
401	2280	4436	6094	5921	6237
5065	1020	2052	2401	3096	4636	5022	8729	9174	4467
4808	3816	3782	2891	5870
6887	1984	2604	6102	9010	8235	2125	4462	8207	8208	7683	9700	7694	6258	10236	10903	10182	10798
2256	2374	5199	8417	8778	9037	4294
5733	1860	6077	6484	8254	8745	8208	7694	9773	8743	5834	6189	6096	2942	9735	11511	2573	5788	4280
5782	10262	9788	10603	10604	10631	10996	9843
6806	6145	6138	4700
5938	5825	3716
4358	10759	10238	9318	10976	10823	5304	10271	5783	7022	8787	10798	9690	7017	8293	5780	7018	6730	5834	11098	3832	763	11530	11528	11531	5635	11255	11576	11329	1258	11497	11736	11501	6272	8567
2355	6811	1258	9043	10610	10655	3368	11121	4091	11229	589	2301	7762	400	448	802	2352	6385	6986
3354	792	6631	2270	4790	6633	7086	9490	3514	7321	10197
4960	5016	8169	8779	9037	1543	9859	9852	9857	10169	9604	9603	10371	10976	9319	10271	11185	11002	11284	11302	11525	11544
5587	194	2146	2154	8601	2158
6440	4018	4020	4577	5813
4005	7060	7796	5834	11529	11399	11580
650	8510	9700	4098	1502	10688	5074	6512	741	11313	852	10733
6187	6583	1268	7265	10412	10679	4890	4942	8746
6797	2815	8778	9037	3164	8728
6079	10129	3050	10514	3593
2332	7035	7060	7071	8250	7585
4235	7060	8208	8207	8211	7694	6258	7248	2662	11131	9690	11132	8787	11130	7651
5319	5709	1624	7541	8417	7101	3164	9947	6258
1085	2986	833	1456	2166	4250	8231	11625	3847	3849
97	3522	7248	7938	6309
815	4923	6483	8207	10798	2317
769	2512	2516	5228	6018	6017	8169	8132	9033	9260	10236	10760	10169	11232	11531	11530	11580	10520	1827
4212	9700	9857	3658	825	11568
2344	7569	4218	3000	7862
7024	63	8557	3166
1067	7248	5716	5034	5470	8796	7951
1843	3700	5906	5933	6336	7781	8616	330	1722	4079	4081	5346	6335	6337	6338	6957	10032	8070	8903	5438	4938	822	8987
1769	2456	1830	969	1614	1616	3096	3508	1233	2897	2026	5821	6483	3480	1612	6960	4951	5155	7613	4478	6531	10582	11529	6096	10040	11736	11439
483	4987	7680	5766	9081
3511	8132	7864	9064	9037	9444	10169	9947	10271	836	11524
7090	8131	8132	9034	8602	9490	8779	9037
3199	9064	5439	8408	8510	3336	5308	10368	1020	5978	4446	8060	8837	9476	142	6751	9923	11526	11472	7717	11568	10816	10626	11439	11744
919	704	4901	505	5837	7101	8131	8449	7514	9010	9858	9853	10236	9747	11298	11601	11600
85	11196	11098	10169	10247	10919	4091	10600	10911	8681	10797	10918	11194	11529	11530	11550	11481	11544	11581	11582	11041	11329	11539	741	6270	2609	11578	11254
1797	10730	11187	2607
4071	365	1539	2418	2495	2542	7361	8937	9247	9288	7840	8932
4172	2313	2102	4272	3599
2432	9109	7129	9564
6048	9691	7661	6531	6923	2069	8747	2489	9809	6530	2041	2276	407	5237
5193	1624	6488	7060	7796	9859	8207	7694	10236	10976	9318	8293	5834	11232	11582	7130	8325
6964	8449	8250	8385	6873	1543	8763	8211	7694	9700	9947	9773	10234	5512	5513	10236	10760	10238	9318	10798	9747	10169	11530	11531	4104	6096	11558	11481	11567	11632	5788	11439	1827	11766	2931
1634	3783	2191	672	7813
4807	1916	2083	8703	3504	7589	9977	9292	10795	10804	9476	9967	10797	10793	8298	2687
7016	4771	6724	8433	9210	7340	614	3243	3336	4938	5691	7726	8446	9444	9448	10112
4193	8250	8415	8408	8602	3164	9260	9011	1327	7694	1602
6625	5016	8415	8383	7036	8385	8778	6729	11543	11544	11583
6065	4702	6248	4730	3193	3884	1457	5229	5230	5226	1464	3932	5395	5393	6738
4622	2373	7308	7376
4725	506	1214	7052	5886	6244	215	1095	4205
6058	4896	6645	1391	7237	4234	6643	4116	1394	5415	3164	4431	4623	8730	9996	3693	321	3228	3348	8398	10463
634	7215	2676	8352
4750	10626	3896	6088	8616	7016	7833	7262	8171	1009
274	9109	4532
3136	3987	4191
5475	1828	4933	8103	8763	3166
2447	1771	360	7521	6322	7743	10702	9507	2247	4735
1291	1916	9264	9109	10626
182	9490	9100	9852	9604	7629	7022
6307	3514	7753	8207	9444	7694	9730	6258	9712	10639	10798	2399	2468	9735	1916	7366	7365	5217	11565	11516	11735
636	4621	7683	7680	9700	6619	6184	171	645	4125	6624	11601	5788
5884	5474	10418	5145	10430	11276	11698
1300	784	7891	8153	3607	5716	780
3517	1860	3368	3501
616	2028	1608	10889	7466	11457
2114	4263	7398	876	6957	3483	4225	8473	511	4223	8189
2689	9582	7875	3876	7677
3068	5034	3987	6531
4834	1995	5896	6211	2309	6212	9656	7311
3829	7781	5573	7321	374
6673	7659	11131	11281	10794	8681	11255	11550	3690	9168	11254	11164	11564	11566	1827	6443	11772	1825	10446
4045	5550	8432	9940	1984
457	5395	5228	1624
6122	10994	61	6147	416	507	1125	2321	2791	5528	7641	10049	10050	10590	5287	896	2299	2872	3775	3832	5573	9102	502	2770	5083	10791
3047	3259	6657	7623
5485	7781	9399	8616	11200
3083	8253	8778	8409	8408	1543	7585	8728	6258	10169	9856	9604	7629	10236	10760	7442	10271	10823	5782	11185	10798	11255	11522	11544	2573	11490	11496	4280	11741	1825	11773	11775	10446
2564	5865	8842	9151	4399
5837	2447	4499	244	13	8943
5283	411	3003	7102	356	4665	3164	9100
5355	9953	7987	5010
5203	4239	4484	9506	892	4448
3862	4014	6000	7233	9209	3980
3880	11306	1865	3999	4385	7973	8112	8220	4560	863	1864	10251	7031	11168	7747	10248	8826	2539	2688	5978	6649	7310	7992	127	8512	6718	11669	3901	452	10318	3169	11211	8243
6427	5228	5230	6482	7101	8169	6363	7060	9730	6258
716	2148	1053	4292	3166	1505
6770	7694	9730	9857	9733	10639	10115	10637	10955	10823	11185	11098	10326	11232	10247	11525	11308	11287	825	6364	11527	11530	7918	11487	11606	11558	11736	11744	11740	9734	770	1827	11675	11118	11399
1295	8254	8382	8385	9584	7659	10902	825	11528	11529	11399	11487	9735	11568
1434	1984	8233	3493	5837	10553	8551	8891	6017	3887	5188	5677
6393	8415	8417	7514	9011	9490	8189	8211	8207	8208	7694	6258	9947	9730	5307	10371	9519	10400	10236	10995	10326	10823	10182	11185	11524	9612	1825	11521
2791	4923	5228	5390	6344	1624	7616	8131	8449	9037	8197	8679	9490	9283	9922	9858	9852	10234	10618	10798	10916	11539	2609	11720
5800	5865	4230	2579	9483	4406	3750	7443	5028	187	5583	11085	9210	4486	5243
643	3012	8427	6567	10560	11343	1745	2739	4315	4901
6179	8250	9037	9772	5834	9154	4104
5649	4659	5711	11061
6973	1943	6167	9136
889	6077	1624	7796	8407	8677	1543	8208	7694	10169	6258	9857	7683	6774	5782	10182	10798	11098	11185	6364	5635	11720
5254	1946	1624	6483	8201	8415	1271	9260	11074	3579	3658
3673	6482	6082	7063	2573	11601	4280
5930	8253	8382	8407	9037	8728	8763	9490	9659	9775	9700	6258	7629	9603	5291	10760	9318	11130	7017	10182	10797	11301	11280	10918	2905	4104	11640	7279	11647	10092
973	3336	140	4339	6119
3994	10287	11606	11399
4493	3135	350	1846	6571	11170
3475	3068	8024	4452	5649	5701	5686	5737	5644	4762	5646	7726	4460	3514	5670	5685	10852	4238	6508	2759
908	6626	1869	30	188	3812	8675	505	7587	1760	9521	465	1546	8732	2226	5370
1954	1503	130	135	623	3792	2036	10542	4318	7880	11380	7810	10638	10639	11423	1198	3406	6081	816	2540	6897	8365	10554	531	9321	593	1383	1384	6151	9602
1893	5092	5089	4041	6925	9109	9955	10313	10371	11399	1619	11485	5572	969
1146	8417	3164	7585	10969
1828	5560	1031	1147	4197	970	1729	3058	2084
1576	322	9773	9700	10774	10798
1535	7510	4521	7234
6773	3015	1578	6873	3613	5587	10179
4527	4035	4068	8779	7628	8242	10236	10371	11613
1555	4218	4764	4765	7720	3108	2217
4699	10798	5782	5834	11098	11196	11232	11568	11194	11521	5635	5788	11770
2108	10201	11074	11377	11002	11531	11568	11578
2302	1860	3599	9556	9558
5089	5054	1148	1072	3613
3765	4997	2986	2943	986	287	976	2766
501	8778	8572	9853	7694	9604	10633	11287	11291
1313	4047	2374	6185	3382	10718	9392	11457
5453	4260	4042	1457	5393	6077	6680	1481	5265	249	7060	6363	8132	8449	8778	8408	8407	8679	8207	9260	8728	9603	6258	10236	10969	11291	6864	11270	11516	11782
2698	9506	8417	8250	7514	3166	6258	10774	10798	11487	11606	10626	11156	11782
3485	1205	445	6646	7569	4343	6138	911	4280	7233	4144	10436
2662	4107	4108	3376	3589	4702	4730	3457	4347	877	4923	5016	3516	5391	5393	5390	6486	3164	9037	8407	8679	7629	10760	9318	10918	11568
2415	7365	8251	7514	9064	8763	9100	9853	9519	10113
5294	134	778	137	130	10485	8190
4882	1506	2300	3291	5160
4780	666	4293	8732	5363	8913	4870	9209	912	3530	8842	2525	6114	9944	10239	11390	9811	1674	2261	7907	9020
5078	3428	4105	5402	1909	7021	9216	9756	9865	896	7017	7470	8293	5019	586	9320	5760	7627
1911	3574	1624
2479	5016	6488	8254	8449	8679	7585	5781	8293	11031	11558	11564	11765	6445	11518	1825
448	1397	1593	1278	2369	3522	1587	3521	5406	707	8145	8379	593	2087	3151	902	9334	9335	412	9618	2018	1711	1925
5238	4104	872	6139	856	5641	11104
5025	5016	1464	8415	8736	9490	8208	8249	8510	9637	9775	9518	5304	10449	11399	11770
4839	10435	425	597	2048	7021
4104	5717	6939	7834	5583
4944	277	278	5016	5229	5230	1464	5391
1796	5138	2412	2595	142	7726	381	3096	6830	8794	3375	2891	9621	5523	10852	9975
1771	10730	5978	10368	10626
4324	7552	8169	8383	8778	9179	8407	8779	8763	7694	9279	6258	10976	7369
5554	2454	432	3490	8562	5315	9398	790	2756	4912
615	7252	9589	203	7248	585	6213	5516	1935	883	912
4215	1094	1822	4586	4924	7943	4426	9927	10077	10079	9293	10498	6772	3982	4434	2225	1845	4621	8863	8896	9207	9647
6562	5226	8677	8249	8093	10276	6774	11702	11516
3073	6077	7796	8131	8132	8415	3164	8207	9281	9285	9283	10169	9947	9854	9730	6258	7683	7442	10798	9735
5367	1270	1020	1833	4125	5395	6077	7035	8779	7514	8092	6258	11135	11485	11606	11156
6419	3635	9434	1721	11399	9387
3826	7464	5885	306	9588
6991	4083	2284
1867	226	352	597	4035	4208	5976	2899	6685
4627	3748	3747	1632
2995	4026	5442	2394	7418	5823	5244
1	290	291	1694	1701	2277
3229	2554	8779	9260	10633	11041	11606
2858	7440	7874	8755	10722	10850	10940	9507	10123
1380	3818	10886	1426	2937	10623	146	990	2980
3078	5389	9344	3539	4426
67	1580	618	10004	6183	9403
3421	7060	8602	8679	8407	9785	7683	6258	10236	7369	10271	7017	11130	11526	11579	11254	11439	11791
952	9814	2764	2689	2690	6500	9815	2889	10284	2968
3342	3528	6564	6957	10169	9775	11047	9772	7902	10236	8984	10955	11232	11196	9154	11568	11497	11399	11632	11736	11439	11496	7404	8973	9233	10478	11766
363	4702	5228	3592	1464	1624	9179	3164	8572	9100	10169
3592	7709	9376	9403	4963	8014	1008	5350	5522	7928	8552	2298	3547	6595	7661	57	7321	7578	2011	4029	4812	8977	3580	583	3541	5543	1955
1711	4347	5230	3516	4923	5391	5395	5393	5390	5709	6921	8384	7796	7514	9852	8407	6343
5090	2461	6626	6185
5718	4104	4268	4293	1046	7471	8863
6526	4571	4301	6282	617	822	3454	1624	6488
3989	1624	6482	7060	8169	8132	7071	9178	1543	8207	9922	9852	7629	9947	6258	9730	9733	10236	10759	4104
5606	6992	10289	10381	7168	6628	4854	6239	6621	7164	8051	8755	9109	9508	10254	10492	10626	10753
5156	7301	7368	4386	4873	5220	8225	11082
1171	5300	6120	5624	1211	896	3551	6059	1481	9773	2702	3541	3922	1993
983	7170	7663	9508	2025	9507
1937	1482	1495	1860	5228	1464	5016	228	6482	7035	7796	6363	8449	226
3631	6680	1543	11002	11299
1109	896	9037	8407	9340	8208	8207	9637	9947	7694	9855	6258	9100	9444	9318	10976	10823	10618	10798	10271	11185	9319	8293	5783	7017	8787	11130	11131	11132
993	6814	10511
2811	2191	3219	9160
3260	6088	4202	7033	387	4739	2836	5670	2540	3120	5400	5460	7602	2541	2524	2578	7638	9378	409	5455	5153	5777	7754	10559	6733	9703	404	5935	415
35	4608	4469	7554	3613	4238
941	1637	1264	530	1730	2391	629	628	623	630	616	773	816	3277	1196	1537	3739	3788	3789	175	609	10481	1698	873	3270	7587	6870	6876	6103	736	6875	6884	1188	8605	6240	10676	3446	5588	10136
6608	1144	3383	6957	998	1506	1860	1988	4669	7417
3487	2745	7617	8680	9859	5307
5129	709	1627	3691	5125	6435	7826	8114	10367	10369	10418	11101	4956	7226	2739	3428	4025	7232
4430	11067	198	840	10606
2635	8417	8510	9947	6258	9730	9100	9444	10236	6774	10201	10497	10637	10798	5834	9319	11130	11132	11232	11487	741	6270	6864	11578	11516	11709	10616	11735
6712	5680	2953	2991	6206
4626	8858	102	4549	5053	1112	9209
6301	1296	4387	2861	5228	5480	8449	8382	8779	8408	9037	8407	8409	8763	8728	9340	8249	7694	5435	9518	9774	9733	10760	7369	6731	5780	5782	10798
4916	6634	6633	7822
1836	6069	6596	10182	480	10544	8411	7892
996	1244	1449	3180	3601	3703	5964	6854	8696	9390	7445	10109	4216	5865
6066	6608	3711	10371	10958	11720
6531	7088	2102	769	1188	4020	4016	2267	8962	7958	809	1797	4921
4985	4426	11075	6739	6824	5976	9876
196	1188	4973	140	7238	3165	1638	5993
3606	4037	3457	4035	4036	1886	5016	8407	6446
1906	730	2695	3613	263	8471	5935	583	3950	10949	11597	3821
6192	2309	3613	5219	7057	5606	8989	10090
5415	6138	8842	8900
1871	756	2204	6373
6132	4138	2088	11465
5298	1237	1252	3735	3963	7742	7601	5663	7295	7453	8616	9140
1339	1194	68	255	2779	2519	8214	3356
690	6680	1624	6488	6363	8383	8253	1543	8189	7629	10014
2075	2843	931	4983	8863	3593	4250	8773	7277	4033
5455	6190	6212	8687	6193	7569
3837	8571	8420	8793
2714	3735	5933	10403	5042	792	7294
5419	1624	9856	9444	9733
2315	10626	311	4765	71	8014	3024	10691	226
4007	244	3000	443	477	7085
5171	3351	2296	9947	6258	9730	5778	10703	9444	3166	10443	10263	10201	10639	7017	10798	5834	6730	7264	3156	10777	11232	10247	7718
6571	8449	8208	6258	9730
6574	3342	8971	3620	2791	3073	5872	5964	7904	8107
1543	892	9507	11128	9722	5147	9387	9445	9725	11698	4855	4918	9724	8193
19	444	1410	2442
3644	1089	509
5308	1479	1974	7862	4259	2073	4180	7974	10382
3069	7952	9789	4794
962	1464	5016	5227	1624	7101	8169	8132	8254	8251	9037	8409	8408	9490	1543	9260	8211	8249	7694	10169	9444	10114	9733	11185	11529	11550	11583	7918	2609	11558	10446	9669
658	1464	5016	6486	7541	9174
605	1020	4923	5226	3515	3516	5395	4603	5976	3932	6488	1244	1204	1860	896	9037	8407	8409	8408	8728	9340	9858	9947	11739	11766	11776
6125	8415	3164	8598	9010	9260	7694	9659	10371	9776	9444	9947	10236	10637	10201	10760	6258	10238	5834	11185	7721	10798	837	11232	10600	4104	2573	11600
6716	6912	2747	6786	6873	6875	10176
3719	1180	1507	4292	2973	4426	6625
6259	4598	5277	7150	5980
235	821	1483
5709	5512	5513	4796
548	7988	10047	9508	6739	5192	9507	7973	6738	3784	3601	1744	9325	7817
2745	6184	1711	7723	9509	4280
5362	5226	1464	5228	5393	6343	1624	7101	8103	6363	8169	8449	8385	7514	9034	9037	9859	9922	7625	9254	9705	9856	9857	9444	10234	9584	11131	6410	11316	11523	11530
904	823	4214	2888	5439	6017	3166	1624	935	4213	6431	6363	3503	9283	6258	10287
5284	5488	6752	4532	8344	9956
3202	1694	2468	811	2371	6497	1700	1701	8771	8972	8773	8422	1692	2153	7295	9642	1695	7911	10980	9067	9476
767	3160	9606	1084	3459
6320	39	2024	6087	9089	8135
2630	4923	7864	8417	9037	9011	7694	9947	9100	6258	9730	9444	10201	10798	6270	6864	11578	10616
6587	4426	2051	2053	2048
5681	5057	9109	5445
445	4033	8931	1624	7915	6476	6649	6998
2571	2550	2775	9293
2461	4711	4351	4763	4801	4762	909	912	1268	7062	4472	6513	8388	4481	5452	2054	4925	8379	585	3973	4682	4629	1832	7618	6432	1834	5531	3458	5302	6063	6689	4315	4204	6819	1423	6230
4327	1396	5535
1457	6825	2579	2314	8463
5075	859	909	1057	3743	3909	4663	5457	6497	6621	6622	6988	7157	7593	9890	10032	10261	3166	5185	5644	6629	10795	896	1071	3500	5652
6328	1624	3651	1826	2576	11577
1405	909	1681	4461	5784
4867	301	4250	7050	130	1485	3355	4191	7800	2812	8483	978	4898	5275	792	6957	3063	4031	8321	10727	412	7728	9871	10400
5176	4035	2377	5378	6040
1143	1730	2253	2266	2880	4182
2710	6323	7866	6941
5142	4980	4982	6613	7593
5348	9294	536	11382
107	6553	2924	3974	5265	8000	8529	9109	5845	9058	176	1537	2791	1932	11447
1243	8417	9067	8598	1543	9859	9852	10371	10287
1454	4956	7185	458	3336	5439	8433
1534	7611	10836	3521
1202	5418	8818	8819	9387	9506	9953	10316	5479
5438	11379	10917	10913	10919	10793	10916	11255	11523	11525	11526	10797	11522	11527	11528	11530	11194	11521	11524	11529	11543	11539	11544	11550	11041	11481	11582	11254	11578	2573	11497	11601	11600	5788	11439	11720
3186	11431	10549	11536
2575	8169	8131	8449	9037	10234	10236	10637	10014	836	9735
1103	799	3193	5391	226	10202
2312	9260	1543	8728	8208	8211	8207	6258	7684	7629	10115	9733	8767	6729	5781	10289	11292	11282	11285	11521	11523	11529	11640	11606	11600	5788	11399	11788	11782	6443	11769	11771	11773
3120	4504	6077	1624	7514	9174	3281	9518	9712	10902	11285
4562	2561	5964	2154	2159	1771	128	6313	8648	5454	5647	5649
2935	11170	178	486	720	1177	2106	2258	2668	3014	3017	3028	3029	3166	3255	5903	6448	8823	8870	3015	4015	4493	6838	8456	9380	9488	11824	130	637
2345	5744	7299	5898	2169	9399	6779	6531
1802	4972	7234	11018
5760	8361	4915	8990
1620	1861	6482	7060	10903
6677	1675	3141	687	125	2085	9893
7018	6188	6189	6190	6213	11265	11453
2920	4291	939	5380	5361	1624	7101	7060	7779	8131	8779	8604	3164	9010	8207	4991	9922	9858	9947	9730	9519	11098	11185	11490	3214
2196	3397	3376	4730	8728	8208	8207	9855	9947	9774	6650	6258	10798	5834	11293	11255	11530	11329	11576	11539	11543	10616	11688	11709	11735
1738	10169	10234	4104	9735
4438	6114	7588	7896	1558	6619
5738	2529	2644	11028	5671	3500	3817	8231	11587	3847
2074	7063	10368	10418
4844	5508	4404	4117	6740	10365	647	6214
4279	8779	3164	9037	9260	1543	6492	4086	7659	9318	5783
5815	7514	9260	8211	8208	8407	8207	9100	9947	7629	10169	10288	11002
4345	5236	2155	5411	3427	6895	1334	4039	9506	6863	5727	5514	8755	4852	3971	6690	9109	5819	6686	3968	4480	3844	6941	9701	5507	5628	8257	10738
5907	373	859	6365	4375	8886	8888
4218	6041	2815	9010	9462	3769	5116	5130
4561	5734	3884	1188	1591	8365	1801	2649	9756
2325	9415	1928	5226	6364	11525	11524	7918	7806	9650
7137	2479	6342	512	11120	11212	11175	4692
2032	4507	1099	1073
2485	5229	6420	3887	7796	7125	6507
1009	3408	2301	7712	341	4333
52	5105	5935	6124	11273	1707
4742	9022	10886	5896	7267	2965	4183	6724	8064	2413
4580	8225	10314	7163	4390
6836	7584	8729	8135	8726
3774	6115	7599	11447	11399	10626	9437	6741
4471	1258	4949	7718	7578	10466	4967
626	5228	6077	6486	7796	7860	8131	8383	8253	3503	9260	9659	2823	6258	11098	825	11568	11270	1361	11540	11632	10446
1136	1860	3984	4578	8865	7513	10289
2403	991	7053	572	8625
699	873	877	3748	1558	1641	1644	8415	8778	8407	8728	8763	7694	7683	9853	4085	4086	9603	7659	3163	9774	10955	8329	5834	1880
1235	5229	7060	7101	8169	8207	8208	3164	9518	9774	825
4420	7129	10879	1038
2041	10236	7788	2085	10287	10774	10976	9690	5834	7018	10798	10567	11098	11196	11232	825	11486	11399	11487	2447	11630	10823	11264	11613	11156	11782	1827	11791	1825	10092	10321
6036	7937	7573	780
4473	2025	8538	6613	6616	6827
1585	3444	4532	151
2806	9716	10206	10211	6051	41
6647	2238	1502	4194	9726
1170	8415	7071	9037	7585	8208	7684	9775	10169	9604	5291	10326	5834	741	9196	6270	7365	7435	11578	10615	10616	11709	5788	11735	11399	11686	11831	11769
3814	11568	11536	11778	11811
656	4035	2195	3446	4046	1457	6680	1624	8131
3976	4430	2320	75	898	7250	11097	4967	5321	7248	9699
5286	8417	8221	8677	8763	9774
6895	2427	5504	3831	4499
1189	2505	8853	8896	8900	5233	9508	8225
5465	8295	1482	165	3613
2413	2538	2298	6222	2447
2417	10270	1431	7227	319	1348	1860	1373	2051	3159
5140	2025	3351	5224	512	6627	7509	2301	8416
5134	3456	5016	5391	8211	8407	11526	11527	11531	11530	11528	2573
1905	5229	3516	1624	8132
1552	6003	10321	4426	5834
5949	2447	5389	5759	10298	5368	6724	9150	3611	7598	8898	4945	10366
2087	8385	8407	8408	8680	9037	8763	8249	3166	9855	9444	8767	11117	7022	5782	11196	5781	11448	6364	10911	10916	10918	11307	11483	10793	10797	11329	11528	11539	11543	11254	11601	2573	11702	11515
2251	6565	7454	7683
3400	1332	4174	4698	7892	1079	4422	7764	9490	9676	10335	7366	1059	2289	2399	10689	3987	5047	1318	1638	1746	2447	3546	6966	5921	7909	11425	5363
1204	8449	8778	8779	8602	9037	8211	9286	9100	10169	9518	10639	10797	9735
2622	10293	10295	10459	10461	8579	9194	1892
6721	4862	6488	5235	8169	8415	8417	8251	3164	3985	8207	9011	8208	6258	9947	11288	248	8234	2099
6736	9557	653	4505	8863	10511
3616	1671	1992	1994	1997	1998	4380	1979	1984	2444	1291	1293	7779	8131	8254	8449	8253	9067	8736	3164	7684	9775	6258	2453	7442	10014	10182	806	10395	6957	10811
5995	142	1870	2228	2447	2535	3096	5678	5933	7468	9680	9953
1357	924	11033
2787	3118	3120	3210	5067	4818	9507	8833	9111	2026	7790	8882	10081	6244	1150	4488	8896	9547	3959	8861	4716	7350	5863
791	7718	10442	1415
5178	365	2495	6670	3063
1138	1072	1107	4863	5236	4867	6099
3805	8253	6258	9519	9444	9733	10760	10637	11525	6096	11580
6397	5228	6077	1624	3402	7796	8131	8250	8677	9659	9490	8736	9603	10234	9776	11074	10798	8681
2500	6116	10920	10334	10492	4492	6635	6738	7890	8325	8808	10403	4353	10940	721	727
6007	6799	7902	10170	993	6371	1252	2555	8798	8799	9385	6377	6853	7971	3879	7458	8009	3225	748	3234	10699	2029	2030	6078
4378	6379	7426	3794
6769	5016	6488	7060	6069	8253	10371	10823	11290	11298	11285	11286	9109	4112	11782
2918	2894	6111	2384	9876	9878	8454	10169
2194	8407	9064	3658	10288	5834	10969	11485	11399	11484
1553	3376	4724	7071	8679	8409	8763	8249	10113	10449
5197	9010	7683	8207	7694	9922	3004	4058	4995	502	1403	6258	9444	9776	10201	8606	10798	5834	11232	11739
6182	4408	805	4768	7873	118
2049	960	3093	4636	8124	2558	7558	5439	8677
2318	5391	1624	8199	8763	7629	10234	9733
4240	1808	9247	9928	10012	7649	8079	3088
2703	3395	6927	8931	9150
1618	9614	10708
4450	4280	10226	3245	2902	7601
7029	3009	5978	8112	9490	8237	8051
461	969	7819	5716	11225	5507	8567	6998	2490
6407	1129	2025	4238	7408
3907	4923	5228	7552	3658
782	9477	4389	6826	10902	4388	7574	3166	11481	3016	1177	6345	9475	11767	5369
5799	8728	9260	8208	10234	9444
2972	4239	4684	5856	5040	6966	8996
5184	4724	4730	5230	5228	1624	6482	7101	7616	7864	8383	8449	8415	9037	1543	8409	9011	9260	8211	9659	6258	9857	9947	9444	9603	9774	9690	10271	10823	10014	9243	10289	11483	11527	9612	11606
6789	9067	2048	2050	3485	3909	4450	7892
3330	1860	7193	2159	5592	977
6143	3883	4650	1347	1306	2997	5679	8637	10262	11117	2955	2996	10169	7918	6438	6449
770	97	1726	5418	4782	3987	1080	44	7512	8433	5181	2381	8111
3516	3218	3465	3376	3517	3589	4923	5226	5016	3516	6344	1624	6485	7060	8131	8199	8449	8778	7514	9033	8409	5782	5834
6225	613	8263	3485	8606	8605
1507	9490	9700	10182	11301	11497	11736	9937	10520
7001	806	1357	5839	2649	7658	875	9027	9507	7211	592	365	429
1574	3111	4209	3304	5301	3387	1098	3389	4203	3392	1481	6004	6770	5720	363	11687	4846	2014	9664	8963	5433	5435	8028	5434
2233	5864	5672	4621	7560	3203	1931	176	4948	5987	6875	226	1645	10264	2180
2910	4389	7298	6512	2447	139	4981	1506	4354	5920	6594	3973	4527	6990	8462	9445	11104	5876	7518
6414	5288	1064	613	5885	6799	6625
3941	7101	7060	10902	11293
3601	5442	1346	6088	1355	3096	5439
3299	3146	7031	533	8134
3641	1221	6239	10594	11189	912	1192	3351	909
1411	2999	11049	2183	10116
3898	2256	2144	2855	3592	8415	6412	5329	3183	9187
6243	945	2595	5047
365	792	130	4221	3677
3051	9737	4426	3987
2271	7009	8175	6831	11075	4238	7509	10870	7557	11571	6146
5791	3930	3686	4192	8417	8415	2520	8763
5530	6235	7686	9137	6396
865	10544	7321
5655	3595	2102	5837	4919	2473	4782
2679	4593	7569	886	5069
4703	4085	5369	5746	6447	6771	1591	1960	2736	2807	4834	5290	8192	9146
1783	1194	3516	5611	6077	6343	7617	8449	9174	8208	9663
3934	2018	3862	9759	6068	7246	8976	3775	7494	6781	7896	539	1121	4954	6871	6872	9022	10081	10338	1482	4088	5813	10458	4686	6053	496	2872
5580	5978	3764	3415	5223	11049	6712
1485	6133	2076	10133
5674	8333	6433	7247	9195	1073	3412
2535	7695	2242
153	6059	1581	1591	1580	1687	4516	6011	6718	4813	5882	2192	1250	597	7644	3918	7618	7641	7638	5657	1225	5653	9361	4280	4091	693	696	7635	5153	7627
4131	994	1481	2785	5774
2804	8145	11354	1701	6901	1034	10503	6957	4338	11553	2638	10366	2389	3347	1289	891	7970	11394	7154	8347	8996	10944	8320	11687	5817	6943	10545	10654	5033	1729	1511	7201	1019	625	9850	4517	979	9999	879	9644	2352
936	187	6256	9485	11243
370	10793	10911	10912	10919	10918	10913	10915	10916	10914	10917	11194	11522	11521	11255	11523	11524	11525	11526	11527	11528	11530	11531	5635	11529	11543	11582	11329	11481	11539	11576	11581	741	6270	11558	6864	11578	739	738	6269	7386	9196	5788
5759	3397	3589	7191	5069	8415	440	7084	8510	9947	6258	9852	9519	10114	10639	6410	11530	11528
4283	3662	5990	11224	11676	1310	2982	2984
1648	11709	11768	10446	11740	11741	11675
4845	10626	8200
6654	256	2	502	2869	1120	3042	5578	8818
2002	5032	5471	7520	8183	10101
5366	1464	4012	4976	5975	6680	3592	3990	4044	6488	7441	7060	8169	8344	8779	9109	8208	9507	9705	9445	10685	770
4781	176	6869	5717
175	9100	8389	1943	5834	9735	9131	11782	11084	8051	1827	10321
1667	1357	1653	5555	7265
1931	876	9700	4479
246	3632	9569
4016	9037	9705	7694	6258	9730	9444	10236	6088	10201	7191	10798	7596	6822	5548	6761	9415
2458	7418	9445
4754	5889	4346	4122	6222	1811	584	9037	9691	4826	9888	7522	7841	4880	9681	453	5184	7562	3041	325	11481
928	7315	5986	8555	7411	9508	412	9745	10718	2823	6500	10088	2295	540	4560	9955	10045	402	909	5834	6239	6512	6620	8755	8616	11011	6920	7099	9195	10704	11091	11169
6399	478	1112	2637	5602	8873	1098
6734	1624	3164	7115	8706	8473	9026
7010	2447	3275	3456	3457	4933	3127	637	6680	7617	7796	3161	7035	7514	9037	598	10371	6410	770
2187	6018	6680	1624	7060	7617	6363	8197	9947	9444	10798
639	3522	3730	2282	5976
6984	7537	3613	4162
5940	8131	8449	7514	8409	8407	9260	7683	8207	8211	7694	9700	9853	9730	6258	10843	3015	9748
2115	2780	2849	6886	4101
3984	809	2437	2470	2481	4033	4684	7911	1932	2267	1270	2352	806	3546	3512	10520	8851	10834	11762	11686	804	2430	2482	1268	1906
3274	2357	3884	3456	5011	5012	5013	2970	6018	3077	2063	629	7060	3375	7616	6363	8199	6505	3480	6068	9264	9659	4356	5663	5834	11292	11303	10291
1326	8131	9174	9260	3164	7694	9774	10326	11284	6364
1157	9294	2545	2554
3439	1677	5777	4884	6959	2316	6063	7361	6808	9131
2565	589	1384	9620	10116	2524	798	448	5771	1858	2298	6114	7021	7925	5399	4947	10582
454	5395	5393	3063	4238	1624	6483	8169	8189	8677	9281	9859	6258	9922	9853	11290	11280
2104	1599	6673	816	5120	8515	9508	9745	10287	10283
3635	467	3230	4098
1996	1911	8161	6258	2496	1694
1632	3314	3613	7485	9293	10418	10654
3693	3959	6190	6835	5970	3368	4433	9522	11015	459	4042
2306	4923	5228	5230	5611	6484	6486	6363	8415	9179	8407	9033	8208	7683	9251	9854	10774	10798
6946	540	412	554	838	555	7552	6258	9100	9947	5166
2045	672	1217	4667	7066
6979	3506	3193	4350	4923	5226	5229	5230	5395	5611	1624	6483	7541	8449	8382	8779	3164	9064	9037	9034	9100	9730	9947	6258	9444	10201	10798	11232	7551	11486	7365	7435	5976	11156	11782
1343	2066	805	5171
4879	6214	9432	6611	8931
4954	5226	6488	7552	9064	8208	9282	7694	10236	11074	10856	5834
0	821	1860	2986	3735	3738	3741	772
2037	3711	101	5369
6547	5013	2660	7551	9016
1064	9037	3261	9730	9774	11194
863	4427	10364	3115	5730
1071	6266	6051	6786	8640
3596	6293	10957	7826	422	9949
1732	2034	1413	5932	7504	1943	723	4306	184	1114	3058	10970	9942	8410	10448	6008	9017	4098	1687	1390	2770	9080
4582	1624	7796	8169	9174	9260	8208	7659	9712	9774	10449	825	6364	11527	11041	11194	7918	11600	11270	11601	11515	10520	11739	6446	11118
3300	5978	3035	10806	9507
2269	5226	1694	3832	4703	6013	941	1701	6014	6363	8604	9183	9657	5198	3431	7629	5787	6679	7684	955	5837	6720	10236	7442	2939	1353	11002	8972	1086	3985	8611	9294	10793	10794	7918	11511	512	1093
582	6645	6643	6642	4421	7831	4227	4763	8208	2748	9949
303	8415	8778	8779	8679	8728	8211	10271	11002	4280
5812	8957	10371	8471
2695	9067	7031	11168	2380
773	10355	10809	5034	2083	6690
6694	4653	4153	4590	5346	1110	5243
243	5361	7699	4863	5862	3810	7009	3375	9817	6693
2949	4651	3591	6017	6342	6851	8598	8679	9773	10169	9604	10113	8487	10117	10271	9322	10449	1709	11031	11522	11529
1708	4916	8449	9604
4977	1345	10336
2648	1718	10272	10774	10775	11268
5395	1578	4923	5016	5395	8254	8384	7796	8207	9100	738	741	9196
2443	4259	4350	2855	3808	1230	3516	5395	5494	6344	6004	6343	7541	6068	5247	5984	10626	11744
4216	5228	5611	6488	7060	7271	8169	7864	8415	9037	8728	8409	8510	9859	11399
5281	997	2052	4023	6693
3205	4691	2183	1752	3896	3895	8790
6101	6190	3686	8252
5693	3058	5896
6123	8417	8253	8102	981	8778	8779	1208	4116	3164	121	7406	493	1559	1946	3307	10278	6258	6774	10759	10014	5834	11282	11280	6364	11568	11511
1750	6011	8444	8373	9349	2896	1261	7552	1621	6686	7709	9886	3589	3120	2571	2146	2374	5787	8410	7708	5779	8095	11550	7907	911	7248	5215	10640	1139	4903	7757	5607	7535	6626	9038	3552	8333	9151	1536
4013	11072	7677	5348	956	3579
3170	2367	2382	6904	3704	3705	4873	6276	9442	2482	9532	2345	2388	962	963	1333	2284	6378	6622	7509	5823	4579
6428	8807	7745	3286	3036	8484
2478	2815	8931	489
340	4482	2864	2447	4130	4202	6678	6857	7534	6802	3453	9030
2021	6485	4041	1205	8208	9779	9947	10236	7369	9787	11448	11526	11399	11041	11539	11544	11582	11613	11740	11741	11548
13	5390	3101	6363	8415	8572	8573	7683	10633	11117	10969	6096
6164	8510	8199	9318	10976	7018	6258	6731	5780	8293	5783	7017	5834	837	11002	8681	8299	11472	11474	11568	6096	10307
1087	5226	5016	1464	5229	5230	5391	5395	5709	1022	6063	8779
3536	11196	11098	9154	10247	11232	10169	11031	11029	11030	11378	11379	10600	11483	10917	10919	10918	11308	10911	10912	10914	10797	10913	10915	10916	11307	11255	11528	11531	11530	5635	11194	11526	11581	11481	11539	11543	11544	11550	11578	2609	4104
1336	7078	8736
5871	4259	8935	3514	5317	7248	5598	2130	287	5350
6386	3516	5011	5012	5013	5393	7541	8169	8384
1639	1063	1860	8828
267	5228	5229	5016	9033	8728	7585	11526	11522	9612
4376	9037	7585	8208	8207	7694	9947	10169	9855	9858	10276
3945	3863	8374	10851	10129	10698	512
1430	2245	7469	5390	1339	6077	7035	8103	8449	7071	8254	8778	9034	1377	8207	9857	9037	7629	5291
6781	8857	4947	2660	8490	2116
6252	3110	773	1507	631	1076
3553	5229	6483	7060	7541	9490	8408	9033	10169
4915	8207	7694	8510	10169	6258	9856	9730
6286	4098	10217	11088	8945	1845	7803	7916	10412
4634	8415	8382	8407	7585	8211	8207	7694	7684	8208	9705	9659	6258	10169	9922	9852	9947	7629	10774	10287	10798	11399	11782	11775
2690	8616	5933	4053
4639	6597	8417	9034	3164	9260	8409	9659	10169	5307	7063	10774	10902	10798
642	1944	7743	895	9645
6074	1373	7802	5132	4162	3673	9294	8475	3704	6958	257
6652	8869	8881	4580	5432	8867
5856	2934	7486	9147	792	2829	5432	5891
3526	6003	892	7982	8100	6737
1974	8697	5178	10718	10806	10626	11036	10287	11005
7023	4490	8325	9507	10512	3535
1213	4627	4493	4641	1082	402	4459	3516	4351	5838	912	7060	3932	6957	4548	6642	4759	6098	9260	8691	9700	9712	10371	10639	11074	10449	10182	7576
971	7541	8131	7514	8449
1023	9659	9700	6258	9518	10236	10976	10182	11294
6825	6403	6703	8417	8382	8415	7514	9037	8763	1432	9260	6258	7694	9254	9857	9733	10014	11185	11098	11196	10169	11135	836	11448	11539	11481	11640	5788	10811	11765
4057	2374	3951	2025	7005	11417	5809
2160	563	820	1055	1495	2894	4032	7485	3987	2939	5780	29	1069	2028	4296	4782	4848	9061	9814
7070	5976	7824	6239	892	8596	8715	8325	9508	10764	6032	4310	4327	9830	10559	11237
6819	270	6957	6223	7073
6344	5363	6678	8415	8417	8382	5439	6114	7694	6258	9855	10169	9444	287	10236	9260	4095
4698	8805	4492	8924	1445	6737	6713	11264	3999	9726	413	541	10762	9507
979	9506	11480	9481
1469	4269	3323	4350	5226	5228	5229	1464	1624	3932	6483	7779	7060	8763	9700	10236	10238	10759	10182	5834	7813	7721	11254	5788	2573	11270	11567	6444	6438	6445
3391	7054	1100	1548	2497	2781	2847	4218	4305	9934	3242	3396	5316	8898	9309	1072	7155	11016	1124	9480	3076	337	6838	5700	2729	5687
2428	2057	2493	5434	4717	5435	7125	7127	402	6474
3490	4923	5226	5230	5016	5229	5228	7101	6363	7860	8250	8407	8409	8408	9859	10169	9100	10201	11530	11531	11522	11582	11375
4996	2375	2928	3096	5031	6017	6018	3101	1681	8573	7683	9855	8240	9604	540	2795	9243	4094	11029	7144	1860
3920	954	3119	5114	5947
154	1486	2646	6443	475	9290	5470	2853	8298	2831	4871	6717	6971
3320	222	1845	2195	2687	3501	6497	7818
4610	1860	1230	5041	1872	1624	2447	780	5616	1507	6957	4032	1318	1728	4970	8169	3628	7049	9659	9775	9604	9774	10637	9733	10236	10774	10271	6731	10798	11074	10969	6096	9406	11606	11601	2267	11122	11564	6398
3003	1581	1579	1578	1580
6679	802	1563	3457	3776	4260	2204	3515	3592	8417
4739	5638	7837	4212	8479	9453	11161
1044	6912	7133	5761	7704	8456	9960	540	6412
4166	197	3487
1572	8415	8382	3164	9033	9037	9260	6191	7585	8728	9100	9700	10169	5307	10236	10234	10774	10182	10288	10287	11098	7683	6364	11580	10559
4735	4702	4730	876	1624	7541	8169	8449	8251	8382	9033	9067	7683	10169	7629	9855	10371	10976	11098
3243	4385	9955	2246
3804	6478	11421	11608	11653	11435
7013	10005	892	8439	10835
411	4725	3506	4730	1464	7060	7860
3271	4395	44	5671	225	1288	3481	4763
2223	5976	6310	8486	8253	9506	9745	7569	10626	10753	10289	10076	10806	11600	10287
5899	10369	888	11389	676
4298	2290	7541	7060	3166	8132	4473	9085	5417	707	6400	1628	8051	11156	11740	10647
6337	5229	5391	1624	7060	7552	8417	8250	896
5066	5717	1348	2045
453	902	1796	1188	4415	935	1264	1478	857	896	2024	2025	4798	909	4631	1604	1050	1938	6693	6855	7639
357	3063	6724	681	7234
687	4923	5611	8132	8251	8254	3503	5421	896
775	5034	3432	3806	7201	10285
562	4342	3167	10629
5619	1098	8294	892	9109	6607	217
4038	2200	10626	809	8523	10240	2860	8780	8763	187	118	806	5034	6862	7572	2102	7723	10390	10648	262	11140
3193	10121	9909	4605	8075	4537	3923
524	1602	6239	8372	9813
4189	7060	7035	7514	8972	4280	11496
4335	5136	5405	5447	4555	3454	2770	3793	6330
1221	3218	1881	6363	8408
5911	84	100	1201	1233	5586	6997
116	3125	7861	9983	10314
4967	4613	1960	2982	432	11223	1470
2971	9197	2885	3155	8958	11321	6693	10065	5826	11122
1384	7800	4864	3630	4863	5236	7485
1018	5004	5976	4234	5006	4035	4992	7354	9508	7349
6951	9051	3355	884	4128	2894	511	10655
3444	523	5977	7974	9482	9109	5147	4035	8344	8591	3030	3036	4532	6380	6851	7559	7976	8255	3967	5596
4729	6130	7577	10207	10454	4027	9760	10455
5657	3465	1457	5016
6353	4912	6674	2374	2554	5859	7137
1656	8970	2014	10896	11721
6273	7467	1475	3167	6674
4248	1635	3096	7879	8241	4065
3894	9704	9868	5096	7299
3772	1189	1624	7796	8253	8779	8189	9518	11398	9850	4751	6446	11518	11229
4424	8778	3164	6258	10014	4280
1025	187	10370	9688	178	1449	2307
856	4467	2014	4250	6059	7268	909	7671	3096	2771	4616	9171	6145	2643	1874	1423	2470	2840	3375	8404	9247	11518	903	5212	11517	11481	1783	6396	2020
3326	10297	11077	8900	9756	11639	11641
4559	3397	4103	3517	4730	5395	5228	5390	1624	7541	8449	9730	5291	5307	9444
1525	7541	7796	8254	8253	7514	8763	9785	7683	9856	5291	5307	10449	10014	11297	11523	11525	11528	11524	6596
3311	1464	5016	9974	7694
96	865	5486	978	1327	1332	1375	4612	6012	6014	572	822	10785
762	621	1078	1638	1639	2014
5390	7984	9507	11803
1400	5630	11577	4443	9344	10806	5802
1010	2694	1776	8250	3164	5003	6649	7684	9730	6679	10902	10938	11486	11524
7095	9054	9064	9037	8197	8763	8208	8249	7694	9659	6258	9700
6757	1973	6767	1860	9753
113	4192	4972	6070	5364
5846	4122	4745	7219	5779	7934	4185	6315	7644	7321	4282	9028	9031	9032	1119	191	1687	4748	9601	6826	1549	8044	10080	4818	4055	10230	4	3200	4124	4073	9329	11611	4597	9518	9904	2067	5463
1703	7971	8039	3950	3952	2491	4854	4035	8484	6712	7862	10047	767	7988	7861	10254	3996	4039	4332	10742	4385	4330	1238	8113	10743	4853	10885	892	6737	7973	6807	4560	2002	8172	6091	10307
5571	9438	6625	11681	5700	3848	5241	4838
4728	3035	5410	5885
111	4335	4765	5562	2131	3194	4165
1252	813	816	2085	2401
1385	3466	3398	3517	3589	6248	4558	3884	4350	1457	1464	3516	5091	3592	7541	8169	8778	8249	10633	10976	11098	11522	11528	6096	11736	11439	11635
2923	1357	1335	5394	1539	3582	2559	4294	3583	9633
1406	106	4035	5391	7745	4486
3313	4042	6444	7569	1141	198	10510
383	4284	5978	3999	10753	6239	11264
6201	6472	7781
3325	6077	8169	8199	8131	9281	10289
5941	3015	8773	805	306	1916	3467	3613	7622	8829	8852
3062	5391	5709	3592	1624	7060	7779	7101	8103	7552	8254	8408	8409	7694	9700	9730	9444	10236
7050	4518	1456	3902	7172	267
4271	1185	8227	1650	1558	11335	5473	4771	394	2470
5628	4014	6363	8449	8253	8382	8207	9100	9283	9947	10759	10774	5783	7017	5782	6730	5781	11196	7721	5834	11232	6096
694	611	7205	8670	1271	10414	836
215	6401	1492	9020	6445	539	5470	9337
2866	873	877	875
1117	1485	6957	8390	4678	6427
3838	3995	4035	9109	9261	10832
2585	3351	2767	2052
5354	4035	4091	585	6219	2298
3881	9037	7585	8728	3164	8207	9637	8510	6258	9947	7694	9730	5291	5307	10114	10371	10633	9733	10326	10449	5781	11185	6730	11526	11527	11606	11490	11156	11736	11399	11540	11632	4280	11439	11496	11782	6443	11118	9734	11136	11819
6375	607	5667	4945	5650	3232	142	7677	11625	8264
6522	3492	4052	7916
1020	7529	1603	2023	1841
1239	8251	3164	9037	6258	8510	9444	10201	11002
6715	616	9963	7764	9474	8784
4468	25	24
3471	6620	7283	3274	10544
7120	4933	5226	5230	5229	5391	6077	7541	8415	8778	9033	8407	8408	8449	8763	7585	8679	1543	7683	10115
4221	4365	4366	4556
5979	7861	7569	7824	9745	7862	5178	841	10313	9109	6996	10156	4880	1072	1092	10418
5374	3105	3983	7531	8822
1081	1527	81	5980	1360	4626
1219	3015	6838	8842	8897	9442	1054	6043	761	2872	8866
5053	9334	7390	599	2988
6649	4098	7024	5617	10912	238	11729	1920	5716	173	7785	11092	9823	2182	714	3422	10464	7052	9593	2464	5307
6807	7085	2955	2970	8912	2958	2948	3356	7676	11625	5659
5518	15	1234	3934	1729	3163	2713	2418	3806	4091
3519	444	6909	9606	4969
5817	4280	8105	8112	7248
98	7060	5940	6043	1019
1742	3785	8402	7427	1670	7428	5716	10003	3556	4053	5001	10635	11042	7601	8556	9332	585	3610	5356	1703	5307	6824	1383	3200
3316	8417	8680	7684	8953	11063	11540	11663
1350	6188	9067	1827	6315	3122	9183	5482	248	6442	4490	11682	2305	2654	9776	4714	9792	6679	5866	3336	4020	2602	10201	10902	11117	9318	8175	2776	5780	5834	4879	11567	6438
4526	335	1030	4504	4186
6815	8604	3503	8599	8197	8598	8728	9260	7585	9659	9700	7684	9773	10774	7694	3501	10449	10793	11613	11156	11566	11399	11744	10321	7551
3161	792	7914	7029	5141
3910	2792	4116	8678	1729
2430	7419	4609	5661	7965	7170
6832	7668	168	170	1860	1845	9189	4849	9779	5933	1998	10169	2599	1248	169	10297	5385	11087	11086	11151	11507	2819	8675	11739	2596	434	6512	8851	10370	11007
6467	6486	6488	7060	7796	7514	9859	10995	6774	10014	6731	11098	11448	11543	11736
733	11232	6332	11307	11308	11568	11521	11522	4536	11329	11543	11550	11582	11602	2573	3415	10308	3898	10767	10307	11110	10306	11632	11702	2828	11121	123	11780	6444	9734	8337
6705	3164	8763	9700	9854	9604	10955	6730	11283	11300	11521	11602	6596
6116	5363	10874	11323
5181	4350	5016	1464	5391	8407	8408
6766	1912	5573	8605	8606
7028	1226	904	4125	1703	8385	9733
170	6980	8429	1046	10147
3775	7541	6673	8728
3131	8879	11452	1168	5162	7723	7728
6014	3376	3398	3589	4730	4350	4923	5016	3515	4008	6485	7060	8169	8449	7514	9067	8408	9100	6258	9947	9444	10201	10637	10798	11185	7721	11132	5834	11232	10917
6624	6734	2014	8391	1813	812	1393	10949	232	2438	2470	5353	11654	2436
2416	3504	8034	9314	2047	806	1342	2044	7621	8997
6027	5883	9308	10254	10403	10492	809	811	4854	8560	8741
2307	11448	11483	10793	10797	11521	11522	11526	11527	11255	5635	11530	11531	11543	11581	11582	11481	11544	11578	4104	2609	11580	11254	11496	11740
6272	6482	9733	10289	11606
7048	4725	6248	1482	4723	6363	1020
2990	9507	10626	8264	10686	4459
1540	3515	10234	2177
3348	1399	8141	5432	10746
289	1159	3193	1813	2363	2855	5226	3515	6018	9034	9174	8510	9285	9947	11185	5834	11232	11630	10626	11819
6996	2475	631	3850
3564	6391	10297	11548	6458	10961	3896
4487	4765	5228	5709	5393	6077	1624	6363	8415	7035	8207	9444	7694	9947	9730	6258	9100	9700	1034	1035	6114	7552	10201	10798	5834	11232	10615	10616	11709
2573	3517	3721	4923	5228	5016	5807	5709	1624	6486	7541	8132	8415	7514	8763	1543	7164	6774	10798	9154	11399
6076	9457	8863	8891
5986	1643	3746	3747	6727	7917	3743	10755
5751	639	718	7541	7514	8679	8763	9100
6394	8417	8778	8728	9730	9947	5106	10014	10600
4458	8779	9700	10169	9774	10236
1238	8417	8207	9100	7821
2826	1624	6363	8417	7683	9859	6258	7551	11606
5638	3790	7597	5916	6440	735	1729	1822	9685	104	1406
2886	2024	7056	7255	8215
6919	2397	5346	5233	7020	6290
218	1624	8415	8510	5291
4009	8487	1907	11251	11253	11084
1165	856	4350	4923	5611	5228	5350	9037	7177	11285	11529	11399
3303	5226	5229	1457	5016	5228	6680	1624	6486	8132
7069	5391	9037	9712	6258	7018
498	6646	3961	5802	8726	591	592	1198	3541	1383	1780	5543	7145	1722	8923	7879	886	1415	1943
1799	5918	6208	10689	3393	7276
1709	2021	7570	10612
4983	8382	8208	9490	10236	10238	11736	3980
5425	3520	5469	4292	6344	913	1624	7101	7779	8415	9064	9490	5933	9947	10234	9733	9243	6927	8931	11585
6931	1821	808	6966	3128	1575	809	1270	2062	7510	1734
2870	6343	3073	7222	7225
2516	10600	11600	11568	5788	6449	11501
3147	3164	8763	9853	7694	6258	5834	11292	11002	11270	11254	11788
5401	187	2157	4389	6826	10812
4243	2882	4035	9507	9727	10941
6316	6858	7815	6023	3058	6382	6693
724	2567	3193	1827	5229	5230	5016	6680	3592	7060	7585	10169	11399	11255	11530	11581	11606	11270	10626	11156	11739	11773
6168	4268	2496	7818	8214
6912	8384	8604	9712	11074	11294	4104	4583	9092
1514	10287	1035	8487	652	7341
5477	8417	8253	8385	3164	8736	3166	7694	9700	9858	9857	10234	9444	10236	9733	10995	7442	3658	9690	11185	10797	10793	11550	11606	11567	11566	11765	11767
3972	2496	8944	10981	11211	385	5432	2301	2605	3260	4594	5066	10736	2770	11207	9981	155	1687	6816	6880
3535	8132	8384	8254	1543	9010	8417
2907	2578	4346	4766	1533	1896	5976	8305	4347	596	1729	892	7974
6893	6396	301	3613	5044
1898	4795	897	4794	8199	8254	8449	8251	8779	9037	8208	9700	9852	9603	9858	9774	10633	6258	11280	11579	10811
6671	7694	7683	8510	9922	9947	6258	9730	9100	9109	9444	9700	9733	10201	10287	10618	10798	5834	10289	11232	10247	11378	11379	2609	6096	11606	9547	11156	11399	10626	11744
3216	4923	1624	8131	8603	7779	9010	8409	9785	9490	7864	7694	9700	10115	10659	10201	10995	9733	10271	10798	10976	11131	10182	10902	10567	6410	6096	2183	11600	5788	11741
6204	3193	1457	5016	3516	3592	7541	7796	8778	9490	8208	6774	10326
688	1579	1794	2048	8066	10116	1258	9490
504	633	217	8700	9648
4618	7450	299	3048	8583	5034	8410
3501	3058	1171	1603	8817	3477	5603	6341	5976
6681	1726	1700	4028	1327	4353	7911
3281	4516	2687	3329	4912	3070	1457	4675	4091	1464	2351	2373	5493	4020	5031	2365	2758	3803	5727	5184	2309	6508	1848	5043	1188	6047	1850	4993	5046	6138	5573	1296	5238	3943
3507	574	4697	289	2362	2417	5900	4029	3707	2320	7413	6447	6124	3961	3029	6543	2538	1703	9109	1776	2800	8189	3423	9789	487	7228	6443	6446	9827	1772	4947
5519	8692	10181	5287	6656	5895	8213	1313	2279	8883	6584
959	10418	10368	9913	10774	10287	10288	9508	11613	2250	10626	11782	11399	11791	9799
1675	2249	8815	2335
3527	1372	5716	211	2603
4185	2385	1880	3674	6185	1454	1465	4375	1919	6168	4443	4562	8462	6830	1492	1572	7124	9398
5545	883	11277	11369	8625	9085	9756
6509	1825	2576	2384
73	4268	8816	9799	10957	4116	584	1404	7660	9514	9653	1875	5482
6495	892	9955	6454
588	8415	9100	9947	7694	9444	7369	10201	11074	3658
6657	262	5462	6049	9802
2407	7779	5167	5215	583	3952	7101	8199	8415	9490	9947	9856	9444	9397	10637	10823	5781	10914	10919
3968	1506	3383	2509	5744	3207	1188	1940	2428	872	3004	1960	4310	4632	2520	8778	8779	243	4053	10234	2746	10633	6774	11117	5590	4058	11161	2931	5298	10665
6926	82	505	734	2595	4594	5315	7677	10838	3356
5071	3323	3457	2843	5229	6017	8132	8763	9490	11550	11540	11776
1621	4091	3446	3736	4426	6640	11397
3144	2687	1420	7093	8972	8340	8439	10718
5248	5369	1086	1624	5239	1957
5540	10806	6739	8808	9015	9745
2141	4415	5948	6375	10371
1579	7552	8779	8409	9260	7585	8249	10169	9854	9100	9774	10236	7721	11303
4285	1232	4702	4725	4730	1457	5228	5230	5391	5012	5011	5013	3166	8254	8382	8385	9037	8249	9852	9855	7369	10014	11117	3658	9735
2667	8956	10104	3589
1012	142	3023	1860	821	1635	9639	11726	11568	254	1057	7116	8882	9076	9350	217	1054	5317	5429	9645	2284
4837	685	686	5927	7495
3349	5383	4263	2972	2958
5241	8417	8415	9033	8763	9922	9730	9854	6258	11291	11550
6882	1264	4916	3479
2362	4091	5199	8986	8457	9743	9974	9326	2141	1347
2246	1258	4032	7269	7892	11249
4202	10656	1752	105	1772	1773	6870	4831
3034	7984	7983	1676	2392	5977	8487
2669	3987	5403	6056	2023	2399	4211	5420	257	5837	2407	3062	4238	1045	6344	1475	5413	5037	1624	5411	4786	5052	823	7779	6160	3092	8714	9183	7123	4289	5928	444	11362	185
6877	5228	3515	7541	7864
3086	4933	3021	10497
1600	9319	5782	6731	5783	5834	11098	11196	11522	10913	10916	10918	11483	10911	11307	11308	10914	10915	10917	10912	5635	11194	11255	11529	11581	11550	11582	11539	11544	11481	4104	11578	11579	11580	11270	11567
3227	1268	1819	1251	4233	1464	5016	7757	1082	4229	10601
1918	2126	9640	9955	9530	9787	7732	10258	6124	10403	10626
5711	6610	3079	4151	10171
5970	2183	5595	2906	2913
3634	3376	5082	9947	11529
3249	840	4118	7656
2467	6646	7562	7572	4516	396	6424
6880	10236	10371	10759	10760	10238	10955	9318	5834	8681	11582	6096	11600	5788	10237	11742	11766	11773
139	1916	2434	6014	8168
2880	4532	5715	4002	4008	6074	8728	8810
2856	6120	2341	1456	5917	8374
1172	7616	8131	8383	9010	9700	10014	226	11002	11526	9735	11702	11765	11767
4863	1979	6579	6856	5576
5457	2396	2426	4722	7375	8473	4091	4515
6142	4923	5016	1464	7796	3503	8763
3529	3375	6237	3884
2753	6488	7060
400	1056	5399	1905	6686
6962	3589	4702	3063	3515	711	7864	9947	3808	11377	825	11568
3659	5573	11533	6227
3923	2319	11174	7991	1961	4091	2897	568	271	5793	10194	7201	1851	4694	9931	8480	8394	489	1502	4029	8147	1120	8942	5277	2420	7434	2738	5245
853	9506	4381	4382	6535	7441	9445	9727	9794	10222	6246
6691	3347	7561	6781	4117	4426	5399
137	555	772	1366	8941	1507	7298	1717	3020	7278	1799	7326	10054	4794	7551	6431	2763	1466	3700
4195	1624	6486	7060	7101	3164	8679	8207	9773	7248	6410	11632
2341	882	9776	1159	2389	9774	5184	9044	10238	10104	2350	6363	2076	5834	10794	10725	1729	10797	8026	10793	4032	6751	1851	2545	2478	4373	4125	4104	611	10152	9734	11701	11794
4459	8258	1849	2760	4443	9350	10146	950	2759	9165	8233	11305	4301	7295	9117
45	3338	4795	4420	1472
407	2023	3987	3613	9114	4093	7234	8705
2562	7248	9793	10007	583	8625
6958	9448	10367	11374	3689
4120	10626	8264	6340
5724	11543	11484	11487	11490	11567	9734
5151	3456	4923	5229	3515	5395	5393	7541	8382	8385	8408	9705	9281	6258	9519	8935	10014	10798	11132	10969	10916	10917	11530
5746	3756	6559	2085	8112	3670	2841	1192	11698	4281	6821	9699	10262	6838	7709
828	3529	9121	9404
4953	4032	3198	8798	9333	9710
4716	5839	621	2648	3894	5681	3375	328	130
5730	9730	9855	4643	11564	11496	11775	6616
3169	268	816	840	5839	3987	10146	10312	7738
5931	1150	7562	7609	8374	1601	495	1471
3882	822	2085	8678	11128	11399	2317	9683	6841	2891	4386	6601	6983	2543	3052	5369	7133
3628	4010	5977	4042	4855	9445	892	9508	9538	9839	9725	3030	10738	7559	3994
6752	3613	3392	6677	7114	5504	10770
6908	6751	6499	7168
3663	226	2921	2920	2922	108	6017	2358	2258	2259	7507	8615	8121	8717	8561
5472	5177	4607	4142	8551	11103	11104
4929	3465	3589	4558	6730	11524	11525	11702
5633	9678	10631	1997	122
238	3515	5230	5611	5895	6482	8415	7463	7168	9037	9033	6481	6771	3166	7694	9730
6156	2894	155	1759	8003
4197	5241	8878	5141	6612	198	2146	8896	9150	431	2632	7994	8452	4678	2660	8846	443	284
1777	9008	1860	1007	5813	412
6404	1457	5016	5391	250	7541	8132	11497
6998	9829	8437	857	1629	2408	3792	6114	9051	10944	8948
4052	9109	766	10510	6826	3487
1237	892	2558	2048	2923
4581	9283	9690	10798	10271	5783	5780	8787	7017	5304	7022	10968	5834	11232	836	11526
1780	540	3193	3457	4350	4933	4923	1464	3516	5391	6017	6077	6488	7060	7036	8736	11291	8681	11485	11156	11782
7089	4898	4416	4426	5752	10590
3030	4035	2486	4091	5230	6077	7060	8169	6363	8131	7552	3164	8407	9785	3760	9444	6258	9279	10371	4212	7239
2249	4347	5226	5229	5391	5390	7060	7541	8131	8132	8253	8189	10169	9100	10995	10271	11291	11606
5612	3513	1321	3111	3270
3563	8982	2925	1341	9531	7691
4766	8417	8415	3658	7622	11270
5783	10202	226	412	10775
3747	3164	5291	9733
4777	176	909	3038	7219	7223	7228	6089	4932	7019	7022	8292
5264	6241	11276
1230	4202	4231	8705
3060	5229	7060	11030	11031	10911	10913	10914	10916	10912	10915	10919	10918	10917	11530	11255	5635
2091	3398	2159	3215	10758	11118
4001	3508	11813	1452	4608	10186	10185	5734
5122	6805	6857	10249	1548	1933	11655
3411	1178	2089	2397	5351	6787	8941	898	5400
6315	5016	1464	3515
6028	6567	8573	3279	896	9109	11075	6417
2144	3323	3884	4260	4350	1457	5016	5393	6017	6077	8449	8102	8382	3166	9712	11484
2422	1595	7779	10774
4456	8417	8779	7514	8408	3164	8189	8510	10326	6744	11485	9508	11467	2815	11791
1114	73	3607	20	1625	183	11406	2286	10211	2703	7771	7772	2832	7504	4543	4997	167	2490	5019	7017	11706	3637	4632	3143	4633	11504	3920	5085	7939	3471	1228	410	457	3546	4105	11415	6339
854	7071	8251	7514	9034	4732
4749	896	9174	7585	8728	8242	9852	9857	9772	9518	10236	10760	10014	10759	10238	8293	11524	11632	11566
2932	8749	9758	6724
6220	4532	9109	9445	11382
6837	4469	4585	9061	7937	8616
2484	266	350	452	743
4732	3999	8112	2894	4855	6181	9109	9792	3613
3398	5738	6830	7015	3375	6693
4428	8779	9037	10798	11185
4069	9644	420	1402	3288	4921	6868	6876	9646	9971	5666	174	222	259	872	1123	1415	3282	4881	5096	5727	5806	5890	6871	6879	6880	8710	8771	10225	10479	5127	9599
7097	49	7452	9067	1059	8824	9195	9243	11196	11288	8865	11349	4128	4586	2573	1054	5425	6051
6905	1132	3153	4035	4429	7677	4941	2137	9448	8318	11377	11568
6786	8244	9126	10463
1314	4155	1860	1722	3375
1816	7071	8382	8415	8408	9260
6656	5228	7779	8103	8131	8449	7514	8207	9947
6002	3556	2470	3285	4297	5815	1366	1526	1362	2095	166	3058	9224	10957	5214	180	10171	5949	5579	7265
1007	555	3589	4702	4725	4730	4558	3776	1457	5226	5016	1464	6482	6485	7779	7796	8169	7071	8449	8254	7036	8382	7514	8604	9037	3164	8407	8763	9852	9700	9253	9519	9774	10234	10798	11002	11292	11524
5517	6680	6488	7060	7864	9100	10201	8767	10976	10014	6258	5782	10798	11582	2609	11254	738	123
3573	695	704	701	723	1864	1632	1654
6627	8207	9922	8510	8142	9700	9947	7628	9251	9855	9255	10276	7629	6258	9730	9518	9444	10236	10759	9318	10823	9690	11132	11185	9319	11098	11287	7918	6446
444	2034	6484	5000	6120	3164	7514	2522	3627	7694	8510	10169	6258	9858	9518	10234	10637	10639	10955	5780	10326	11280	11285	11289	3625	6364	9612	11522	11581
579	1296	1906	2376	2419	3595	4847
3836	4708	621	8900	11345	1677	11205
2581	1188	10181	4763	7577
3998	6310	8419	10418	726	9746	8793	8429	5178	10289	2257	10774	7280	11698	6239
2569	5720	3883	4675	5457	9661
2171	6436	2163	8382	1543	9037	4032	1301	2879	3403
2771	6187	5978	7688	6190	6196	4399	6138
1051	1012	5777
119	4065	7201
2626	6314	1943	7569	9335
3160	8382	6879	8385	8779	7468
3942	225	872	8749	7365	11343	6678
5593	5062	8277	10505	909	2759	3590	6239	7981	4006	4042
3376	9947	9255	6258	10234	10236	7442	10326	7683	9100	10798	5280	6730	4239	5834	6364	10793	7918	6096	11329	11581	741	6270	6864	11254	11540	11567	11375	4817	11663	1827
6288	1268	3835	7409	8090	1311
5793	6239	3879	8924	8776	10929	7129	7862	10368
6616	2586	81	9060
6226	9110	3350	2221	912	6444	7954	7644	1474	3541	2595	5369	7447	1921	6571	6995
2444	4450	995	3453	2687	4514	768	9131	2025
6129	7824	4035	8896	412	1453	6367	6031
4583	8103	8382	4091	9071	9732	9604	10995	6679	11524	11516
39	9659	7694	10169	7824	9855	6258	9745	10381	10418	9519	9444	9744	10639	9733	10201	10976	10798	5834	10289	7960	9154	6096	4104	11484	11270	11558	11613	9507	11399	11540
2204	5838	8131	8449	8253	5834
5309	6680	3592	7101	7060	7035	7541	7796	8382	9947	9853	6258	9700	2820	9444	10201	10774	10759	5783	7017	7018	7022	8293	8787	5782	5304	11131	892	10635
5710	7060	7101	7541	1822	8383	8449	2894	8253	8763	7585	9260	6258	9281	9730	9947	9444	9733	10014	10288	9243	8319	10169	11490	6446	11774
5483	915	672	3121	7640	2542	7248	10350	5516
4902	7691	912
5756	9175	3534	9519	5834
3716	9010	8189	10169	9856	9444	10236
4030	2121	2952	1394	7578
2406	7038	6830	6007	10146	3613	6831	10667	10668	11032	11033	6297	7389	8815
749	1587	3454	1268	1361	1608	7647
1718	6185	10055	1510	2023	2061	4377	6299	9448
3650	8417	7514	9033	9037	8763	9444	10567	11185	2573	11702	11564	11780	11788
693	4078	6336	5933	3243	7765	8391	512	9195
2250	2040	7278	8582	1944	6410
3302	6549	7318	7563	5412	7789	10836	765	9618	10283	6779	7015
1524	3892	4397	7399	3006	6963	11555
283	2052	8505	5486	2996	9294
3096	4473	2759	10271	11058	11156
7143	8253	8779	6774
4805	1720	633	9535	10184	5847
2135	5476	6813	4349	5197	883	1775	168	169	5958	6370	10022	9082	6239
2459	6866	6807	6694	6198
2650	3206	8137	9653	8058	10998	11033	11585	10996
2661	8417	7684	3448	6258
4761	8205	9348	9834	864	3544	5501	10563	5658
926	9497	468	3613	2894	512	3243	8288	3794	6749	1177
3999	517	531	10370	9850
413	5709	6029	7101	2421	1900	8407	9700	10051	9757	3388	7321
2687	5228	6770	1931	7541	7071	6750	3075	3723	1261	7599	8029	5550
1404	1200	2307	9804	10319
7003	6343	7101	7779	7060	8253	7860	896	9490	5293	9859
3157	10353	10370	5818	6163	7677	6102	9448	11327	10553	512
1499	1231	7060	9033	8408	9659	9273	6258	121	7349	10289	3840	313
1456	4031	3096	3099	3101	4442	6902	645	9626	2062	3304
2216	104	1116	3336
6599	975	1773	9167
3755	1578	1591	3362	8372	10595	10596
2331	349	10909	2667	1674	3630	4301	7069	7009	10064	6901	4445
4535	8415	8253	8779	3164	7514	8778	9260	8763	9490	7585	8728	7694	9659	10169	9856	7629	6679	10236	10238	10976	9690	10798	11132
4252	820	828	1700	2186	2432	5435	9433	1115	821
4257	779	8755	3059	412	2939	7723	11018
6080	5658	10225	10418	3969
83	6133	4694	1949	5576	2121
1371	2789	9037	6093	10079	7514
850	4372	5839	4375	5369	4238	3403	3336	2284	631	6957	9814	1477	1846	3007	4862	4032	8487
219	6983	9745	5976	6739	7247	1698
5952	2968	2519	4159	1980
2034	4697	3990	226	5792	9506	540	6420	7862
220	2581	3218	1472	3589	4702	4724	4730	1457	5016	3516	6077	6680	3592	6484	8417	11041	11568	11540	11439
3547	8417	8602	3164	6258
4950	5016	3515	3516	3932	5393	1469	7060	6206	9775	9772	9776	10236	825
2339	4888	4891	4877	1708	1831	308	5069	2675	2682	3038	5421	7947	8057	9713	1838	6090	243	2007	5937	8942	883	5957	8966	2177	9325	11176	6986	7534
1868	5226	3516	5228	5390	6077	7060	6363	8449	8385	9054	9064	3164	9037	8407	9283	9730	9852	9519	7694	9733	6774	10798	4104	1965
4136	3457	4923	5226	5229	5016	5391	5228	7541	7796	8131	7585	8763	4794	5516	5307	9746	9508	11117	9037	11378	10913	7551	6270	11156	11632
6218	10522	892	8487	10251
6731	6239	11084	9507	2150
2823	9122	9490	9124	2014	5646	3889	8176	2444
3825	8417	11074	6096	11601
5364	2254	7889	809	3160
4914	10838	135	766	6240	8861	9970	8433
6486	4189	7152	217	5902	306	1076	4752	10089
6881	11661	9387	10492	10806
6601	4212	2204	338	392	4203	3592	1624	6483	7552	8169	8132	8383	8408	9037	3164	8679	3628	7683	9700	9100	10201	10976	9690	10618	5834	11290	6364	9490
6053	5178	4492	4042	1860	1015	7129
3514	1277	3935	130	3927	3936	4020	5374	5376	6864	7547	2235
5470	9100	9776	1628	10287	10288	10449	11606	165	9723	9727	11234	11557	11645	2482	5499	4855	6239	6738	7570	7988	8112	9956	10106	11163
6609	10369	1208	5435	5847
1174	6693	5724	2023	2450	4240	8320
6552	4814	418
2939	5731	5051	4805	3579	11590
193	4768	4196	5420	4280	6068	4632	6138	4192	3301	4621	974	6353	9020
1527	500	540	9055	7781	5902
3201	10916	10915	10914	10911	10797	11448	8669	10793	10794	11255	11529	11399	5635	11194	11576	11550	11539	11543	11582	11329	11481	11606	11487	11581	11041	11558	11254	5788	11782	11515	11698	11740
1284	670	5851	10638	11318	126	2085	3598	3792	5626	5884	5965
2563	3884	4350	5391	3113	2425	3192	3087	6680	1624	1944	9100	7694	4431	11232
2529	4281	3390	3613	1912	991	1916
3213	7090	228	5361	6478	5346
1301	4057	1629	10633	10995	8186	1841	3375	10777	799	11391	9490	10626	11399	8025	6406	10884
5757	7060	8131	8251	3164	8763	9947	9444	9519	10637	10759	10760	11448
4599	4594	8462	4516	2580	6497	99	256	5516	3166	7829	9076	2470	4682	7897	10036	6814	9083	8402	8011	10656	8139	7433	7647	8566	10104	9477	5457	11204	9266
5615	2739	1833	1277	6677
2488	4799	7642	7781	8616	5380
4597	6483	7060	7796	7071	8415	9700	9100	7629	8352	11788
146	5228	7060	8103	8382
5239	8189	9011	11185	6364	11041	11543	6444
2964	1612	4634	1471	7079	1616	10396	5194
5581	6106	7017	7020	9968
3452	3589	5204	6421	9133
4242	1716	3443	673	4683	8148	6751	11536	4032	9552
2096	3744	9408	9583	814	9756	10168	452	2374	7627	10531	9880	672	8371	11306	11369	2578	4072	7752	4599
2255	368	987	1154
3308	4713	892	2127
3933	1781	5997	6009	7009	9932	11093
6024	4103	3465	3466	3398	3376	3517	3721	4724	1712	3515	6344	8169	8763	1543	7694	5307	9774	6258
5686	3092	4078	1641	5417	6573	6443	3011	9727	4855
6172	4730	3506	5611	7052
4351	11698	11582	11481	11581	11579	11578	4104	11580	2573	10305	11600	11601	10106	11739	5788	11800
5022	7827	9393	2758	5128	6826	9096	142	5241	4126	5067	6284	9951	1209	9626	2202	1874
4347	3398	3589	3063	4724	4730	533	1015	4079	6930	6633	4082	8194	4958	7350	7701
3794	9183	5162	9490	6761	629	6258	9795	64	2298	10236	10201	1258	10238	10976	10798	5834	11232	259
2898	4960	8598	8599
17	3970	9700	7442	8470	10864	8888	9398	6326	8885	9243	4325	6364	11447	11487	11630	11613	11156	10626	11782	11515	909	11769	11766	11399	11773	1825	9799
5820	4923	1457	5226	5229	5395	6488	8253	8250	8415	7683	5834	11185
1112	4440	2444	6602	1887	4836	4874	3261	5331	3840	9523	1849
1727	298	7065	5102	3428	5293
2959	3398	3466	8207	11568
6929	5390	5837	1624	6486	7060	7796	8131	8132	8415	3071	8408
3139	10053	11334	2729
5590	4033	8765	1572	1050	2018
6899	1957	5840	6822	3975	3980
224	4702	4724	3506	4730	8415	8382	3164	9037	8728	9010	9284	9659	9700	5307	10234	9733	10115	10236	10637	10976	10014	7721	7018	11232	11483	10600	11523
43	2496	672	11219	9029
7033	2046	1827	3166	2254	1441	1408	2464	7201	6274	8835
1285	10578	5412	8459	412	11212	1439
4393	1012	3613	5380
6755	412	2337	669	27	1419	9790	4571	26	512
6448	6680	6484	6483	7060	7796	7316	8254	8449	896	9034	8598	9490	9705	9922	6258	10371	9776	10798	7721	10626
610	10327	10996	7903
4023	1473	676	892	3595	5837	5838	6239	7370	8755	9507	10368
5956	8105	1273	8486	6076	10862	10971
2477	4107	3457	5228	5226	1249	3516	1624	7101	7060	7541	8169	7864	8415	8417	8254	8382	8779	8409	9037	9705	9857	10234	10759	7721
2379	2852	9294	4723	8612
4217	1860	4315	11347	3594
1654	8415	7694	9700	6258
2739	4800	2787	2250	6007	10841	3613	1325
3493	1860	2085	8984	10485
5306	4570	176	4294	7199	576	1835	4426
3148	5785	8340	9156	7493	567	4885	5960
1493	505	4435	6619	11685
2008	7103	1632	5175	7203	1612	1615	1638	1639	3630	3987	6637
5077	5261	4996	7281	7283	7285	7291	6743
2200	2899	7569	187
3801	1454	1158	5230	8407	4158	1899	7108	1021	7683	8510	1638
2874	3465	3398	3589	4730	1457	5230	5391	5395	5393	6343	6680	7541	8254	8382	8449	8602	1543	8189	8207	8208	9281	9947	9858	10169	9519	11098	11378	11490	11765	11766	11767
628	9268	2996	6205	8264	8863
5994	11412	1027	1910
495	8254	8250	8385	7514	9034	8763	8189	9922	8242	9855	9856	7625	10955	10995	10271	10798	11316	11579
5269	1666	842	3493	362	208	9294
4819	517	2651	3686	7056	7723	9177
4361	4205	11419	1157	8249
3576	4516	4492	3644	4314	4426	5293	6239	8605	9744	6734
325	802	585
5875	8417	8604	1543	8189	9785	9100	9659	9772	10760	11283
2861	8111	3802	4420
5208	1178	9314	10335
2243	998	4304	597	5303	353	1138	540	3200	6221	6879
3336	4923	5230	6018	8449	7514	8409	9037	7585	9775	9604	9858	9712	9183	6730	11439	10520	11701	6438	9799	11774	11777
2188	1843	4933	4923	4051	553	555	966	554	1097	877	7541	8415	4734	9054	2402
4540	3102	3104	10255	1221	4837	6389
5925	1583	5504	8789	1471	353	176	4197	5863	6726	8942
2260	3516	5228	5395	6343	7860	8169	8652	9747	11782	10626
3703	2578	5939	6511	6981	7599	5938	8789	9038	5958	883	7250	3541	9814	5960	9440	9756	10805	2294	429	3950	3952	8120	8622	10114	11528	2823	3553	6467	11179	4104	7056	9636	10265	11598	9325	11046	4858	10051	11195
1833	4762	8433	2261	5030	6102	8403	9350	11018	5044	5413	3820	6498	8659	9109
4061	9448	678	1098	2464	3531	3582	3583	8616	118	2533	7522	8148	8149	3888	11200	10731	6727	9911	720	11459
1895	2595	10262	10838	6469	9391	6027	8605	8391	10709	9722	10553	2374
2797	4128	4242	7849
2351	2891	3659
3740	5865	3658	9385	11232	2609	7141
4724	1524	8116	4121
6358	531	8955	4638
1722	10140	4588
731	1477	4020	6626	2447	3493	4920
7011	3376	3589	4725	4730	3884	1457	5226	1464	7060	8510	9637	9700	11002	10739	10777	11472	11568	11484
2528	2134	3006	10104	6402
95	10903	11132	10976	5834	6730	11098	11196	11232	10247	11030	11031	11379	11527	11255	11531	11521	11530	11329	11582	11481	11581	11578	11735	10616	11709	6443
2473	1128	1125	720
6374	7639	8675	9135
2391	3320	2799	3829	5109	3771	6430	7046	4652	5801	1925	10169
4525	3837	4280	7317	8739	4091
1246	9700	5834	10289	10169	11281	11287	6594	11606	11568	5788	11567
4280	3375	9277	9109	3987	4860	7570	7781	892
5037	4330	7551	1268	8658	3375	5284
87	6298	1689	9242	200	8606	3236	7104	11143	11625	10852	2447
3686	7931	1063	8003	5486	10209
6108	4359	187	2525	5132	1860
6863	4554	5696	7819
6008	7119	471	3628
3499	3164	8407	7684	10113	9733	6730	11031	11289
6478	69	3376	3589	4702	3193	9700	9947	10976	6258
4774	3514	66	3368	9562
5247	11582	11568	9547	11579	4104	11580	2573	11601	9796	2624	5727	9250	10626	11782	3368	11399	11773	11777	11771
6241	2390	8736	2205	2408
3974	8778	3164	1543	8521	5266	5753	9251	9255	9974	10287	11316	11176
1438	4417	4923	5230	1230	1624	6484	6488	6483	8131	8102	9108	10326	9747	7551	11606
128	6200	6190	6188	6189	7561
3607	4694	3792	5759	3307	3864	3942	8061	6222	7802	4113	4762	713	7366	7769	4275	8990	1709	801	3453	5538	5285	1436	4426	11090	3009	11568	3581	3221	7277	7593	7400	10484	10042	10390	10177	11207	4871
3285	3109	6621	8808	9946
5046	6693	10175	3375	5676	5814	11434	7338	5647	11414	5703
42	8385	9067	1453	8120	6755
2101	1766	4028	4447	3941	10745
5722	94	1230	6957	7154	5432	7569
3505	7259	1671	2277	4763	6241
6423	1976	2288	6497	6751	7572	7079
2696	7973	10314	892	4560	8698
6790	3621	6676	6678	9663	2767	1124	444	8625	11325	11326	10038	10567
3770	6343	1716	5418	5420	8779	8189	9183	562	3174	11074	10794
6047	10262	8787	8392	11481	6444	4997	11439	6445	3501	4098	11714
4620	2298	3554	5516
505	4898	2827	150	10716	154	2162	11226	901	3793	4087
2	1243	2648	8950	10596	8492	8495	198	10835	7025	10047
6322	1231	2105	4111	584	6680	8131	8250	8778	8779
2183	5329	4326	4634	7608	5658	7738	3879	6239	6737	8755	9507	8325	9508
3259	3267	6542	6678	2254
5684	2297	3884	4350	4218	4923	5226	1230	7060	8449	9285	5781	11098
6835	1072	5395	1481	1582	3096	8131	8449	821	9280	9100	944	6326	10259	6443
1672	3271	2568	2490	2899
2764	6281	6826	9109	9445
1723	8417	7514
3384	9109	11048	3368	7056
2211	5090	5456	6353	3467	4294	4822	8268
1866	7248	10766	11108	3166	5516
5117	5390	6483	7060	8102	9037	9490	7369
330	1789	1897	6654	10177	5440	2427	5005
2777	1481	8090	164	1560	10041
944	7552	8251	4997	3264	8736	8189	8249	6620	7442	10798	1914	8489	5047	4641	7912	10238	2942	10463	818	6843	3336
5565	7983	3091	9893	141	1915	3523	825	7052
4010	3456	5226	5228	6018	7541	8728	8211	9663
6140	6018	10236	9318	10976
6240	3608	6851	6627	11106
4073	180	166	401	1402	6342
55	5660	3445	4226	4361	4362	4364
275	10287	11290	11606
5855	1339	4330	1178	11035	8701	1361	513	11653	3625
360	4601	6775	458	9371	3227	9558
613	7372	4353	4590
1915	10982	572	4970	1689	1124	8504	6464	9505
2147	1749	4923	5226	5016	5391	5228	8779	9174	8407	8408	9033	9183	9260	9490	7694	9637	9659	6258	11232	9154	9612
6568	6258	5783	8787	7017
4673	1194	89	2479	758	6697	2984	2988	5678	8264	5236	4863	4708	9268	2996	9398	9993	755	2949	8113	3443	9026	8247	2966
4987	2469	2959	2977	3987	10852	5047	4236	1063
3609	7288	3231	1111	9736	5201	5439	6693
721	3218	3376	3589	4724	4730	5226	5016	5395	1624	6483	7060	6363	8779	896	8407	1543	9785	7694	7683	9775	10115	6774	7721	11720
1842	7415	7564	3624	6678	8515
3653	5427	3343	11174	6292
4868	2815	8417	8382	1860	9033	6829	7730
3084	4923	9285	8208	9855
1134	2374	10573	11179	5933	8333
5456	1084	1098	2140	6780
5661	302	1252	1130	4008	6851	4035	3161	8382	11687	3943	5774	7321	5034	7982	7277	7945	9347	3176	9222	9223	6928	5715
231	6114	580	5334	10818	10820	198	401	11214	400	583	585	802	816	883	1224	1906	2153	3535	4811	5454	6512	7604	8874	9022	9463	9509	10264	10567	10635	11581	3551	2524	912	10805
6297	9763	892	5061	5063	6686	7984	9407	7892
571	4266	1761	4265
6455	2364	958	4028	2299	6495	411
6441	6343	1624	8199	7304	8189	9664	9282	9775	9774	6679	8787	7018	10976	7022	10823	5783	6730
50	3000	4280	7417	4732	9699	8828
2746	3613	2476	4032	7569	9242	11023	11260	10852	572
4640	3017	6075	2050	3210
5932	792	4790	9850	10372	8596	10748	7361	4805	10040	10257	5368	2576	4074
2737	4703	3637	7634	7058	9119	9847	6562	10261	7638	9324	2524	8902	459	10481	8621	11602	11207	7645	57	7649
6953	7683	9773	9517	9538	9712	9774	1351	7721	8159	187
7116	4385	5976	10106	10313	2083
2736	95	558	2814	4503	9463	2904	7265
4595	4091	8417	8253	5280	7052	8207	6258	9774	9444
3234	428	6331	1125	9216	1684	8937	5573	564	2771
3072	7572	5146	11193
3070	5067	412	2492	5956	9429	6486	7250	3639	6768	6819	3542	5659	10339	896	1578	2213	3260	3537	8377	8965	9061	9325	5474	1153	4094	4148	4694	5851	5932	8088
2631	3284	11218	6044	11147	6005	6006	10391	10619	10322	10323	10390	10136	3639	423	671	1354	5849	1531	8623
3206	3436	5019	10450	7572
6827	6736	4855	8218
1442	7541	5307	10236
5179	8208	7683	7684	8510	7694	9922	9772	6258	9730	9947	10371	9444	9733	10760	5782	10798	5834	10567	11232	11379
3860	3360	4291	1482	3420	7615	2447	4174	5788
3510	4923	5226	5230	5228	7796	8131	8382	8604	9584	9922	10169	9772	9604	9774	9733	8787	11185
489	5390	6344	6482	7060	8169	11131	9319	4104	11578	11579
6762	613	133	1321	1221	7207	7143	6039
6612	1580	1602	11781	6897
6432	4724	3063	4730	3506	1624	7154	9340
3075	2408	5707	8859
1183	1685	2770	4996	4137	5683	2005	5500	4716	6438	6445	6446	10023	5485
5699	5038	3454	9243	625	774	8616	8629	3111	3322	3360	4426	4464	5837	5870	6070	6497	8864
4533	5041	6957	3454	4031	9350
90	5226	5016	5229	1624	7552	8253	8382	8407	3166	10234	11098	11185	6410	6096	11544	2609	11663
285	5390	6344	3518	951	1624	7552	7796	8382	8250
5231	505	2885	10383	317
7104	6407	373	8288
768	2194	2256	4386	3576	4390	3993	2195	3996	3999	4035
4684	9100	6269	10976	10969	10794	6096	9744	10418	11254	11663
5918	548	1069	2939	4379
4427	4855	6734	9130	9730	7316	7559	4052	10497	10774	10287	10875	7984	10976	10093	11524	11529	7824	11447	9507
4788	7843	1402	5661	5662
2220	831	2870	8325	2447	10758	7248
5868	6007	1059	1263	1692	6378	2014	512
1181	6312	7354
3250	4560	2680	5978
6541	323	2627	2650	7203	3063	7457	5515	5452
2993	6485	7060	8449	8408	8409	9922	11601
1027	9940	10423	4040
3133	6193	4397	6743	10368	8325	1955	4514	1071	9839	10532	875	1384	2014	5307	8906	10754	11707	10726
4822	8679	9857	6774
6741	8170	6577	7611	10782	306	8795	5400
5629	8003	4630	4033	5402	7064
6451	4488	307	1103	1923	1189	1563	3346	3348	4109	4483
2465	2687	3167
2782	9506	8596	3988	10610
6894	5229	5016	6488	8677	7755	9037	10449
3000	9659	7694	9700	9100	11185	11002
2172	8334	6056	8333	4253	873	4098	7633	8259
1983	5640	8268	9416	9137	5380
6230	8603	9037	7585	8510
4019	3193	5593	10823	9243	10969	11481	11543	11544	11360
740	3323	9444	10793	10794
2023	4151	10508	4294	5846	6694
701	5226	5016	3932	5395	6077	1624	6485	7796	8132	8382	8408	9037	8409	8728	6258	8407	9280	5291	10113	9733	11378	11481	11490
6935	5391	3192	822	3142	1624	3592	7035	6363	8417	8382	8779	7514	8598	3164	1731	10367	9444	1681	7380	9684	9806	10082	10271	10287	10798	4040	10718	3481	9540	5736
4076	3142	2374	4639	5875	5306	6277	6354	5839	9691	597	4424	5292	5971	7502	9568	5787	9003	887	3112	3113	3295	4397	5419	5794	7730	8092	8763	8896	10754	11232	3536	3922	10367	10454
4063	4039	5976	5978	6310	6001	4035	6470	5974	7354	7648	5470	11682	9507	9508	9745	7578	7778	5290	1580	10287	8677	10685	9329	10581	1038	6957	10687	7034	11670	6738	8806	10806
785	6613	9601	190	6827
1111	8519	2330
5279	7096	9650	10357	7300	7768	1481	5558	6664	10864	5784	5710	7806	8861	3291	6459	11737	3835	1930	8508	8784	7534	672	10619	11218	11807	9638	912	1228	6890	6891
3402	8382	7385	7512	7224	3719	10089	5630	11327	3763	6751	743	3987	6533	3428	3485	8428	672	10639	10823	7880	1624	4032	10299	2286	8418
4476	4686	6557	872	10605
1577	4543	3243	3375	735	3185	1692	3126	7738	6830
3531	8778	7684	9947	6258	9730	9444	1261	10823	10976	9319	10473	11770
3893	1495	4237	876	6155
4592	3096	3101	4847	4901	3323	3776	3884	4255	4260	2365	2432	2461	1513	5228	3932	6018	1624	7514	9100	9700	10243
9	5980	3183	6239	5385
5258	10754	572	6737	7973	9761	10106
4649	1824	2288	1395	45	241
1389	958	4387	1106
1119	3456	3013
5781	11446	6683	7345	10368	10718
5144	8893	9831	592	9440	9756	6184	9000	11226	11301	2351	7260
104	7699	5369
3876	1255	4958	5516	6668	7888	10398	10399	808	5943
5148	8363	10223	10731	9338	10836	10959
5433	3005	4178	232	3025	3178
3978	579	6724
7052	1636	4453	2687
5616	7442	10976	3658	10149
3162	3164	8603	8677	8763	6753	9490	9700	9922	7629	9776	10236	10760	3658	5834	10567	9710	9612	11550	6096	5979
3053	6998	7417	8621	8872	9143
7098	3376	3589	4702	4725	4724	4730	5229	5230	6077	7060
3802	4489	6454	7903	10554
5671	4398	5976	7824
4232	11536	11493	11494
4269	5632	10542	10423
4760	300	3045	6638	13	1632	3735	3743	3744	4538
5332	1591	727	729
725	912	3093	4023	8566	809
6118	2024	1624	6484	8254	4095	1233	1234	9037	7036	9260	8249	8510	11098	11185	10798	825
6004	6201	2277	7984	9506
4002	909	9765	6718	6546	7610	4025	9783	4816	11369	594	8817	593	2415	4309	590	1382	806	4813	5405	4811	4815	6086	7632	8944	6824	708	1226	4327	6545	6719	8965
4119	5226	5229	5230	5395	5228	6343	6593	8131	8169	3164	8407	8409	9280
4758	3291	7691	458	1860	7459
1489	8417	8253	896	8408	9037	9034	7585	8211	9100	10169	9603	9444	10271	10633	7369	837	11530	11399	11540	11720	11739	11740	10446
2348	142	6025	6026	6240	814
6339	7624	2763	764	2888	6603	5076
2865	1831	4146	11602
1017	2864	112	359	1868	3017	5078	898	2046	2047	1020	1407	3283
6421	7485	5767	7482	2764	6818	9815	3536	5196	11421	7234	3260	5207	759	8127	9149	3613	4248	5430	9104	10089	10406	4378
1022	3995	5178	4042
1002	412	2319	4353	9147	9792	5924
2093	9490	809	1268
3918	57	152	1213	2108	3694	5278	5655	4128
2751	9507	9746	7026	9954
1040	2425	2424	3604	4694	9593	886	2014	9240	5945
460	1268	392	5534	1543	9444	10014	6364
3108	8808	8806	10289	7570	10073	11059	10492	4560
1793	281	351	195	266	350	1252	1350	1379	2047	3187	3195	3262	3480	4164	5570	6661	7334	8006
4400	4588	112	177	3579	3718	6621	7764
4891	1849	4042	4976	5974	8254	8417	8251	8385	6000	7514	9109	8736	9582	9744	3877	10289	9243	10969
5905	8253	8415	8207	3166	3865	3868
972	974	5368
4765	4425	6858	2049	7766	1456
5909	5411	11074	3453	9294	5783	5780	9154	11568	6096
5492	2584	3355	2996	7106	10521
5766	6914	8861	5780
659	8173	1772	1773	2183
4251	11	2496	9761	8082	8755	9507
556	4096	4982	5369	11327
6898	1161	10072	10503	210	8094
6258	3389	2640	4186	1979	3080	5185	6296
3457	1468	2074
3528	3592	6486	8382	9011	8510
7114	5976	7570	3030	8775
3005	5230	3215	5016	5395	5483	1860	3720	4859	636	3546	6957	6076	8131	1020	1632	8383	9785	7342	5957	7366	2823	212	10573	9327	835	781	2536	3677	10794	2573	32	11564
430	4038	5974	4035	1828	4976
2142	6078	7675	4626	6906	3498	9438	8064
1923	5228	5391	7541	7864	8254	8778	9659
1433	2299	8333	4675	10858	8559	6114
5790	3029	8765	9208	3358	10088
1388	3595	5350	8452	3227
3868	7779	8449	8599	9174	8409	9712	10371	9774
2541	1201	1239	2630	3841	3127	8605	8445	9052	5256	5282	9084
1263	6239	10687
3456	9186	5645	5696	9597	5434	7913
1646	10103	9507	4560	7962	9109	10754	4229	5402
855	11436	596	3586	6146	8363	10486	2182	2195	5978	6286	10423	10947	2905	10368	10418	6874	8111	11569	9935	5990	10004	271	2024	7201
477	3065	4043	5836	5837
5558	641	643	717	579	2198	1869	877	5389
2199	7892	9923	4032	8505	10070	775	856	8896	1323	5486
5551	5391	1020	6486	7101	7541	9774	10169	10442	2598	6468	10201	10289	11185	10182	1022	11280	11511	1078	1584	284	892	11540	9507	11744	11136	11399	8755	11118	11237
1839	809	3884	5228	5230	5016	3515	5395	5611	6018	6344	1624	7060	7101	7779	8131	8449	7036	8189	9853	9775	9855	7629	5307	9518	5781	11185	6364	2573	11511	11401
4678	6258	9947	9730	9518	9444	10995	10236	10633	10201	10798	5834	10247	9747	11530	11600	11720	11439
916	10234	10236	10633	7369	10449	10618	10182	9318	10976	9243	6729	5781	5834	3845	11185	10169	11526	7551	11291	11041	11582	6096	11270	11578	11540	11741	11518	6445	6443	11701	11766
6727	2160	3563	5416	7557	2158	2159	3613	6610
2117	5229	5230	5391	6486	7541	8253	8382	8778
6360	4255	5229	6018	6484	7060	7860	8603
2773	11411	11608	11609	11655
4412	1259	8883	2607	2986	6904
6771	3770	2327	6077	4686	5833	3592	1624	8598
720	2681	7885	791	1012	991	1009	1485
2111	8251	1927	6489	5144	7362	5997	9908	4825	11418
384	4215	3453	4192	4464	3832	468	2580	5261	5554	6490
2328	3553	9552	5293	5308	9366
1670	4514	9504	7119	2768	2982	6631	4218	5837	10172	2965	3794	3261	10814	4549	4892	4675	8164	4188	6800	10255	6633	9124	10378	10945	9765	10426	1271	1827	8119	11246	2014	10464	1293	10242
6365	1086	3864	4393	6388	1071
5169	4923	5226	5016	5229	3516	5230	5395	7060	8251	8407	9260	9281	9280	9852	9947	8155	9733	10798	9546	8108	10969	11606	6178	8225	11399	11156	4386
5426	5227	8479
2728	6486	7081	786	7060	8132	8199	8253	8408	8407	7585	9855	9774	9733	11131	11185	11483	11522	11485	11606	2573	11782	11399	11777
1292	8763	9037	8189	8207	9773	9856	10234	6457	9733	10014	9519	5834	836	11525	11601	11540	11515	10520	7044
5159	1345	4398	8616	886	3111	7781
3700	3747	5885	8362
28	3310	5371	7613	1023	1506	11044	11050	11054	73	7957
1352	2037	6336	1797	1578	4459	4392	7790	2353	502	2036	3613
3848	8681	11308	11486	11399	3999	7988	11568	11606	747	10626	9626	9794	11772	11773	11775	11675	11819
2553	1475	5171	4183	6508	9161	218	2408	3850	4157	4238	4871	5609	7422	9177	9290	11114	11223	11264	2623
3016	4923	5016	5229	5230	7514
1444	966	2432	2365	2401	6185
485	6114	2374	2397	2460
1739	6405	2255	10286	8761	6826	5851	6827	7267	10007	8120	3690	11322	8344	7813	4889	7884	3708	9150
635	8235	896	6855	9165	11687	10194
2641	2350	4516	1039	4426	6190	6831	8605
4564	9821	3020	8226	7241	1860
4064	5125	3189	7892	10263	2447	6966
1130	4724	3323	5230	5016	1464	5391	1624	7060	8417	8449	3164	8728	8763	9772	10798	770
6157	9137	9117	9148
1004	685	3398	3589	4724	3193	8385	9064	3658
1612	3517	3589	4724	4730	6363
1873	4076	4106	6625
4888	7767	9082	4560	4385	2195
1584	1544	9733	8619
3262	3246	5149	574	9528	892	1340	6239
3103	11583	11601	11540	2573	11565	11564	11800	11501	6449	6438
2052	7541	8169	8254	8385	8680	9010	8211	8510	9730	9776	9349	9444	10236	10759	5834	10798	11185	5781	11030	11031	11232	11530	11194	11531	11529	11521	11528	11255	11527	11522	11524	11581	11702	11632	11566	770	11518
6875	1240	4140	7033	3692	6733
5158	5657	4846	6296	4847	5669	2759	4375	4426	5131	5663	5764	5517	7750	7894
5233	892	5802	10418	10806	11488
4529	3366	3987	6790	11180	11372	11587	11021
5780	6159	2953	2991	9629
6508	2	8902	9573
2625	8415	7514	8602	1543	9010	9011	9584	9858	10271	10287	11606	11702	11118	11399	11775
1883	3465	4724	4702	4923	1457	5229	1624	6863	8409	8249	6258	7694	9100	9947	5291	5307	10236	9541	10618	10798	1827	6443
4502	6310	3248	4630	4105	896
4486	1111	6146	9758	11604
2046	9167	7805	9490	9973	10766	10967	8881	1054	6843	10034	10647	365	9508	572
3752	1970	6680	1624	7071	2940	8207	9775	6258	11185	11486	11782	9328
530	5509	877	2198	9204	2566	7126	11182
6493	1905	2354	2420	5507	3358	6799	3336
286	1348	651	827	1351	2578	2624	3118	3132
6146	9479	10200	9963
3957	5870	3843	5886	4113	10816	7891	8815
955	4660	5464	447
753	9109	7365	2520	5165
6376	8214	505	1851	3222	3758	4911	6284	11333	10157	11060
4803	8415	8250	3164	7514	9490	7694	10169	9100	11293	11632	11567	1825	10446
4181	1192	4923	5016	5229	1249	3515	3932	4724	5611	6344	1624	7060	7101	7779	8132	8250	8254	8382	3164	8763	9490	7694	6258	9659	9773	7629	11600	11566	11720	9734	11136
114	4933	6680	8132	8449	11490	11399
4478	4268	4263	1479	5717	1301
5532	212	8182	8359	8516	8601
5954	4933	1457	1624	7060	8169	8415	8778	3164	7514	7683	8510	9947	6258	7694	9700	9773	10276	9518	10236	10497	10238	10823	9318	10976	10798	11130	11132	5834	11287	11303	11031
1083	1600	4436	943	4442	5229	5195	6017	6680	7060	6363	8603	7514	8736	7442	9100	9243	10798
1630	6363	4996	3000	9554	9279	9456	9773	10955	6731	11002	1954	1471	11516	6445
1520	6486	8417	8510	9699	9730	4280	11600	11702
2180	8677	8598	9037	8763	9490	7694	6258	9947	9730	9712	9444	10633	10271
1591	188	9776	9444	11232	11568	11270	11742	4291	10647	11536	11778
341	4386	8325	8220	892
3759	8251	9037	9855	10797	11568	11536	11496
3681	2345	6240
6113	6282	9947	6258	11232	11576	7435	11632	11735	11780
1375	7810	2267	9628	1113	9225	10202	10473
6016	3465	3466	4702	5390	5393	7541	8131	8132	9034	9775	10169	9852	9776	10759	8787	11131
6479	3754	790	5051	835
2909	2377	187	1624	7035	8254	9154
5312	8415	8407	9034	9033	9490	7585	8207	7694	9659	8510	9853	9700	7684	9858	9733	8087
99	4642	5153	8452	6326	7663	10023
4930	5976	8169	8415	8208	9730	10236	10774	10418	4269	11297
316	5228	5226	1624	8253	8604	8763	9604
1351	2907	3475	3494	4389
2401	815	2070	5299
3449	4175	1979	5536	5537	1055	3469
5098	5228	1230	5390	5709	3592	6484	6486	7060	8199	6363	7552	8254	8382	8778	8779	8603	3164	9037	8408	8208	8573	9340	8510	9603	9730	10117	10236	7629	7684	11232
5777	10760	10287	10774	10182	10823	6258	9319	1588	5834	11290	11292	11098	11196	11297	11002	11232	11299	11255	5635	11578	5788	9877	11497	11720	11702
150	9013	821	2893	4773	7494
5202	4202	4203	4205	4209	6685
4865	947	1096	935	4725	2855	8778	7514	3166	7442	5304	11074	5834	9747	11002	11232	11399	11550	7918	11270	11558	10811	11540	11701	11768
3981	3397	3465	4108	4107	3376	3517	3589	4725	3506	5016	1624
3015	8385	3164	9183	9490	9318	9154	11600	11602	11776
4160	9699	9431	2334	2024	2025
3107	803	4439	3518	3164	9033	8211	8728	8510	9700	9858
5087	837	10169	10247	11029	11030	11031	11378	11379	10914	7083	10912	10915	10916	10917	10918	11329	2609	741	6270	6864	2573	11601	11600	11399	10520	770	11771	11774
1387	9947	5432	5181	5504	9209
5153	3193	3776	1457	5016	5226	5229	1464	5391	5228	6343	1624	7060	7541	8250	8251	8778	9260	9286	9340	7071	9285
7065	7060	7541	7796	8132	8417	8680	9340	9853	9947	9854	10449	11292
1823	4853	4532	3553	455	1440	4694	7918	11579	11487	11606	11128	4722	2573	5788	11156	1116	1860	6383	9641	7561	7273	4310	441	6332	8507	11515	3484	5787	6444	11118	10092	10321
2316	2684	2868	10715	11396	7612	8418	1226	7326	3690	4080	2317	8791	9928	883	2031	4056	5286	5590	6774	3940	4121	5727	583	8002	2165	660	1610	2128	5516	7603	8694	9065	2858	6341	9230	1624	6373	3107	7493	3477	3728	4136	4888
4656	3884	2855	4255	5226	6018	1624	5711	6363
4560	1483	828	876	5390	6484	1085	4281	1860	8132	7552	8251	9853	9772	11613	10811	6443	11765
2523	3398	3376	3589	4725	4558	3884	1457	5228	5229	5230	5393	810	2413	257	6017	3624	2326	5865	7616	8132	8572	9947	10902	11002	2609	7918
2601	6645	6927	6646	7561	7377	434	9050	10235
3365	7692	7799	10815
2323	5470	8931	10368	3375	5141	6826	6957	5102	9099
4362	4260	3516	3592	1624	8415	8449	7541	7796	8407	4032
511	7203	7442	10167	36	2579
835	8410	7874	733	3567	7043
1847	1729	6115	1516	6372	6599	4937	3228	6751
4636	3589	4724	6248	4730	4260	1457	5226	5229	5391	5393	1624	8169	8382	9067	8763	9853	9854	10169	10236	10955	6410	11255	11522
1409	373	5814	5823	7203	10704	7967	1044	2470	7409
8	2377	6983	7569	8112	8325	8405	10177	3135	3155	5885	8842	10858	9076	2277	3159	6404	3928	3937	10151	4426	10789	2888	4339	821	4093	10866	7004	8168	8346	11502	10137	322	2409	9615	7887	6079
2412	3239	7277	453
1784	3368	5831	8760	4507	6011	597	9361	5548	3699	5508	5903	4501	10063	468	3566
414	3439	5976	9109	5907	9507
1074	9680	3258	7692	9881	10952
2697	4299	10320	5715	4682	6888	10558	4098	9510	992	510	4691	5220	7837	7007	3336	4188	10591
5620	226	3702	2447	7801	5211	6546	4359
3345	3613	4181	8248
5541	4923	5016	5230	1464	5395	1624	7060	7541	8132	8254	8251	7514	8728	9733	10449	11131	11232	6438
327	4933	5016	7060	7617	7071	8254	8385	7585	8728
1395	2308	3810	8194	10218	10866	2986	6359	7073
6725	5228	1624	7779	7541	8131	8417	8415	9033	6774	5782	10976	11185	5781
6445	4106	4340	4991	2689	5919	6026	8783	8738	10023	6025	7593	2362	4686	3592	5822
3656	4810	7302	1456	3501	5194	6239	9725	3368	6471	7984	9109	10254	10289	10492	10626	11095	3510	8924	10418
3671	9034	9260	8728	5756	1802	8207	8211	9279	9856	6258	9730	9100	9444	3556	10902	3120	2555	3561	5834	1632	1653	3744	11719	1631	716	1642
3440	11411	11608	11609	11653	11655	11413	11699	11830
2395	9109	5151	2891
6738	4702	4724	1348	3193	3456	3457	5226	1457	5016	5395	6680	8199	914	4690	8132	3503	6258	9444	10798	7334
844	2134	2653	3694	4238	382	2666	7577	1988	6053	9531	8920	8965	9519	5603
2828	8333	10310
1640	90	181	221	2496
4892	1471	2971	2974	2988	7684	6102	7683	11232	10432	11287	11302	11298	6096	11516	2374
192	1624	7541	7796	180	2297
4909	8731	9211	5454	1116	1403	3182	3229
2847	11529	7604	11399	4327	11270	5295	6995	7265	2819	883	2544	2681	10499	4072	5423	5626	5904	9365	9692	1827	11776	396	3920	2770	2807	2923	4025	5085	5864	7229	7643	11195	1858	2362	7925	9153	11391	1883	7024	825
4875	6381	7561	6649	6498	6826	6069	9799
3958	4923	5229	6483	7060	7860	8132	8449	8510	9037	9100	6258	9947
4254	3015	5657	2146	6132
892	5976	7354	7256	5194	7046	7171	2377	6863	8616	9531	7557
221	3884	4255	4768	4260	1469	9774	6679	11074	11600	8073	1979	6611
6820	3278	5666	5662	5438
6092	4287	5390	8169	7036	1943	9859	10618	10798	11016
5736	410	5016	3861	4188	6077	896	5011	7060	6571	7541	8169	5012	5013	3024	8254	2663	9854	9700	6679	6774	6731
6049	4795	4604	4461	4793	1548
350	6404	1322	1327	2153	2294	6262	7764	128	1331	1090	2363	3324
3295	5324	5420
2262	8105	4990	7123	7265	7563	4126	7809
7030	8624	11125	10852
2512	9109	3000	7715	4067
4106	9659	7694	7580	6258	9947	9519	10234	9444	10236	10238	327	10201	10798	11132	7017	11130	5834	10307
2450	3201	3605	9576	11396
2436	718	7071	8250	7036	8385	9260	8763	9853	10371	10271	10823	11196	2587	2573	11819	1825
1244	7129	9508	3987	6239	623
927	9732	5274	1301	11197	8542	10574	11659	10778	2791
1440	3323	8250	8778	8779	9859	6924	7629	5788
7127	1457	5016	5391	5393	6077	7541	8779	1543	9947	9733	10449	11185	11002	11041	6096	11270
4302	862	2363	4634	6857	3378	2441	2434	3593	6016	9616
953	4363	4879	4894	8416	4361
7058	7824	3243	7876	8397	5041	5025	4970
4134	6693	10368	2480	2479
649	10949	11619	1475	5047	9209	9384	6508	8586
728	1258	2758	4032	6051	6725	8563
3990	4504	2287	1716
6918	7129	7354	9445
2994	133	8263	8941	8199	8383	1287	3936	8382	3935	8778	8779	7136	5373	5376	6796	6757	7135	8208	9100	9518	2616	10637	10201	10497	10618	10915	11632	6449
2712	8944	5411	9998	10299	3351
1390	7684	8510	7694	6258	9100	9444	10201	9318	10618	10823	3930	10271	11131	8293	8787	9319	10798	11130	1277	5373	6675	6676	11402	11578	6270	10615	11709	11735	11327
1441	47	3526	6185
2522	7597	7624	8430	8930	1348	4883	7464	4205	9643	10083	10297	6826
295	6752	3923	7561
877	6404	718	3874
3152	1573	1268	1932	3568	10257	1316	1984	7126	7417	9508	1720	7125	1087	8443	8755
481	7251	10207	7145	9954	4042	5147	9507	10722	4039	6900
5094	4135	7133	3353	7569	4042	7746	6892	7354	3143	9726	4398	10251	4390	7982	891	497	4560	10885	9794
4014	8736	9037	9518	9604	9852	10371	5520	4689	7442	5304	585	3549	6455	11074	11232	10202	8009	11300	10916	10914	6096	11511	4906	11270	11497	11565	11564	254	11739	11136	9734	11439	11595	11767
320	6083	5153	9558	3454	3827	8842	2926
573	760	1560	8519	759	10331
6096	1860	7065	9918	3792	6693	8394	1592	1421
5797	886	8169	8778	8679
4608	6125	8417	8415	7552	8251	896	8728	9100	9922	7684	6258	9730	9604	10201	10637	10238	5834
6788	8131	8132	8415	8449	3164	7585	9011	9490	7684	5307	6258	9100	10760	7369	6774	6731	10955	7721	11286	6096	11580	11270	11497
3141	3636	8515	458	6326	6512	7022
6512	6483	6485	8208	11074	5781	5834	11286	10793	11307	11308	11270	11540	11515
5267	7723	9289	2781	7898
5915	1835	2147	1624	769
1393	2025	4967	5133	5838	7326	9560	9777	10116	11391
1231	7160	1627	1687	421	1684	3639	4150	4345	5723	5995	8688	9739	5806	4120	5893	5897	9133	4136	4032	4748	7892	8942	9338	590	3952
2587	7234	8455
2976	8417	8677	11399	11487	11744
2786	5978	9237
3235	10974	11019	11506
6103	8254	8679	9705	9855
69	668	4426	5162	7453	8736	1060	8079	8077	7750	8073
5721	5977	176	2781	3589	5227	1378
6684	9333	4273	7764
1752	7916	8252	9186
3226	9100	9947	10276	10371	9444	3658	10798	10175
6185	7698	4440	11264	9064	505	2882
3642	8417	7514	8604	9034	8599	8208	8207	7694	9859	9922	9853	9947	9858	9855	6258	9519	9444	10236	10201	10976	10759	9690	5783	10798	11098	11483	11255	11194	11530	11521
2084	4969	118	768	769	792	809	815	816	935	1272	1583	1604	2351	2374	2804	3437	4182	5439	5441	5516	6431	6720	6966	7031	8084	8085	8086	8394	9093	9094	9119	806	5442	5748	6811	10922
2411	5261	4280	4293	3613	8842
6861	1270	7557	9745
5592	20	10368	6957	7176	10418
6488	5147	892	10312	9109	11360	10368	3613	10367	10610	10626	10715
5611	8417	8382	8407	10169	9947	10371	11098	11293	11286	11568	11819
1896	7119	3375	813
1516	3457	5228	1624	7541	8415	8728	8189	8510	9947	6258	10182	10600
982	4042	2273	240	6002	6073	5178
6437	10626	9508	10730
4623	9731	6674	10539	1202
2682	4785	7361	2258	7548	8183	8338
3515	5228	9174	8573	9664	6258	10371	7369	11130	7022	9154
2327	4317	2855	7248	307	2320	9286	10169	10127	4032	10798
2722	381	374	2727	2369	3666	6363
7101	8251	7036	8778	8779	9037	8409	1543	8763	7684	9700	10955
988	1482	873	2019	2926	10063	1398	6923
696	4488	5651	6438	4609	2914	8045	2897	6761	1385	3833	8637	9293	608	7839	8896	9106	1598	4519
1488	8415	8382	8778	9174	9010	8249	9947	9519	10760	10236	10497
494	9260	3164	8207	9282	9853	7694	9100	9947	6258	9730	9444	10236	10201	10798	5834	837	11232
3677	4419	7764	1230	5241	8479	6957
3930	498	413	2192	2466	5227	7871	6607
3988	6258	9444	10236	10943	10238	5834	11232	10911	11307	11308	10912	10913	10914	10915	10917	10916
6645	3465	5781	1688	3677	3593	2056	1549	7231	1430	1555	2286	3546	7569	4967	5350	8672	5786	672	7298	1392	2318	210	4847	2572	7937	6729	8887	2206	2771	4264	4716	5754
4536	11254	5788	11720	3551	887	2492	11515	11496	10380	10446
7047	4900	2122	1479	1489	1551	4301	1078	1100	2397	1056	1726	6528	402	2687	3589	2855	6258	9730	9100	6167	10876	6170	1543	11098
6097	918	3018	3686	4922	2759	1053	1186
2487	8916	5282	9455	6927
5307	806	3506	4255	4923	5229	5230	5391	1213	1249	1624	7060	8376	2933	9733	4456	11118	3240	7969	7968	9191	1599
5137	8900	978	4426	7677	5938	11075
396	4730	8408	9037	10113
272	5246	3375	8616	5074	767	6469	9565	9403	10254	9083	885	10473	9717	4311	9478	6090	6494	10594
4434	3381	7830
4492	619	617	791	822
6111	2001	4035	4037	1999	4041	2256	8301	5062	9253	10774	10798	10969	5834	10169
6481	2671	3605	886	4964	5579	7852	5516	10634
3074	4782	5720	6214	805	5162	4837	6187	9117	9517	1624	9105	809	2373	4240
4323	54	3398	4724	3064	2026	6343	8207	8208	10371	11815	2279	4430	7703	9350	11515	5788	11788	6449
260	253	491	3040
6468	7096	9727
392	4518	5418	7838
3680	7781	6430	5130	1233	1503	6778	10992
6200	9943	215	5658	10656	1361	2882	2999	5092	5747	5854	9151	11428	9238
6840	6508	9556	11824	459	2106
6052	3269	4367
3339	1078	3776	4933	5226	1464	5016	909	5123	2423	6486	8778	7514	7694	6258	1209	10373
3278	9228	4091	1729	7170	3547	8537	10734	3459	6308	3613	7712	6882
6916	1605	1576	6607
2613	872	1310	4418	6693
1255	6680	1795	3175	9444	10201	7918
2851	1951	3742	7321
2319	1301	10779	489	4713	8125
3394	768	2860	3175	1692
5535	8249	7683	9279	9659	6507	7629	9774	1642	7222	1880	2573	1721	1681	10271	10798	873	9154	6096	9735	11399	6449	1466	1827
3358	820	3888	4938	1482	6034
2376	809	773	822	1808	5634	1154	1156	4506	4256
4214	2513	3702	2502	6334	8417	8415	8211	8208	8388	4711	6086	11117	11688
4543	6482	8102	5079	8679	8728	7168	6774	7369	6731	5304	9150	9319	11526
1928	1271	4210	1624	6751	70	734	873	875	1651	287	4468	5753	4367	4594	6700	7795	8954	6487	9263	10836	10817	10820	10821	1638	3590	5022	7819
3009	2890	4194	1053	1151	1788	2473	4478	6190	346	6211	6957	4282	7037	3432	8516	607	998	3806
3043	8417	8602	9064	8407	8763	9705	9100	10760	6774
6719	4702	4724	4730	3776	1464	5395	7541	8189
1151	1624	9100	6410	6096	11558
491	4035	5389	6001	8364	4855
1677	963	1097	2355	2356	2455	4372	4846
2545	1367	5263	4902	7359	7032	4320	8421	5745	2004	1827
631	1636	5226	1464	5016	5230	5395	6018	6343	8382	8409	8510	9010	10014	10271	11185	4086	11002	11640
3166	10271	10549	11431	11536
4935	991	1157	5226	83
2602	9412	9507	10138	10806	69	1414	8479	1656	1805	3747	7963	8487	5244	6147	2756	4574	142	11596	1855	3514	5033	7381	8424	9741	10469	11337	5626	6751	7248	7380	6739	9714	8334	8434	1109	3303	9022	10136	10325	11680	3336
1240	4389	5492
7046	4262	2616	5374	7990	4071
6237	6001	9109	8736	10969	11568
3059	477	478	287	4426	4591	9918	2652
666	5784	8	5753	5976	5978	4035
6044	1338	9037	9730	9947	10288	10289	11485	11399	11613	11156	11744	11782	770
536	8417	1839	9664	7341	8448	10774	854	11744	11439	11440	10321	7247
4530	582	1141	1225	584	1919	1943	1948	6718	887	3541	6606	6002	1960
3425	1939	4670	1943	4280	1860	709	3421	5976	7905	1228	5548	9498	3203
2597	7544	8045	8852	20	1125
5381	5412	4998	5523	8605	4785	5365	7394	7113	391	8705	1026	6435	3571	8896	9441	8096	2897	8751	1912	8357	7913	6625	10766	5122	8868	7203	2082	10505
1973	412	3558	8582	9022	9740
3212	3368	583	3501	259	6870	7687
6560	4050	2018	7824
364	10271	8994	3105	7093
5874	5034	2345	1059	4367	3485	3486	1022	6365	572	2408	3851
6115	4725	653	3589
2904	1624	8409	8602	9034	8211	9730	9947	9444	10774
2081	8596	11568	11041	10626	11736	11516	6438	11518	10446
2756	9109	892	2464	5885	11391	11409
719	3193	2892	5016	4106	11291	11527
3580	5013	11392	9867
4768	1277	7990	9780	9781	9782
837	3577	6668	9744	11156
6631	7248	7255	9886	8243	9379
6409	5953	6499	7173	4492	5677	49	3899	9062	1600	4932	9398	5353	412	1833	3432	9390	11377	330
2122	6851	892	523
226	7168	4872	8380	4389	4714	489	490	3637	5174	5815	8561
5416	5390	1624	11131	11130	5304	8787	7022	10798	8293	5780	6731	5781	11098	11031	11030	11029	11378	11255	11041	11543
6499	7585	9785	8249	7694	9859	9282	9659	9922	9775	6258	7629	10236	10774	3658	10288	10287	7017	10798	5834
932	7726	2354	6350	1900	4914
5229	8083	8254	1543	8763	10955	10995	11526
1487	3237	5977	10626	11023	11792	7119
1778	1624	6406
2265	1597	7729	7133	262	7876	5012	6783
4026	10318	9755	10439	1359	4935	3748	1610	3238	5459	2548	7201
3950	11369	1268	4151	5618	6172	7322	5978	1592	3628	4978	7897	10909	8636
4081	7138	531	8936	1389
6067	6208	7076	8683
4384	6403	1771	2773	2250	7012	2573	11272	1450	3829	6044
1544	2012	1714	4374	5228	4719	4508	4223	5672	5242	5652	909	5314	1058	4167	8602	6884
4292	1514	8383	8415	6258	3796	9293	5896	7813	11568	2213	10767	11110	9109
6584	2941	4416
6021	8417	8254	8382	8407	8679	9037	9947	5307	11270	11601	11540
6538	1578	1579	2815	6343	9947	911	6592	5080	5931	6059	9530	4116	4955	11316	412	9099	429	9138	741	2770	11254
1803	627	628	630	787	3589	1515	876	3456	5229	820	312	2554	2410	2545	7397	7398	6957	4979	4980	8736	3711	3712	4384	5138	7926	10366	8767	7970	8059	6018	11232
1024	130	6138	5267	176	5851	11568	11114	5467	10470
5515	942	959	2579
6573	3063	7796	8199	8132	8417	7514	9067	9011	1983	9450	9603	9521	11439	7471
4398	1851	8213
5400	2409	2888	4794
5745	3579	6237	8288	10852	11260	1624	9162
6586	1624	7060	8132	8449	7514	9067	9603	5291	9519	5834
3849	6363	8132	8254	5228	9772	5291	10236	7442	9612	11600
44	2658	9413	4573
2272	540	4816	4689	5964
1220	8377	4395	6637	1581	9581
5921	5390	1624	6482	7060	7541	8131	6258
4675	6485	7779	7060	623	8251	1297	8778	8599	1296	9444	6118	2180	6870	5369	10146	6571	5848	4554	6872	6875	6884	6879	6986	9989	4599
987	8169	3166	11194
3207	1963	5452	8219	2205	8174
3639	4721	221	467	7561	657	896	8112	7063	6189	675	6871	10016
2396	9852	9773	9519	10234	10798
5897	8241	7289	295	8843	9150	2213
1988	3101	1835	6895	8251	4556	8145	5101	7594	9775	9773	9690	10794	9735	6438
2077	68	10272	10555	10674	5864
5524	65	483	3323	1624	7796	8103	7779	7864	8131	8385	9037	9260	7683	9100	9700	10169	9730	9856	7365
2675	219	2061	7827	9178	9507	10727	10944	10838
6011	6055	1500	6247	6135	7128	4825	7162
2112	8745	1962	1348	2299	4304	9150	3877	7916
4059	5933	8105	8112	8325	9507	9955	10852	6535
38	4035	5063
3548	612	1853	6838	3199
6961	423	4782	5162	8334	10852	912	10806	11168	3930	6693	5608	10215	11613	3987	10729	10503	7129	11507	883	7136	11249
4278	9260	8728	9011	8211	8189	8208	8510	8207	10169	9858	9947	5291	9444	10976	5834	11401
3430	6110	2104	8054	3166
4105	1464	3516	9730	9774	10902	10903	4280
1989	4950	5395	6239	4529	3999	4182	4835
6309	3193	6483	7060	8417	8778	9010	8207	8510	7694	6258	9730	9444	7369	10236
630	5976	3990	3999	5147	10403
6768	7982	6469	9509	4880	10528	883	11396	2447	10542	8428	10240	11589
2039	1855	258	8416	323	8600	9479	10398	10848	4140	5687
3666	1327	856	859	5479
2588	6289	1319	2294	5508	8130	10271	4032	8333	11277	171	730	1624	2055
6084	11416	5657	10738	9430	1938	5458	10716
6514	2293	6493	10130	10739	4360
4437	11619	4839	8793	5432
6347	8417	8250	9037	8409	9260	7684	7694	10144	10169	6258	9856	9773	9730	9776	10236	6731	9319	9318	10449	11131	10798	9154
6507	3459	4032	6751	11373
6169	3397	4107	2855	5390	5393	5395	1624	8169	7541
1601	2712	2710	2714	3683	6879	8786
1581	883	7710	10217	1851	1884	7360	10580	919	1935	3670	8205	10388
3092	5082	3096	2025	4012	6004	4113	5406	4481
6515	7060	3750	8132	8417	8382	9011	8409	10169	9947	10995	8747	6258	11567	2873	2590	4091	9157
3052	4563	234	4763	4688	5129	10655	8416	8674	6358	7959	5851
6202	5976	605	6713	11100	5627	5774
4847	1079	1697	2279	4281	1549	5716	7755	8316	1325	2065	4934	8772	9581	295	8174	8828	9202	10847	7370	883	1684	2819	4577	4796	5764	5938	9756	7764	2547	7907	11319	10485
4187	1640	2480	3727	7781	8616	3987	9188	11382	434
734	3946	1943	8444	9739
3983	6363	4795	249	4166
2287	8251	9700	6258	9519	9444	10236	10702	10287	1729	10182	10238	9690	5782	8787	5834	11292	11232	9154	10169	11031	11522	11485	10913	10912	11399	11525	11606	11484	8216	11580
2543	7617	6363	8253	8677	7585	9856	10276	11296	11529
1201	3987	5933	8616	2329	3793	4574	6945	6954	7116	7343	7396
1353	6067	8077	3428	7583	7215	5883	6607
5346	6804	2550	2626	4517
2975	7270	10144	1308	8185	5934
1761	6625	7740	9061	8092	7836
386	8842	10032	2191	301
6651	1245	3397	3589	4724	4725	4702	3506	3193	3323	4255	4933	1464	5228	6018	1624	7684	9700	9776	10236	5780	10182	11074	5781	7721	11582	8299
2788	5231	5439	5534	2777
4432	1233	1398	6454	6626	7570	8220	9261	3254	9207	3679	10639	3118	9673	10048	1093	9507	3356	6239
5435	5385	5323	6307	2859
4316	1703	600	4259	3738	1012
2738	8417	8668	8382	7514	3164	8767	10326	5304	7721	10912
4796	4725	6248	6055	6825	11529
6629	8383	8778	8599	8728	7684	7182	9519	10919
2120	6250	5160	6097	1252	3394	5968	9876	142	1223	6993	10890	10891	5099	4938	2447
2583	2973	1784	2495	2588	1685	7787	583	6161	5136	7123	9017	9741
3379	8417	7071	8382	7036	8779	8407	9100	9947	10169	10364	4994	8931	6369	9949
5569	8474	10450	10383	4576	4593	4377	8473	8860	6734	8613	8868	10313	3845	10585	6737	9913	9106
270	3255	833	9485
676	5818	5816	4930	5432	11349
5605	6500	9150	376	2764	6603
6114	525	9748	1968	11555
2192	4305	3177	6187	8267	9114	9205	10956	256	2230	2871
4089	1046	2278	3831	4847	4901	1906	4201	64	11105	3322	3521	6625	7572	8895	8899	5309	8858	8880	8881	3441
2960	764	7159	41	4990
2717	2697	2227	10823
3340	6272	5938	6087	6167	10559	10823	10946	3080	7017	8400	9406	8401	872	7600
2354	5226	5229	5230	5016	1464	3516	5393	6344	3592	8253	8778	8602	9037	8677	9340	8211	8207	9659	9855	9857	9518	10633	10759	10760	10449	11185	11002	11529	11531	11524	11516	11765	11777
4769	3404	1474	4143	4820	1357	546	3796	9671
3494	10562	418	5550	5552	10344	10430	4088	4600	8757	412	778	10906
3821	1827	2436	4310	4353	5209	7530	8625	10298	2744	3452	5439
3492	5016	3515	5228	7779	8132	9010	11074	10798	11524
4267	10418	4968	10754	756	1830	9560	4042	5989	5984	3166	5516	11509	11716	5514
3337	3559	6638	3639	4720	10257
5785	9983	8181	2555
2113	11002	10169	11031	11030	11379	11378	10915	10600	11307	11308	11483	8681	10912	10914	10917	11448	10911	10913	10918	10916	10919	5635	11530	11255	11399	11329	11544	11581	11582	11543	11539	4280	5788
2938	2669	2671	2679	2775	5191
3558	3657	4435	6826	7383	7677	8002
1571	3036	3086	6739	7988
102	5031	3049	1970	5493	6138	5284
6519	2461	3021	8460	357	3031	5318	7352	2575	187	730	7510	8842
2116	1240	1690	1735	10315
5778	9508	1729	10542	10626	7025	235	4023	6787	3994	4854	6738	9880
3437	1058	1061	3159	10212
4528	5709	1624	9100	9947	9444	10287	10798	11558	11768	6024
5576	1580	5363	3375	3616	3951	806	2217	4182	6185
6324	806	8177	2044	9509	8151	10569
2956	10367	4492	7824	9109
1726	3973	1176	1179	2626	2628	4164	5948	1270	6811	7178	874	3118	4783	5916	6746	1205	3679	3702	4322	4673	6747	7459	3514	4889	802
6276	8385	8573	10169	9856
5847	605	55	1471	7095
6902	9121	11204	3236	5870	8842	2464	4380	4901	3240	9507
5795	3288	8551	4797	8614
5516	1464	5391	5390	6344	6680	907	4671	4932	7060	7983	7796	4002	5147	7860	8779	8303	7585	8211	7694	9100	9947	6258	9444	10236	10288	10798	10169	10916	10918	11329	9735	11606	11399	11632
5520	4820	354	816	896	2154	2155	2620	2782	3015	3077	3094	3096	3100	3375	3632	4404	4800	5399	7199	9685	817	3435	6517
4688	7514	9033	8197	5863	1543	1860	9284	1507	1055	9604	6679	9260	9774	9733	2746	10449	3058	3711	5137	5713	7270	1922	837	11550	1681	11736	8652	1614
4762	205	1717	6840	511	1580	1581
5020	9467	6957
2449	4177	4902	5762
279	3592	4851	8105
7142	2743	1261	2770	4891	5068	5658	5964	5092	3637	3778	4814	7474	1233	8583	7553	5126	8088	8763	405	412	2181	6467	8965	10399
2915	8254	8382	9100	9859	9603	9604	5291	5307	10014	11185
178	823	166	960	6957	257	10811	990	1008	757	1975	1500	1328	3526	6428	1015	8247	10366	2317	6497	10836
3159	7056	7289	8616	8964
6335	4908	7510	7974	9860
5245	1020	983	1019	4617
255	6724	4539	5047	1475	1553	6113	7897	7926	10298	6378	4694	3418	10104
1586	7694	9922	9730	7688	9603	6258	9947	5291	9852	9518	9444	10639	10271	6729	1595	10618	5782	10798	6091	2073	11292	10823	11601	11602	1615	11564	11565	5788	11085	11545	10446
6623	1077	1357	4113	1262
1161	3501	7907	8942	10979	9646	1742	4739
3796	584	875	1820	360	3017	873	4415	8460	323	4266
4894	6593	8080	1300	1657	5621
6784	2135	6555	10046	10595	10596	10996	6565	10603	572	1873	6559	8479
2747	5976	8382	8604	9064
596	2830	6650	7685	9009
3577	7884	8624	7221	9178
5731	4008	7354	4948	103	9492
1699	6173	8298	1808	2948	2980	4516
1556	3169	4123	4767	1860	8417	8407	8408	8409	7684	9705	9775	9773	10236	10976	10798	5834	11185	11031	10913	11232	11521
540	1169	8637	2977	9270	2956	1449	2905
5225	458	8373	8381	6526	8758	8919	8205	8283
6602	2815	6422	5104
949	5391	6077	7060	7035	8384	8778	9067
80	5390	5709	6077	2431	7060	7796	6363	8383	8382	7684	11130	11132	9690	7017	8293	5783
5230	5227	10452	6082	3214
1957	5395	5393	6344	7060	7541	8599	9034	9179	1543	9705	10169	4085	825
3702	4855	5591	7862
2158	6506	2186	166	6190	4102	9929	2436
11	6340	2227	664
802	8618	2980	2823	4042	5178	11397
1546	8051	9812	9619	3260
463	1624	8132	8449	8383	8778	9037	9260	1941	9703	9281	7694	8240	9772	9776	10774	10288	10876	10567	11029	11031	10914	8051	6096	11630	11156
6748	8769	8770	3432	2687	11568	7444
30	823	3677	3243
2988	1365	2687	6031	5486	7370	1415
4820	3368	10414	3501
537	5229	8254	8449	8779
4898	3990	5611	7541	8682	8408	9947	9922	11280
1882	358	378
4629	5114	5982	2328
1506	5022	5226	3515	1624	6483	7060	8254	8779	8728
2431	2031	5911	7415	5443
5110	6484	5839	11074	2166	4562	8905
6458	11756	4151	9508	10626	11207	3428	4953	3973	1201	3058
886	4664	3100	5452	7796
2752	7757	412	2154	2159	3207	7219	7651	9454	9742	10452
1162	888	9519	10933	11340	11536	10786	11420
572	4395	1601	7248	8391
4326	8169	8132	8254	8778	9033	9037	2593	7256	3166	8208	9444	3060	9730	7442	7369
906	10994	11119	3620	5350	1231	10026	1105	6366	6385	6626	2771	4932	1112	2105
6340	6927	9150	7383	6613
2289	4035	8103	8249	8510	9852
6683	9236	2169
2633	1048	4426	8348
1998	3457	4923	3515	5395	5393	3932	5611	6344	6485	7060	7796	8250	8763	9260	9179	9285	9700	7683	9858	9854	5307	10371	6729	11290	11292	11284	11281	7918
4304	6626	11198	8542	8543	10575	159	3475	6879	10576
6611	1818	3355	4140	7078
1912	8415	8417	8598	9100	10169	9730	9947
1702	911	2025	5650
4337	6700	2994	5445	8725	2960	2991	6205	7366	2977	1047	9109	1632	3743
2946	5833	912	1087	6747	6986	7521	8627	2509	2912	10271	7418
869	4724	5226	5016	5391	5228	1624	6680	6488	7060	8208	9260	9776
6710	798	799	1995	5161	522	4000	5975	4024	6151	6581	9507
3082	3527	2153	2687	4916	4888
412	2327	4762	8475	4719
1730	5657	6224	213	559	5642	5700	4098	8928	825	10487	10488	4167	8503
4236	634	7204	2153	9626	934	6033	10823	3987
4694	1096	4016	4268	5810	9109
3435	8449	4490	8251	9340	5307	7442	8293	6731	5304	6730	11299	11002
6483	6271	5288	6748
2242	1054	1109	1476	1636	1897	4238	4762	6389	7536	8214	8702	9162	10317	10516	11398
4550	4307	1081	5395	1092	4306	1078	4996	1624	9190	7864	8131	8132	8778	9037	8250	7585	8510	7683	7684	9280	6258	9100	9947	6774	10955	741	6864	10615
1418	7781	8410	8949	10544	10960	3604	10601	11610	4894
2030	6343	9037	9010	9659	7694	10169	6258	9444	10449	5834
115	7681	7685	1984	3796	8350
3872	10798	11130	5780	7022	5834	11377	11098	5781	11002	11284	11232	6364	11378	11379	11255	11041	11539	11543	11544	6096	11550	11254	11788	1825	6449	11770
1211	8779	9283	9285	9922	7629	6258	9776	7781	10234	9519	10236	10271	10976	10288	10287	10238	9318	1720	6017	11098	5834	11282	11297	11500	11486	11485	11255	5635	11523	11529	11484	6096	11487	11630	1252	11497	11156	10811	11744	11782	11399	11701
7082	4088	2972	9879	1841	2969	2977
3117	6752	4920	212	4091	2648	5515
4083	6751	1087	2050	2053	3711	2270	4023
3393	1979	1978	1984	3721	2048	3573	3161	1074	3613	6422
2845	11187	1233	9422	9621
6462	4122	4150	7795	8296
6682	5226	2447	9100
1054	9173	1652
6977	10798	5629	9294	7976	7974	4553	9723	9955	5834	7125	1202	6145	9626	10453	7959	11232	11526	11528	11531	11522	11524	11527	7141	11041	11539	11543	11582	11550	11544
4211	6485	7130	5320	4428
3423	10647	1522	3278	9162
4633	3273	8531	5182
5259	7779	8415	8598	9010	9490	8208	7694	9947	9700	10169	6258	10236	10201	9733	10995	9319	10288	9243	10182	11485	9735	11487	11497	11511	11606
6885	7046	9575	8412	8690	1057	3454	8616	10551	3356
637	624	8169	8131	1543	10600
1176	11550	4033	811	9077
2711	4771	11075	11615
4833	6488	7617	8417	8778	8676	9100
4037	7834	10733	4565	7872	10949	9114
1820	3368	3501	10626	9508
1013	7266	5073	10530	11231	11272
4544	8102	7694	7684	9700	10234	3413	11232	10793
1191	596	10866	5848	3375	7422	2857
1460	6012	1624	1634	6497	5865	7561	2287	9736	8672
4148	4265	1624	7060	6363	7864	8384	8415	8449	8408	3164	9174	9037	9730	2157	7149	9444	7295	2324	3658	10976	6096
1003	6311	7796	2864	9506	8778	9260	8510	8176	11074	5834	10418	7721	11543	11329	11544	11582	11041	6096	11634	11601	2573	11399	10811	11663	11664	11690	5515
5448	8415	8598	9947	9712	3234
3076	9621	4978	365	2496
797	365	2496	923	1174	5228	5226	2759
6224	8728	8407	9011	8207	8208	7683	8510	9659	10169	9947	9730	6258	9772	10236	10618	5782	10902	10182	5834	11196	10798	11185	11232	11281	11378	10917	11497	11741	10520	11788	11739	11769	11773	770
2607	1663	3371	5190	1984	2541	7232	7534	8818	9547	9789	429	909	3428	7380	7648	1979	2070	3299	1978	10823	4961	1827	2062	4469
480	211	472	7750	8280
809	7060	9100	9947	892	10753	11098	11472	10169	11448	11375
6195	219	1479	6612	2112	1055	1103	1051	5688	7727
3479	3772	697	5096	6605
3364	785	776	1990	3336	3410	9268
3088	7515	5254	2062	6834
5232	4481	7178	5502	64	583	415	474	7385
1354	2778	1608	6810
5418	89	3589	4725	4702	4730	4933	5016	3515	5393	7541	8131	8384	8449	8254	9033	9037	8763	11524	6445
3371	7796	1543	9705	5307	10234	10774	10287	11606	11156
2149	318	10104
20	209	665	2516
5679	8886	5573	8822
3550	5837	2018	1063	2427	6957	10853	4951	9676	223	2213	2473	3241
5550	6228	10038	11385	7898	1559	10019
1341	8409	9859	9100	11196	11578
5805	1491	2371	4915	1552	4572	7376	4588
3649	1464	9037	7464
518	7694	9100	9947	6258	9730	9444	8987	10497	10637	10639	10201	9690	10798	5304	11098	10247	11307	11308	11483	10600	10793	5635	11530	11576
2685	700	1115	1324	1329	701	3727	3731	8329	202	3730	5049	7231	6146	505	3173	3729
4460	6873	7266	7788	11387	4188	4712	10524
707	2970	274	8253	8251	8736	8763	9490	8208	7694	8510	5602	9733	10236	7442	7114	9690	5834	11232	837	11281	11485	10132	11486	11606	10418	11156	11782	11744	6443	8288	10367
3013	8382	8779	8409	9037	9100	9947	10408	10798	11788	11701
595	990	1078	2182	5863	5993	7842	6585
780	11600	11601	11515	5788	11518	10321
15	1716	3193	5226	1230	5393	6077	4461	1624	8449	3503	8407	8409	2667	9659	9772	9774	9733	8787	3666	11521	11490	11739	1827	6446	11136	11772	11775
6551	3250	5832	7270	7781
6944	7153	386	2116	3278	4763	921	8594	345	3229	4945	3363	5338	2698	8895	10908	4939	1378	9980	7898	6856	10568	6910
1155	2823	9252	1827	11741
4612	6957	1258
5534	3456	1457	3303	5226	5391	5395	6077	1624	6482	6680	7060	8779	8253	8131	8679	9100	6258	9280	11600	1459
1775	1258	1732	1109
5115	1374	1539	3518	4164
1619	5304	5834	6730	10247	11232	10169	3848	11308	8681	11307	10600	10797	10917	10919	10794	10913	11522	10793	10915	10914	10912	2969	11581	11027	4280	11777
1991	3312	639	10091	2447	6842	3375	9154	8020	10395	9586	472	3545	5215	10167
5642	1457	5391	6482	6484	7552	8384	8573	9100
3701	2302	2815	1457	5226	5229
1686	3439	792	6633	3483	10806	5074	11633	10626
574	5082	5023	4035	4009
1296	1578	2578	3166	2864	9732	4617
2643	3592	7060	8169	8779	8573	9874	9947	9730	9100	10201	10903	6258
3023	3598	5805	1578	1580
6176	4280	2374	1573	1602	4281	6006	1579	4300	6009	5067	10838
3660	3121	6763	1703	1809	1731	5069	977	1162	1261	672	2186	910	1025	4916	4329	2297	4820	979	6792	4324	5582	6933	6573	1884	3020	974	9858	873	7273	6462	3348	4434	1386	4920	603	10481	586	3552	8460	7263	365	3904
3038	6258	9730	10236	9243	5834	11232	11568	11254	11736	2763	6438
5183	2	1165	1759	2214	3440	4847	5666	7211	7458	7151
4239	8415	8382	9179	9855	9858
2741	5134	186	1088	68
4558	7683	9284	9286	5357	9730	9100	10329	10141	5648	5658	6753	10201	10798	6780	10823	5573	11232	2021	11601	11568	11540	11635	1827	6443	2876	11439	1166	1170	1169
1539	4897	3323	1860	6074	7796	8131	2119	9174	7694	8132	9775	10236	10371	10955	10271	9690	3428	10918	1916	2102	2573	11600
5082	1671	2046	1481
2953	6695	5512	6364	4188	5293	1261	1208
5061	6888	7719	9718	9445
4687	9521	511	1064	5863
472	4590	1906	1301	4426	7430	10252	4997	2447	11028	7418	8618	3242	5281	2251
240	3993	4000	5975	5978	4014	7976	821	5824
4721	4155	5710	449	6239	10882
5342	3517	4724	4725	4730	5016	5229	1464	3515	3516	5393	5390	6680	8779	8385	8599	9010	9490	8208	9776	9507	10287	11613
575	6344	6485	7060	8415	8407	1543	6258	9700	10955	10976	10618	9154	11526	11529	11399	11600
3570	337	6539	168	4848	3778	7717	1252	6097	2791
6915	880	3175	871	4997
662	5494	9173	5708	6950	10679	11813	10173	2079
2645	629	1177	2106	6724
5458	1098	1860	6222
423	1100	2281	1082	9797	2643
1080	892	6928	4611	7531	3154	1618	3015	3133	8172	9508	10368
6378	5100	3609	10907	5147
1806	7694	6258	9947	9444	9280	10236	10497	10201	11264	11098	11196	10618	10040	11218	8681	10600	11308	11483	11307	10169	10918	10797	10793	10794	5635	11255	11581	11517	11254
5570	896	10012	8113	11244	3372	3921	9022	7787	10610	4115	4132	7483	8942	9206	9739	412	6975	6977	7682	9754	10690
1741	8306	9506	7354	9746	5147
5548	8679	9659	9100	10759	9318	10798	5780	10912	10916	11529	11568	11740
5175	8131	8253	8677	11525	6096
2589	4053	9547	303	1124
2520	1860	5390	2578	1364	7058	8415	9034	896	9037	6978	8669	9857	4600	4655	8	11131	2022	11130	8681
3662	3397	3466	3589	3063	3506	3323	4350	4923	1464	1624	11540	7562	11777
997	1188	3589	10859	8624	8623
3811	5927	3753	5765
2636	4042	5978	892	11613
2835	8035	3710	8333	1068
5707	204	4388	4933	2511	8086	8046
3578	8778	8680	1543	9852	10234	10115	10113	6774	6730	9319	11185	11002	11529	11524	11528	11744	7129	11782	10094	9799
1673	2724	2025	2649	6942	8744
6051	3532	10566	4250	2940	253	3622	212	320	5480	6136	6752	4426	4293	5827	2984	2083	6276	5700	6129	2957	9613
538	4170	6335
6897	4893	6189
4321	3376	3589	6482	6484	8779	8778	3164	9730
1759	8411	191	1069	1341	4156	7452	7926
2934	7496	7354	1188	6739	7988	8391
831	1399	3792	5395	5393	6004	7036	4958	8207	8208	9100	1624	1916	9626	10928	5255	9932	11093	11558	11636	11094	4280
225	3951	1252	5195	935	3111	7723
6800	9037	9857	9603	6258	5307	9774	10116	10236	9294	7164	10098	8755	9690	8596	9319	10289	7707	11484	11578	5788	11399	11546	11720	11782	11768	9799
1710	7813	3558	7856	10192
5663	6482	7060	8449	8385	8603	8763	11185	11285	10305	10306
6595	271	505	521	7781	7914	9885	3377	3909	4035	6826	7354	8616
2759	6738	10492	11613	10368	7984	10969
5062	9506	9109	8207	8208	7694	9775	9730	10201	7442	10288	7551	11308	10794	11782
2774	6563	3059	579	9560	339	243	11264
1346	4002	4044	5976	4855	4976	3030	7570	7742	4215	4035	4042	6470	8409	7824	9730	5307	10253	10955	5304	11581	5788
4062	11098	11301	11302	11029	11031	10169	11030	11254	11523	11529	11522	11526	11527	11539	11543	6096	11582	11497	11578	2609	11515	10520	11740	11741
5843	7481	9508	10418	5744
3687	1860	500	6661	1305	9844	8325
2981	1075	5147	1024	6129	5838	9290	8901	4893	8880	10181
2930	1325	2083	5486	7822	3050
6805	5709	6077	1624	7101	8132	8131	9174	8407	9858	9100	6258	10236
6159	6767	3211	476	3680	5655	5431	5454
4975	3466	3398	3589	4702	4933	1464	5391	5395	7796	7514	8407	8408	8409	7694	9280	10238
5708	812	7232	721	3539	2464	4356	4357	9693	704	3216
427	2299	3184	4383	9114	3410	136
503	7731	1845	1026	440
5070	2759	4836	5483	8618	11382	3127
705	7462	8972
4319	5229	5230	7552	9033	9034	6686	10509	10639	11185	10798	5834	11196	10169	11030	11031	10247	11582	11581	2573	11601	11600	11720	11493
5027	3293	2412	2483	1481	9445
3746	6018	6343	7552	4188	5788
21	9933	883	3999	7569	9111	10672	670	825	2089	4956	5632	7795	9089	9701	912	9909	4053
3947	3375	11625	683	2653	11346
3544	4027	7130	9598	9507
3504	6258	9947	10234	10760	10236	8681	9741	10759	3658	10774	11074	11098	10798	5834	5782	9747	6410	11232	11399	6096	11606	11515	11635	11791	11770	6438	6445	10321	11439
1474	2061	6377	1697	8049	1151	1310
4074	7808	10579	10666	10823
935	4265	4780	6360	3365	3366	4740	3364	5739	5208	4521	5277	5092	2625	9225	6880	3549	6875	10610
5376	6649	2905	4218
5508	2708	1044	1110	9556	1043
5454	4687	9111	4614	11023	5583	11673
795	5390	8169	8208	8679	6258	9774
4776	8492	8357	9061	5530	7153	9059
1021	823	3514	4042	4386	9040	8970	1481	8487
5744	1103	4250	4426	1269	8110	7255	7781	9430	7056	10473	179	4280
5867	6401	7910	365	6036	8487	7045	7792
1294	4051	1369	2092	1860	2489
1604	3291	2668	1301	6724	11264	1553	1621	2445	927	9754
2876	4370	720	4158	5047	7716
4519	808	810	4023	8382	9174	5291	9733
644	4779	5285	5716	5917	8868	9648	9777	10957	8231	1729	11461	4459	6751
82	5395	1624	6482	1500	8132
2748	8415	8602	8763	9490	8208	9859	10497	10976	6258	11185	7721	10247	11378	11379	11308	11483	11307	10797	10918	10915	10917	10919
122	4249	5737	8618	4250	5924	8896	8900	10336	8296	6724	7700	621	622	635	3015	4738	9981	604	11279
1264	231	3591	532	5409
6117	8325	11399	3802	10422	7206
5006	7060	5534	8510	7251	7263	11232	11288	825	1984	5495
761	6484	7060	8251	1543	8407	9340	7694	6258	9775	9773	10236	10113	10288	9776	5834	3658	11135	11399	9612
4706	5096	8711	7459
818	3077	4976	5866	874	9745	6844	8237	892	1596	4856	1595	9041	10492	8750	9507	6454	10718	883	1832	1914	5924	9135	6043	8878	2182	5120	7354	6703	8176	3368	3501	7534	10418	2457	10626	10674	1303	5544	6449	7270	9080	10753	10754
878	6774	5781	11280
5335	9733	6258	5782	10798	6730	10567	11098	11196	825	6364	7551	11379	11524	5635	11255	11521	11522	11523	11525	11526	11527	11528	11529	11530	11531	11329	11576	11613	11156	10626	11663	11664	11688	11690	6438	1827	6446	11773
5955	8189	8612
236	91	92	1861	2014	5078
2592	4042	10180	10749
3589	5655	1984	8850
5410	1984	3765	3484
4024	8251	5939	6751	4858	7817	10532
6930	2132	5384	77	5826	3369	6356	7322	195	8944	8685	201	6654	3424	97	9487	462
4176	5837	8415	10288	10289	11185	11284	11606
4835	6483	9637	10798	11098
2965	8382	7514	9705	10955	11521
2020	2303	1663	4032	4847	8618
5555	3323	4350	5391	5395	7060	3658
5719	4855	6127	6983	7988
2952	1479	2946	11732	6443
3156	6224	519	5635	11117
4373	11046	1084	6624
1887	4319	3676	6015	1237	6114	10093	2253
6082	1650	7552	1632	3074	4813	6541	7551
164	7861	3771	6003	1849	8419
5589	2432	3161	5671	7270	3310
101	2317	2943	5142	11555	2222
5139	1440	6155	365	1945	426	7573	8710	7838	1228	4294	8056	381	3613
3405	2823	3997	2338	2763	11128	1636	4619
6859	6739	6994	7890
3889	1092	976	666	10591	6185	8473	10555	11104	4818	2285	2812	4126	5322	8077	8075	9438	10560
3422	10774	9501	9725	10238	10618	5780	9690	10271	10798	9319	11098	11285	11002	11485	11255	11530	11568	4104	10626	11156
3960	11522	5635	11255	11521	11524	11529	11568	11526	11329	11539	11543	11550	11581	11582	7510	5345	8552	9593	11540	2573	2609	11600	11601	11567	9144	6354
6166	5752	7887	8845
868	928	1805	8407	8409	8189	9785	10798	10811
871	8417	8415	8409	7585	8207	9340	8728	10234	11289	11583	11539	770
3722	597	895	1020	4144	2006	4106	3517	4725	4730	3323	1616	3665	584	1137	1350	1609	1612	4923	1240	1536	1371	1611	3429
469	6785	7640	2014	1839	3729	8088	7253	1047	4293	9754	1858	4393	507	2282	7801	9367	7709	9246	10136	6625	9693	6857	11169	882	8371	9692	9138	10795	179	6367	7809
792	6130	3794	4185	2374	6927	10063	5440	806	9151
3667	7865	2263	7862	9727
2151	10236	10201	10774	10618	10823	6258	9690	10271	10798	5782	8787	11131	11130	11132	8293	9319	5783	7017	7022	6730	11098	10247	11002	10169	11530	5635	11255	11528	11521	11526	11527	11329	11576	11156	11688
2762	8779	8603	3164	7683	10113	9733	3658	10201	11601	11270
4465	6841	130	6989	8582	79
6015	7035	7616	8417	8603	9037	1543	7694	9858	6258	10976	10238	10823	10618	11399	11739
2999	6393	8476	6169	3441	7340	7941	4944	11377	11569	11638	3235	10784
373	7122	6881	4456	6874	7151	1630	4389
4955	5217	4028	5259	2687
6750	2659	1058	5181
5543	5119	4199	1849
408	1912	3096	5889	2366
4141	872	898	1641	4630	4024	5963
5114	2000	584	4578	9109	9382	9283	8189	7694	6541	6258	7593	10261	10798	10699	5834	365	11232	9758	3542	1517	11606	11399	10626	5788	11439	11635	11518
5872	7684	10955	7442	8477	10034
3905	2447	2953	2977	7836	7838	5146	10590
4641	9000	11754	5508	6497
4809	5356	9558	9913
552	2590	166	5434	3432	6945	5793	8566	1548	1766
5212	4088	7367	10321
1399	6343	7796	7541	7608	8382	7514
3571	1125	1427	4259	113	5185
2730	5001	7418	10591	8376
6343	590	593	896	1198	1380	1383	3349	4724	6125	6824	11220	3375	1860	11569	1219	820	9733	8795	1483
6826	3953	6607	3000	511	4179	6188	7064	8077
473	9524	7569	10949	11349
3344	4828	4231	4229	6995	10434	4234	6646	3260	9848	10970	5300	6326
3655	930	1263	1325	1701	2016	2153	2388	4028	3805	2345	6013	11565	11567
3028	3398	3064	4923	1624	8131	9067	8736	9444	3658	10201	11074	11377
5351	106	4519	1057	4301	4681	4109	1131	2321	4663	2770	6475	6490	7027	8743	8744	1125
3110	3589	3063	4730	4923	1457	7442
1050	1941	6060	1988	9686
174	2036	821	1127	8250	4192	1270	6138	8407	7638	6011	8409	8728	1998	6593	7694	7683	9854	3637	3070	6258	7371	9774	7635	10760	10955	2580	10171	11290	11002	11292	11282	11529	5550	402	11558
4787	8763	8211	9659	7694	10169	7629	9776	9444	10236	10201	10976	5782	10798	9690	5834	11462	836	10625	11002	8681	9557	6096	11688	11690	11663	11689	11489	1513	6699
3049	6488	7060	8169	8131	9037	9283	9859	9857	3453	10995	10201	9690	10798
4011	7616	7694	8408	10169	11002	7429
1241	9319	6730	9154	741	738	7435	10615	11735	11775
1402	540	3446	4933
500	5182	6824	6825	8205
6650	7354	3111	2687	10795
6539	7987	2985	3603
6525	1164	3730	2083	5071	5108	2550	6031	6652	6798	8927	4619	11123	605	6966	1511	3245	11175	8793	572	681	6656	9810	9976	9977
5464	1618	1879	5205
5363	4923	5228	3932	7060	8131	7552	9260	9659	9773
6268	4227	2692	4646	1870	9020	7439
420	1457	3932	6680	7796	8169	8207	9444	11232	6230
234	5372	5378	3974	5424	6482	8415	8383	1366	9064	3096	1960	9286	9852	9855	9512	10234	9100	7683	1831
4647	6556	8253	3164	9340	9947	478	9243	2298	412	1845	5884	3551	26	7746	9508	9724
4619	1457	5229	5012	5011	5013	6486	7060	8409	9037	3164	8112	9444	10236	11232	11568
3104	4799	2815
1548	1624	2904	7514	8407	10976	2509	974
2919	4659	8333	6714	7279
5095	892	8112	9507	9508	10073	9860
6438	10288	10289	10774	10287	10955	10238	10976	9318	7017	10798	7022	5783	8787	7018	8293	5834	6730	7721	4986	10169	11528	11255	11399	11529	11530	11531	11522	11543	11041
1345	7811	9908	3355
3036	5016	1624	8169	9067	8409	6730
2076	105	6613	6614
4018	4108	3398	3589	4702	4724	3064	6248	3456	6344	3592	8779
2683	8383	8250	9033	9664	1543	8249	9282	9100	7629	10201	7442
6338	4262	4734	1321	8823	9158	1113	10327	10905	8490	9753	3613
5814	10653	689	8055	5001	8551	9249
2799	9114	3221	6339	7139	1984
4341	1261	1632	2374	3711	3743	3962	4141	4964	5137	7265	8672	10004	2748	8116	6981	8625	9334	7022	9267
1199	6184	7759	1495	126	382	2495
6871	1188	3063	6680	4572	2272	3658	604	2373	6147	477	11720
6933	2648	1624	3405	7796	8208	9490	8207	10169	9700	7721	11613	7984	5977	9507
4751	2758	4176	8370	10368
1715	4725	4702	4923	5016	5024	7060	7541
677	4426	4663	8839	6998
1690	9109	9508	9744	9725	6849	10368	10418	3865	743	2373	10742
507	3376	3589	1457	8779	9700	5291	9318	6258	5834	10811	11496
580	5226	5229	5228	5393	6077	6482	3415	6483	8449	7552	2345	8208	9659	7684	10371	7201	2014	680
6540	1624	7779	8132	8131	7552	7036	8779	1543	9100	9659	9772	10234
3463	3011	5393	528	6485	7541	8131	8132	8382	8415	8779	8449	9037	8728	8249	9922	8208	9100	7629	7694	9700	5291	9947	6774	10271	10955	10798	10236	6730	11185	11098
6456	3883	4659	3096
4225	9887	996	7032	8609	9267	6687	6009	1957	9622	531	1627	7490
4135	1113	1438	2883	2996	7323	8063	8476	9757	2954	8064	8264	909	1584	2698	4359	9714	9241	10840	1165	972	8619	9024	3477	5427	6886	2985	5460	5960	3087	4032	7788	1169	1621	1713	3501	9057
5478	9764	8999	10968	6342
451	3963	4069	10097	11229
4567	1258	3067	8286	9106	2749
5084	1457	1624	7060	8169	8449
6792	6324	5935	9861	9546
4630	824	8572	8736	9785	8208	8249	3166	7683	9922	7694	6258	10236	11288	11736	11496
1059	7862	1072	3987	8795	8877	10146	10147	10345	4283	6735	3242	3592	3613	3769	4035	9414	9445	9919	605	1077	5832	7154	10642
7129	11333	531	3705	8316	720	4565	6367	7911
2860	5390	3063	3592	1624	8169	8383	8384	11437	8778	9033	9037	8679	8211	9705	8510	8208	9947	9858	9730	9444	5304	10798	825	11525	11524
3913	178	6240	1721	10143
4748	8208	3166	9947	9730	11002	10918	10914	10911	11255	11528	11529	11530	11531
2991	64	8669	8756	9493	10366	401	10368	10360	5945	8144	1847
779	4174	6284	11242	2841
6298	4666	3456	7584	5406	6686	7585	6374	7619	3872	6824
2878	6310	9506	8415	6712	8487
3895	4725	4035	7796	7354	8409	7514	2402	6002	10289	11002	10307
2186	3149	8942	5516	8621	896	8365	3052	4325	7624
1496	5228	1624	6486	6363	8415	7684	7694	9253	9772	6258	9444	10236	10798	5834
4210	3166	6687	10418
443	11478	11477	6927	10697	11535	9150
4463	4756	1073	6342	5869	2284	4426	7049	9109	6100	1849	2932
1092	176	6068	3361	7063	1581	4117	4686	10610
805	633	990	991	1002
3986	2555	3238	257	3396	3228
5048	8254	8253	8407	9033	9260	8763
2061	6775	11179	7066	8942	11424	405	5957
5982	8189	8763	8429	10113	9733	6774	7721	11298	5676	1364	3096	5811	10439	10936	10619	423	6051	8334	8721	10168	3139	3230	3236	5812	11136	998	3232	3233	3235
4589	10738	3598	7234
5074	1233	7064	496	6603
3611	4923	1457	5228	5229	5230	5016	5390
2744	7129	7349
2848	2649	3262	4090
4643	2872	8823	2525	9380	4359
6178	7165	9838	9745	4084	4301	1074	4032	6751
5420	621	3015	4426	1507	6724	3375	11333	7897	402	1258	5413	7256
4203	3398	3376	4702	8132	6258	10234	11132	11041
5484	3403	4663	4789	6029	6326	3794	10852	9291	5642	192	2865	4444	4847	5921	7104	9290	10191	7185	11014	10413	6674
3733	5390	1624	7541
6089	9775	7694	9773	9947	9444	9690	10271	5782	10798	5834	10915	11232	10247	10911	10917	11378	11379	10912	10914	10916	11255	10918	11530	5635	11568	11439	5788
4051	3930	5373	6698	6702	1691	5823	6413	6957
3040	908	3013	795	3262	5543	877	1132	4672	3044	7299	5544	2550	2931	4645	401	8011	365	9106	6512	7743
5155	5390	7541	7552
4942	3985	6720
6395	6924	9482	5178	9507
6854	797	219	5676	6388	6488	6638	6717	7717	7753	1819
4488	10397	675	10466	481
3338	9661	5459	4956	2037	10168
816	4460	7295	8405	1051	1054	3342	4762	5181	4893	6042	9119	9153	4912	7361	8829	3110
4004	6188	882	5865	2329	7432
6480	3938	2379	2335
2394	2326	2328	6976	6826
5249	6017	10229	1639	3453	3590	3987	9444	1121	8771	3375	6830	11370	6295	5162	10223	4460
1877	5472	8668	10169	11291	11298	11485	2573
1655	6990	10842	7349	10946	1020	2270	5167	7004	7786	4762	3634	3749	9889	591
3766	8102	7585	8408
6701	2088	7349	4482	5305	9510	919	8151
1870	3398	8382	8102
6426	1860	315
2334	9344	347
3627	1729	2050	2052	2278	3787	3790	7436
3265	6363	3164	7514	7683
2973	8382	9100	10113	7369	2310	10955	10289	11074	10288	11029	11297
5405	8132	8382	9054	8598	7694	9859	9700	10169	9773	9772	9774	10902	2815	11156	9756	11720	11744	11782	11741	1827	11739	11740	11399	11770	2291	11819	11773
2261	1286	3792
3891	3593	6326	9121	1906	6497	2427
1504	1882	3205	277	3375	4155	1099	8473	6957	9728	9538	9380	9505	1327	10043	2	4032	8433
3871	2743	4699	4812	3950	3422	583	9527	6737
2854	821	6486	9342	5933	4437	9690	9659	7694	9100	6258	9730	9774	10955	10014
6148	6739	6279	7321
3750	555	2447	3063	7551
2474	413	5865	1520	2759	6694	10096
435	5226	6484	7060	1019	8382	9037	7585	9584	9444	9700	7824	6667	10035	10398	10236	10449	10182	10288	11132	10798	5783
4505	5344	2267	3454	6102	7809	6822
5839	1867	1312	7182	274	1028
6972	3456	1624	6486	7541	9947	9260	5834
6100	8251	8603	10774	9318	9154	11768	11770	11771
2409	2677	3726	6125	8428	8600
5627	805	5976	5978	8189	9745	7862	10626	10499	10968	1301	5147
1216	6588	7255	7321	7256	4174	10369	496	10368	2913
1608	3178	2460	4596	844	3591
6889	5163	512	6738	7107	5675
1378	2137	3498	3304	7572	7855	9211	8074	10716	8360	9171	10101	1361	496
823	3086	4622	6190	6188	6646	6782	5539	892	4487	7810	7984	8105	9109	9507	10597
6035	5992	9813	10544
5242	6999	9034	9037	2983	8211	7683	9282	9284	7694	4600	7625	7628	9255	8548	10236	6091	10798	9747	10169	11524	3538	6096	11401	10366	11702	11787
5667	676	3992	1624	1078	10289	10288	3658	5396
5265	276	212	3380	1109	6519	2977	5200
5723	5774	8311	1757	5881	5768
6576	7408	8582	11459	8154
77	892	4487	9619	5717	6575	6957
5912	5891	9846	2954	11623	145	4900	6218	6367	9049
2078	4103	3589	3506	3515	7101	7060	9183
604	1457	5016	6482	7060	9659	7694	6258	9947	9444	10201	10236	10798	10969	11232
6685	1849	872	3881	2447	6939	7773	4218	7880	1481	10660
2198	256	5056	7362	8189
5432	809	672	889	4346	826	1578	8206	9054	1500	8211	7830	9947	10115	9730
3180	2407	3965	5486	856	1694	2441	2153	869	4448	7733
206	3164	8407	9260	8211	8208	9856	10278	10530	11273	10169	11289	11583	5788	11782
6633	3000	5679	1194	5516	9150
2896	4605	5843	2824	3614	10151	2763	1758	3629	3472	11568	365	9160	5410
2236	3323	1624	10289	11484
2969	4627	7838	7566	9104	7200	10845	6145	7493
6424	10103	2890	3985	6720	9506
3261	8633	6805	11595	1020
6294	162	1055	795	3431
2704	6945	2584	7587	10174
1210	2374	3790	4469	8114
5883	5481	3348	8904
4363	32	118	280	3226	3239	3441	5816	5817	6009	6738	7056	7268	8064	8375	9802	10492	11391	6601	9490	401	8372	8600	10168	10848	1721	5525
6491	9490	8572	8208	7694	9922	9775	9730	9857	9604	9856	5307	5291	9444	10236	10639	9733	10760	10633	10238	10271	5304	6729	10798	9319	5834	11185	5781	11098	11307	11523	11525	11521	11528	11526	11600	9735	11582	11579	11490	11664	6438
843	4302	4350	1599	7860	8612	4724	3351	7683	5834	5780	11098
7094	6732	9444	6813	10626	10289	2497	10361	10749	10976	10823	10618	6730	8856	9751	11427	4285
686	1713	5294
1086	5838	8010	9607	10590	1475	1860	2687	2894	7800	8433	9114	3449	4969	3595	3876	4250	9448
3197	1494	3806	1584	8963	10815	11264	4443	7126	1846	9235	806	8261
2445	7987	9508	9727
143	1969	10445	2599	3413	3414	4492	7229	5298	10254	767	5092	11365	422	3396	3717	8016	10013	5477
2770	382	7078	5644	5947	9713	5036	806	1642	6905	5678	8125	9178	2014
6634	7910	7613	5376	4384	9516
6855	448	2891	2274	859
3383	187	256	3401	7897
1494	1341	2718	5686	1046	5369	5702
152	7846	636	2453	9039	632	892
5028	4035	8417	8415	8382	8510	6258	9730	10014	11002	10600	11399
5057	7017	8787	10969	11030	10169	11486	11031	11029	10911	10797	11581	11481	2609	11515	11518	11766	11767
4923	5230	1464	1624	8131	9067	8679	8763	7694	5291	9518	10976	5834	11232	11484
6813	212	5933	795
3389	3867	7859	3896	8417	5227	7569	7202	219	630	792	1648	3989	4422	5215	5601	7298	7452	8813
1118	7026	8464	9109
419	7590	1912	10553	8654
239	9922	3658	11074	11130	5834	11284	6096
2398	2894	505	8131	8763	3492	2820	3164	11300	11524	6596	2980
5377	5950	5951	3728	9923	10553	7591	11413	1916	1928	11643	11200
6900	1748	5519	4325	6325
2124	3334	3984	219	7560	8846	10620	10134	3613	8856	10349
6039	4729	4702	4730	4350	1464	1230	1249	3516	6258	9947	9730	9444
3936	531	4923	5229	1624	8199	9100	9772	9519	10638	11339	11690
46	5505	5681	8399	5385	5224
2557	940	3243	643	9525
1014	10014	10798	5834	10793	10794	5976	4280	11496	11782	11769
1234	9109	5445	9506	1124
4258	4566	4914
126	3	4312	7520	6107	10297	9689	6551	7811	7768	7256
3809	6430	655	1069	3771	3329	4229	9454	4661	226	6313	9388	10369	1722
1412	4702	4730	5228	7541	1578	8131	5394	8253	8598	1543	7745	8207	8408	10234	9733	8666	10946	10287
4261	6279	5761	6055	2241	5766
6206	9125	6786	6814	7268	9109	9508	7903	211	4098	5670
168	9490	10542	811	2399	5017	5018	6031	6131	7366	7764	8003	9581	9642
6664	5999	7560	7573	9736	3633	7290
222	1995	3465	3466	3376	3589	6248	823	4730	3573	6017	880	1629	6483	7060	7541	8449	8385
1993	927	1788	9131	9120	7321	768	5227	4182	4396	6363
2230	9913	659	9508	9810	10368	9414
5917	7101	7541	7071	8409	9037	8207	9659	9705	7684	10169	9858	7629	9444	11185	6774
674	512	4901	7295	7456	1624	9534	1848	2014	2408	4238	4993	5856	5860	9030	9032	10205
810	1495	1899	1906	2464	8383	8382	9183	9604	11690
1337	2452	9931	9103	9966	2980
4804	8546	10185	10219	11568	10767
4846	6502	7189	1416	2641	3368
581	1348	6998	6999
6637	5226	7060	7541	7616	8449	8415	8132	7585	9067	6258
1359	5009	1804	3937	2766
1966	5612	10255	1348	6125	909	4981
4096	2899	486	1638	2629	2721	2876	2898	3015	3568	3615	4022	4065	4218	5227	5717	5739	6609	6846	10890
5677	8467	3368	9889
4578	8675	10336	1568	3630	8674	5509	3243	3946
3387	2648	5516	6863	10634
3329	5543	7114	2219	10078
5604	1681	9385	720	5885	6058	8144	9486	11341	2300	8175	202	6799	11340	11342
6308	1194	2374	931	943	1335	2313	792	773
5341	3263	4117	6138
5784	1624	7060	8250	9067	9260	7585	9733	10289	11074	11485	11486	11399	11487	11606	11156
4046	684	1026	1147	1479	1497	1811	266	641	643	4335	4343	7779	7796	7616	8132	6258	10277	9100	9730	9774	9444	1211	10236	10201	10759	10955	10774	10798	5834	2609
5340	8207	8211	8031	9279	9859	10169	9855	9858	9603	9947	10371	10236	5782	11002	10811	11720	2374	2447
3565	581	3242	7452	8288	6620	8875	685	6603
4020	895	2736	4600	6511
4852	4560	7824	2073	4465
4353	6600	771	7985	5126	10746	11803
1994	676	6017	6680	3592	1624	6486	6363	8658	8736	7188
4705	7824	5976	7861	6975	1348	8534	9110	8682	9247	6734	7485	7482	10568	11613	11683	5947	7265	7884	6246	1955	7534
7096	3456	5016	5229	8763	9340	10798
3962	4923	5016	1457	7541
450	6017	4790	6343	1624	6363	3166	7684	9285	9286	9773	9700	5834	10793
5852	5644	5439	6240	3632	5516	3883	5442
2492	5815	2875	198
217	1055	4459	5643	4628	8068	1082	1428	5219	1110	8834	4393	8897	5162	4513
1355	10976	10798	6258	10600	11483	11526	11544	11530	11531	11041	11543	11576	7435	6364	11735
6470	5837	226	4127	6497	1649	1632	10202	3105	2781	8044	1845	5501	8857	2279	5420
3424	7864	8449	8254	8763	9584	8510	9659	9947
1030	3111	6058	5442	1877	11488	10454	10455	11400	8051	10515	1109
4407	6620	8882	6814
3924	3120	9374	7561	7573	9507	9508	8592	6865
4066	5230	5325	4113	1012	993	994	1727	3560	1624	7060	1009	8254	8779	1538	987	2059	8534	10054	5022
3388	8176	5205	9130
700	2898	8971	2943	6625
5842	712	4079	5516	6682	6836	7415
909	928	6794	4035	2995	7354	395	8383	6734	7862	9824	6258	10035	4775	3101	10289	3026
5902	1258	7248	7321	2399	10682
6175	3193	9340	7721	5834
6516	6452	7186	8442	3405	3438
5411	892	6828	7862	7980
5729	6108	6931	4069	6039	6057
2652	9184	9185	6523	823	8207	8022	9125	1792	2400	8460	9691	9100	8019	10271	4085	1964	9444	5184	8371	7201	2637	7442	4580	10201	10798	11196
6803	8632	6445	9675
2496	2538	2154	720	572	1084	4784	5720	6377	958	8705	7498	1939	8362	4539	7538	8943	922	1177	7407	881	3786
3284	821	822	1860	2823	5612	128	4389	5865	7005	8647	997	1001	3605	6468
544	822	1015	6957	4259	257	1860	1481	1494	821	1037	1482	1292	4511
2944	835	3465	5117	7514	7598	8207	8510	6258	9730	9444	10236	10497	10287	5834	10774	11613	11487
664	5228	5230	3932	1624	8132	8763	6258	9700	9857	9519	9604	10182	11194	11720
2873	2161	4577	4594	9913	3999
4508	1643	829	8689	3745	1653	3746	6971	7658	8365	4150	2488	3107	4122	4137	9365	9929	3104	4120	5769	3200	5350	3637	3103	4121	6986	8622	5417	819	3102	3106	5897	5972	6944	7833	8623	3298	5454	7267	7022	422	418	401
1125	8208	9705	9659	9700	9947	9283	8679	9856	9857	9604	9519	10234	9444	5291	10236	10201	10326	6731	5304	10238	7022	5781	10798	5783	8787	6730	5834	11098	11524	11528	11329	10247	11550	11582	4104	11558	11567	11566
3695	809	3804	1371	6791	1350	5079	7220	6363	8254	7595	3164	9322	1964	8510	7694	9100	6258	9947	9730	9776	9444	6722	6116	7642	342	10014	1305	7032	412	1860	9747	8370	2573	7082	11720
5199	6481	1617	5978	1503
2855	1481	1494	10236	7349	10955	11002	6438
5926	5101	3166	6957
6921	143	9109	3508	9957	11145
3585	4151	728	5648
4490	3589	3515	5709
5567	8383	9054	9856	5307	11185	10919	11524
1602	1479	1482	912	1315
4190	9037	9859	9857	9854	5307	9774	9493	10114	8669	10326	5834	10845	3764
5270	4426	601	1183
6364	2980	6826
6791	2329	6193
2128	2812	4598	6929	7265	6888	2164	399	3556	1144	1772	4989	8551	2749	6763	7332	8371	496	7925	11537	1121	3952	7490	1897	2049	3361	6878
4848	931	1258	1022	8895
4611	2397	482	2374	1383	3061	10729	4929	10225
6219	4464	1957	7458	1310	5667
4874	4785	6651	7024	7881	7897	8606	9090	10371	2025	2594	4723	468	4762	6631	10553	10244	11327	7234	8504
7035	3419	6069	4191	6593
6150	4109	7060	9745	7354	10626
2660	1030	1191	1097	4730	1771	4260	3516
3061	9130	1099	8043
5494	1105	3432	4073	4963	863	10188
293	2069	1851	809	4369	1084	806	4604	11159	393	6185	6393
6561	8604	896	8408	9037	9282	9700	9773	9100	10202	10234	6258	5834	6885	6864	11375	6826	4280	770
5974	6841	4522	6987	6603	6989	4188
1227	5229	5230	1464	3515	5391	6077	6482	7552	8407	9604	10236	6774	5780	10798	11483	11601
7099	8334	2406	9398	5217
4830	2443	11517	3166	7234	8926	11638	7295	1271	9444
5623	10377	10833	4587	10071
5928	7402	10369	7569	11613	2554	10287	10418	4872
1427	738	5297	5972	672	8371	5507	5300	1228	1585
4329	4293	4239	977	979	996
2486	6190	6883
4111	2304	7616	8680	3164	8409	8599	9034	896	9037	8679	8728	9852	9947	9094	5441	9774	10955	7721	3893	835	9612	11550	7918	1860	2609	5788	11567	6444
352	2771	3613	823	2161	1860
6390	2373	6751
3713	3639	4027	5507	6882	7534	8689	8692
393	3721	3398	1366	3210	9100
4719	8387	1144	9007	896
1096	1562	4822	1696	155	980	1739	3928	8616	1845	1906	6722	4440	5416	4393	633
4003	8521	6478
3119	3336	1729	3161	4426	7213	4922	4525	7349	8176	574	882	5114	5516	11316	9444	9448	5439	816	11514	10262	3166	7295
2234	4280	392	4590	9284
358	4260	5229	5226	5016	5230	3932	5395	6411	3592	1624	7101	8599	9775	9100	9857	9444	7117	7442	10201	10798	5834	9747	11232
5444	8415	8253	9033	9260	9100	9700	9855	6258	10236	10903	10798	11002	10626
191	5335	9461	8616	8755	10634	2667
4177	5976	7354	7746	7974	7201
2615	8407	7694	9659	9100	9947	6258	3658	10238	11132	10798	5782	5834	11232	6096	11544	11329	11543	11576	11581	11254	10616	11496	11709	11735
6532	8415	3164	8409	9260	8208	9490	7694	8207
601	4249	4091	5369	4526	6287	7577	2988	9616	412
3469	2687	2153	6193	11043	11051
2815	3398	3517	3589	4724	4725	4730	3776	3884	4933	4923	5016	5395	5390	4146	6343	7779	8449	896
2659	5223	7779	2773	5543	1543	7943
417	1624	7541	6626	8384	8779	9664	11187	5144	6014	6012	7411	11490
5645	4971	7337	8192	8450
3884	6486	7541	8382	8679	9033	11765
905	3376	3589	4730	4923	5228	5016	5834
3699	896	9067	9854	10774
1046	2572	6372	7354	892	2447	5974	5977	3190	8842	10806	11613
3780	4294	1490	1764	2576	8504	3481	4701
774	5230	6488	1154	1316	6098	2542	4695	11132	5834
6487	8169	8131	8254	8250	3000	7094	8189	5573	10798	10903
1159	1100	1659	4263	4375	4426	4900	381	1071	1084	1090	1103	1105	1106	4400	4452	4763	2397	2398	2460	2449	2486
3154	6619	5822	7136	4724	3111
5560	3722	756	9068	524	3168	5760
1962	2736	5590	9975	587	5295	6250	1195	7827	1217	5769	9698	4706	3118	5468	5067	2873	4630	3460
2314	214	3142	5290	10626	10907	4532	9744
3512	1863	939	4426	9151	4680	3015
2554	2958	4169	4217	3002	6646	1301	2734	4378	1960	6497	9636	583	2334	2281	4354	5136	8651	9692	10168	3541	9547	1852	9671	7534	10373	11306	3079	5132	3000	4612	3840	6381	6499	3120	3561	11407	1121
1558	4259	1069	10188	8288
5881	4091	10366	11391	4073	5351
1706	10823	10976	10618	8293	9690	10271	9319	11130	11132	10798	5782	5834	6730	7721	11098	11196	11232	10915	11307	11378	11379	10914	10916	10919	10917	10793	10794	10797	10911	10912	10913	10918	11308	11448	11483	11255	11528	11524	11529	11579	11580	2573
4182	5298	5304	1348	5406	4488	5326	4205	6685	7459	6325	8678
1511	4724	5228	7060	8131	8132	7552
4467	3522	3985	11264	720	11249
4962	3912	3513	7836	3431
1480	7514	7694	8211	9637	9947	5291	9100	6258	10236	10201	5834	825	11232	11399	11581
654	6957	7458	9097
2048	7502	168
4055	3930	816	6678	9287	6674	6699	8239	8514	8515
4741	5395	6018	1630	683	7541	1603	1962	1543	1870	9165	7694	9775	511	2447	9517	3401	3658	7954	10039	11526	5175
989	2024	4198	4249	7048	1869
758	7307	7914	8219	9151	7306
81	236	670	3553
5466	1047	1048	1063	1079	1107	4033	8736
6872	5781	1904	2316	4601	5823	6674	7524	8515	8616	4071	928	1228	3621	9378	10480	11204
93	1008	1481	2384	2823	3327	3329	1860	2101	3414	7114	1484	9170
6537	2358	4405	4969	8705	8345	4752
3066	4262	4734	8783	4343
343	9730	9947	3154	10976
1180	4350	4923	5228	8131	8449	8385	9603
2019	1970	2105	335	5984	540
3181	10441	9900	5302	5863	7643	5100	412
2700	1249	1240	1127	5421
367	9235	6239	4293	6802	5185	4782	10483	1638	179
4521	4532	5978	6738	9955
6529	1624	6157	2432	9700	10169	6507	6258	9947	9774	9444	10976	7022	5780	7018	6730	5834	11002
339	4136	2578	5864	9507
5694	3887	1944	3912	5124	1121	2510	2657	3702	4212
5052	4923	5395	6077	6484	6335	7060	8251	8778	11296	11528	1825
1158	3456	4350	3516	5395	8779	8131	8680	6258	7629	836
589	8055	6774	5919	2301	6718	597	9138	7248	5399	7252	10216	912
2800	9700	10182	10976	11029	11298
6596	3462	9889	1801	1177
4320	1552	4969	921	8588
1458	10236	10201	7369	10823	10976	3658	5783	7017	11131	8787	11130	11132	8293	5780	7022	6730	11232	11378	11379	10911	10600	10915	10919	10913	10918	10912	10914	10917	11255	1932	9842	11740	11439
5935	2053	3922	112	3296	8044	2383	8064	7265	11192
967	10377	3822	6309
5880	1682	6944	7907	2762	6778	203	2633	2764	3487	5141
3551	4822	3253	1386	6614	6610
5375	4493	4035	4474	6003	1880	8112	2770	9508	3909	7551
5244	3344	4405	1044	663	8189	9584	9293	10322	3951
6476	995	1169	7211
2053	1457	5016	1464	8251	8382	8778	8604
1920	811	1692	6738	6739	869	1695	5217	4091	6007	10702
2681	1083	8083	6398
3773	4776	6626	35
6811	2346	7234	1849	8566
3021	495	1123	5297	1258
5102	7695	3127	8374	3641
6565	3558	5800	4131	597	4813	133	2578	5293	8789	4112	1690	8678	672	6376	7790	8675	8610	5369
6839	1014	7273	4822	2867
6296	7831	6520	10454	10456
6367	4649	4660	4667	4618
6306	9087	2965	9294	1935	2941	912	5654
6228	9150	2124	4542	3432	3626
3294	1483	5837	6106	6993	11162
2772	10855	3027	9955	5828
5463	530	831	1557	503	11273
995	8589	6125	1194	2519	2821	2352	4156	10152
1287	8105	9507	6762	10418	7173
4291	7555	4738	4212	10481	4327	5407
5235	9414	5178	7173	9959	4035	9506
6251	6068	9508	11360	1012	1742	6601	11447	997
5201	10859	10991	8112
5058	8131	8408	8409	7877	10271
323	2397	6673	540	5489
4444	3465	3589	4724	4725	4730	4923	5228	5226	5016
3441	2374	9409	2257	4355
4300	1061	1062	1071	2345	4440	5217	2284	8891	373
6593	7624	9583	6098	597	2819	5631	10542	9763	10357	6775	3716
611	5390	8382	8407	8408	8409	9705	9947	9604
4770	1726	4380	3392	2313	3613	4916
708	8510	9947	9700	7694	9773	6258	9444	10236	10201	9109	10618	10823	9690	10798	11698	11249	11568	8112	3166	10626
452	4385	7984	8180
1890	6468	10368	11450
3238	1179	1180	4391	4291	896	7975	5543	8334
4840	412	886	2234	2262	3753	4008	4435	6705	7267	7570	7862	8045	8064	8595	8755	9507	10626
5398	10951	1425	5662	4826
2058	7836	3063	3613	2545	5201	11613	3845	10524	6306	8842	7396
5423	7271	4673	10058
4665	7056	7270	8783	9594	3177
4537	4923	5230	851	428	6483	7796	8132	8449	7514	8679	8763	9340	9183	7694	9700	10236
857	8828	8770	8771	4156	7430
3143	3975	377	7694	5834
5473	4284	3990	5976	5977	6001
4387	1886	10522	7980	9508	892	5879	6225
6891	5228	9490	10794	9154	10793
3217	4860	592	4626	3551	9114	821	1290	9150	3322	11390	2569	9823
3508	8415	7514	11232	11255	6096	11539	11568
6822	1505	1533	226	2449	2486	1909	1910	8131	3166	7694	10114	10117	5834
6666	9114	8636	8639	4189
2322	8598	9037	3164	8572	9659	9947	10236	6879	10911	11307	10912	10913	6096	11702
2419	5333	3930	6674
4156	4923	5226	5230	6680	1624	7071	8251	8382	8778	8779	8408	8407	9260	7585	7694	9922	8409	5834	10798	4938
2914	307	7060	8383	8778	8763	8207	9659	6258	9444	10201	10497	10637	10639	7694	10976	9690	10798	11232
519	8865	10179	5137	8363
4951	1020	1135	1827	4766	591	2024	2786	4129	2033	5199	7060	6363	8131	8449	8251	2780	9037	3166	9733	7721	10201	11098	11185	10169	10794	836	825	11567	11788
7079	8909	8881	8897	5047
1596	480	4260	5016	6017	8417	9664
41	9064	9067	9260	6258	9733	5304	10271	11255	11483	11583	11539
188	2978	2979	6708	4585	5274
4679	4426	4190	9317	938	11352	6529	9337	8999	6342
5574	2168	3139	8333	6826	9198	382	4682	5858	2295	3453	6537	8476	8372	1578	8822	3620
1876	2294	1672	3422	5412	6184	6626	1430	2457	3502	1048	2578	3108	6625	6620	894
4577	10963	2764	1895	9493	135	3780	4979	7724	7725	8087	9188	9298	130	3402
3675	6646	1433	6274	6703	9305
5031	7495	2274	8070
456	1202	1220	3042	6574	10264	10453	6321	10266
6622	8253	8778	896	5109	4084	8572	8763	9519	10234	10115	10113	7022	10955	8293	8787	10798	11524	11529	11583	11601	11600	11518	6449	6443	1825
3399	5390	7617	7060	7585	9705	6258	10169	10760
5113	9100	7694	9947	9444	7369	10798	11185
5336	2387	9151	9627
335	5391	1624	7552	3164	7694	9700	10618	10271	5780	5834	11030	11031
4590	7557	8719	808	3166	3453	6096
5163	3589	3063	3776	3895	5788
2133	8417	11285	6096	11525
867	6486	613	7060	7541	11185	10969	11399
3037	8007	5175	7836	8708	531
5257	9490	8767	9446	7551	11399	11568
6434	4014	1258	277
525	1658	4255	1464	7036	9663	9850	937
3174	1663	1637	1974	3518	5439	6190	6188	3497	1264	2267	2184	5672
2442	2902	7313	8015	8016	9220	3380	3375
5857	2872	7064	1591	6781	4492	1578	5978	9466	9488	5135	10500	597	8785	10861	10418	10368	7907	6653	10369
3453	7572	407	11003	1814	7665	1632	7591	5707
4198	822	402	4516	5125	399	1984	1978	4127	1844	3432	1124	1012	8064	847	998	9753	1054	4620	3700
1807	2156	2560	4313	6826	7383
3583	5226	5016	3515	3932	6077	6344	6485	8449	8415	8778	8779	8407	8604	1543	7683	7694	8249	9100	9659	8207	8208	9853	9855	10169	6258	9444	10236	10760	10201	10798	5834
6814	2922	5749	3514	612	10227	6071	9549	468	5364	4426	6724	2048	8819	1124	10223	4250	5788
6318	2768	3488	3715	5444
897	4320	1827	3589	4321	1960
3513	10901	8410	10544	10167	10391	10322
5631	869	7616	11647
171	1245	1226	4203	4312	806	4205	4119	3398	1533	5016	8131	7071
1757	59	152	1411	1415	2785	4482	4971	9521	10412
6161	507	4032	1014	2326	1556	1177	6138	7872	3513	10534	809
2538	8476	10369	10418	10367	10753
1643	3901	4807	5346
2502	6786	3000	4872	568	7514	892	11128	10647	9955
3012	315	2996	6164	5050	10370	975	4092	5137
2035	1718	554	4459	1839	4178	1716	4960	3808	991	7388	1357	2853	6724	9444
5575	1188	4258	1041	4375	129	8836
5531	4724	4725	4730	4350	5228	5016	3515	3516	5390	8103	7541	8382	585	8778	8408	8407	8409	1543	8249
1748	4763	1837	2309	6372	1046	1095	4771	5047	4782	3987	5240	8791	5171	5435	3393	6724	11200	9561	11140	1096	11536	5200
3191	396	6046	8343	8537
5997	10368	3536	10418	6838	10020	11161	2215	5668	11028
4355	6141	6781	8985	5178	8596	10626	2195	10492	11594	2085	4042	1339	2250	256	4015	382	11155
620	8415	8407	9037	9260	8408
6868	6433	227	2936	9506	7914	8931
6907	4858	6005	2812	7405	8120
5213	3323	4923	5226	5230	7060	7796	8251	8779	8211	9705	7694	9700	6258	10234	10201	10637
5019	3457	1464	1457	3516	6529	7500	9444	944	10515	6118	6650	7082
3343	2227	3389	7512	9079
1531	3942	1636	1396	4348	5119
2397	9033	6258	10236	4966	7898	10983	1481	166	4091	5387	1825	11772
4786	1915	7378	10557	9508	620	7326	2298
7072	1464	5016	1624	8169	8254	8407	10234	10995	10760
894	2564	1499	9908	4556
232	3228	8135
7125	5835	8935	8662	2205	9451
5353	9446	6146	10470	811	1624	3074	4266	8768	8955
1127	556	3613	8669	6130	4817	872
3638	1457	5016	5391	7060	6363
4265	8385	8778	7514	8572	9664	9852	9154
4000	1916	4684	2687	8891
3341	1335	1357	1313
689	7165	9565	8616	9436	10363
5712	4797	4904	3832	7856	7458	11103	4409	5185
5371	4421	3096	6185	4464	9064	8408	64	8763	7683	9282	9700	6258	10234	9518	10182	5782	11298	11600
229	5458	6258	8783	5649	5687	4565	690	7025	6342	11005	10753	598	1521	8755	6918	4532	7049	9015	10634	9218	10262	10993	11257	7477	9543
4208	4702	1457	9772	7721	11767
5217	7361	6103	825	1233
7110	4807	659	2698	3069	3826	5742
1982	4724	4725	4255	6483	7060	6363	7616	8415	8385	8778	7694	9100	7918	6096	2573
2258	5977	9507
2776	3456	3884	4350	4181	1624	6363	1580	9064	8197	9922	7142	10367	11550
6348	226	2692	3213
6281	6483	8254	1748	8763	8491	6258	11002	11529	11602	11497
2508	4035	5999	6734	4001	8596
4224	3375	10050	11398	5113	9892	7234
431	9519	9774	1548	8182	10117	9733	3158	11333	9311	7369	10014	10618	10798	7018	9626	8978	9922	10076	249	11185	7551	11031	1414	10794	1261	9612	11550	11528	11255	11525	2573	11578	2609	11490	11254	10811	11540	6443
692	9506	5978	9745
3917	2176	11398	7926
3184	6680	9399	8240	429	5594	6774	10014	6364	1827
210	917	1672	881	5395	1624	7060	8169	8254	896	8449	9033	9037	8407	6258	7369	10798	6364	11483	11543
3861	386	330	180	5735	4257	2976	6426	2993	8699	43
5216	1646	6007	2687	4983	941	8197	9037	1055	619	6013	9772	2562	6679	5922	3613	4164	7136	11343
577	533	8333	3405	5821	8552	1047	2687	3876	3877	6751	7551	1078	1079	6855	8288
5990	8449	9922	11294	11295	5521
1323	1567	2741	1984
4941	2515	2520	3556	4166	4305	5149	5865	7233	9438	4805	6466	386	3118	3120	7572	7997	8006	8567	1874	7534	8118	6613	7383	8842	8931	8111	10719	11555	2791
5660	3465	3932	1947	3472	6774	11579	11580	1366	6957
271	2024	5221	2258	10592
4859	3625	1271	2815	279	4996	997	2743	3952	4307
4520	5793	112	7966	9294
5124	3467	3390	4556	3375	9949	11413
1942	1849	2309	9053	1107	2358	6078
29	889	895	3465	3466	3376	3589	4725	4730	4923	5226	1464	5390	1624	8383
527	10418	10738	10368	3213	10369	11613	9508	11447	6601
2827	9733	10271	10798	10976	10449	5780	10774	10289	502	11485	5044	8562	11399	11481	6096	7918	11630	5215	11511	5788	10626	10811	11744	11565	6449	11518	11791	11819
4454	3970	10372	34	6239
3897	9910	3519	6957	644	717	2185	9510	4683
5507	5228	5390	6680	6482	7796	8169	8199	8132	9260	3778	7694	8249	9947	8211	9519	10234	10271
981	7573	9447	2479
6994	7511	10852	11536
6406	48	1443	1762	4409	1180	4032	3791
5501	2629	2578
3742	4422	8231	6906	4248	6968	7349	8684	557	8478	3051	2005	5823	7120	10480	4763
368	10169	10309	715
6010	4502	4665	1013	2154	6133	1125	5765	2387	4653	1561	2286	3000	7115	4458	6824	916	5764
6869	4005	2843	2855	5393	6347	6017	4976	1624	8169	8254	8385	8189	9922	4085	10289	4042	11399	11485	11484	6096	11558	11515	1827	11439
2647	7637	7641	8692	4491	4811	2891	10544	7639	7632	7645	365	5171	3226	3463	7874	3660	10108
5300	2073	9508	9732	10627	6229
3720	1233	6228	7015	9762	11643
3727	8417	9854	9604	9947
5566	1858	5180	896	1721
3552	5783	7017	10798	11132	11130	8293	8787	11131	9319	5834	11232	10169	10247	11379	11031	11030	11378	11029	11255	11527	11530	11194	11531	11528	5635	11521	11511	11399	7386	11375	739	6269	6864	9196	738	741	11709	11735	9151	11765
4158	4923	1457	5229	5016	6077	6485	8253	8307	8407	8409	7585	8728	8208	9785	10955	10288	10969	11399	11486	9612	11485	11606	11739	11740	11741	11765	11767
1070	2038	2238	2901
1148	6871	11076	10337	8594	6626	10569	2698	7849	10317
3189	5945	10022
746	1145	3456	943	4933	4923	5228	5226	5393	6224	1624	8169	8131	8778	8677	9604	9518	7101	10169	11232	2573	11776
2552	3456	4260	4923	5226	5230	5016	8131	8449	9033
5417	9221	5056	6619	2473	4033	5134	1638	2759	5434	7781	3590	6624	4352	2018	7326	7327	7576	7320	792	10146	2281
2591	3483	1681	1271	2447
1364	2807	2831	1833	1683	3949	707	9375	5964	592	5842
1505	9506	1098	2313	3221	5869	8895
5315	4324	4023	1103	6085	1372	4644	672	5421	2362	5494	2096	6574
2862	9506	10251	9862	10103	9745
3613	9109	10680	5323	4065	2666	6724
5701	9109	3689	4042	9101
2755	7617	8132	8251	8208	9260	7585	8207	6258	9859	10169
6659	7190	4151	7188
6834	8679	8409	7585	8407	8408	7683	7694	9947	6258	9700	9730	9856	8208	9037	9490	9100	896	3164	9444	10234	9733	10236	10201	10326	9318	10182	11074	10618	10976	5783	9319	9690	10798	11130	11131	11132	7017	5834	6730	6410	10600	11232
1848	69	4508
155	4133	6818	9246	4327	9949	9205
3975	616	886	5196	6083	7934	7935
1446	5229	7101	8254	8382	8415	7514	9785	10955	9690
3532	5736	8056	6831	7339	3403	4938	4789	11232	11485	3243
6180	6863	5318	5661	5933	6209	8516	10448
4184	1871	1339	10463	11089
2537	6823	778	3243	6423	10209	240	1515	1988	2754	2953	3375	3392	3613	4249	8231
3980	8417	8382	3164	9037	3658
2664	3164	8189	8728	8211	9705	9859	8510	9700	9772	6258	9776	6679	9733	10236	5834	10182	10289	11232	11290	11298	11486	11485	11487	11630	11606	11254	11744	11782	11766	11819	9799
2273	3193	5226	5229	5391	5390	8131	7864	8778	8779	896	9037	8728	8763	9785	7683	9922	7694	8510	9100	10236	10798	11232	11529	11522	11270	11490
830	3573	3618	1628	1502	5016
7073	4814	7544	2319	3605	8078	1979	4066
5274	5935	5169	6760	7807	11360	11583	8325	9949
6422	1681	1264	6130	1843	10089	2478
2610	10755	3989
4433	1624	6483	6485	6363	8449	8407	8408	8409	7514	7694	9700	9775	10759	10798
4263	38	3613	5125	9558
3392	8291	9387	10373	10492
5382	2687	1849	4294	6042
5957	3349	8849	2520	6543	8931	11016
744	768	939	2351	6145	1796	7331	9741	7255	1310	1905	4567	496	2422	2527	3514	3951	4782	8414	9759
1236	6566	8567	5313	5443	5838	7367
2892	6956	9507	2149	1710
4938	2582	7796	9054	10371
7122	5226	5230	8131	8132	8254	1001	8415	5801	6125	6188	3164	9100	6187	10201	4213	4755	7627	105	1235	2745	3856	3887	4238	4982	5300
264	770	8	5710	5711	7892
10	3589	4702	4724	4923	1457	1464	5611	5393	8449	8680	8679	9011	8211	7683	6258	9947	9730	10238	9690	10798	5780	11196	11098
4995	1020	2780	1794	1793	1802	1180	7641	9020	1806	5789	4516	6526	5787	1815	402	820	4910	7879	1503	6957	630	1710	1713
6341	805	1064	2427	2939	2996	5436	7571	8069	4997	8876	7362	1603	2018	2984	3403	5814
5924	7779	1481	7035	8169	8778	4654	8415	9037	8407	8409	1543	8207	8211	8208	10169	9730	7683	9774	6258	9444	10823	7369	10201	10236	10618	5834	10449	10798	11098	11185	11030	11378	11448	11523
7126	4923	5391	8510	2778
2574	4273	5727	8168	811
6331	6485	8346	9064	9067	8602	9183	9010	8211	9705	219	7684	4033	9100	9730	10391	10392	9243	10798	5834	7015	8288	10794	10797	8735	10945	6096	5738	9311
3291	6641	2617	9469
4928	8409	9260	11282	5450	11515	8328
2803	3896	7657	9677	1131	2270	4698	4872	6382	7666	8662	10229
7108	1046	1074	1103	1107	2285	4307	1781
3818	1098	1110	1073	3112
1179	411	3243	6042	7234	8605
4541	2234	743	3633	6752	7694
3209	226	4657	6973	6351	6350	6825	5976	7984	10368	10435
5012	2555	2977	4674	8344	1370	4532	8500	6003	7559	7392	1645	9508	5490	8352	8262	8275	1334	10600	5042	10468	6645	3093	5782	10670
2050	7295	1622	4967	7709	7713	9156	9324	10813	10590	574	607	1493	2909	7497	2169	5996	10655	6051	6606	10610	7837	9546	1860	3364	6432	1986	3639	1008	2115
6267	7060	7541	6363	8417	7514	10995
1845	4110	7854	6774	8679	3164	5542	886	1246	3553	8417	6593	4104	8692	2281	5153	7606	531	4101	6364	1993	6326	10261	4234	2288	5068	9701	10168	10559
1464	9294	811	4969
5262	5976	7824	8169	6363	8384	9506	8382	8385	7514	1543	9853	10287	10289	9434
3137	4503	5300	1679	820	3336	8856	8858	5457	8214	3613	1069	3236	5652	8088	4426
6402	2177	6862	2209	6935	7256	7321
1805	6664	3453	3659	3905	10474	6022	6026
7009	4426	9975	2953	5188	7154
1187	8372	1579
4149	7116	3336	8433	8618	10698	1638	2284	1258	6758	2408	8943	6105	9031	7858	11577	3876	11354	869	11560	3879
4501	4936	3807	7138	5509
6959	4712	4098	6385	9453
633	1158	2599	1251	5485
845	1753	1771	1752	4730
5577	1621	2619	2766	6873	6957	9186
3665	8158	9109	4560	2965	6115	2530	9724
6950	1629	2374	6966	9056	1579	1602	1578
6334	792	4265	1045	1669	3492	5114	5418	5677	5742	5764	6431	1477	5120	7548	8893
5829	2239	365	4825	3375	4174
787	2450	3368	4543	5194	5245
1804	10181	431	1553	5789	4549	1297	2436	6856	8874	10377	10314	3435	8897	8826
4103	3652	7295	614	10688	40	136	8115	10432
3743	7458	9445	3069	1958	11111	10694	662
1249	187	5432	8403	10655
2637	392	4	131	1623	966	1932	1584	1457	3516	949	2085	2025	7616	7617	7552	8449	3388	8407	8599	9183	7684	9100	8745
1160	9733	10759	9318	10976	10618	5304	9319	5780	7022	5783	7017	8787	836	837	10169	10797	5635	11255	11329	7365	7435	11578	741	739	11663	11664	11773	6114	11675
3939	3193	7541	8449	8254	8417	8253	7036	8382	8251	8385	8763	1543	7684	7683	9659	7369
1066	4091	981	5639
2819	1703	9054	8604	8189	9446	11002	11439	11663	11740	11136
3183	337	6826	771	5410
515	1677	2578
6070	1624	6485	7101	7779	7541	9054	9037	8189	8207	8510	9730	10236	5834
2185	3041	6632	7933	6774	4930
18	1624	8573	6258	8242	9947	9444	9772
3846	1815	6262	1590	1645	1653	1804	2415
3873	10666	11033	11209	2166	8683	10480	10704
737	4618	4667	333	2918	326	5409
149	4035	5057	656	3001
3225	3386	4532	7029	7201
4481	10835	5350	672	1450	3760
5091	10367	10418	10754
5965	4923	1464	4035	3515	3516	5229	5395	6017	6018	3276	6608	4044	1624	6482	6363	8417	8679	2257	8763	7683	9281	5976	9853	9773	9772	10236	10238	10288	5834	6114	11484
6794	3501	5621	5364	9629
4130	4923	1249	5709	6077	7101	7779	8510	9730	709	10271	10902	11074	10969	11290	11135	11287	825	11399	11485	11486
3374	1860	2024	3175	3360	2447	3063	9794
4431	226	540	746
406	8542	11197
2725	3466	3589	4702	3323	4933	5230	5229	1457	3592	1624	7101	8384	9179	9037	8415	9011	6258	9446	8767	10823	6729	10618	10798
4452	2121	3144	8417	1896	2328	7243	8763	4319	9922	10995	10071
2742	134	8051	6239	6739
7130	2496	1281	91	365	6674	7794
471	3613	3348	4185	380	6504	8822	2894	6786	5753	5432	5813
242	1581	4795	1714	5655	9382	1495	892	11128
5007	1310	4442	9882	5125	5865	1098	4969
6094	7683	9691	9519	9733	10618	6730
5194	4298	1752	1771	9744	883	4729
4945	711	8417	8250	8603	8409	8407	8763	8510	4491	9947	10497	7442	5784	10201	3658	10288	3768	10798	5834	9505	11205	2719	4032	9069	11527	507	8008	11555	11254	11780	11744	11399	1827	770	11775
2055	8308	8903	8933	9240	6186	3241	4242	3228	3223	3239	7557
5368	6239	1829	6740	6985	1348	92	365	2721	6537	2752
5892	651	2763	3125	3355	3613	3987	5933	6022	8898	9814	10151	11264	338	2888	3336
5557	9498	2139	9269	3336	2961	2992	5267	2577
4795	1943	4792	4794	2725	2731	993	3478	54	3755	497	821	2135	7454	9742	1251
3952	876	632	1219	2872	7617	3070	4535	7836	2580	7210	8821	10204	1864	8077
4876	2831	5381	5884	2048	2050	2258	3962	6931	187	5088	1870
2890	5705	7575	321	1046	4377
5271	4350	5228	5391	8449	9775	9854	5782	11484	11600	11630	11558
1564	3658	10497	10637	10201	8767	9446	10759	10976	10823	10618	8293	8787	11130	9319	9690	10798	11132	5834	11098	11232	11284	11378	11379	11486	2557	6269	11782	11744	6184	11768
161	6516	7485	10715	7561	9728	4285	4325	6644	7575	8816	4143	4191	8070	10485	1845
2182	1457	1464	7101	8254	8449	8250	8253	4381	8407	10287	10289
3956	3459	3715	6355
4121	6801	7621	7224
5774	10690	1839	1845	11377	1915
6776	10057	1144	10318	509	703	2496	2835	3037	4969	9088	10441	10994
934	4759	6510	5364
3495	8189	8208	8207	9705	8510	10169	9947	10774	10236	8767	10287	7369	9733	10759	10976	5304	10289	123	11280	11486	911	13	11526	11531	11399	11581	11487	11578	11739	11740	11741
1997	4198	6014	1325	8417	2399	8779
1755	4782	2996	6913	4866	9198	11245	11346	9938	10042	9981	11783	3236
3625	8132	8254	8250	8602	8763	9010	8211	9282	6258	10236	9109	11185	837	11284	11399	6096	9824	892	9082
1141	5230	7796	8132	7071	3166	7928	10238	9776
1495	2447	8525	6581	10738	5947	6012	8965	6445	11554	8662	8623	11234	8630	2923	11128	11613	5579	10751	10038	7248
4048	5541	1348	891	4340	7573	6998	9701	2250
1168	6486	8132	9064	8207	8211	8736	9947	6258	10236	10798
2353	1177	9380	10306
884	3300	9507	7722
488	9391	6620	7593	8480	4247	8905	444	4489	3613	10852	4901	4572	4977	8072	8288	3390	2632	5439	8705
4917	4645	7514	6603	215	9511
1779	3994	4010	4976	6347	110
840	10626	10368	10418	6230	10367	11671	1583
3264	10807	730	8414	2420	5629	8456	8819	354	6389	8586
2439	5019	5326	5932	8111	10559	2007	591	6329
4475	7241	7410	7570
6939	4182	804	5441	5443	2052	5977	8254	8417	8382	9064	896	8249	9286	9603	5307	10995	10638	11484	11513	11611
4982	6824	9763	7118
893	1632	9404	792
4449	811	1841	1332	2435	4028	4915	1696	3258	5540	5954
3973	8253	8779	9037	9260	6258	7694	9773	10234	9733	10271	6729	11002	11524	11580	11481
6282	4042	7487	7824	892	10492
7100	57	1415	8584	118	187	5454	6739	6860	7145	9337	10367
5439	6734	7862	3999	5147
1278	3438	991	7019	7017	7461	8658
4747	7129	7847	9507
3443	2504	6975	5417	5895	6458	9643	1766	5412	6023	7781	6092	1957	4794	11390	2986
1503	6151	9949	10738	898	5590	8625	10016	10063
1463	3987	6872	6878	6879	6880	6882	7321	7332	7372	10179	10485	10656	10849	238	4840	9929	10225	223	7968	8834	9078	10832	383	8391	10715
3080	1602	4035	3973	1960	6374	3553	9507	3276	28	8005	892	5532	595	9711
6461	10009	10583	2958
2693	5229	5230	3516	3932	6344	4280	6484	4281	8417	274	8778	8779	9137	9490	6222	9712
2434	10333	8088	10229	3458	5725	9346	8048	7045	4633
1827	21	1717	3007
3937	955	1052	4445	4680	9061	9293	6786	4286	8214	572
977	3573	5310	6055	2293	4112	5739	1578	6657	217	3833	1591
3221	4350	1507	4933	4923	5229	3516	6344	1624	6363	8417	8250	8251	8382	8207	8510	9730	9100	10247	9154	10793	10794	6265	11568
1348	5355	7361	9759	5440	5516	7787
523	10618	5782	10798	6601	5834	10567	11002	10797	10911	10915	10919	11483	10793	10918	11448	10917	10914	10912	10913	10916	11399	11521	11522	11530	5635	11255	11531	11194	11526	11527	11528	11529	11524	11539	11544	11041	11329	11543	4104	6096	11481	11270
5992	8207	8208	8211	9100	6258	9947	9730	9444	10236	837
2107	10676	1047	7764	8003	2687	3537
259	8334	2102	7321	4917
2375	1609	2411	8583	6666	9334
1468	5883	3615	6940	10479	5989	5984
6194	1464	5391	6485	6326	7541	6641	6645	6651	8131	3200	6512	5895	6601	8449	8254	3666	4689	4325	8779	9064	1742	9010	9011	9603	9604
3409	3932	5611	6344	6343	1624	6486	7101	7060	7796	8131	8251	8254	8779	7359	9010	9701	7684	8207	7694	9285	9286	7625	9857	7629	9100	9444	9712	7442	6364	6864	11399
5765	4793	1348	3737	5107	3326	4794	4166	5106	5935	1266	10273
6496	5938	10272	2301	3224
3856	2016	7852	8167	9224
4194	990	1860	633	8926
4670	540	4187	4060	10804
5845	4625	1636	4101	2309	2453	4192	5417	5300	6087	7544	8373	2058	7362	9759	1523	9987
433	4426	1078	3188	6586	6627	7512	3889
5428	1106	4245	1020	1977	2358	4905	6042	284	5865	8024	8831	8832	8894	3069	5940	3240	4653	4763	3447	5730	8895	9949	3778	10641	10728
4186	37	2598	5601	2759	3989	3828
7019	7624	4325
6500	8724	3987	7234	6831
233	6551	988	329	7796	1446	5941	909	5097	6443	5059	6986	1507	5834	6220	1542	5062	5896	322	983	1219	10882	755	822	5477	164	823	1703	1240	990	1249	1119	1480	1706	270	1481	3332	1479	4725	979	9953	3193
3676	1345	6931	6675	3613	4864
3800	5641	2299
6874	796	3261	4405	8582	9240
3717	3757	7101	6685	9037	7694	9251	8240	6258	9730	9444	10760	10639	10497	10201	10637	10798	5783	7017	11131	11130	11132	5834	11232	11378	10169	10247	11379	11029	1747	6845	4967	748
5858	5837	3368	3403	7203
5266	9744	9974	9702	5978
5160	6287	2769	6300	9214	5641
4921	106	7	40	287	3589	4724	4725	4730	3266	2730	4252	2132	1825	1624	353	8384	5932	5307	6813	11518
227	4029	11146	5147	5551
6295	8167	3646	6171	8270	10592
297	8755	4032	5851	4151	5413	8736
5828	5290	4325	3664	1258	2048
4301	10193	11584	833
2754	6203	2519	4832	7267
3353	3589	4766	3456	1624
4906	2025	10151	118
1922	181	222	6927	7383	6610	6543	6616
5503	8181	6969	8418	4032	4459	1851	7512	7948	217	401	6724	8842	10228
3048	8485	2390	8036	1454	4600	3276	4023	4240	4674	8009	3621	5978	2728	5894	813	4177	9259	142	9941
3751	4724	4725	4730	5226	5395	5393	6077	9179	11041	11583	11736
1522	9605	1495	7572	8861	1960	7158	6731	7022	7889	5543	11516	5217	6528	2776	6444	6438	6446	7920	7892	4032
3025	11307	10793	10911	10912	10913	10914	10915	10916	10917	10919	11527	11526	11528	11530	11531	11399	11521	11523	11525	11481	11539	11041	11543	11544	11581	11582	1827
5157	4702	6484	8449	8189	9490	10371	10182	11530	11041	11640	11702	4280	11775
3729	10917	10912	10915	11521	5635	11255	11526	11527	11530	11194	11528	11531	11539	11544	11550	11481	11543	11582	10431	11041	11581	7344	11740	11741	11501	11739	11772	10520	11774	11769	11771
1334	6403	4205	792	2401	5002
5391	540	879	6191	6419
4653	52	6017	7617	8217	8218	8219	8222
6401	3398	3589	3517	5229	5226	7864	8510
2241	5879	6799	7883	10798	5880	5887	8198	5834	10567	11232	4025	5822	9540	11568	11329	11581	11576	11582	5825	8104	11254	11632	770	11675
75	1466	6957	2751	478
2252	2139	1591	3624	2231	8042	2760	7588	7589	7591	6361	2286	1579	1578	5564	8372
1930	1327	3878	7764	1322	1323	1331	1332	4028	4033	1328	6723	8437
3390	4371	2311	9741	5318	7340	8433	9534	8482
6564	1481	1494	7622	3539	7587	1957
3760	5000	10358	574	1359	2686	9706	10259	6443	1344	11042	9156	5820	7183
5643	892	10102	523	8325	9954	11646	10966	4855
4615	7555	4895	3590	6195	1631	3985
747	4723	38	239	505	645	2674	5494	6588	7006	7063	170	570	2541	2907	11167
6638	2365	2366	2522	2431	2510
6356	1697	1692	1845	4337	4294	1518	905
5063	4116	4687	4721	4723	6597
4718	1211	2281	4461	6531	1919	1001	1818	4794	6468	2073	3356	3584	3686	6588	8078	9150	9519	6503
5402	9559	4855	10884
1242	4553	9955	10806
7005	1849	2284	1668	4209	4400	1443	3161	2050	2052	2362	3392	4238	4541
1452	4264	7060	8573	9584	3513	4808	11293	5384	6096
5431	8572	8207	9285	9100	9947	6063	9444	10298	10201	9690	10798	8293	6731	10567	10969	11399	11530	11531	11255	11606	5692	6270	741	6864	11439	10616
249	9063	11154	1213	5631	7361	11278
7141	3639	4694	1228	4878	5958	5932	6317	5960	8289	8757	8373	9621	2512	5770	4138	4151	7534	8858	7442	10759	2319	6601	5954	9038	9153	8677
6090	952	5228	6344	1624	7060	8131	8132	7036	9034	9033	8728
1276	4426	956
3685	1625	6336	4035	5090	6337	3999
2207	8131	8382	7602	8978	8977	1398	2011	5543	6807	3950	3952	7798	2923
5983	3951	6746
3723	6902	792	2520	5806	9191	6536
4799	2311	3621	3195	5788	1868
6669	3375	1578	1601	3423	3485	10127	9745	3551	4553	6928	3230
312	11133	9569	1196	1218
597	4933	4923	5229	5226	5230	1249	5393	1624	8254	8250	8251	8253	8197	8763	10236
5215	1592	3515	8199	6363	9064	9254	9857	10014	5834
5042	3166	10313	10418	8220	3243	4426	412	6443	10152
482	6343	1624	8132	8382	9100	9947	8385	8415
1526	859	945	1330	2687	5198
5878	2949	2982	2984	7598	8044
2288	4923	5391	5611	5709	6077	6483	1904	8254	9054	8604	9037	9100	9730	9857	9700	6258	738	11232	11329	11582	2573	11601	11690	10615	11689
801	6565	6363	8728	6258	9922	10277
2453	5452	7115	8818
6975	1479	5933	6625	8955	10368	8616
6708	3909	7627	4488	8977	3304
6087	704	721	852	705	726	2805	729	1728	7984	8931	5058	9040	6145
1498	4389	1875	5579	1481	2326
1959	4768	4188	9302	749	270	5146	6814	8846	10425	236	5339	6549	6907	7836	8064	9802	9990	10141	10198	11146	6957	4966	9261	10690
3979	2953	2991	2992	2996
2244	892	7980	7988	9507	9508
5479	130	5226	5016	876	6486	7060	8417	8250	7585	9100	1228	8886	3422	10169	6096	11606	9366	3893	11632
1419	1479	4604	4170	2461	2040	2511	2432	5933	5516	7682	4596	5815	7557
4080	4242	2465	2545	823	4289	1475	7331	8990
2713	3278	4018	5814	8856
2166	3243	1635	3442	1638
4856	843	2444	10507	4666	4746	130	762
5748	7049	4532	433	5977	9745	9100	3261	10287	5783	9690	10798	7017	10260	10209	10254	11264	11232	11613	11606	7365	10626	11709
4549	5277	10278	6258	10236	6774	10976	5304	3658	5834	10169	11232	11378	11379	11255	6096	11254	5788	6438
4793	10175	5933	9442
1834	9260	9584	8208	9922	9947	6258	7694	9444	10371	9733	7369	10287	9446	10976	9690	10798	9386	11485	2022	6096	877	5788	11156	11635
6245	6613	6771	10175
6824	292	291	8943
833	8254	8253	8778	896	11528	11531
2080	8415	7684	5369
1751	830	4823	1766	9195	5420
6095	1136	3866	4795	5579
532	5276	4166	5299	752	3261	4542	8183	1094	4387
1209	1273	8860	4893	9138
5964	4694	574	1055	1477	8323
5101	4033	2282	7020	8860
4448	4389	2094	5149	3349	10369	10418	5940	1957	4949
902	1413	2078	2715	7481	3999
6614	2256	3036	4666	4664	2001	4004
3335	9974	5662	10626	10313
4241	1059	811	2399	6680	6484	7060	8131	8132	8415	2416	8779	9037	3164	9033	8728	9010	9100	9700	3658	10902	10014	10182	11308	10794	11564
7085	4108	3398	3376	3589	4724	6248	4702	3506	4730	4558	3457	1457	5229	1464	5399	6344	1624	7060	8132	7541	8199	7514	8573	9285	9853	6258	9733	11290	11550	2573
6264	1408	585	1406	6084	3173	3444	1240	9701	657	421	11219	9474
3604	1020	2491	1893	8944	1784	11590	5350	4325
5863	883	976	1016	1159	4202	3831	7304	9322	5146	4250
3904	4347	4923	5228	5391	5395	873	877	6044	2085	1624	6363	8132	8415	9054	9490	9852	7694	11521
4880	872	7898	6947
2766	10289	9690	9760	11746	10798	11185	6730	1457	11098	6802	4126	399	9806	8255	10755	11487	10626	11566	185	804	5412	6245
6910	5230	3515	7101	7796	8417	8778	8408	9260	8572	8208	7683	9100	9775	7694	6258
3736	4724	2373	3672
1935	568	1054	7676	11370	9143
6327	4223	1271	5934	7491	1038	11625	6826
6459	7830	9109
3708	3676	5829	7551	1147	10121	5972
6249	1984	3801	2024	2965	5009	5526	4032	3661
1901	4592	7514	9260	8207	9285	9659	9858	9855	9772	9519	10234	10236	9733
2085	2736	3949	4150	5897	4134	898
3352	1268	2269	1879	1880	3479	4317	4319	8499	11399	6446	3589
2498	8251	8779	8679	8408	8736	8728	8189	9010	9100	9859	9855	9852	6258	9730	10234	9444
6843	5103	8682	5402	9568	11161	11398	6009	8861	5	1258	2162
5288	1901	3011	6226	460
5339	3398	3589	4933	1296	5393	5494	6484	6258	4459	6635	7683	9279	8242	9947	9730	8270	10262	11497
3267	11098	11196	9747	11232	11378	11379	10915	10917	10914	11521	11522	11526	11531	11530	11527	5635	11255	11529	11524	11581	11543	11582	11578	11254
2475	4888	5269	11016	7476	8588
382	1769	10626	8608	912
3509	3792	7282	4091	10103
827	7546	1280	2398	2513
4498	2290	8595	9486	11108	1833	11117	3644
5409	7203	2359	7859	5334	2235	6303
4253	3456	2118	4933	4459	4314	11536
3618	392	4724	5980	584
629	4260	5016	8132	8510
2137	1457	1464	5391	5393	6363	8264	11098	11196	11232	11379
3011	1624	8383	7797	10449
3574	8487	6618	6113	5439	4113	7323	9569	10229	5416	2560	6688	8931	6784	7415
6904	6678	9508	2855	5717	6781	7306	11026	807	7019
3949	7090	7774	9706	7816
4547	1581	4395	3362	10262	5309	9571	8377	284
2830	553	847	1498	1479	3095	848	1120	1569	2048	1940	6004	2504	3702	8198	2201	5804	7218	7220	7230	9110	7225	452	6603	9929	909	3428
6106	6484	8189	6258
3935	10738	9507	321	1638	2776	5064	5067	7566	8288	8318	10838	11231
5498	5611	5709	6484	7035	7060	8132	8131	8254	8417	8251	7514	9037	8407	8408	9785	3166	9659	9519	10497	6774	11130	10638	10271
5981	3323	8131	8253	8408	8409	8407	7585	7683	7694	9947	6258	9444	10201	11568
6034	2841	5555	7658	3901
1232	226	540	746	1326	8253	8778	7684	9700	10014	10288	7764	6364	10793
5717	8251	2956	8763	8669	2534	7442	10271	9612
4124	1073	1957	2443	407	11568
6413	1360	5406	6428	1531	3526	7860	2603	9735	10633	2050	3438	7270	2204	9399	11076	3120	6290	3909	3785	10115	11218	802	6258	6879	7613	8391	10114	11682	1258	4151	7050	2902	6647	10626	11399
1065	3930	878	3667	3711
282	572	892
6578	2447	3063	792	8605
6304	3382	4212	6364
885	5978	72	5549	9109	9507	9745
6732	5494	5454	9725	10035	1777
5162	6957	1481	9222
2063	1624	8169	8251	8254	8407	8197	9490	10236	10760
5079	613	8252	720	2982	3851
3246	9744	5976	9745	5896
832	8789	7971	3527	1905	7547
5579	2129	3494	6880	5764
1902	1466	4446	7779	9785	2085	1322	4028	1323	7629	10955
6222	1474	1845	2208	35	2579	2207	1554	2811	4294	1557	2206	2660	4626	1348	6190	3347	4019	6240	9715	6072	6754	2020	3987	2217
625	110	5331	109	5136	3985
2783	1896	4291	2035	4350	4255	8449	3164	9700
964	5199	133	2304	5340	2025	8417	8778	8407	6114	9603
5985	9507	10779
59	5978	892	10418	41
3356	2939	3242	10852
5204	1457	5016	5230	771	3792	6484	6363	1543	9100
1365	4531	4854	6246	7865	8237	9956	892	4856	7988	5978
6896	4969	6190	2942	7723
6779	1624	5400	5404	6482	6488	7101	8132	6363	8417	8415	8254	8253	8382	8679	9033	8763	8728	8208	9444	6774	11481
6077	4923	1457	1464	8199	10236	11196	9154	11544	9735	10711	1825
5135	165	3733	5337	10209	6286	9596	11705
1304	1860	9632	1011	896	974
5914	7105	2200	2059	5003
4484	1633	2018	3748	9392	5571
6639	3991	3145	3992	4007
2468	3799	4205
306	441	1595	1616
3761	5760	7060	7864	8250	8779	7585	9947	9444
557	2610	2611	6784	4978	8955
2958	5412	6498	1310	7876	8397
895	2562	8848	1079	2525	7622	10908
6439	3398	3589	3456	3457	5226	5393	6486	6488	7060	7616	8199	8254	6363	8385	8779	9037	9260	9663	6258	11523	11529	2573
299	834	4035	4982	978	2366	2461	7443
4575	5228	5230	5391	6077	8680	8602	8407	9490	10371	10969	4104
4737	4923	1464	5016	6680	6485	3637	7060
6349	5872	1625	9508	4250	7726	8736	2759	9050	1475	2595	4619	1680
5963	7060	8679	9033	9037	8728	4086	9852	7694	8249	7659	7018	8293
321	1046	2810	3454	872
1163	8778	9054	9705	9853	9857	10794
183	8417	226	540	6419	8779	8599	9260	1543	8189	9183	10169	10189	7442	10271	9690
6511	5226	1464	5016	5391	5105	1624	8131	8254	8449	8250	8251	8679	3164	8197	9037	9340	8208	7684	6860	10144	7629	9444	9519	8787	11131	11135	10917	5224	11578	2789
4485	4763	6822	1860	9893	8915	4232
1233	5945	9739	1684
668	2373	5716	6527	11046
5504	3015	7819	8044
2724	811	3167	583	870	3876	3472	10790	6800	8769	8746	398	3062	3730	5217	5525	6032	8768	6063	6820	8085
3314	1583	3166	1886
4657	5228	6484	6483	3164	9856	9733	10182	11185
25	4062	7764	4727	7833	3355	3528	8783	6651	4724	6116	6646	6649	4723	6650	8531	9832	5457	9150	9845
3608	5121	1189	1192	5407	4124
3429	7510	8675	1177	5369	8529	8147	1126	444	11228	1912	2698	10609	4937	3015	11584	3014	3243	6724	2106	8823	5903
873	3585	11013
1641	3268	2047	2102	2860	1709	974	1389	1852	4104	934	4449	1077	5417	1510	1092	4922	6081	10381	4398	6858	1834	7354
7006	540	9539	4091	7056
3943	1049	2401	6102	8059	4091	6103
2817	7670	2121	10402	11369	10498	9389	10639	11568	11587	3161
6210	6467	10906	11714	6512	1684	592	3551	7241	8276	896	3368	3541	9037	9364	9378	9692	11179	11195	7564
5138	93	176	3454	1792	5181	4218	1069	3368	4253	5681
1415	4593	7699	3351	9523	10959
1831	7938	10824	7677
6591	3164	7514	896	8407	8763	9340	9775	9922	5291	10236	10760	5783	11185	10289	11550	6096	11487	11516
4365	873	3987	4058
6261	3376	3589	4724	6248	4730	4923	8728	1543	8189
3803	5363	5373	6796	6931	9781	9782	10091	4069	3930	7794	7135	6831	3380	6830
912	755	4924	9741	7933	1855	6120	7028	1829	459	3596
6319	8415	9037	8679	10759	10637	3658	11135	11736
2337	2117	3323	6553	6363	11526	11527	11524
4511	8236	8895	1091	1790
4421	2579	2973	6443
5809	9156	2660	7059	3999	3602	5109	5976	6516	8800	9508	11481
2139	2648	8254	8649	8251	8680	9037	8384	1543	8208	6745	10169	9854	10976	10449	11185	11523	11540	11739
1885	6410	10169	10247	11378	11379	11030	11031	11483	10912	10913	10914	10916	10917	10918	10919	8681	10600	10797	11307	11308	11448	11255	11528	5635	11529	11530	11399	11527	11543	11329	11581	11582
5111	10403	9508	10492	9860
5637	337	3166	6826
4707	2550	4411	4250	6043	7295	6646	6190	9441
1367	9174	8598	6258	5307	10638	11280	7575	7386	11375	6864	10615	11709
324	1647	1700	4170	4448
1373	4367	2048	5515	2297	9453
1832	2650	7570	9507
2825	2447	7123	2427	2428	10409	1258	6185
56	9947	9730	9444	10497	10201	10637	10774	10618	10976	8293	8787	7018	9318	5834	8596	10247	11399	7354	11581	11601	2573	10626	11744	5788	770
1502	3589	5391	10288	11485	11497	11439
1624	335	6363	8415	8102	8736	9637	10902
3995	3679	7256	7254	219	1357	4982	1649	2294	6487	4564	1644	1642
3382	8211	9922	10169	9947	6258	10596	10603	5304	9690	3658	10271	9319	11316	11307	10911	10916	10918	10914	11529	11530	11531	11528	11526	11255	11568	5635	11527	11329	11539	2609	11663	11664	11688
6357	2297	5823	6258	6674	6676
5687	11351	6963	5271	4230	7631	912	4409	7726
887	3454	4238	5162	1428	5602	9117	9148	9198	8354	3198	9558	9109	2781	6693	9114	2939	9517	11534	11266	7878
484	4702	4724	4730	4923	6344	7541	8169	9037	1543	9011	9279	9947	9700	9776	10326	11117	11185	11232	825	7551	11558
6524	3078	3742	5410	5470	7231	8466	2090	2636	2645	2654	2698	3730	5087	5090	5512	5513	5750	5751	11020	355	1908	4601	5543	8136	8310	2756	7632	7907
4396	11194	11255	11522	11524	11528	10913	11578	11635	10647	9740	10294
2821	522	4855
2369	9109	7744	9547	4207	4095	9415	9744
3651	7605	8419	11698	3703	5220
6598	3673	4977	3786	4138
1653	558	7165	7743	130
6878	1663	1979	2199	4032	4157	4770
1729	8415	9034	8598	9037	9260	3164	7585	8207	8208	9785	7694	9730	9776	10371	9712	10236	978	5834	10169	11281
5039	604	609	1974	4724	7046	876	1000	8088	4035	9508	3987	8755	3230	3223	3232	3235	3237	3441	3821
213	5217	7930	10794	7366
2007	3096	835	1624	8560	10368	912	8036
673	7514	8197	7629	5834
6139	8763	9010	9584	10236	10201	10014	5783	11132	11135
3020	7060	9659	9859	9603	3666	7018	8293
3843	1624	297	7541	8132	8251	8778	8407	9037	10169	9947	3375	9444	6774	10271	10288	11232	825	11399	11632	4280	11689	11739	6445
2921	1984	5184	6138	8562	2016	4290	5736	4288	6230
3735	3398	3589	5016	8808	4042
3779	150	3539	3810	4592	5432
5442	7298	10754	9913	1503	1847	8220
1575	844	1563	3323	3884	3456	4933	8254	9033
315	11223	9162	1054	5432	7726	7858	8675	5862
1995	1653	4035	5869	1636	9745
5105	4813	1624	1886	6488	7060	6665	8778	10287	10976	10289	11018
2702	4035	4040	6738	3967	6739	192	6136	5704	3159	3680
3824	5470	9864	2747
6410	8837	2788	5361	5759	2782
4990	8203	6529	7780	3509	4351	5813	5958	9991	2675	3214
4727	9137	5369	7234
898	6187	6211	447	4722	6212
6597	3999	7974	9957	10501
5337	1810	1287	6711	868	1279
3850	3564	1207	9336
440	9949	8694	2282	4120	6974	1686	4121
6838	4929	4951	5581	4555	412	1722	5706
1660	8418	2281	8889	8919	1052	8766	9490	8070
875	10797	10915	11448	10918	10794	10913	10914	10916	11524	11525	11521	11522	11523	11526	11527	11528	11568	11503	6238	11632	5788	11515	10647	11794	11777	11774	11769
6660	6824	998	6845
702	392	3456	3884	4923	1464
4374	8536	898	3415	9966	10805	1219
757	1442	2085	3735	5481	412	4734	5521	1554	8824	6888	8397	2384	8184	6724	166
7049	4125	4035	4048	4386	7355	4146	6972
6236	9606	1084	7273	2207	5770
3242	9664	7683	2759	5947	9659	7694	8044	5291	8333	8128	5354	8136	2231	130	2085	2198	8461	9045	5304	4899	8183	10794	2606
2150	2725	6555	6563	7455	9843
4791	8367	9825	4635	7265	446	5789	8265	3690	11524
3964	8755	9508	10423	9860
3682	1636	5147	892	2195	9036	1672	1990	873	2697	8844	8897	8424	10400	10771
4112	5860	9029	9031	165	11264
1884	10314	4042	7862	5976	8487	11084	11802
1680	10978	2146	196	10675
2177	5039	3351	9803	5116
308	5124	5792	6185	3677	1674	10536	5442	1810
4245	3532	7563	7295	4272	2632
5322	38	5664	6287
7034	5230	6344	1624	6363	9037	9100	10169
2501	6340	3207	242	6636	2192	6694	3014	5369	7055	8674	8929	126	3069	3333	6912	2131	6304	7838	3417
40	10786	11420	11536
437	2858	10643	8418	3214	7198
3597	5229	5016	6363	7036	8679
2324	5226	5016	5230	5807	8415	8510
2558	6957	9534	298	3250
1580	6342	6247	7289	11172	4281
3419	845	4779	4131	5390	1624
4249	8417	9037	2858	8728	7694	9100	9659	6258	9857	994	10236	10639	10955	5834	11399	11486
6497	9913	2085	4560	5217	10251
1122	8417	8382	9037	8679	9260	9010	9947	9922	9100	7694	5307	9444	10637	10639	9318	10014	10497	10798	11098	6364	11135	739	11578	6864	6270	11702	11375	11650	11720	11735
5510	3840	5514	9865	10633	10634	11117
1826	1960	3666	4995	7768	1261	7627	8525	10001	3514	10946	9736	805	3672	10004	9444	9438	2555	31
1142	3000	3387	4091	9490
266	8169	7071	8250	8385	8604	7684	7683	10113	10798	8129	11580	11497
6543	8415	9037	8407	8408	9100	10169	9854	9855	9518	8292	8293	7020	7021	6731	5781	7111	11302	11291	11601	11600	11564	11565	11566	11567	11771
6064	1079	1646	2280	5727
3586	9507	10024	10935
2365	1624	7541	8131	8254	8449	8251	8407	8408	4011	4046	5060	7983	8409	8189	9664	7683	6258	9282	4151	10903	11529	11485	11583	11523	11606	11484
5380	3932	5595	8763	7248
5906	4724	5725	1624	8417	8415	9037	1017	4035	9730	11359	9863	1261	10016	1348	8391	10215
1696	3589	8449	9278	9183	4748	8207	8510	10234	3658	6096	11606	11156	1624
4829	4724	6248	4730	3932	1624	1619
1286	3189	2378	3187	3794
4757	6693	2767	1111	5579	3534
5919	1457	3592	8169	8408	8407	9773	10287	6258	11399
4613	5390	6077	6488	6484	7060	9776	10236
5384	4144	6062	7091	9111	7323	9799
790	3466	3376	4724	4558	4923	1457	5016	5229	5230	3515	1624	8131	8132	8254	8251	8382	7514	8407	9490	10449	3164	11098	11196	7551	11522	11524	11602	11540
1721	5846	6065	112	7913	5491	9195
5528	10039	7295
4397	823	1466	1481	6957	764	7159	6332
968	1457	5226	5229	1249	5395	1624	7060	7541	8199	8449	8407	8189	8573	9280	9281	9856	9604	6258	8596	10287	6731	7988	10823	6364	11291	11606	6096	11484	11600	11439	8800
3901	1291	1293	1481
1394	7865	9955	5178	7559
1907	145	1413	1871	2217	2231	4166
3324	1543	8728	9855	11135	11524	11528	11523	6096	11558	11516
3418	4702	3884	1457	5016	590	989	6004	6680	1624	7060	8199	8132	8417	1410	8736	7684	9637	9700	5389	11288	6096	11600	10616	11709	11735	6445
7026	1067	8771	8894	3876	9844
5394	9945	3536	5783	8861	6680	10798	6754	11264	11002	10169	11030	11029	11378	11379	837	10916	11031	10912	10913	11483	10915	10918	11568	1252
824	1982	2554	3613	5834
6216	3456	7694	6258	9947	9100	9444	10201	11074	10618	10798	5782	5834	11196	11232	11329	6864	11375	738	739	741	7386	9196	11650	6269	11254	7562	11735	10616	11709
680	4205	1723	1724	5346	5098	2520	6863	3166	3898	10634
4382	3336	3987	10132	142	840
6818	8253	8779	8207	9705	9100	6258	9852	9857	9444	6774	6731	7022	10798	11196	10918	11483	10916	11543	11329	11736
1382	2855	4933	1230	1457	5395	6344	7541	8169	8382	8199	8407	8409	7683	9705	7369	11399	11564	11769	11771
3149	8417	8408	10823
5276	3376	3589	4702	4724	4730	7060	8573	9584	7105	7062	9444	6258	9947	10249	10201	5856	6389	10798	5855	10793	3711	9188	9923	10914	1916	6438
3878	1632	2048	2053	4032	10544	3053	6751	11613	11493
1547	8254	4527	7861	10626	10754	10287	9507	10289	10503	11264	837	1624	10691	9745	11307	5147	9490	11237	9849	9746	9974	10368	10418
487	10161	840	4201	4151	5813	10083	10322	10335	6933	9704	10166	11151	8206	9368	3711	8616	11212
3467	1012	8360	8881
2405	8407	7683	9854	6258	9852	9856	8415	9776	10236	10759	7369	10238	6729	5783	11287	11294	11232	11524	11399	11600	11606	11156	10626	11635	11782
2309	6724	8288	7897	561	2070	3326	778	8696	6927	9437	7383
1679	4255	4260	5016	5391	8254	8253	7514	8407	9037	9604	10234
5172	5379	5494	2724	1885	10169
390	5229	3516	8415	8409	3164	8208	6864
5060	3381	3613	6751	8334	9104	10559	8333	5727	6912
1963	7514	8250	8382	8417
64	5178	6887	404	10418	10397	4553	10730	10462	1231	1780	11037
1824	142	1638	5588	5814
1758	1253	6957	8077	4589	3864	6956	8834	5737	5425
2719	4681	7544	5546	6802	8871
1200	7983	7984	1079	2668	3613	8328	6239	2225	6295	6620
5923	6035	10227	5881	6145	7445
5358	3650	3177	4029	6438
6676	3589	8132	8251	10014
5895	9507	3120	6239
3272	5579	7000	2638	6198
4270	892	7164	7570
2374	2531	1313	2014	1681	1650	1860	4084	4982	4984	9342	8900	7708	1766	7781	8616	7658	7179	3166	4416	7557
2604	1052	7661	8251	8253	8382	9444	9730
2986	7452	5933	10980
6913	1325	1330	1310
144	8325	8826	2894	4042
4723	3556	6781	6443
6864	1084	1734	3390	5720	6620	6625	8397	334	2014	2759	3987	5432	7894	8675	9676
2088	2267	1624	5144	2085	2714	4222	4223	9504	3658
1057	1087	1089	2447	7773	9053
4893	6344	1624	3350	7796	8132	8169	8254	8449	8409	8679	9037	9490	6774	10760	7017	5782	10798
2793	3690	6128	1178	2670	2807	7595	7	1876	7472	3201	3550	6620	4467	3950
3691	8736	6804	4860	9010	9340	9109	11333	9279	1790	4086	9700	9947	9772	6258	3752	9581	811	4236	9487	10201	9045	5834	1791	10078	10794	11281	11564	11773
6038	505	4995	4663	10533
2227	5837	1152	1049	3832	5056	3498	9209	8437	1840	3396
6020	3193	4350	5229	5230	5228	8169
5811	2986	6029	6030	1055	9209
169	300	9428	8849	301	664	4218	7372
2548	7487	2808	8673
6600	5732	7233	4948	8456	6080
187	8214	4088	4377	7723
6557	3391	7792	8739	10050	8710	4327
5610	293	463	343	125	524	3649	4897	4898	3646
789	5623	6439	2498	2534	10494	11568	11616
1754	5125	8566	7265	3015	4440	10168	896
1627	1624	7796	9033	9037	8208	9922	9859	10169	9947	9318
2173	2614	4069	1904	3929
7124	3191	207	10096	10848	4900	11049	145	1451	3403	5285	5368
4730	1177	5837	5369
763	638	6321	8326	9828	10893	2781	5886
24	3630	2766	2920	4157	1046	2759	4249	5418	2894	6389	6324	6693
1299	8778	3164	8408	9260	8763	8207	7684	6258	10760	10271	5834	8787	10798	11286	11293	10913	11297	8681	2656
1197	9445	7559	9109	9723	9974	10418	4855	5147	8808
5393	5194	7830	3368	3501
3321	1609	9432	1559	1890	9631	3620	4280	7005	7485	10158
3756	9758	9109	9398	2480
6566	4098	118	3166	6906	1780	2175	2165	9150	11181	802	10216
3182	10840	4937	11181
3664	3999	8325
7077	1230	1231	2036	1825	936	3106	3118	5494	597	2540	4136	1033	1184	9182	736	3107
7000	613	5395	6363	8132	7552	10798	7918
1006	1055	6385	9099	8919	9178	5430	10979	9363	6600
2716	932	1466	8842	1258
4889	1020	9640	1186	1608	5868
711	7362	9168	8606
1203	6550	10369	5977	7570	7985	7988	10368	2542
2768	5029	375	2540	5136	5470	5886	5963	6474	6686	6787	7534	7627	8682	8839	10322	10325	10782
1688	859	2153	5217	6014
7056	4923	1457	5230	5229	1464	5016	5709	7101	8131	8384	8417	8415	8407	8408	8679	8208	9700	6258	9857	10798	11287	11295
5658	4546	5935	3686
2454	8525	5639	4843	5976
4022	1386	4459	900	8208	9377
3594	6344	6282	8449	8779	8409	8408	8249	9705	9859	7694	9947	9852	9730	9444	10236	10639	10823	10976	10798	11132	10449	5783	7017	8293	8787	9690	11130	10567	11131	11766	6438	6449	11772
3777	8949	1258	120	6449	6294	9235
5461	9253	5307	9519	10126	10117	7369	10774	7824	10326	10410	10289	11292	6928	11448	11287	11232	11399	892	11486	11485	11583	11580	11606	7570	2573	11270	11761	10811	11744	11501	11791	9799	10092
3540	4725	4724	1072	1457	5016	1624	6485	8103	8778	9490	3164	7694	9853	9700
754	802	4301	2270	4702	3457	3884	4255	5226	5228	1624	7779	8254	8253	9037	896	3166
4814	1382	597	7907	9507	5136	9519	8120	8502	11237	11493	6083	7627	5631	585	8274	10047	10230	1224	2747	3200	4310	7052	7351	10464	1192	2862	5399	9153	9367	9547	10760	11424
5608	531	804	1295	1636	3721	5167	2648	1180	2265	8417	3589
3286	6703	8653	2300	4035	4104	5500	6625	7861	8736	10289
4836	3928	6377	5244	1558	1899
7115	2377	1639	3988	7541	821	6957	7796	6363	7860	8382	8385	8408	9037
3255	2605	2791	9558	912	2231	8747
5024	1581	5785	8098	8739	8869	3761	3962	4389
2708	226	5248	6420	5417
3623	6258	69	11521	11550
2784	5016	1975	5391	3932	5399	4379	5810	7796	4091
2000	3651	8616	4785	1784	7054	7080	3250	3753	1098
2527	6674	9547	5399	2014	7467	5789	4212	4325	6676	11330	11339	9345	7365	11468	7795	9693	3428	10553	3043	11210	11641	6270	10366	2304	10637
326	3765	4155	8077	2781	9729	11224	8876
6696	2055	2320
1320	626	1335	2016	5078	2298	5382	898	5966	7724	4776
3406	2735	11333	2245	6998	10554	3946	7922	429
6722	1503	4334	6826	7259	1988	2906	9244	889	4121	4150	3120	7191	8381	8203	1394	4633	8376
1665	3999	10743	5644	9888	6146	3015	9109	2872	7525	11264
1642	2637	5685	5699	5700
6396	10639	9733	8767	6125	4635	9446	3368	10414	11055	5304	10798	11185	7018	9319	11130	5782	6730	836	10247	11483	11329	11576	4104	2573	11600
1309	4035	6239	5064	2123	2165
933	8131	7552	3166	10169	9255	11117	11600	11399
5290	4776	4919	2065	4316	6686	2540	806	7359	1237	2880	8515	8514	6156	5892	6224	9903	9588	11530	9850
5866	2856	10662	6831	3375	7557	7892	11183	3155
5546	6326	489
2629	2217	2335	4906	8183
1342	2313	2698	1869	340	2550	8868	9746
5792	5178	10368	10367	10753	11181	1591	8342	10610	2323
5984	4051	4390	5230
3253	1812	5530
6613	5229	6483	9037	9033	8763	9736
1362	3613	6924	8112	3502	6693	10035	7846	1827	7380	8989	9668	11278	11361	10851	11383	3063	7815	9064	9067	10167	1258	2270	8391	6252	3589	5215	7293	8669
2684	4421	3686	3687	10925
198	916	7679	3203	1523
6471	1545	8900	9109	7211
5626	3932	5228	8384	8449	8251	8779	8189	6258	9690	10798	11131	9318	5834	11232	11528	11531	10913	11255	11522	11529	11530	11329	11582	11550	11481	2609	11581	738	9196	11254
5130	1827	3307	396	2612	2461	3096	3101	2366	1363	7345	2521	9179	1347	1610
861	5228	7541	9506	8510	9947
3503	6872	6800	7958	1097	6935	3372	8168	11489	11395	11412	6404	9558	8191	10299	11204	6450	6766	11383	1188	5885	10993	11263	2012	3375	5033	7136
166	6717	8165	1523	7718	1486	4209	883	8480	912	7841	1504	5500	6095	9203	5399	1222	4205	10561
5832	8886	3362	3669	6381
1616	809	807	1953	1579	7250	4394	4598	672	2130	3322	3552	9636
6189	1698	9739	3808	11568
2510	5228	6344	1624	7060	8132	7514	8603
3163	5395	7071	8253	8779	896	8599	8763	8208	9260	6258	9518
3953	9586	1343	6190	6212	6188	6192	8763	9340	3584	5408	9583
2393	3487	9755	4886	63
2511	7294	4250	7677
520	1624	8169	8254	8449	8253	8603	9037	9922	9857	10234
2349	4422	2766	1120
2577	5447	4025	7217	7219	7232	896	5350	5791	4052	392	387	845	10054	9046	7215	7998	7224	7225
2642	2138	3516	3575	5228	3721	6149	2024	4026	5516	1360	3896	4640	9011	7248	7569	9182	9233	5948	5088	11325	4883	1681	5886
4287	2017	7418	7211	5778	6396
3588	7167	2379	6185	3730
2388	2480	681	7344	3505	4855	5370
7031	3217	3398	3465	3466	3589	4725	4730	3164	3166
1676	7060	8199	8579	8577	1549	9037	8208	8207	7694	9947	9444	10236	10290	6269	6864	7386	11375
7007	3208	5146	5666	8371	5649
4294	1991	10646	10672	4378	10095
2727	9109	10369
2922	6515	3589	5352	9691	6995	8431	9109
3734	2899	6846	3954	1054	4148	6826	8073	9648	833	7246	2580	3709
1687	8103	7541	8132	8199	8604	8763	7442	9690
2248	5167	3058	7561	2587	1392	7688	9884	3073	9739	11207	6315
736	6483	9947	9254	9318	6258	10014	6729	7721	10169	11300	11522	11602	11600	11632	11766	11791
5822	11606	11582	5565	11736	4280	11744	11664	11515	11742	5788	6446	11739	11740	11741	11769	11399	11777	11536	11774	770	9734	10520	11816	11771	11776	11778	11811
6477	10369	5136	7010	5724	7002
1297	1311	9453	11090	2447	3244	4939	9662
2536	5351	10543	2766	3220	3638	5122	5759	9850	10537	658	5823	9740	11636
5572	5226	5807	5228	8415	9700
2785	7434	5573	7681	8249	8745	9286	5291	10234	9733	7369	10466	7022	10326	11301	11601	9759	11602	1671	10505	10298	11772	11773
2651	3261	4518	7153	2146	7557	11220	10261
7128	5460	7426	8682
2998	7129	10368	1318
348	1668	4350	1507	4204	1249	4478	1624	872	5810	5573	3382	8131	8132	8254	8604	4289	2418	4300	9286	7629	7684	9776	10798	5834	6096	2573	1044	11601	11600
4779	8813	5494	1770	7147
5295	7865	9790	9791	10956	25	7250	8411	6139
5801	1953	2290	7310	10074
5603	1624	6482	6363	9733	10287	10774	10760	10917	11029	11539
4383	1894	4640	7907	5109	5530	3840	8432	10342	11200
5187	2267	7047	1265	8132	8254	4294	3774	9700	9712	1059	4842	6729	10902	5834	11281	11286	11524
1033	1103	2866	280	11044	1653
4802	3456	5230	5226	5391	8415	7514	9855	9100	9947	10271	11377	11568
4952	3166	6178	5579	9110	9399
5446	5891	157	1070	7556	3752	2576	8734
5688	3459	5365	7928	412	6245
2864	1181	3493	6625	6724	7510
3610	7801	1403	3039	1849	10077	3319	4881
6502	6344	6343	1624	7779	7541	7552	8383	3503	8415	9037	8208	8510	9947	7683	9922	9855	9856	9730	9319	8293	5783	5834	7017	8787	11002	11558	11736
2310	1402	3244
2887	3164	8078	9037	8679	9260	7585	8249	9100	8242	9700	10169	7629	9772	9774	6774	5781	9776	10774	7694	9947	11295	11294	11232	11283	11399	11580	11606	4104	11602	10520
3276	9587	407	8207	8208	7683	7017	5781	10915	11600	4406	5353
5998	6437	7001	10747	1185	2576	3240	3355	1698	9144	5457	11411	3233	5818	10403	10852	6739	7116	7988	5978	1084	1166	4694	6879	7396	9558	9957	10265	10626	5388	8675	8851	9811	598	3034
287	1175	4117	3397	4721	2310	4923	3874
5112	2556	587	873	2520	1339	8986	4584	4596	9558
2655	3613	9350	512	572	8456
1045	7779	9444	9774	6291	9188	2691	10151	2307	8137
5622	10236	5834	10969	11568	11613	11606	10626	11765
2760	1252	6386	4440	4703	5217
6744	1258	1500	8840
3771	6490	1120	9908	2073
2118	7438	10787	5425	6055	8793	3529
3549	5377	9557	3926	6675	806	3453
5947	2205	6540	4360	4361
788	1179	5631	1624	7101	8132	8131	8417	8250	8779	1092	1258	9037	6258	9947	445	9444	10236	10201	9318	3375	10271	5783	5780	5834	11232	11550	11041	11578
1593	10384	3579
2152	1258	2935	3731	7710	10372	859	5217	7824	8003	4560	7555	892
2350	4587	11018	259	4369	2331	2550	5263	10386
3522	4409	4400	822	821	2014	2981	820	981	622
5125	4233	5618	8663	8622	1984	11018	6963	8189	8839	8527	10925	217	4892	5339	5837	8358	6625	10492	10626
2794	6488	7060	123	5834	392
4591	9700	9773	9772	7629	6258	9776	9774	10234	9733	10976	10633	420	10634	11117	10182	11130	10798	11132	5834	11098	2788	36	11232	11300	11194	11308	11307	6096	1827	11511	1825	392	11601	11567	11720	11566	11439	11564	10520	11501
4133	1831	4323	1960	5614	6225
4049	10236	10976	4335	7292	10289	10775	10823	5834	9318	10618	10798	6887	10916	11031	10919	11399	11401	11484	11511	11580	11600	11602	4280	853	2669	2856	9952	11018	11788	9131	9669	11501
4435	3454	5690	3014	5714
4163	1177	7527	856
4579	4933	4923	5611	6344	1624	6482	7060	7541	6363	8131	8449	8417	8604	3164	8677	8728	9340	8102	8573	9604	9519	10114	10014	6258	11295	10811	11496
4755	8199	6658	7864	8254
640	10090	7509	2781	6028	6931	9922	6026	10871	11625	8036	2855	3375
5236	4294	4435	879	1732	1273	1271	2270	3245	5821	6863	5258	3676	5347
5860	3456	1457	1464	6077	6483	8102	4457	8763	9657	7683	9659	8510	9700	9775	10371	2781	11290	11002	11280
4110	11196	11098	11316	10169	11030	11232	11002	10247	11307	11308	11483	10797	10911	10912	10914	10917	10913	10915	10916	10918	1481	11329	11576	11582	741	6864	11578	7435	11399	9043	11246	10616	11709	11735	10113	5788	11740	11741	11772	1827
2163	825	794	9151
1075	792	2953	6423	5459
4266	4298	4609	1984	3976
2057	4280	4619	588	886	1681	2192	3120	3963	4488	180	3808	2073	4658	4661	4757	936	4692	3063	3628	3678	3917	5276	3102	3104	3107	3721	4122
946	3376	3506	5226	5016	6484	3164	9700	9776
4145	4702	8103	7796	8409	8510
5016	4291	840	4301	1904	1256	4933	4923	5493	6344	1624	2936	5717	6683	6751	6699	8254	8251	9034	9037	8211	9260	9280	6258	10234	11074	8767	10271	9747	11399	11486	6096
476	3916	6545	7642	3949	7599	7833	2056	5626	7604	7634	6601	6715	2317	10007	2770	3137	5723	7256	2542	2819	11396	584	2807	7641	5085	7021	8942	696	5516	7461	11369	9570	590	6718	7645	6809	2736	3637	4811
534	9745	10287	10368	10730	10753	5976	8112	9507
5937	505	4699	2984	4678	3139	4163	7214	6218	1481
2481	5418	5727	2462	5721	5047	8825	6838	7088	7649	792	1906	4901	6395	7031	7453	5837	8437	8258	2477	6751	3110	6859	3493	5838	8837	4032	6029	5814	8475	7622	4505	6378	8829	621	7509	10704	1106
2299	3457	1464	6258	7132	10902	7683	11232	11299
1714	3987	5730	11353	10517
980	10918	10911	11194	11399	11522	11526	11530	11524	11525	11527	11255	5635	11528	11531	11529	11521	11543	11550	11582	11579	2609	11613	11578	10626	11702	9375	8355	9326	10357	10430	9733	9735	11401	11494	2786	3214	11684	11769
3351	1230	3395	3129	6077	3248	5999	5065	6203	6680	1624	8254	8132	9490	7694	8211	9637	11613	6449
3828	5226	5230	5016	5391	5403	5611	5709	1624	7796	8253	8778	8779	896	9260	9857	1543	8680	10236	7369	10014	7721
338	2470	9151	3960	9175	2863	4460	5346	5451
4606	8345	2901	5131	9606	176	2061	8276	7897	9739	10719	4098
1840	7514	9773	7317	7321	10798	5782
6858	7354	9725	9744	9974	10302	10368	10958
4956	8415	3164	8716	9700	8300	10774	11131
4841	3599	3590	572	1475	10505	1979	3613	4238	1638	3987	3828
2232	5016	6077	8900	9490	9659	9286	10169	6507	9774	8738	10229	9243	8681	9107
4711	3193	3457	3884	4350	4255	3516	3515	6017	6018	6077	9064	8208	9490	7060	10238	10288	9154
2843	6187	9109	1069	8721
1644	5324	9554
6883	4253	2948	2984	173	7928	6937	7485	723	726	705	6198	10393	11275
4286	778	948	6239	7981	1860	1865	11399
2472	4032	5182	7892	8739	11574	10411
2295	7585	8208	7684	9100	10169	9518	10234	10117	10236	10618	11185	11285	11298	11602	11254
6848	2158	9370	11691
4702	2405	2840	4157	4594	5164	2374	4912	9770	10153	10921	11018	1180	8587	1179	2018	4375	6615	9404	9754	3973	4846	1296	7384	2953	8559	2472	9547
3951	1624	4794	7060	7796	8449	8250	8603	4459	4209	9857	4439	9772	10116	4512	8293	11132	11130	10567	10739	10647	11474	11481	6096	11516
2363	349	811	8865	291	8832	8863
1904	2153	1760	2942	4251	6857	562
508	859	821	5217
2997	6483	8131	8132	8417	8251	8603	9010	7629	9603	6258	11131	10449	6730	10169	11296	11774	11136	11773	10520
3195	2213	6326	5940	4019	5632	3559	3635	868	973	7842
3591	3344	6409	6417	7735
3500	5717	7897	3810	3812	7900
1595	3117	6722	720	9453	1421	2482	5959
1293	129	5949	5660	5130	6751	11311	3787	6499	10356
6956	10760	3613	10658	3482	8007	8391	5865	9532	64	1569	7052
1248	461	460	8183	9498	9379	8747	5271	7734	8533	8535
4949	1047	4782	6497	4426
6054	4039	4042	6712	7980	9109
6173	3613	5387	9246	10755	2087	2276	9537	4412
4117	6143	3206	5006	5613	9799	10425	911	4932	9288
6745	3310	1368	3624	1343	1347	1360
4330	8408	9490	9109	7721	11462	4104	11558	11490	11156	11782	11399	11819
3095	2049	2537	6928	8029	8632	8910	9005	5516
4989	8407	8408	8763	8249	9859	9922	2257	7210
252	3243	6737	8629	11049	6152	7078
3024	667	7836	7837	1712
459	8417	1962	8189	7711	7720	9858
3823	1849	7338	8616
4033	2838	2655	10691	8755	3999	4032	9759	7984
5359	2024	1345	1632	5152	8802	3937	3743	3744	3749
2257	3697	107	7453	3000
5378	1495	1849	3323	1479	4260	1085	901	4923	5226	5229	5016	3516	3932	5395	5709	2965	2956	8976
276	5445	149	7472	5191	5891	197	5773
5237	2162	4396	3375	4626	6222	10201	3882	10955	9243	9750	3155	967	7738	10769	2014	4694	11663	11632	11664	4126
4168	3397	3376	3589	4724	4702	3506	4255	4923	5228	5016	5229	5391	6018	6344	1624	7864	3164	9174	9067	9037	8207	9775	7629	11295
6783	10094	6222	7257	11546	11177
907	5016	3515	6485	6484	6488	9010	5834
4146	5395	5393	6017	6077	1624	6488	7060	7541	8382	8779	9064	8408	8407	9260	7683	9705	8211	9659	9285	7694	9100	9858	9947	6258	9519	10823	10618	6731	9319	10798	9154	11515	11771
3178	1457	1464	5016	572	7213	6774
3164	5869	402	1979	5017	5189	2985
6866	7617	9858	10760	3658	9243	5834	7721	8681	9612
3251	10490	11382	8158	9949	3314	5261	5659	912	224	2374	8895	7621	6093	245	4912	11181	11159
4614	6774	1421	670	1869	7896	9463
2390	4794	2199	5178	5339	8365	7478	1548	10536	7833	434
7135	1877	3957	95	3578	6224	6344	4296	4293	6135	8449	6247	9712	7369	10976	8392	11496
4359	3693	3942	10664	10454	7764	243	2912	5814	7277
1069	9470	7976	9726	3999	9799
1756	9109	8060
6155	969	5904	814	7945	4425
1607	3586	9391
1322	4151	4969	2334	3588	4381	7354	9485	9745
2228	322	990	989	988	1017	130	497	984	979	1008	999	1000	972	11074
4708	1849	4944	5369	3223
478	10289	10288	10798	5834	11098	11290	11232	11031	11029	11378	11030	11308	10797	2573	11601	11254	5788	11564
1943	5430	5932	1006	5205	1543	7248	5307	6258
4041	7116	6378	9030	10515	7319	7781
4861	195	5753	7764	9474
2566	5777	7541	9100	9855	9854	6258	10236	10201	9733	8767	9446	10618	10798	10271	11378
1058	118	4752	4969
6692	1981	2073	4465	1624	4500	6363	8131	7071	8415	8449	7036	8382	8778	9037	8407	9490	1543	9010	9853	9852	9856	9857	9519	9444	10117	8767	9733	10271	10798	10326	10449	11185	11098	5781	11307	11523	5635	2573	11490	11564	6446
6793	5230	5977	219	9746	9974	4633	9518	10626	10114	9733	10730	6774	10289	10729	6184	11232	11487	11606	11156	11518	11768	10321	11635
3827	2983	2992	7170	11346	4361	5711	9610	10213	10591	10571
553	7060	7541	8131	8415	8417	8679	9037	7585	9853	6258	10169	9659	9518	9011	7745	10638	11130	9650	11580	11606	11270	11399	11702	4280	11739	11819
251	3063	4724	4730	1464	5016	5390	4625	8254	8449	8251	8415	3821	3239	5459
4717	873	1327	1330	6012	9892	1895	7710	9250	3540	11566
5344	3291	4324	7245	9693
6572	6186	2294	6057	3096	5439	4985	10127	5442	5852	6107	9166	5046
4905	6133	859	4484
5044	5369	7676	10846	7367	11023	8897	10104	6102
7014	1896	11333	10440
424	249	1985	1108	2468	3453	6167	6464	6959	3798	9136	3729	954	2166	4238	2199	4181	5565	9135	936	7639	2358	2394
2031	5260	6957	69	4872	2823	6767	7714	7718	7720	8615	2763
2767	5228	5016	8415	9852	10201	10798
1288	3456	3884	4347	5228	5016	3515	3592
4794	8251	8417	9854	9876	55	10014	10618	6730	9319	7369	2276	9039	11185	9243	11002	11523	11527	3840	4280	6449	11766	11767
5324	8064	401	9438	1202	4404
3778	7796	896	8408	1967	8409	8763	3613	365	7174	9100
4039	1896	4736
381	9458	332	9666	7712	9193
4200	1636	2643	2653
6460	6977	2447	8606	6631	6291
3397	1144	2309	2738	3480	4516	5261	6724	7415	8911	9293
203	2996	3021	8751	2905	9125	3442
4722	811	1624	2435	1700	6013	2467	2017	2031	5237	6014	1330	9067	3951	2345	1825	11564	11701
4662	2231	1473	3373	10273	3222
5656	4319	7202	8917	1261	7700	2280	7836	2438	5295	9692	9834	5189
1316	4394	3132	4877	3911	8098	6757	10227
2495	38	1665	2408	6790	7735	10772	1101	6625	7649	9960	10968	5895	455	1628
493	8207	9100	9730	9444	10637
2452	6739	9744
5370	4347	5226	3515	5390	6344	1624	8132	9033	9034	9705	9858	9852	2573	11540
3118	6226	6592	3613	6021	69
918	856	1579	2369	5769	1732	2776
6144	9109	11052	4516	4560
1268	4286	1577	6185	3677	1175
2961	3151	5616	6551	2512	2509	4948	6634	3670	2516	2522	5136	5580	3691	7720	7569	6791	6456	8684	6442	5583	1343	7802
3533	2496	2516	7501
914	6239	7795	9701	11568	809	9903	10626
5734	8254	9855	9700	6258	10760	10014	10798	11098	11528	11529	11524	11484	11606	5933	11698	11736	11739	11741
32	3166	3485	3552	3592	4352	4422	7083	7129	7984	8605	9490	10056
5806	1624	7796	7101	8415	8417	8778	896	7514	9037	9490	8679	8208	10169	11544
5085	1829	10052	365	10056	2495	9929	5883	10418	10367
1110	3272	7489	1955
6382	1169	5417	8931	6613	6646
6709	561	2231	8136	9625
6350	4197	1299	883	1312	1457	5226	1464	5229	5230	5395	8209	5819	1895	10760	2739	11550	1316	7557
7087	3934	6800	11040	4372	5118	8833	1151	4512	4922	8895	2387	769	3311	4771	5242	3225	7939	8909	8027	1586	6856	2437	3236	4448	9951	768	5243	2278
890	7860	8102	8604	9067	9037	8510	10626	4553
300	7101	7102	7060	8131	8417	7514	8408	8763	1543	10955	10976	10014	11185	6410
1034	896	3077	1464	1624	7060	7035	8253	7684	9183	6258	6680	9853	9676	9690	10798	9243	836	10797	11308	1093	8831
4455	3376	3589	4725	3193	3506	5226	9859	9774	11297	11399	11543	11550	11606	11782	5788
442	1265	1087	1585	5942	5951	10846	4369	7136	10133	3613	8435
5014	596	7349	7782
4548	1301	2048	1481	8458	9746	1484
2209	483	3886	11813	805
1144	4367	1974	4845
6043	2226	2948	2956	5429
4912	1153	4197	2452	3149	7663	9655	2007
585	806	3987	11075
5803	5777	2828	2192	1020	1500	10261	2625	7315	10782	1823	3728	11093	9932	10259	10324	10553	11309	9949	10751	69	6638	365	1632	3422	2018	417	8795	11520
200	1624	8415	1526	7514	2780
1224	3323	7855	10567	6917	8187
3442	9912	2921
4605	185	4993	5859	5860	5861
1053	2821	10016	3562	5516	8625
6088	9855	9100	10289	11329	11539	11543	11487	11254	11690	11540	11567	11664	11782
47	1578	4173	8073	9154	5435
4920	3457	4350	1624	9871
5076	6311	4584	10314	6522	7862	10369
147	5830	1661	4225	11256	1274	9207
1331	792	2447	4426	4982	7146	576	3308	4280	1773	2183
2148	11568	11778
5068	6482	8382	7514	8778
3525	142	781	1258	2384	2691	4280	4337	4338	4844	6026	9507	2689	3159	9109
1470	2216	5662	2245	2858
2518	10141	8459	10915	9735	6300	1156	9734
1587	2860	8322	8350	9989	10370	11040	3539	6607	7573	8895	10622
475	198	969	5851	7914	7598	3437	7443	10814
2043	8189	9404	6258	10793	11308	10794
7045	3376	3721	4702	4725	3193	4350	4923	5016	3516	7779	8254	10914
6674	8028	9645	3795	5933	7872	9114
3530	6623	6185	1284	3096	3166	1624	6129
4031	10600	10793	10797	11307	11308	11399	11448	11528	11529	11530	10911	10916	11483	8681	10919	11550	5635	11255	11521	11524	11525	11531	11041	11485	11539	11543	5579	11329	11254	11601	10811	11496	1827	11739
5054	653	3780	2346
3807	772	1572	1569	3571
355	946	4290	811	8079
663	2419	2352	1624	4263	6363
5538	7661	3844	226	2835	8415
6199	7743	1208	5350	6774	8967	11391	913	4098	7610	9792	9693	10559	1850	2923	4747	6442	6512	6516	8942	7603	8416	6729	7741	10805	11814	3089	6875	6884	6874	6876
1416	1093	5418	892	6693	1145	8997	9147	7296	5231
3621	4035	4040	5303	892	4170
2011	2120	3876	3877	922	1845	5190	1791	9243	11074	10794	6096
3537	6627	7272	7764	7759	8313	11572	928
1420	2781	3588	4785	5977	6378	7146	7234
576	3398	3376	3589	4724	3063	4725	3193	3506	4923	5229	5230	5391	8383	9109	8779	9010	9011	8778	10289	11484	11606	2158	11766	11767	11775
1785	4725	5016	7442	1703	8992	7365	10616	11735
4850	8251	8382	8779	11074	5834
106	3461	1347	4977	5964
4410	997	8415	8385	3166	9659	6842	9947	10169	10116	6731
5971	4933	4923	7541	1325	6363	8102	3503	1827
6888	687	4772
3658	4904	8849	5573
1422	2759	7598	9117	9182	1898	2520
2224	1325	2267	4645	5062
4346	593	792	3552	3923	4280	4954	5290	7660	7664	8936	9178	10115	10635	11368	11130	1977
6071	6363	3164	8407	8603	8679	8763	8211	8207	10371	5307	10452	212	9733	11288
5059	1481	7459	1338	8371	657	5335	1339	3061	365	440	581	8625
3991	191	4076	4091	8931
1445	1464	5395	1624	7060	7541	8131	8199	8384	8254	8383	8778	7514	9034	9067	3164	8208	9922	6258	9776	10236	11550
2884	4298	4204	1906	6030
3289	8417	8407	9260	8728	7684	9100	9776	6367	10169	6549	10793
4307	6561	6553	7850	8782	6648	8493	8494	6563	6554	9727	9812
1000	4145	4188	4468	3058	4297	6	611	4208	7679	9141	3207	3082	2315	8551	10129
6284	2708	792	2698
992	7270	4426	7291	5482	3613
7076	2855	4923	1457	3932	6344	8103	8417	8449	7694	9283	9254	9712	11288	9154	4899	11720
1862	8253	9064	8677
670	6801	3465	3466	3398	3721	8250	9776
6841	3193	3884	5226	1464	5016	6680	1624	8572	9340	9067	9286	7629	9776	10288	10798	9747	11485	11486	11613	6984	11484	11487	10626
1133	6304	3161	3149	8542	10576	2085	8543
6254	5976	5978	7862	4492	6712	5977	5974
6737	8251	8250	8253	8382	6774	9243	10976
3813	4169	3127	4091	5795	3141	7046	6772	6605	8353	9037	9260	8208	10169	8325	9265	872	11630	11740	11767
1194	4702	4725	7265
4369	3398	3589	4725	4702	4730	5226	5229	5230	3515	5228	5393	5390	397	462	7035	7541	7864	8383	8384	7552	8199	7036	841	3164	873	8510	6258	10236	11232	11254
2129	876	2482
3922	4034	5976	6310	4854	10367
6928	1125	6724	7897	6879	8849	2062
3312	7053	812	9279	9118	10798
5206	460	5143	8384	7514	4259	8207	7694	8510	9773	7310	9100	6258	9947	6220	5834	6364	11232	782	9735	11511	11578	11540
4818	5836	728	5257	6195
5450	9037	10169	5834	11601
5836	6737	6738	10744	3463	8874
5647	2404	7331	5693	6034	3493
1448	3457	3456	5226	3987	5229	1624	7060	7035	7514	8763	9340	9700	9243	10798	10919
4746	7442	10995	10289	10287	10730	6258	2237	11264	11485	11486	11484	10626	11782
4357	4035	5538	6847	4928	7729	9839	10634	11025
2298	7106	11139	8920	6398	1957	1310	6487
2293	9416	10852	10160
6906	3164	8208	1192	6258	10639	5152	11791
1038	2738	142	3161
6373	3166	938	8014	6172	9162	4782	1860	5442	7234	10962	2204
7118	1446	8353	6604	4091
2539	4923	2104	2290	7514
3997	9745	5504	1165	6575	9955
2102	9700	10169	9603	10236	7721	11286	11291
3562	1624	6488	7060	9054	9775	9776	6774	10326
1032	8251	8736	9183
4775	2384	2487	6957
1894	6466	6952	2568
3014	10367	9445	7976	10418	411
5542	3857	10638	11529	5086	7561
2470	285	5395	9109	10700	9773
1790	4976	9109	2836	7296	8576	10295
7	4389	3197	6444	6446
2065	1868	10946	3955	6467	10386	996	3413	4712	9345	418	7709	8757
4667	8169	8449	9733	10236	10238	3675	11485	2609	11539	11401	5730	11399	9734	11767	11772
4715	9011	7684	7326	9100	9730	9712	5291	10902	5004	11282	6096	11736
7020	4609	10838	4091	4063
6804	8415	3164	9037	8208	8728	9853	9700	9856	9733	7369	11290	7373
821	5924	135	2160	4544	7523	6748	3550
1131	4367	6382	1923	6004	2025	5106	6125
2533	9363	11179
2389	3884	5226	5230	5016	3516	3932	6077	6680	7060	7796	7071	8254	8449	7101	7541	9064	9067	9033	3166	9947	9855	9858	9856	10276	10798	11185	11196	11529	11497	11516
2841	3077	646	3602	9543
5549	1860	1624	8169	8415	8250	8408	9490	3166	8208	9282	9284	10169	9858	6258	9947	9260	9444	7629	9712	10271	10014	10976	10798	2024	11130	6831	10797	3480	7201
4164	5229	5226	5395	1624	7060	8250	9067	9280	6258
278	3893	9377	6957	11408	5571	7374
2905	5131	5836	6341	187	3839
2026	9188	3125	6891	11537
6764	5171	7442	602
841	876	4910	167	806	6521	8217
1245	7541	8199	8449	7035	2285	9854	1224	7761	5871	5471	10798	2297	4443
2913	4120	10823	5227	8612	11264	4471	7999	8662	9138	6479	10425	1481	1268
1762	798	1274	792	2447	5195
2119	886	2815	5445	6451	7417	10790	9863	7002	9508	1921	4832	589	1208	4104	4654	5085	5649	5659	5777	8523	9697	10332	1143	6872
6475	4619	2915	4794	3493	876	6572	629	10498	11018	5856	5862	9030	7701	118
5869	4215	5665	7728	6229	7737	9402
4167	6500	6484	7060	7514
5033	6239	10718	3613	5178
4288	1543	7684	9659	9254	7629	9518	10117	7369	10449	11185	11194	11583	11640	11791	11765
2098	3990	7129	1934	4104	4111	4110	4325	3713	6364	3556	5029
4506	7227	7363	4815	7228	8	1127
4904	4034	5975	5976	5978	806
6022	677	4238	4090	5457	7886	9891	8298
4642	2367	6959	3435	4265
1637	9730	9444	2781	10371	10639	10637	10497	10201	10633	2662	9690	10326	10823	10798	11185	11131	11098	10062	6096	8659	11702	11516	6443	6449	11773	11768
190	163	4686	7421	566	3529	6068
74	792	4148	4145	3462	4733	8474	3375	4225	4422	5634
5573	4201	4855	7265	7559	7302	7982	5147
1426	4035	6739	10626	1098
5514	38	3375	3621	9078	11806	5052	6625	5344	10813	4619	5369	5856
5509	5226	5016	1464	5393	8407	9772	5639	11579	4792	10968	11765
6558	4582	4042	5583
6749	4909	5339	8630
5086	3776	2447	8132	8415	7706	7694	7684	10117	10201	10995	5782	5781	10798	5834	10793	10797	5635	10794	2609	11602	11567	6438
925	4113	8436	9922	7694	9700	7629	6258	9100	9774	9444	10236	10201	10497	7900	10014	11074	8293	8787	11131	11132	11130	10271	11232	2009	5150	8205	9061
1658	4694	8233	1046	1860	6086	8232	3789
506	585	4621	10169	7629	6258	11521	11523	6096	10811	11635	1827
4157	948	2668	2056	2577
2984	8763	6800	7126	9719
2259	2061	4435
1603	10927	3487	5808	8931	10773	196	259	3659	5933	8418	9609	11222
3620	7694	9100	6258	9947	9730	9444	3658	10236	11296	10811	5788	6446
1768	2328	232	2886	1047
5311	1348	1775	1904	4212	5399	9110	10261	7828
5	1624	6488	7541	8449	8417	3164	7629	10234	3658	11282	11600	5707	11439
4244	3637	5034	3459	5464
3810	3007	2715	2031
6314	4126	8430	6187	6977	1984	4632	6982	2010
1689	8602	9730	7442	9690	10798	6096
6662	4051	8291	4527	401	5978	3753	7049	1084	3491	9956	3032	3043	9176
4092	1078	2325	5051
3556	6066	9128	6641	6069	6594
2627	2381	9947	9100	10759	10238	10976	11378	11379	11483	10918	11255	11664	11663	11769
3688	9150	256	4404	9448
2094	848	1613	510	1222	6344	1624	2687	6488	6168	4218	8969	6463	10287	6258	10238
6385	5229	5228	5230	3592	1624	9490	10271	10798	6096	11544	2573
6050	5869	4042	7569	2585	1466	823	11824
135	4348	3788	9506	9345	3117
3045	227	2628	3444	840	4194	7876
1515	4730	1752	825	3506	1771	2183	1772	5081	1884	2800	1883	1775	1776	8169	4151	4138	9011	3348	7087	9947	6841	3351	6258	9603	9415	5289	10326	5407	10014	10449	1960	8651	10247	8192	11544	11540	5022	11518
5865	1902	3351	1650	5259
377	4694	301	1638	1840	2267	6022	6625	7911	8049	10772	10384	2759	10698	2867	9413	7838
703	557	9211	114	9209
822	5228	6680	1624	8169	8449	8250	8382	8415	9037	7585	8189	7684	10169	6258	9776	5291	5307	9519	10117	10116	10236	10238	10271	11074	11131	11098	10918	11521	4104	6096	11739	11740
301	3979	3976	3977	7821	5507
958	4978	8150	1502
124	3910	4052	4854	9109	10598
5000	6013	1652	2016	3167	5800	3062	8041	9179	8189	8207	5678	9100	8181
6967	4974	8032	1917	1923	9055	9056	10355
5451	2965	1919	2472	9649	6857	3388	3539	10139	8360	2470	854	3482	8586	5672
1037	2598	2607	1301	184	5579
6141	4554	3010	7056	9150	7862	9109	6713	7813	8419	9507	1415	2708	2636	8063
5720	4854	429	7570	7988	10236	5147	7824	5976	9507	10250	3036	10014	5304	11132	11130	5834	11269	6410	10738	6364	11232	10968	8463	11485	11486	11521	9949	9735	8153	11606	11613	6239	11515
48	5903	8098	8328	7234	5369	6838	8456
4710	1457	1464	5016	5395	5228	5393	1624	8408	9340	6258	9700	9603	10955	10014
6726	1111	1398	10533	2737	3481	1046	505	750	7563	7736	11338	745	1405	1417
6711	7514	8763	9490	7629	10798	5834	11232
5772	530	587	4702	2013	3063	4350	4923	2375	1457	3087	874	2366	5393	5611	6689	5502	8131	8132	4694	7155	8603	3909	10633	10449	9747	10811
3786	8740	541	79	1849	3407	3459	5096
7075	11194	11521	11568	11329	11539	10647	11543	11550	11481	836	9419	2822	2248
3598	6883	809	10823	10753	10687
1449	7694	6258	9154
404	3156	7222	5671	6042	5136	7789	9894	8622	2167	10396	9175	9966	2169	10888	9508	10718	10619	10683	2168	9939	10491	365	4716	7813	9850	11369	3921	8416	3285	10945
5011	2954	3661	217	2966
1872	6961	5232	4284	8600
4469	2576	10848	11226	11535	2509	2520
4418	9519	10549	10947	3463	11672	11670	11731	11734	11749	11750	11711
6453	6601	8417	8254	8382	8779	8677	8679	8763	9423	8728	8189	7684	7683	4336	9859	9853	9775	9855	9773	3983	10955	9747	11579	11558	2520
6860	1062	4187	3365
1451	5226	5229	1464	5016	5395	5390	8131	8449	8779	8602	8763	9280	9853	9857	5291	9519	10326	11280	11289	11524	11525	11528
91	540	3465	3589	4725	4702	3506	4350	3516	6077	7060	8251	8189
4628	7717	8366	7265	6529	11352	11102
6663	1057	5765	10167	2023
4570	459	5969	6922	414	6231
2429	174	4973	5239	8605	9448	5498	6786	7295	2284	3595	4244	2014	856	6106	8631	1209	6435	9546
7066	5395	3833	1624	8169	8384	8253	8408	8407	9037	9490	9340	7534	3658	6626	2373	5508	11002	11528	11529	11526	11579
6550	4218	529	10852	6693	5470
6	4347	4933	1457	5228	1249	1464
2266	8408	8728	7585	9947	10169	10182	11281	9732	9154	2591	752	4985	6231	9980	5788	145
7123	1256	814	4702	3506	4730	3323	4923	5016	1464	3515	5229	3932	5393	5611	8169	8382	8778	8779	9037	9260	5834
2285	9037	8598	9490	1543	7694	9659	9285	9700	9947	9853	9855	9852	9603	10234	9774	10236	9733	10287	10326	10182	11098	11135	11288	11307	11523	11529	10816	11539	11513	11490	11558	11720	11632	11567	4280	11516	11768	10968
3885	8415	8382	3166	9284	9947	9858	9518	10288	10774
5207	4280	1160	1421	8766	8861	6581	5124	9207	7280
5369	5228	8449	8250	8408	8763	7694
695	2664	6053	6184	8011
1886	6738	5978
2598	185	2015	2024	2894	7536	10	5577	5605	7365	8713	6864	6693	10503	1958	792
6274	9315	6725	2374	8918	10146
6756	9749	5612	8930	9058	2578
2297	2478	1209	3192	5664	4245	3589	8417	8208
2357	3110	1090	7154	8417	8962	9064	8603	8728	7694	6258	9947	444
5430	3207	7293	608
4204	7197	8662	754	7198	9638	7605	8522	6117	10816	5976
5728	3503	8603	2373	9100	9659	9947	5782	10798	5834
881	1456	648	226
5553	805	7306	777	2496	7876	9536	10370	4694
5750	8169	7796	8131	8383	8779	8763	9705	9283	10169	9854	9603	5291	9518	10234	9444	10236	9318	11130	11194	10247	11530	11544	11329
1562	3398	3465	3466	3376	3589	4724	4702	4730	4933	4923	5229	5230	1464	3515	3516	5395	7060	7541	7796	8384	8449	8250	8408	9037	9280	9281	6258	10234	5781	6364	11484	11487
376	7035	7541	8779	7514	8680	8728	8763	6276	7683	9659	6258	10875	3658	5834	10449	11580
2899	3771	3530	4532
5789	5977	892	7570	6581	7746	9507	9109	5147	4532	5178
194	1471	9070	4260	9109
5145	8169	7796	8417	8449	8778	7514	9037	9705	3833	5307	1301	5837	11018	10567	3840	11531	11558	11768
1116	7169	10399	10400	3824	7317	10109	6467	4060	11536	10786	5170
1223	6000	5975	3000	6655	4234	5666	10932	11221	10578	10931
5771	7514	9033	9183	8763	7585	9859	10169	9604	10236	10497	8767	10760	7369	3658	10798	10014	6730	9690	11098
4482	904	284	10144	10842
356	1725	1078	4131	1666	1893	9961	6102
162	5709	6017	6343	1624	6773	8253	8779	8763	10638	10955	10797
157	8652	6044	1028	6184
1421	1624	5652	795	2166	7031
3277	2111	4830	9621	6377	5017
5379	4341	5171	9556	9645	1185	1635
6326	6302	7988	9508	10663
4704	9034	8408	8679	9183	7694	9279	9100	11487	10185	11630
426	7387	7203	10112	8925	9556	69	11153
1798	1638	3981	3983	2317	5963	64	8900	8298	5579	1493	8819	6237	1839	2996	3375	3434	7577	8258	8882	2496	8880	9760	2876	7938	8837	10083	3336	8403
4276	7685	7922	96	2894
2009	3456	2855	4255	5226	3750	1275	6344	7514	7694	9100	6258	9690	5834	11135
4736	8189	4969	1695	10999	11451	11628
2471	1658	6425	7101	2576	9775	9416	5427
1193	9893	4764	4560	8456	9445	8255	4385
3168	8272	3695	10774	9802
6444	7528	1317	1650	1655	1656	130	10246	1918	488	490	3620	5219	3987	6637	165	9345	5716
2749	286	1716	2635	2652
3474	5774	7417	7421	7809	10804	9325	5727
2561	2330	4350	4933	5226	5230	1464	1624	8254	7036	9947	6258	11074	7721
783	1879	8778	8211	9260	3399	8208	6187	6189	9200	7283
2530	2142	3984	9320	3318	9138	8029
6982	3883	1849	649	3670	4965	10510
3707	4849	10287	5788	11497	11254	10984	1624	10391	10626	3514	5453	11782	11664	11663	10216	1737	7511	9490	11447	11613	3096	10520	11774
4422	4008	8590	11369	5977
7060	10351	7830	11293	7551	996	6656	2408	572	770	6007	10568	10569	6014	11326	11364
6640	3457	3884	5230	5016	5011	5012	5013
5221	3047	226	10202	3570	1561	8629
5314	5016	1464	5391	1624	6488	7060	7541	8449	8131	8132	8250	9260	6258
4114	630	3192	4426	9445	10671	5978
2291	6363	8407	8409	8408
6976	4855	5976	4390	9324
1956	2105	4704	7552	3382	6699	9054	2615	9037	7694	9947	7524	10371	9733	6096	7781	9507	5933	7386
5676	8417	8254	9033	9260	10201	9243
5600	9573	6649	412	3553	3639	5290	5590	10763
3127	3015	118	11438	2258	2259	8984
929	10976	9327	8755	7129	9024	10004	4978	6639	5369	9753	4805	6466	10458	3243	7970	5581	9393	10968	5942	7265	8701	2819	10304	5116	912	8582	9962	5380
5491	2284	11410	11595	11699
6046	4855	1762
6221	512	1593	4899	7458	4032	6724	5837	7700	3005	10353	2579	6627	7703	9294
347	8131	9855	10449	11448	11529	11528	11511	11270	11490	11739
5823	5456	7876	3840
6948	8931	5788	8213	868	4969	402	7265	7879
2125	9871	1285	3303	3930	4268	5638	6169	6431	1039
346	4091	860	865	4632	6217	7625	457	8371	5783	2296	423	1561	3096	3213	3671	6582	8623	8624	10169	10233	7059	1384	4600	10378
2193	7924	3999	7248	7776	6152	2834	9546
4940	410	4142	896	4327	4652	2528	4127	4641	438	4621	4146	1212	1194	1207	1152	4694	217	2582	586	99	1437	1534	448	5959	2553	4347	4923	5228	1230	5226	3515	6680	1624	8103	7796	8131	8132	8385	8207	8208	9700
1258	192	6367	5529	8535	7112	7974	9746	11084
1980	3551	3541	3542	6613	3200	6762	3882	998	6824
1377	7025	9506	9109
4974	1078	9581	3116	11391	7892
1707	3342	6624	2507	9711	3613	2717	7234	3016	9707	7477
6559	4294	1503	1020	8628	3435	8093
1062	2862	895	9547	6326	7673	896	5300	4308	3541	7248
632	4923	1457	5229	5230	5016	5391	5395	5393	6482	7060	7796	9037	8677	1543	9011	9281	8510	9856	5291	10234	9733	10497	10637	7369	7442	10271	6774	10014	10449	11185	11307	11002	11524	11041	11525	11702	5788	11516
4247	4840	3015	4278	7870	5133	8391
1274	10798	5834	6730	10567	9792	11098	11196	5781	11135	11379	11378	11030	10911	10913	10919	10917	10918	10912	11530	11544	11581	11156	10626	11635	11439	11765	11771
970	2297	2578	1457	9067	9034	9037	9174	9705	9922	9947	7625	9855	9858	6258	9730	10201	10618
214	8132	8407	9174	8102	8728	9260	9283	8211	7694	9100	9855	8755	8510	7683	10287	10288	10289	9747	825	11606	10626	11540	11399	4280	11439	11782
5840	1308	7354	4619	7441	9997	10368
1218	1830	142	2408	11105	11577	2545
145	301	6436	1258	3554
5026	1860	992	5709	1624	6482	7060	7796	7616	8254	8603	9034	9037	3164	8728	9490	9444	9775	10169	9773	9603	9604	5291	10234	11289	11285	11544	11568	11156	11399	6446
2857	3096	5973	621
1332	7437	1292	1481
4325	3631	4204	6095	1730
6239	5009	1684	7361	1493
3151	752	5224	3524	6724	10089	10984
5462	11377	8962	2396	1916	937	2687	2863	11211	9691	9076	946	5195	7293	1694	6775
4125	3569	4985	8886	4604	1889	6454	7855	4167	1679	4389	8362	4880	6960	5942	11391	585	4469	5215	5951	7201	7801	8610	2077	5470	3214	11518	7256	4671	7907	4131	672	1687	3428	7245	2578	9338	3169	6808	7578
4901	974	1366	996	4615	821	5632	229	5456	4947	2201	9022	8204	8529	3778	9473	975	4795	11395	1020	981	3677	6957	7290	1923	2759	2350	977	980	1529	2317
2765	7796	6363	8251	8407	3164	1543	8728	7629
447	9444	10511	7775	7683	10497	10326	1098	10798	2373	5834	3382	10919	1950	4982	10626	11788	6571	5300
6618	2191	2756	6836	7767	9588
599	33	5402	6053
6229	6846	1098	7519	3467
3906	1530	5162	3794	7359
1626	9239	11682	5947	7198
3820	3517	4702	3456	2520	5395	6680	3592	7541	8602	8408	8409	9280	10169	10234	11739
4812	6486	896	9037	8728	7684	9518	10271	6731	10289	11282	6364
3198	4003	892	10289
3657	672	9440	873	6359
7132	9902	11606
3432	4723	7701	4687	6656	8557
2663	4930	5418	6497	5837	8002	2275	2408
4348	3422	3807	5886	6280	8134
939	4255	4260	5228	5230	9490
4778	1976	9290	1258	5434	8552
2274	9852	10760	10955	10169	11583	5788	4280
3403	3457	2855	1457	5228	5229	8382	9947	2165	11254	8568
5280	7858	6631	1537	6883
6134	6617	1860	1119	7023
4790	226	5246	2631	5257	5250	5836	7582	3968	10287	9507	8487	8755	9508	3747
2202	8415	3164	7684
4126	8248	9936	1479
3497	5307	5291	2910	7369	6774	10326	10449	11283	6065	6364	6591	6962	1536	2862	5207	9518	1825	3349	6096	2488	3639	8526	11702	11635	1827	10520
2611	3323	5226	5229	5390	6258
3290	4899	1204	6488	10542	7779	7541	7060	8408	8407	9037	3164	10236	11196
5072	1050	1150	5395	8254	7585	9286
3427	526	1481	4170	1960
661	4923	5229	5016	5226	3515	5228	5390	6077	1624	7060	8199	8449	8250	8382	8407	8197	8573	7694	7683	9281	9922	6258	9853	9855	9856	9519	10633	11132	3658	11283	11583	11254	11540	11496	11773	6449
5049	1556	5975	7862	8488	9745
5443	3153	6228	6622	5538	6629	11238
4927	3466	4114	3376	3398	3589	5393	3164	8211	7694	10449	10600	11298	11270
3071	3164	9037	8728	9700	9856
3626	5143	9964	1142	1440	4642	1920	1926	3120	5307	6986	7360
3410	1481	1482	1860	10838
3297	192	2146	3454	8357
665	2524	2540	4202
5617	7060	7779	10384	10774	10626	10289	10287	9448	11485	7281	11399	11568
6275	541	11241
5412	1074	4328	8602	9558
2333	5439	7409	4238
3498	939	1145	4298	846	1426	1448	3379	1268	2536	5494	4159	6342	6205	6217	1469	3948	10426	9908	1194	5639	6448
2352	1020	1656	2796	7587
7109	2448	2085	5047	5959	1568	7551	203	5003	9275
583	5501	2003	3675	4344	5897	10378	3679	4345	7211	4347	6045	9022	10134	11024	11192
441	1504	8470	10718	9521
6162	3592	8169	8254	8449	8407	5307	10287	10774	5834	11580	11632	11439	11772	11774	11765
2099	6428	10336	1054	1845	4770	8004
5749	2963	1624	938	9446	11601
2796	4375	2288	5355	2309	4251	5354
173	2982	2946	2958	2963	2975	2985	2996	6214	2967	2983
5893	3465	3721	3464	4724	4725	4923	1457	6077	3164	10014	11496	11765	11767
2531	8828	11075	2282	7781	1230	1510	1517	2882	3588	7357	8848	10335	11498
3188	4350	4933	5229	1249	5709	8169	8131	10626	11564
2280	6312	9746	9955	892
4025	9600	10442	11158	9814
3741	7864	8417	8415	8253	8382	8510
3521	9508	10253	9955	10702	1653	9745	8105	10753	10369	4035	9109	3782	8596
1228	821	8081	4426
4744	2781	9261	6049	6871	10610
5705	352	7713	2668	10647	11472	7751
3027	5412	9504	2876	5523	7029	9823	1125
6042	11254	11156	10626	10647	10777	11684	892	7354	9508	10483	8650	10344	7044	7845
1900	1482	7569	9774	2044	4992	10114	6069	2914	6065	3515	2218	5534	10823	10182	5780	7017	7022	10113	5783	6258	7721	10976	5834	5781	6072	11291	5000	9153	825	9417	4724
6485	8779	896	9037	1943	6258	10798	9154	6364	11578	56
4139	4795	3005	6969
931	3157	5738	6096	7015	7365
5327	3446	3385	4242	144	3794
1519	2791	10626	486
1303	8417	8763	9855	7684	10117	10633	11448	11300	11524	11583
5372	5229	5230	5016	5391	5228	6482	6488	7541	8131	8449	8598	9490	7585	8409	9855	10371	5291	9243	7721	11522	2609	11399	9669
5962	9445	892	9913
1512	6484	623	607	6771	8339
4963	5	3589	4725	4724	1457	5120	8169
328	116	7947	8584
5017	7345	577	1704	4933	1237	5228	5226	5016	1624	6484	9037	9064	6258	9858	10169	10288	10969	11291
1492	7049	7354	10634
3327	11807	10923	9755	5284
1164	4923	5228	1925	6485	7060	401	10306
4162	9735	11401	478	5654	8086	6167	7433	68	4850	255	2726	5867	9734	4212	5399	1897	5812	11118	6449	11701	4949	2076
208	9100	9947	9446	9733	8767	10798
5073	88	1896	1057	3064	5395	5390	6077	8763	8189	9183	6492	8207	7694	1541	9859	9947	9922	9100	7628	9255	6258	7626	9444	10114	9908	10201	6774	10014	10976	10449	6601	10618	10823	7721
1508	3765	5912	5720
4262	4923	5226	5016	5229	1624	8131	8449	9037	9705	8510	7694	5291	6258	10793	11232
2127	6404	978	2543	6916	7833	8032
4366	5851	9485	8296	10524	2907	3568	9357	6793	327	8675
2178	6367	6042	4762	7688	1320
449	1947	3023	5684	9081	10163	551	1748	8214	2121	10773	5519	742
6446	4613	6189	6231	181	8191
2665	9945	969	1344	4091
1379	2687	8417	2441	8604	8197	8763	9183	9490	9746	9922	9700	7961	9982	10170	9775	9100	6258	9444	4782	10236	7442	10798	9243	4863	5834	10289	10793	10797	11232	11307
1705	9100	6258	5304	10798
2067	530	799	832	797	1113	2419	4716	3464	4429	5184	6155	5241	6337	7321
4771	2699	2286	4035	4855	5976	5977	5999	6001	6310	6626	7155	1845	8868	11251	2700
3355	1449	6258	8510	11485
5652	9109	9971	7516	4382	6364
826	542	3465	3398	3376	3589	4725	4923	5229	5391	6077	270	6403	1325	7060	6389	777	8728
2418	8415	9037	8728	9853	10169	9604	11135
4036	6363	7694	9100	9947	2213	10236	10976	10798	6258	8293	10774	11292	11316	11291	11255
1549	9517	1870	7598	9198	8227	3375
2476	3403	3661
5753	720	2	2447	2484	8929
223	1623	909	5202	5203	5204	1769	2783	8967	1865
6945	4628	1055	3832	5457	9558	8849
3753	4206	4157	1179
6830	8567	1061	4239	8832	8863	8891	8894	3658	6627
3315	4933	5093	8132	8254	8449	8679	9854	6731	3125
2931	3199	3336	9799	7154	3794	5267	9689	10974	4914	4967
1578	3110	8846	8849	7117	9712	2579	7882	10913	5837	9246	7661	8943	3512	4291	8418	3460
2584	8199	7565	8778	8779	8189	9858	7629	9130	1983	2789	11285	9154	11530
1554	106	1177	1701	5556
4740	768	935	936	954	1970	286	746	7561	8721	3368
1089	623	2916	269	6518	5583	6190	5504
2534	6613	11181	5141	8931
6753	3376	3589	4702	3506	3456	5391	3063	4959	2050	1258	2051	9010	9282	9284	5573	7569	10236	3981	583	11122	5834	806	809	11270	10465	11780
1455	3376	3589	6485	8251	8728	9772	10117	10236	10760	11289	2010	6096
1407	10170	7573	9736
1289	3515	8208	9154
5038	3542	396	2247	2778	7216	1438	8648	2353	1403	3172
5441	8779	3164	1543	8208	8249	8207	9773	9852	7629	10234	9444	10201	10182	1653	5783	9690	10798	11132	7017	11130	11185	6803	6364	11526	11291	11522	11524	11511	4104	2609	11490	11566	11369	11136
1108	695	704	705	723
5128	7796	8250	8778	3164	9260	9584	9855	9857	5291	10234
5301	8417	8197	8211	6258	9700	9603	9318	10182	11300
7041	8407	8763	9659	9922	10169	7694	9604	3958	1983	10976	10798	9690	11132	11131	11130	5834
1678	10368	893	1741	10349	892	3237	5432	10746	4586	5181	9207	2773
